id,time,last_fill_time,symbol,type,status,direction,quantity,price,value,fee,tag
1,2016-02-01T15:00:00Z,2016-02-01T21:00:00Z,NFLX,MarketOnClose,Filled,buy,543,9.409,5109.087,2.715,
2,2016-02-01T15:00:00Z,2016-02-01T21:00:00Z,GILD,MarketOnClose,Filled,buy,87,58.045930195,5049.995926965,1.0,
3,2016-02-01T15:00:00Z,2016-02-01T21:00:00Z,LUV,MarketOnClose,Filled,buy,151,33.61498697,5075.86303247,1.0,
4,2016-02-01T15:00:00Z,2016-02-01T21:00:00Z,AAPL,MarketOnClose,Filled,buy,228,21.655612962,4937.479755336,1.14,
5,2016-02-01T15:00:00Z,2016-02-01T21:00:00Z,F,MarketOnClose,Filled,buy,707,7.124142485,5036.768736895,3.535,
6,2016-02-01T15:00:00Z,2016-02-01T21:00:00Z,CSCO,MarketOnClose,Filled,buy,287,17.133940652,4917.440967124,1.435,
7,2016-02-01T15:00:00Z,2016-02-01T21:00:00Z,HPQ,MarketOnClose,Filled,buy,741,6.902331697,5114.627787477,3.705,
8,2016-02-01T15:00:00Z,2016-02-01T21:00:00Z,HPE,MarketOnClose,Filled,buy,483,10.335336095,4991.967333885,2.415,
9,2016-02-01T15:00:00Z,2016-02-01T21:00:00Z,GM,MarketOnClose,Filled,buy,210,24.06538739,5053.7313519,1.05,
10,2016-02-01T15:00:00Z,2016-02-01T21:00:00Z,VLO,MarketOnClose,Filled,buy,111,45.37488669,5036.61242259,1.0,
11,2016-02-01T15:00:00Z,2016-02-01T21:00:00Z,MPC,MarketOnClose,Filled,buy,165,30.149807381,4974.718217865,1.0,
12,2016-02-01T15:00:00Z,2016-02-01T21:00:00Z,HLT,MarketOnClose,Filled,buy,98,51.1763755578432,5015.284804668634,1.0,
13,2016-02-01T15:00:00Z,2016-02-01T21:00:00Z,EMR,MarketOnClose,Filled,buy,142,34.656258,4921.188636,1.0,
14,2016-02-01T15:00:00Z,2016-02-01T21:00:00Z,CRH,MarketOnClose,Filled,buy,239,20.69899845,4947.06062955,1.195,
15,2016-02-01T15:00:00Z,2016-02-01T21:00:00Z,ETN,MarketOnClose,Filled,buy,128,38.619325638,4943.273681664,1.0,
16,2016-02-01T15:00:00Z,2016-02-01T21:00:00Z,VZ,MarketOnClose,Filled,buy,174,29.034775836,5052.050995464,1.0,
17,2016-02-01T15:00:00Z,2016-02-01T21:00:00Z,DD,MarketOnClose,Filled,buy,96,52.4968856582607,5039.701023193027,1.0,
18,2016-02-01T15:00:00Z,2016-02-01T21:00:00Z,KR,MarketOnClose,Filled,buy,159,32.23295754,5125.04024886,1.0,
19,2016-02-01T15:00:00Z,2016-02-01T21:00:00Z,HCA,MarketOnClose,Filled,buy,77,65.55873955,5048.02294535,1.0,
20,2016-02-01T15:00:00Z,2016-02-01T21:00:00Z,MCK,MarketOnClose,Filled,buy,33,146.859883067,4846.376141211,1.0,
21,2016-02-02T05:00:00Z,2016-02-02T21:00:00Z,HLT,MarketOnOpen,Filled,sell,-98,50.3785256048256,-4937.095509272909,1.0,left universe
22,2016-02-02T05:00:00Z,2016-02-02T21:00:00Z,HPQ,MarketOnOpen,Filled,sell,-741,6.805408283,-5042.807537703,3.705,left universe
23,2016-03-01T05:00:00Z,,MPC,MarketOnOpen,Canceled,sell,-165,0.0,0.0,0.0,no valuation
24,2016-03-01T15:00:00Z,2016-03-01T21:00:00Z,MPC,MarketOnClose,Filled,sell,-165,25.243699899,-4165.210483335,1.0,no valuation
25,2016-03-01T15:00:00Z,2016-03-01T21:00:00Z,DD,MarketOnClose,Filled,sell,-13,61.731307301764,-802.506994922932,1.0,
26,2016-03-01T15:00:00Z,2016-03-01T21:00:00Z,ETN,MarketOnClose,Filled,sell,-13,44.648308374,-580.428008862,1.0,
27,2016-03-01T15:00:00Z,2016-03-01T21:00:00Z,LUV,MarketOnClose,Filled,sell,-15,37.3680315,-560.5204725,1.0,
28,2016-03-01T15:00:00Z,2016-03-01T21:00:00Z,CSCO,MarketOnClose,Filled,sell,-24,19.578519067,-469.884457608,1.0,
29,2016-03-01T15:00:00Z,2016-03-01T21:00:00Z,EMR,MarketOnClose,Filled,sell,-9,38.450290975,-346.052618775,1.0,
30,2016-03-01T15:00:00Z,2016-03-01T21:00:00Z,GILD,MarketOnClose,Filled,sell,-4,61.940981311,-247.763925244,1.0,
31,2016-03-01T15:00:00Z,2016-03-01T21:00:00Z,T,MarketOnClose,Filled,buy,331,15.3437488007693,5078.780853054638,1.655,
32,2016-03-01T15:00:00Z,2016-03-01T21:00:00Z,DAL,MarketOnClose,Filled,buy,118,43.04467977,5079.27221286,1.0,
33,2016-03-01T15:00:00Z,2016-03-01T21:00:00Z,AAL,MarketOnClose,Filled,buy,127,40.08372299,5090.63281973,1.0,
34,2016-03-01T15:00:00Z,2016-03-01T21:00:00Z,VLO,MarketOnClose,Filled,buy,14,41.077764609,575.088704526,1.0,
35,2016-03-01T15:00:00Z,2016-03-01T21:00:00Z,CRH,MarketOnClose,Filled,buy,15,20.26615905,303.99238575,1.0,
36,2016-03-01T15:00:00Z,2016-03-01T21:00:00Z,HPE,MarketOnClose,Filled,buy,22,9.95310104,218.96822288,1.0,
37,2016-03-01T15:00:00Z,2016-03-01T21:00:00Z,MCK,MarketOnClose,Filled,buy,1,144.741138035,144.741138035,1.0,
38,2016-04-01T14:00:00Z,2016-04-01T20:00:00Z,HPE,MarketOnClose,Filled,sell,-98,13.83974032,-1356.29455136,1.0,
39,2016-04-01T14:00:00Z,2016-04-01T20:00:00Z,KR,MarketOnClose,Filled,buy,17,30.882770096,525.007091632,1.0,
40,2016-04-01T14:00:00Z,2016-04-01T20:00:00Z,MCK,MarketOnClose,Filled,buy,3,145.443361239,436.330083717,1.0,
41,2016-04-01T14:00:00Z,2016-04-01T20:00:00Z,AAL,MarketOnClose,Filled,buy,11,37.87015856,416.57174416,1.0,
42,2016-04-01T14:00:00Z,2016-04-01T20:00:00Z,DAL,MarketOnClose,Filled,buy,8,41.380989693,331.047917544,1.0,
43,2016-05-02T14:00:00Z,2016-05-02T20:00:00Z,MCK,MarketOnClose,Filled,sell,-4,155.625597697,-622.502390788,1.0,
44,2016-05-02T14:00:00Z,2016-05-02T20:00:00Z,CRH,MarketOnClose,Filled,sell,-25,22.892599493,-572.314987325,1.0,
45,2016-05-02T14:00:00Z,2016-05-02T20:00:00Z,HCA,MarketOnClose,Filled,sell,-7,74.965154025,-524.756078175,1.0,
46,2016-05-02T14:00:00Z,2016-05-02T20:00:00Z,F,MarketOnClose,Filled,sell,-59,8.12767371,-479.53274889,1.0,
47,2016-05-02T14:00:00Z,2016-05-02T20:00:00Z,ETN,MarketOnClose,Filled,sell,-9,49.28570132,-443.57131188,1.0,
48,2016-05-02T14:00:00Z,2016-05-02T20:00:00Z,EMR,MarketOnClose,Filled,sell,-9,42.482300675,-382.340706075,1.0,
49,2016-05-02T14:00:00Z,2016-05-02T20:00:00Z,AAL,MarketOnClose,Filled,buy,19,33.088032219,628.672612161,1.0,
50,2016-05-02T14:00:00Z,2016-05-02T20:00:00Z,DAL,MarketOnClose,Filled,buy,17,37.120534681,631.049089577,1.0,
51,2016-05-02T14:00:00Z,2016-05-02T20:00:00Z,AAPL,MarketOnClose,Filled,buy,20,21.14316288,422.8632576,1.0,
52,2016-05-02T14:00:00Z,2016-05-02T20:00:00Z,NFLX,MarketOnClose,Filled,buy,40,9.311,372.44,1.0,
53,2016-05-02T14:00:00Z,2016-05-02T20:00:00Z,VLO,MarketOnClose,Filled,buy,8,39.897254082,319.178032656,1.0,
54,2016-05-02T14:00:00Z,2016-05-02T20:00:00Z,KR,MarketOnClose,Filled,buy,8,28.553667654,228.429341232,1.0,
55,2016-05-03T04:00:00Z,2016-05-03T20:00:00Z,AAL,MarketOnOpen,Filled,sell,-157,33.385949442,-5241.594062394,1.0,left universe
56,2016-06-01T14:00:00Z,2016-06-01T20:00:00Z,NFLX,MarketOnClose,Filled,sell,-63,10.151,-639.513,1.0,
57,2016-06-01T14:00:00Z,2016-06-01T20:00:00Z,MCK,MarketOnClose,Filled,sell,-2,170.760355699,-341.520711398,1.0,
58,2016-06-01T14:00:00Z,2016-06-01T20:00:00Z,HPE,MarketOnClose,Filled,sell,-23,13.757002742,-316.411063066,1.0,
59,2016-06-01T14:00:00Z,2016-06-01T20:00:00Z,CSCO,MarketOnClose,Filled,sell,-14,21.28191376,-297.94679264,1.0,
60,2016-06-01T14:00:00Z,2016-06-01T20:00:00Z,AAPL,MarketOnClose,Filled,sell,-13,22.3668357435,-290.7688646655,1.0,
61,2016-06-01T14:00:00Z,2016-06-01T20:00:00Z,TGT,MarketOnClose,Filled,buy,105,50.269692936,5278.31775828,1.0,
62,2016-06-01T14:00:00Z,2016-06-01T20:00:00Z,VLO,MarketOnClose,Filled,buy,11,37.57776201,413.35538211,1.0,
63,2016-06-01T14:00:00Z,2016-06-01T20:00:00Z,EMR,MarketOnClose,Filled,buy,8,40.494958464,323.959667712,1.0,
64,2016-06-01T14:00:00Z,2016-06-01T20:00:00Z,GILD,MarketOnClose,Filled,buy,5,60.081351174,300.40675587,1.0,
65,2016-06-01T14:00:00Z,2016-06-01T20:00:00Z,HCA,MarketOnClose,Filled,buy,4,72.343542925,289.3741717,1.0,
66,2016-06-01T14:00:00Z,2016-06-01T20:00:00Z,LUV,MarketOnClose,Filled,buy,6,37.403201412,224.419208472,1.0,
67,2016-06-01T14:00:00Z,2016-06-01T20:00:00Z,VZ,MarketOnClose,Filled,buy,7,29.150511813,204.053582691,1.0,
68,2016-06-01T14:00:00Z,2016-06-01T20:00:00Z,ETN,MarketOnClose,Filled,buy,4,48.315111165,193.26044466,1.0,
69,2016-07-01T04:00:00Z,,CRH,MarketOnOpen,Canceled,sell,-229,0.0,0.0,0.0,no valuation
70,2016-07-01T14:00:00Z,2016-07-01T20:00:00Z,CRH,MarketOnClose,Filled,sell,-229,23.183773842,-5309.084209818,1.145,no valuation
71,2016-07-01T14:00:00Z,2016-07-01T20:00:00Z,T,MarketOnClose,Filled,sell,-42,18.0600019879628,-758.5200834944376,1.0,
72,2016-07-01T14:00:00Z,2016-07-01T20:00:00Z,VZ,MarketOnClose,Filled,sell,-20,32.508918984,-650.17837968,1.0,
73,2016-07-01T14:00:00Z,2016-07-01T20:00:00Z,KR,MarketOnClose,Filled,sell,-10,29.544326265,-295.44326265,1.0,
74,2016-07-01T14:00:00Z,2016-07-01T20:00:00Z,MDLZ,MarketOnClose,Filled,buy,144,35.595439399,5125.743273456,1.0,
75,2016-07-01T14:00:00Z,2016-07-01T20:00:00Z,DAL,MarketOnClose,Filled,buy,18,32.471406827,584.485322886,1.0,
76,2016-07-01T14:00:00Z,2016-07-01T20:00:00Z,NFLX,MarketOnClose,Filled,buy,48,9.667,464.016,1.0,
77,2016-07-01T14:00:00Z,2016-07-01T20:00:00Z,F,MarketOnClose,Filled,buy,45,7.59060276,341.5771242,1.0,
78,2016-07-01T14:00:00Z,2016-07-01T20:00:00Z,GM,MarketOnClose,Filled,buy,14,23.677518861,331.485264054,1.0,
79,2016-07-01T14:00:00Z,2016-07-01T20:00:00Z,LUV,MarketOnClose,Filled,buy,8,34.90193124,279.21544992,1.0,
80,2016-07-01T14:00:00Z,2016-07-01T20:00:00Z,VLO,MarketOnClose,Filled,buy,7,34.672125945,242.704881615,1.0,
81,2016-08-01T14:00:00Z,2016-08-01T20:00:00Z,HPE,MarketOnClose,Filled,sell,-45,15.907543484,-715.83945678,1.0,
82,2016-08-01T14:00:00Z,2016-08-01T20:00:00Z,TGT,MarketOnClose,Filled,sell,-8,55.486983096,-443.895864768,1.0,
83,2016-08-01T14:00:00Z,2016-08-01T20:00:00Z,GM,MarketOnClose,Filled,sell,-16,25.65269437,-410.44310992,1.0,
84,2016-08-01T14:00:00Z,2016-08-01T20:00:00Z,EMR,MarketOnClose,Filled,sell,-9,43.305383112,-389.748448008,1.0,
85,2016-08-01T14:00:00Z,2016-08-01T20:00:00Z,CSCO,MarketOnClose,Filled,sell,-12,22.83567811,-274.02813732,1.0,
86,2016-08-01T14:00:00Z,2016-08-01T20:00:00Z,KR,MarketOnClose,Filled,buy,20,27.491177463,549.82354926,1.0,
87,2016-08-01T14:00:00Z,2016-08-01T20:00:00Z,LUV,MarketOnClose,Filled,buy,14,32.645644776,457.039026864,1.0,
88,2016-08-01T14:00:00Z,2016-08-01T20:00:00Z,GILD,MarketOnClose,Filled,buy,8,56.148681114,449.189448912,1.0,
89,2016-08-01T14:00:00Z,2016-08-01T20:00:00Z,MDLZ,MarketOnClose,Filled,buy,10,34.309237532,343.09237532,1.0,
90,2016-08-02T04:00:00Z,2016-08-02T20:00:00Z,LUV,MarketOnOpen,Filled,sell,-164,32.478186015,-5326.42250646,1.0,left universe
91,2016-09-01T14:00:00Z,2016-09-01T20:00:00Z,ETN,MarketOnClose,Filled,sell,-9,52.916427872,-476.247850848,1.0,
92,2016-09-01T14:00:00Z,2016-09-01T20:00:00Z,VLO,MarketOnClose,Filled,sell,-10,37.010008755,-370.10008755,1.0,
93,2016-09-01T14:00:00Z,2016-09-01T20:00:00Z,AAPL,MarketOnClose,Filled,sell,-15,24.37684649725,-365.65269745875,1.0,
94,2016-09-01T14:00:00Z,2016-09-01T20:00:00Z,DD,MarketOnClose,Filled,sell,-4,67.5488106007668,-270.1952424030672,1.0,
95,2016-09-01T14:00:00Z,2016-09-01T20:00:00Z,HPQ,MarketOnClose,Filled,buy,526,10.24212575,5387.3581445,2.63,
96,2016-09-01T14:00:00Z,2016-09-01T20:00:00Z,VZ,MarketOnClose,Filled,buy,14,30.691418616,429.679860624,1.0,
97,2016-09-01T14:00:00Z,2016-09-01T20:00:00Z,T,MarketOnClose,Filled,buy,22,17.2077350926008,378.5701720372176,1.0,
98,2016-09-01T14:00:00Z,2016-09-01T20:00:00Z,KR,MarketOnClose,Filled,buy,12,25.929847924,311.158175088,1.0,
99,2016-09-01T14:00:00Z,2016-09-01T20:00:00Z,TGT,MarketOnClose,Filled,buy,5,52.278140172,261.39070086,1.0,
100,2016-09-01T14:00:00Z,2016-09-01T20:00:00Z,EMR,MarketOnClose,Filled,buy,6,41.247556396,247.485338376,1.0,
101,2016-10-03T14:00:00Z,2016-10-03T20:00:00Z,HPE,MarketOnClose,Filled,sell,-28,17.092308345,-478.58463366,1.0,
102,2016-10-03T14:00:00Z,2016-10-03T20:00:00Z,HPQ,MarketOnClose,Filled,sell,-43,11.149524805,-479.429566615,1.0,
103,2016-10-03T14:00:00Z,2016-10-03T20:00:00Z,AAPL,MarketOnClose,Filled,sell,-13,25.699267009,-334.090471117,1.0,
104,2016-10-03T14:00:00Z,2016-10-03T20:00:00Z,DAL,MarketOnClose,Filled,sell,-8,35.497246498,-283.977971984,1.0,
105,2016-10-03T14:00:00Z,2016-10-03T20:00:00Z,CSCO,MarketOnClose,Filled,sell,-11,23.6013246,-259.6145706,1.0,
106,2016-10-03T14:00:00Z,2016-10-03T20:00:00Z,NFLX,MarketOnClose,Filled,sell,-26,10.263,-266.838,1.0,
107,2016-10-03T14:00:00Z,2016-10-03T20:00:00Z,MCK,MarketOnClose,Filled,buy,3,153.22635603,459.67906809,1.0,
108,2016-10-03T14:00:00Z,2016-10-03T20:00:00Z,KR,MarketOnClose,Filled,buy,16,23.755505232,380.088083712,1.0,
109,2016-10-03T14:00:00Z,2016-10-03T20:00:00Z,F,MarketOnClose,Filled,buy,41,7.29979327,299.29152407,1.0,
110,2016-10-03T14:00:00Z,2016-10-03T20:00:00Z,VLO,MarketOnClose,Filled,buy,7,36.06243255,252.43702785,1.0,
111,2016-11-01T14:00:00Z,2016-11-01T20:00:00Z,AAPL,MarketOnClose,Filled,sell,-207,25.46401776425,-5271.05167719975,1.035,reached implied value
112,2016-11-01T14:00:00Z,2016-11-01T20:00:00Z,NFLX,MarketOnClose,Filled,sell,-116,12.33,-1430.28,1.0,
113,2016-11-01T14:00:00Z,2016-11-01T20:00:00Z,VLO,MarketOnClose,Filled,sell,-17,40.554898155,-689.433268635,1.0,
114,2016-11-01T14:00:00Z,2016-11-01T20:00:00Z,DAL,MarketOnClose,Filled,sell,-10,37.184209188,-371.84209188,1.0,
115,2016-11-01T14:00:00Z,2016-11-01T20:00:00Z,KR,MarketOnClose,Filled,sell,-11,24.980601301,-274.786614311,1.0,
116,2016-11-01T14:00:00Z,2016-11-01T20:00:00Z,LUV,MarketOnClose,Filled,buy,150,35.067525376,5260.1288064,1.0,
117,2016-11-01T14:00:00Z,2016-11-01T20:00:00Z,MCK,MarketOnClose,Filled,buy,11,119.80627257,1317.86899827,1.0,
118,2016-11-01T14:00:00Z,2016-11-01T20:00:00Z,T,MarketOnClose,Filled,buy,29,15.5462699947136,450.8418298466944,1.0,
119,2016-11-01T14:00:00Z,2016-11-01T20:00:00Z,VZ,MarketOnClose,Filled,buy,12,28.148653708,337.783844496,1.0,
120,2016-11-01T14:00:00Z,2016-11-01T20:00:00Z,HPQ,MarketOnClose,Filled,buy,32,10.230490492,327.375695744,1.0,
121,2016-11-01T14:00:00Z,2016-11-01T20:00:00Z,GILD,MarketOnClose,Filled,buy,6,52.00254711,312.01528266,1.0,
122,2016-11-01T14:00:00Z,2016-11-01T20:00:00Z,ETN,MarketOnClose,Filled,buy,4,47.99801512,191.99206048,1.0,
123,2016-12-01T15:00:00Z,2016-12-01T21:00:00Z,EMR,MarketOnClose,Filled,sell,-129,44.894488072,-5791.388961288,1.0,reached implied value
124,2016-12-01T15:00:00Z,2016-12-01T21:00:00Z,LUV,MarketOnClose,Filled,sell,-15,41.598498474,-623.97747711,1.0,
125,2016-12-01T15:00:00Z,2016-12-01T21:00:00Z,DAL,MarketOnClose,Filled,sell,-14,42.606535923,-596.491502922,1.0,
126,2016-12-01T15:00:00Z,2016-12-01T21:00:00Z,MCK,MarketOnClose,Filled,sell,-4,132.865218332,-531.460873328,1.0,
127,2016-12-01T15:00:00Z,2016-12-01T21:00:00Z,GM,MarketOnClose,Filled,sell,-14,30.214572053,-423.004008742,1.0,
128,2016-12-01T15:00:00Z,2016-12-01T21:00:00Z,TGT,MarketOnClose,Filled,sell,-6,58.129586718,-348.777520308,1.0,
129,2016-12-01T15:00:00Z,2016-12-01T21:00:00Z,MPC,MarketOnClose,Filled,buy,158,35.735858158,5646.265588964,1.0,
130,2016-12-01T15:00:00Z,2016-12-01T21:00:00Z,HCA,MarketOnClose,Filled,buy,11,65.74336005,723.17696055,1.0,
131,2016-12-01T15:00:00Z,2016-12-01T21:00:00Z,NFLX,MarketOnClose,Filled,buy,50,11.722,586.1,1.0,
132,2016-12-01T15:00:00Z,2016-12-01T21:00:00Z,MDLZ,MarketOnClose,Filled,buy,16,32.3685588,517.8969408,1.0,
133,2016-12-01T15:00:00Z,2016-12-01T21:00:00Z,CSCO,MarketOnClose,Filled,buy,23,22.06536538,507.50340374,1.0,
134,2016-12-01T15:00:00Z,2016-12-01T21:00:00Z,GILD,MarketOnClose,Filled,buy,5,51.13899732,255.6949866,1.0,
135,2017-01-03T15:00:00Z,2017-01-03T21:00:00Z,VLO,MarketOnClose,Filled,sell,-9,48.45554427,-436.09989843,1.0,
136,2017-01-03T15:00:00Z,2017-01-03T21:00:00Z,T,MarketOnClose,Filled,sell,-23,18.2932312683966,-420.7443191731218,1.0,
137,2017-01-03T15:00:00Z,2017-01-03T21:00:00Z,MDLZ,MarketOnClose,Filled,sell,-8,35.69735286,-285.57882288,1.0,
138,2017-01-03T15:00:00Z,2017-01-03T21:00:00Z,TGT,MarketOnClose,Filled,buy,10,54.342423975,543.42423975,1.0,
139,2017-01-03T15:00:00Z,2017-01-03T21:00:00Z,MCK,MarketOnClose,Filled,buy,3,136.904662697,410.713988091,1.0,
140,2017-01-03T15:00:00Z,2017-01-03T21:00:00Z,F,MarketOnClose,Filled,buy,41,7.690032432,315.291329712,1.0,
141,2017-01-03T15:00:00Z,2017-01-03T21:00:00Z,GILD,MarketOnClose,Filled,buy,6,52.400951712,314.405710272,1.0,
142,2017-01-03T15:00:00Z,2017-01-03T21:00:00Z,HPE,MarketOnClose,Filled,buy,16,17.60404864,281.66477824,1.0,
143,2017-01-03T15:00:00Z,2017-01-03T21:00:00Z,HPQ,MarketOnClose,Filled,buy,23,10.66746186,245.35162278,1.0,
144,2017-02-01T15:00:00Z,2017-02-01T21:00:00Z,ETN,MarketOnClose,Filled,sell,-105,56.92071165,-5976.67472325,1.0,reached implied value
145,2017-02-01T15:00:00Z,2017-02-01T21:00:00Z,F,MarketOnClose,Filled,sell,-775,7.64648808,-5926.028262,3.875,reached implied value
146,2017-02-01T15:00:00Z,2017-02-01T21:00:00Z,NFLX,MarketOnClose,Filled,sell,-65,14.078,-915.07,1.0,
147,2017-02-01T15:00:00Z,2017-02-01T21:00:00Z,HCA,MarketOnClose,Filled,sell,-7,75.6574809,-529.6023663,1.0,
148,2017-02-01T15:00:00Z,2017-02-01T21:00:00Z,LUV,MarketOnClose,Filled,sell,-11,46.699781381,-513.697595191,1.0,
149,2017-02-01T15:00:00Z,2017-02-01T21:00:00Z,CCL,MarketOnClose,Filled,buy,118,48.991031889,5780.941762902,1.0,
150,2017-02-01T15:00:00Z,2017-02-01T21:00:00Z,LBTYA,MarketOnClose,Filled,buy,158,36.23,5724.34,1.0,
151,2017-02-01T15:00:00Z,2017-02-01T21:00:00Z,TGT,MarketOnClose,Filled,buy,14,47.559891883,665.838486362,1.0,
152,2017-02-01T15:00:00Z,2017-02-01T21:00:00Z,DAL,MarketOnClose,Filled,buy,8,42.151661874,337.213294992,1.0,
153,2017-02-01T15:00:00Z,2017-02-01T21:00:00Z,VZ,MarketOnClose,Filled,buy,10,28.886429856,288.86429856,1.0,
154,2017-02-01T15:00:00Z,2017-02-01T21:00:00Z,VLO,MarketOnClose,Filled,buy,5,44.980672095,224.903360475,1.0,
155,2017-03-01T15:00:00Z,2017-03-01T21:00:00Z,MPC,MarketOnClose,Filled,sell,-158,38.443905401,-6074.137053358,1.0,reached implied value
156,2017-03-01T15:00:00Z,2017-03-01T21:00:00Z,DD,MarketOnClose,Filled,sell,-79,81.0151494273546,-6400.1968047610135,1.0,reached implied value
157,2017-03-01T15:00:00Z,2017-03-01T21:00:00Z,GM,MarketOnClose,Filled,sell,-194,31.380716863,-6087.859071422,1.0,no valuation
158,2017-03-01T15:00:00Z,2017-03-01T21:00:00Z,MDLZ,MarketOnClose,Filled,sell,-162,35.052651504,-5678.529543648,1.0,reached implied value
159,2017-03-01T15:00:00Z,2017-03-01T21:00:00Z,VZ,MarketOnClose,Filled,sell,-197,29.734099424,-5857.617586528,1.0,reached implied value
160,2017-03-01T15:00:00Z,2017-03-01T21:00:00Z,HPQ,MarketOnClose,Filled,sell,-61,12.664468188,-772.532559468,1.0,
161,2017-03-01T15:00:00Z,2017-03-01T21:00:00Z,CSCO,MarketOnClose,Filled,sell,-19,26.025681192,-494.487942648,1.0,
162,2017-03-01T15:00:00Z,2017-03-01T21:00:00Z,LUV,MarketOnClose,Filled,sell,-8,52.146465536,-417.171724288,1.0,
163,2017-03-01T15:00:00Z,2017-03-01T21:00:00Z,HCA,MarketOnClose,Filled,sell,-5,81.2699441,-406.3497205,1.0,
164,2017-03-01T15:00:00Z,2017-03-01T21:00:00Z,BAX,MarketOnClose,Filled,buy,136,44.151848604,6004.651410144,1.0,
165,2017-03-01T15:00:00Z,2017-03-01T21:00:00Z,GLW,MarketOnClose,Filled,buy,274,22.18168008,6077.78034192,1.37,
166,2017-03-01T15:00:00Z,2017-03-01T21:00:00Z,EBAY,MarketOnClose,Filled,buy,199,30.221482707,6014.075058693,1.0,
167,2017-03-01T15:00:00Z,2017-03-01T21:00:00Z,PPL,MarketOnClose,Filled,buy,246,24.029493254,5911.255340484,1.23,
168,2017-03-01T15:00:00Z,2017-03-01T21:00:00Z,MO,MarketOnClose,Filled,buy,156,38.344509,5981.743404,1.0,
169,2017-03-01T15:00:00Z,2017-03-01T21:00:00Z,TGT,MarketOnClose,Filled,buy,14,43.595446216,610.336247024,1.0,
170,2017-03-01T15:00:00Z,2017-03-01T21:00:00Z,KR,MarketOnClose,Filled,buy,18,26.201919856,471.634557408,1.0,
171,2017-03-01T15:00:00Z,2017-03-01T21:00:00Z,GILD,MarketOnClose,Filled,buy,6,49.595776708,297.574660248,1.0,
172,2017-03-01T15:00:00Z,2017-03-01T21:00:00Z,LBTYA,MarketOnClose,Filled,buy,8,35.2,281.6,1.0,
173,2017-03-01T15:00:00Z,2017-03-01T21:00:00Z,HPE,MarketOnClose,Filled,buy,16,17.588872736,281.421963776,1.0,
174,2017-03-01T15:00:00Z,2017-03-01T21:00:00Z,T,MarketOnClose,Filled,buy,14,18.0842773630491,253.1798830826874,1.0,
175,2017-04-01T04:00:00Z,,GLW,MarketOnOpen,Canceled,sell,-274,0.0,0.0,0.0,no valuation
176,2017-04-03T14:00:00Z,2017-04-03T20:00:00Z,GLW,MarketOnClose,Filled,sell,-274,21.111925296,-5784.667531104,1.37,no valuation
177,2017-04-03T14:00:00Z,2017-04-03T20:00:00Z,KR,MarketOnClose,Filled,sell,-229,24.02796144,-5502.40316976,1.145,no valuation
178,2017-04-03T14:00:00Z,2017-04-03T20:00:00Z,CCL,MarketOnClose,Filled,sell,-6,52.197133212,-313.182799272,1.0,
179,2017-04-03T14:00:00Z,2017-04-03T20:00:00Z,HPE,MarketOnClose,Filled,sell,-16,13.37387989,-213.98207824,1.0,
180,2017-04-03T14:00:00Z,2017-04-03T20:00:00Z,HPQ,MarketOnClose,Filled,sell,-21,12.731126613,-267.353658873,1.0,
181,2017-04-03T14:00:00Z,2017-04-03T20:00:00Z,CRH,MarketOnClose,Filled,buy,209,27.825914655,5815.616162895,1.045,
182,2017-04-03T14:00:00Z,2017-04-03T20:00:00Z,CAH,MarketOnClose,Filled,buy,93,62.931465144,5852.626258392,1.0,
183,2017-04-03T14:00:00Z,2017-04-03T20:00:00Z,LUV,MarketOnClose,Filled,buy,7,47.9077794,335.3544558,1.0,
184,2017-04-03T14:00:00Z,2017-04-03T20:00:00Z,TGT,MarketOnClose,Filled,buy,8,40.730796456,325.846371648,1.0,
185,2017-04-03T14:00:00Z,2017-04-03T20:00:00Z,DAL,MarketOnClose,Filled,buy,6,41.466293539,248.797761234,1.0,
186,2017-05-01T14:00:00Z,2017-05-01T20:00:00Z,BAX,MarketOnClose,Filled,sell,-15,47.928163716,-718.92245574,1.0,
187,2017-05-01T14:00:00Z,2017-05-01T20:00:00Z,NFLX,MarketOnClose,Filled,sell,-27,15.535,-419.445,1.0,
188,2017-05-01T14:00:00Z,2017-05-01T20:00:00Z,HPQ,MarketOnClose,Filled,sell,-27,13.708217058,-370.121860566,1.0,
189,2017-05-01T14:00:00Z,2017-05-01T20:00:00Z,PPL,MarketOnClose,Filled,sell,-14,25.12700389,-351.77805446,1.0,
190,2017-05-01T14:00:00Z,2017-05-01T20:00:00Z,CCL,MarketOnClose,Filled,sell,-6,55.601100864,-333.606605184,1.0,
191,2017-05-01T14:00:00Z,2017-05-01T20:00:00Z,LUV,MarketOnClose,Filled,sell,-6,49.930552308,-299.583313848,1.0,
192,2017-05-01T14:00:00Z,2017-05-01T20:00:00Z,CRH,MarketOnClose,Filled,sell,-9,29.327630684,-263.948676156,1.0,
193,2017-05-01T14:00:00Z,2017-05-01T20:00:00Z,HPE,MarketOnClose,Filled,buy,85,14.27206875,1213.12584375,1.0,
194,2017-05-01T14:00:00Z,2017-05-01T20:00:00Z,CAH,MarketOnClose,Filled,buy,10,56.128273644,561.28273644,1.0,
195,2017-05-02T04:00:00Z,2017-05-02T20:00:00Z,CAH,MarketOnOpen,Filled,sell,-103,56.40817638,-5810.04216714,1.0,left universe
196,2017-06-01T14:00:00Z,2017-06-01T20:00:00Z,MCK,MarketOnClose,Filled,sell,-5,154.626605424,-773.13302712,1.0,
197,2017-06-01T14:00:00Z,2017-06-01T20:00:00Z,DAL,MarketOnClose,Filled,sell,-9,44.819352355,-403.374171195,1.0,
198,2017-06-01T14:00:00Z,2017-06-01T20:00:00Z,NFLX,MarketOnClose,Filled,sell,-21,16.299,-342.279,1.0,
199,2017-06-01T14:00:00Z,2017-06-01T20:00:00Z,LUV,MarketOnClose,Filled,sell,-6,53.49702033,-320.98212198,1.0,
200,2017-06-01T14:00:00Z,2017-06-01T20:00:00Z,BAX,MarketOnClose,Filled,sell,-6,51.870174,-311.221044,1.0,
201,2017-06-01T14:00:00Z,2017-06-01T20:00:00Z,GLW,MarketOnClose,Filled,buy,257,23.460938331,6029.461151067,1.285,
202,2017-06-01T14:00:00Z,2017-06-01T20:00:00Z,LBTYA,MarketOnClose,Filled,buy,27,31.35,846.45,1.0,
203,2017-06-01T14:00:00Z,2017-06-01T20:00:00Z,VLO,MarketOnClose,Filled,buy,10,43.652543984,436.52543984,1.0,
204,2017-06-01T14:00:00Z,2017-06-01T20:00:00Z,GILD,MarketOnClose,Filled,buy,9,46.011391524,414.102523716,1.0,
205,2017-06-01T14:00:00Z,2017-06-01T20:00:00Z,CSCO,MarketOnClose,Filled,buy,16,24.255265936,388.084254976,1.0,
206,2017-06-01T14:00:00Z,2017-06-01T20:00:00Z,HCA,MarketOnClose,Filled,buy,5,77.309834375,386.549171875,1.0,
207,2017-06-01T14:00:00Z,2017-06-01T20:00:00Z,T,MarketOnClose,Filled,buy,22,16.9204278634201,372.2494129952422,1.0,
208,2017-07-03T14:00:00Z,2017-07-03T17:00:00Z,GILD,MarketOnClose,Filled,sell,-11,50.7455613,-558.2011743,1.0,
209,2017-07-03T14:00:00Z,2017-07-03T17:00:00Z,DAL,MarketOnClose,Filled,sell,-11,48.604497258,-534.649469838,1.0,
210,2017-07-03T14:00:00Z,2017-07-03T17:00:00Z,VLO,MarketOnClose,Filled,sell,-11,47.791524732,-525.706772052,1.0,
211,2017-07-03T14:00:00Z,2017-07-03T17:00:00Z,HCA,MarketOnClose,Filled,sell,-4,80.503769025,-322.0150761,1.0,
212,2017-07-03T14:00:00Z,2017-07-03T17:00:00Z,CCL,MarketOnClose,Filled,sell,-5,58.395773568,-291.97886784,1.0,
213,2017-07-03T14:00:00Z,2017-07-03T17:00:00Z,HPE,MarketOnClose,Filled,buy,59,12.737552001,751.515568059,1.0,
214,2017-07-03T14:00:00Z,2017-07-03T17:00:00Z,NFLX,MarketOnClose,Filled,buy,36,14.617,526.212,1.0,
215,2017-07-03T14:00:00Z,2017-07-03T17:00:00Z,HPQ,MarketOnClose,Filled,buy,39,12.81216699,499.67451261,1.0,
216,2017-07-03T14:00:00Z,2017-07-03T17:00:00Z,TGT,MarketOnClose,Filled,buy,7,40.091413673,280.639895711,1.0,
217,2017-07-03T14:00:00Z,2017-07-03T17:00:00Z,CRH,MarketOnClose,Filled,buy,9,28.741399293,258.672593637,1.0,
218,2017-08-01T14:00:00Z,2017-08-01T20:00:00Z,CSCO,MarketOnClose,Filled,sell,-246,24.351082725,-5990.36635035,1.23,reached implied value
219,2017-08-01T14:00:00Z,2017-08-01T20:00:00Z,NFLX,MarketOnClose,Filled,sell,-67,18.203,-1219.601,1.0,
220,2017-08-01T14:00:00Z,2017-08-01T20:00:00Z,LBTYA,MarketOnClose,Filled,sell,-15,34.4,-516.0,1.0,
221,2017-08-01T14:00:00Z,2017-08-01T20:00:00Z,HPQ,MarketOnClose,Filled,sell,-35,13.95702198,-488.4957693,1.0,
222,2017-08-01T14:00:00Z,2017-08-01T20:00:00Z,TGT,MarketOnClose,Filled,sell,-10,43.330123198,-433.30123198,1.0,
223,2017-08-01T14:00:00Z,2017-08-01T20:00:00Z,GILD,MarketOnClose,Filled,sell,-7,54.3343563,-380.3404941,1.0,
224,2017-08-01T14:00:00Z,2017-08-01T20:00:00Z,HPE,MarketOnClose,Filled,sell,-20,13.409960265,-268.1992053,1.0,
225,2017-08-01T14:00:00Z,2017-08-01T20:00:00Z,LOW,MarketOnClose,Filled,buy,92,65.796680824,6053.294635808,1.0,
226,2017-08-01T14:00:00Z,2017-08-01T20:00:00Z,MO,MarketOnClose,Filled,buy,24,33.76211255,810.2907012,1.0,
227,2017-08-01T14:00:00Z,2017-08-01T20:00:00Z,DAL,MarketOnClose,Filled,buy,13,45.017150901,585.222961713,1.0,
228,2017-08-01T14:00:00Z,2017-08-01T20:00:00Z,LUV,MarketOnClose,Filled,buy,11,49.515761876,544.673380636,1.0,
229,2017-08-01T14:00:00Z,2017-08-01T20:00:00Z,HCA,MarketOnClose,Filled,buy,7,73.1835662,512.2849634,1.0,
230,2017-09-01T04:00:00Z,,GLW,MarketOnOpen,Canceled,sell,-257,0.0,0.0,0.0,no valuation
231,2017-09-01T14:00:00Z,2017-09-01T20:00:00Z,GLW,MarketOnClose,Filled,sell,-257,22.9759046,-5904.8074822,1.285,no valuation
232,2017-09-01T14:00:00Z,2017-09-01T20:00:00Z,GILD,MarketOnClose,Filled,sell,-11,60.11231625,-661.23547875,1.0,
233,2017-09-01T14:00:00Z,2017-09-01T20:00:00Z,EBAY,MarketOnClose,Filled,sell,-11,32.055760035,-352.613360385,1.0,
234,2017-09-01T14:00:00Z,2017-09-01T20:00:00Z,CCL,MarketOnClose,Filled,sell,-5,62.204114168,-311.02057084,1.0,
235,2017-09-01T14:00:00Z,2017-09-01T20:00:00Z,DISH,MarketOnClose,Filled,buy,104,58.47,6080.88,1.0,
236,2017-09-01T14:00:00Z,2017-09-01T20:00:00Z,MCK,MarketOnClose,Filled,buy,4,139.562670779,558.250683116,1.0,
237,2017-09-01T14:00:00Z,2017-09-01T20:00:00Z,LUV,MarketOnClose,Filled,buy,7,46.487350051,325.411450357,1.0,
238,2017-09-01T14:00:00Z,2017-09-01T20:00:00Z,LOW,MarketOnClose,Filled,buy,4,63.100234115,252.40093646,1.0,
239,2017-10-02T14:00:00Z,2017-10-02T20:00:00Z,VLO,MarketOnClose,Filled,sell,-15,54.70281866,-820.5422799,1.0,
240,2017-10-02T14:00:00Z,2017-10-02T20:00:00Z,LOW,MarketOnClose,Filled,sell,-6,68.290260069,-409.741560414,1.0,
241,2017-10-02T14:00:00Z,2017-10-02T20:00:00Z,LUV,MarketOnClose,Filled,sell,-7,49.836505755,-348.855540285,1.0,
242,2017-10-02T14:00:00Z,2017-10-02T20:00:00Z,CRH,MarketOnClose,Filled,sell,-10,30.040879768,-300.40879768,1.0,
243,2017-10-02T14:00:00Z,2017-10-02T20:00:00Z,EBAY,MarketOnClose,Filled,sell,-8,34.154596593,-273.236772744,1.0,
244,2017-10-02T14:00:00Z,2017-10-02T20:00:00Z,HPE,MarketOnClose,Filled,buy,89,11.502226722,1023.698178258,1.0,
245,2017-10-02T14:00:00Z,2017-10-02T20:00:00Z,CCL,MarketOnClose,Filled,buy,9,57.974990248,521.774912232,1.0,
246,2017-10-02T14:00:00Z,2017-10-02T20:00:00Z,DISH,MarketOnClose,Filled,buy,8,53.83,430.64,1.0,
247,2017-10-02T14:00:00Z,2017-10-02T20:00:00Z,GILD,MarketOnClose,Filled,buy,5,60.322086144,301.61043072,1.0,
248,2017-10-03T04:00:00Z,2017-10-03T20:00:00Z,DISH,MarketOnOpen,Filled,sell,-112,53.85,-6031.2,1.0,left universe
249,2017-10-03T04:00:00Z,2017-10-03T20:00:00Z,HPE,MarketOnOpen,Filled,sell,-540,11.494548333,-6207.05609982,2.7,left universe
250,2017-11-01T04:00:00Z,,LBTYA,MarketOnOpen,Canceled,sell,-178,0.0,0.0,0.0,no valuation
251,2017-11-01T04:00:00Z,,PPL,MarketOnOpen,Canceled,sell,-232,0.0,0.0,0.0,no valuation
252,2017-11-01T14:00:00Z,2017-11-01T20:00:00Z,LBTYA,MarketOnClose,Filled,sell,-178,31.34,-5578.52,1.0,no valuation
253,2017-11-01T14:00:00Z,2017-11-01T20:00:00Z,PPL,MarketOnClose,Filled,sell,-232,24.928523108,-5783.417361056,1.16,no valuation
254,2017-11-01T14:00:00Z,2017-11-01T20:00:00Z,HPQ,MarketOnClose,Filled,sell,-52,15.764351794,-819.746293288,1.0,
255,2017-11-01T14:00:00Z,2017-11-01T20:00:00Z,NFLX,MarketOnClose,Filled,sell,-25,19.8,-495.0,1.0,
256,2017-11-01T14:00:00Z,2017-11-01T20:00:00Z,BAX,MarketOnClose,Filled,sell,-7,55.64606904,-389.52248328,1.0,
257,2017-11-01T14:00:00Z,2017-11-01T20:00:00Z,TGT,MarketOnClose,Filled,sell,-7,45.3595761,-317.5170327,1.0,
258,2017-11-01T14:00:00Z,2017-11-01T20:00:00Z,GLW,MarketOnClose,Filled,buy,242,25.14629282,6085.40286244,1.21,
259,2017-11-01T14:00:00Z,2017-11-01T20:00:00Z,CVS,MarketOnClose,Filled,buy,116,52.2414042,6060.0028872,1.0,
260,2017-11-01T14:00:00Z,2017-11-01T20:00:00Z,KMB,MarketOnClose,Filled,buy,74,80.86547655,5984.0452647,1.0,
261,2017-11-01T14:00:00Z,2017-11-01T20:00:00Z,MU,MarketOnClose,Filled,buy,139,43.276593374,6015.446478986,1.0,
262,2017-11-01T14:00:00Z,2017-11-01T20:00:00Z,T,MarketOnClose,Filled,buy,49,14.9805486759736,734.0468851227064,1.0,
263,2017-11-01T14:00:00Z,2017-11-01T20:00:00Z,MCK,MarketOnClose,Filled,buy,3,130.464615673,391.393847019,1.0,
264,2017-11-01T14:00:00Z,2017-11-01T20:00:00Z,GILD,MarketOnClose,Filled,buy,7,54.052980448,378.370863136,1.0,
265,2017-11-01T14:00:00Z,2017-11-01T20:00:00Z,HCA,MarketOnClose,Filled,buy,5,70.921965075,354.609825375,1.0,
266,2017-12-01T15:00:00Z,2017-12-01T21:00:00Z,CCL,MarketOnClose,Filled,sell,-105,59.789268,-6277.87314,1.0,reached implied value
267,2017-12-01T15:00:00Z,2017-12-01T21:00:00Z,VLO,MarketOnClose,Filled,sell,-10,60.266780542,-602.66780542,1.0,
268,2017-12-01T15:00:00Z,2017-12-01T21:00:00Z,HCA,MarketOnClose,Filled,sell,-7,77.586765125,-543.107355875,1.0,
269,2017-12-01T15:00:00Z,2017-12-01T21:00:00Z,CVS,MarketOnClose,Filled,sell,-9,56.874989616,-511.874906544,1.0,
270,2017-12-01T15:00:00Z,2017-12-01T21:00:00Z,LUV,MarketOnClose,Filled,sell,-7,53.372715368,-373.609007576,1.0,
271,2017-12-01T15:00:00Z,2017-12-01T21:00:00Z,DAL,MarketOnClose,Filled,sell,-7,47.401702436,-331.811917052,1.0,
272,2017-12-01T15:00:00Z,2017-12-01T21:00:00Z,T,MarketOnClose,Filled,sell,-18,16.2977653255748,-293.3597758603464,1.0,
273,2017-12-01T15:00:00Z,2017-12-01T21:00:00Z,JCI,MarketOnClose,Filled,buy,202,30.574961468,6176.142216536,1.01,
274,2017-12-01T15:00:00Z,2017-12-01T21:00:00Z,EBAY,MarketOnClose,Filled,buy,24,31.04161632,744.99879168,1.0,
275,2017-12-01T15:00:00Z,2017-12-01T21:00:00Z,CRH,MarketOnClose,Filled,buy,23,28.05216706,645.19984238,1.0,
276,2017-12-01T15:00:00Z,2017-12-01T21:00:00Z,NFLX,MarketOnClose,Filled,buy,25,18.682,467.05,1.0,
277,2017-12-01T15:00:00Z,2017-12-01T21:00:00Z,MU,MarketOnClose,Filled,buy,11,40.946015227,450.406167497,1.0,
278,2018-01-02T15:00:00Z,2018-01-02T21:00:00Z,LOW,MarketOnClose,Filled,sell,-9,77.841460602,-700.573145418,1.0,
279,2018-01-02T15:00:00Z,2018-01-02T21:00:00Z,EBAY,MarketOnClose,Filled,sell,-11,33.563747646,-369.201224106,1.0,
280,2018-01-02T15:00:00Z,2018-01-02T21:00:00Z,MO,MarketOnClose,Filled,sell,-9,37.184275854,-334.658482686,1.0,
281,2018-01-02T15:00:00Z,2018-01-02T21:00:00Z,LUV,MarketOnClose,Filled,sell,-5,59.166516374,-295.83258187,1.0,
282,2018-01-02T15:00:00Z,2018-01-02T21:00:00Z,MCK,MarketOnClose,Filled,sell,-2,148.862319,-297.724638,1.0,
283,2018-01-02T15:00:00Z,2018-01-02T21:00:00Z,GILD,MarketOnClose,Filled,buy,12,53.8844085,646.612902,1.0,
284,2018-01-02T15:00:00Z,2018-01-02T21:00:00Z,CVS,MarketOnClose,Filled,buy,10,55.663594736,556.63594736,1.0,
285,2018-01-02T15:00:00Z,2018-01-02T21:00:00Z,HPQ,MarketOnClose,Filled,buy,34,15.757264484,535.746992456,1.0,
286,2018-01-02T15:00:00Z,2018-01-02T21:00:00Z,MU,MarketOnClose,Filled,buy,10,42.584245891,425.84245891,1.0,
287,2018-01-02T15:00:00Z,2018-01-02T21:00:00Z,BAX,MarketOnClose,Filled,buy,6,58.363616697,350.181700182,1.0,
288,2018-01-02T15:00:00Z,2018-01-02T21:00:00Z,GLW,MarketOnClose,Filled,buy,10,26.060783448,260.60783448,1.0,
289,2018-02-01T05:00:00Z,,GLW,MarketOnOpen,Canceled,sell,-252,0.0,0.0,0.0,no valuation
290,2018-02-01T15:00:00Z,2018-02-01T21:00:00Z,HPQ,MarketOnClose,Filled,sell,-415,17.22065021,-7146.56983715,2.075,reached implied value
291,2018-02-01T15:00:00Z,2018-02-01T21:00:00Z,GLW,MarketOnClose,Filled,sell,-252,25.317787476,-6380.082443952,1.26,no valuation
292,2018-02-01T15:00:00Z,2018-02-01T21:00:00Z,EBAY,MarketOnClose,Filled,sell,-193,40.733302779,-7861.527436347,1.0,reached implied value
293,2018-02-01T15:00:00Z,2018-02-01T21:00:00Z,KMB,MarketOnClose,Filled,sell,-74,85.76840646,-6346.86207804,1.0,reached implied value
294,2018-02-01T15:00:00Z,2018-02-01T21:00:00Z,LOW,MarketOnClose,Filled,sell,-81,88.579784448,-7174.962540288,1.0,reached implied value
295,2018-02-01T15:00:00Z,2018-02-01T21:00:00Z,NFLX,MarketOnClose,Filled,sell,-76,26.507,-2014.532,1.0,
296,2018-02-01T15:00:00Z,2018-02-01T21:00:00Z,TGT,MarketOnClose,Filled,sell,-14,58.373703675,-817.23185145,1.0,
297,2018-02-01T15:00:00Z,2018-02-01T21:00:00Z,GILD,MarketOnClose,Filled,sell,-10,60.71267565,-607.1267565,1.0,
298,2018-02-01T15:00:00Z,2018-02-01T21:00:00Z,HCA,MarketOnClose,Filled,sell,-5,94.3779996,-471.889998,1.0,
299,2018-02-01T15:00:00Z,2018-02-01T21:00:00Z,F,MarketOnClose,Filled,buy,953,7.217045472,6877.844334816,4.765,
300,2018-02-01T15:00:00Z,2018-02-01T21:00:00Z,ETN,MarketOnClose,Filled,buy,100,72.37823333,7237.823333,1.0,
301,2018-02-01T15:00:00Z,2018-02-01T21:00:00Z,PPG,MarketOnClose,Filled,buy,69,99.2959802,6851.4226338,1.0,
302,2018-02-01T15:00:00Z,2018-02-01T21:00:00Z,INTC,MarketOnClose,Filled,buy,171,40.004619445,6840.789925095,1.0,
303,2018-02-01T15:00:00Z,2018-02-01T21:00:00Z,MPC,MarketOnClose,Filled,buy,129,52.843842079,6816.855628191,1.0,
304,2018-02-01T15:00:00Z,2018-02-01T21:00:00Z,LUV,MarketOnClose,Filled,buy,17,53.829123586,915.095100962,1.0,
305,2018-02-01T15:00:00Z,2018-02-01T21:00:00Z,MO,MarketOnClose,Filled,buy,16,36.758501703,588.136027248,1.0,
306,2018-02-01T15:00:00Z,2018-02-01T21:00:00Z,JCI,MarketOnClose,Filled,buy,13,32.755421178,425.820475314,1.0,
307,2018-02-01T15:00:00Z,2018-02-01T21:00:00Z,T,MarketOnClose,Filled,buy,24,17.7172112345234,425.2130696285616,1.0,
308,2018-03-01T15:00:00Z,2018-03-01T21:00:00Z,MO,MarketOnClose,Filled,sell,-187,32.816148453,-6136.619760711,1.0,reached implied value
309,2018-03-01T15:00:00Z,2018-03-01T21:00:00Z,BAX,MarketOnClose,Filled,sell,-114,57.752681238,-6583.805661132,1.0,reached implied value
310,2018-03-01T15:00:00Z,2018-03-01T21:00:00Z,MU,MarketOnClose,Filled,sell,-20,46.436038226,-928.72076452,1.0,
311,2018-03-01T15:00:00Z,2018-03-01T21:00:00Z,NFLX,MarketOnClose,Filled,sell,-27,29.039,-784.053,1.0,
312,2018-03-01T15:00:00Z,2018-03-01T21:00:00Z,INTC,MarketOnClose,Filled,sell,-11,40.43661648,-444.80278128,1.0,
313,2018-03-01T15:00:00Z,2018-03-01T21:00:00Z,TGT,MarketOnClose,Filled,sell,-5,58.196297649,-290.981488245,1.0,
314,2018-03-01T15:00:00Z,2018-03-01T21:00:00Z,EXC,MarketOnClose,Filled,buy,344,19.3812893412622,6667.163533394197,1.72,
315,2018-03-01T15:00:00Z,2018-03-01T21:00:00Z,PSX,MarketOnClose,Filled,buy,101,66.290055741,6695.295629841,1.0,
316,2018-03-01T15:00:00Z,2018-03-01T21:00:00Z,CRH,MarketOnClose,Filled,buy,28,27.106315894,758.976845032,1.0,
317,2018-03-01T15:00:00Z,2018-03-01T21:00:00Z,CVS,MarketOnClose,Filled,buy,12,51.156703195,613.88043834,1.0,
318,2018-03-01T15:00:00Z,2018-03-01T21:00:00Z,MCK,MarketOnClose,Filled,buy,3,137.50082664,412.50247992,1.0,
319,2018-03-01T15:00:00Z,2018-03-01T21:00:00Z,DAL,MarketOnClose,Filled,buy,6,48.856580245,293.13948147,1.0,
320,2018-03-01T15:00:00Z,2018-03-01T21:00:00Z,MPC,MarketOnClose,Filled,buy,5,50.183360139,250.916800695,1.0,
321,2018-04-02T14:00:00Z,2018-04-02T20:00:00Z,MPC,MarketOnClose,Filled,sell,-15,55.61298438,-834.1947657,1.0,
322,2018-04-02T14:00:00Z,2018-04-02T20:00:00Z,MU,MarketOnClose,Filled,sell,-8,48.815373238,-390.522985904,1.0,
323,2018-04-02T14:00:00Z,2018-04-02T20:00:00Z,PSX,MarketOnClose,Filled,sell,-5,69.266433285,-346.332166425,1.0,
324,2018-04-02T14:00:00Z,2018-04-02T20:00:00Z,INTC,MarketOnClose,Filled,sell,-7,41.34948324,-289.44638268,1.0,
325,2018-04-02T14:00:00Z,2018-04-02T20:00:00Z,EXC,MarketOnClose,Filled,sell,-15,20.0847272534315,-301.2709088014725,1.0,
326,2018-04-02T14:00:00Z,2018-04-02T20:00:00Z,CVS,MarketOnClose,Filled,buy,13,46.501938392,604.525199096,1.0,
327,2018-04-02T14:00:00Z,2018-04-02T20:00:00Z,TGT,MarketOnClose,Filled,buy,11,54.153252554,595.685778094,1.0,
328,2018-04-02T14:00:00Z,2018-04-02T20:00:00Z,MCK,MarketOnClose,Filled,buy,4,131.18595996,524.74383984,1.0,
329,2018-04-02T14:00:00Z,2018-04-02T20:00:00Z,GILD,MarketOnClose,Filled,buy,9,53.562769794,482.064928146,1.0,
330,2018-04-02T14:00:00Z,2018-04-02T20:00:00Z,JCI,MarketOnClose,Filled,buy,16,28.114689798,449.835036768,1.0,
331,2018-05-01T14:00:00Z,2018-05-01T20:00:00Z,VLO,MarketOnClose,Filled,sell,-16,80.002385728,-1280.038171648,1.0,
332,2018-05-01T14:00:00Z,2018-05-01T20:00:00Z,PSX,MarketOnClose,Filled,sell,-12,81.595055955,-979.14067146,1.0,
333,2018-05-01T14:00:00Z,2018-05-01T20:00:00Z,CVS,MarketOnClose,Filled,sell,-15,52.2005604,-783.008406,1.0,
334,2018-05-01T14:00:00Z,2018-05-01T20:00:00Z,MCK,MarketOnClose,Filled,sell,-5,144.69771036,-723.4885518,1.0,
335,2018-05-01T14:00:00Z,2018-05-01T20:00:00Z,CRH,MarketOnClose,Filled,sell,-15,29.032885376,-435.49328064,1.0,
336,2018-05-01T14:00:00Z,2018-05-01T20:00:00Z,F,MarketOnClose,Filled,sell,-45,7.541596688,-339.37185096,1.0,
337,2018-05-01T14:00:00Z,2018-05-01T20:00:00Z,NFLX,MarketOnClose,Filled,sell,-10,31.33,-313.3,1.0,
338,2018-05-01T14:00:00Z,2018-05-01T20:00:00Z,MU,MarketOnClose,Filled,buy,20,45.626674267,912.53348534,1.0,
339,2018-05-01T14:00:00Z,2018-05-01T20:00:00Z,LUV,MarketOnClose,Filled,buy,17,47.352484758,804.992240886,1.0,
340,2018-05-01T14:00:00Z,2018-05-01T20:00:00Z,T,MarketOnClose,Filled,buy,48,14.9316546894002,716.7194250912096,1.0,
341,2018-05-01T14:00:00Z,2018-05-01T20:00:00Z,PPG,MarketOnClose,Filled,buy,7,90.613491804,634.294442628,1.0,
342,2018-05-01T14:00:00Z,2018-05-01T20:00:00Z,ETN,MarketOnClose,Filled,buy,9,61.344083244,552.096749196,1.0,
343,2018-05-01T14:00:00Z,2018-05-01T20:00:00Z,DAL,MarketOnClose,Filled,buy,8,48.297957678,386.383661424,1.0,
344,2018-05-01T14:00:00Z,2018-05-01T20:00:00Z,GILD,MarketOnClose,Filled,buy,7,53.138017176,371.966120232,1.0,
345,2018-05-01T14:00:00Z,2018-05-01T20:00:00Z,JCI,MarketOnClose,Filled,buy,12,29.780193084,357.362317008,1.0,
346,2018-05-01T14:00:00Z,2018-05-01T20:00:00Z,HCA,MarketOnClose,Filled,buy,3,89.10952128,267.32856384,1.0,
347,2018-06-01T04:00:00Z,,PPG,MarketOnOpen,Canceled,sell,-76,0.0,0.0,0.0,no valuation
348,2018-06-01T14:00:00Z,2018-06-01T20:00:00Z,MCK,MarketOnClose,Filled,sell,-46,133.781001424,-6153.926065504,1.0,reached implied value
349,2018-06-01T14:00:00Z,2018-06-01T20:00:00Z,PPG,MarketOnClose,Filled,sell,-76,86.818538187,-6598.208902212,1.0,no valuation
350,2018-06-01T14:00:00Z,2018-06-01T20:00:00Z,MU,MarketOnClose,Filled,sell,-27,57.279565002,-1546.548255054,1.0,
351,2018-06-01T14:00:00Z,2018-06-01T20:00:00Z,NFLX,MarketOnClose,Filled,sell,-19,35.993,-683.867,1.0,
352,2018-06-01T14:00:00Z,2018-06-01T20:00:00Z,VLO,MarketOnClose,Filled,sell,-6,90.060731238,-540.364387428,1.0,
353,2018-06-01T14:00:00Z,2018-06-01T20:00:00Z,HCA,MarketOnClose,Filled,sell,-4,96.954528128,-387.818112512,1.0,
354,2018-06-01T14:00:00Z,2018-06-01T20:00:00Z,PEG,MarketOnClose,Filled,buy,177,39.457824375,6984.034914375,1.0,
355,2018-06-01T14:00:00Z,2018-06-01T20:00:00Z,NXPI,MarketOnClose,Filled,buy,70,99.9936408,6999.554856,1.0,
356,2018-06-01T14:00:00Z,2018-06-01T20:00:00Z,CVS,MarketOnClose,Filled,buy,17,49.183675071,836.122476207,1.0,
357,2018-06-01T14:00:00Z,2018-06-01T20:00:00Z,GILD,MarketOnClose,Filled,buy,13,50.01828243,650.23767159,1.0,
358,2018-06-01T14:00:00Z,2018-06-01T20:00:00Z,LUV,MarketOnClose,Filled,buy,10,45.581462472,455.81462472,1.0,
359,2018-06-01T14:00:00Z,2018-06-01T20:00:00Z,T,MarketOnClose,Filled,buy,19,14.8995337358582,283.0911409813058,1.0,
360,2018-06-01T14:00:00Z,2018-06-01T20:00:00Z,JCI,MarketOnClose,Filled,buy,10,27.948968078,279.48968078,1.0,
361,2018-07-02T14:00:00Z,2018-07-02T20:00:00Z,NFLX,MarketOnClose,Filled,sell,-200,39.818,-7963.6,1.0,reached implied value
362,2018-07-02T14:00:00Z,2018-07-02T20:00:00Z,TGT,MarketOnClose,Filled,sell,-10,59.994026801,-599.94026801,1.0,
363,2018-07-02T14:00:00Z,2018-07-02T20:00:00Z,GILD,MarketOnClose,Filled,sell,-10,52.621362288,-526.21362288,1.0,
364,2018-07-02T14:00:00Z,2018-07-02T20:00:00Z,EXC,MarketOnClose,Filled,sell,-22,22.7186242020263,-499.8097324445786,1.0,
365,2018-07-02T14:00:00Z,2018-07-02T20:00:00Z,PEG,MarketOnClose,Filled,sell,-9,40.846777872,-367.621000848,1.0,
366,2018-07-02T14:00:00Z,2018-07-02T20:00:00Z,XOM,MarketOnClose,Filled,buy,120,56.725325104,6807.03901248,1.0,
367,2018-07-02T14:00:00Z,2018-07-02T20:00:00Z,MU,MarketOnClose,Filled,buy,10,53.125480104,531.25480104,1.0,
368,2018-07-02T14:00:00Z,2018-07-02T20:00:00Z,VLO,MarketOnClose,Filled,buy,6,79.474338933,476.846033598,1.0,
369,2018-07-02T14:00:00Z,2018-07-02T20:00:00Z,INTC,MarketOnClose,Filled,buy,10,42.67629006,426.7629006,1.0,
370,2018-07-02T14:00:00Z,2018-07-02T20:00:00Z,MPC,MarketOnClose,Filled,buy,7,54.749401857,383.245812999,1.0,
371,2018-07-02T14:00:00Z,2018-07-02T20:00:00Z,DAL,MarketOnClose,Filled,buy,8,45.987192576,367.897540608,1.0,
372,2018-08-01T04:00:00Z,,PEG,MarketOnOpen,Canceled,sell,-168,0.0,0.0,0.0,no valuation
373,2018-08-01T14:00:00Z,2018-08-01T20:00:00Z,PEG,MarketOnClose,Filled,sell,-168,38.286278814,-6432.094840752,1.0,no valuation
374,2018-08-01T14:00:00Z,2018-08-01T20:00:00Z,HCA,MarketOnClose,Filled,sell,-11,115.784078932,-1273.624868252,1.0,
375,2018-08-01T14:00:00Z,2018-08-01T20:00:00Z,LUV,MarketOnClose,Filled,sell,-16,50.720700203,-811.531203248,1.0,
376,2018-08-01T14:00:00Z,2018-08-01T20:00:00Z,MPC,MarketOnClose,Filled,sell,-12,62.922466116,-755.069593392,1.0,
377,2018-08-01T14:00:00Z,2018-08-01T20:00:00Z,JCI,MarketOnClose,Filled,sell,-22,31.46023776,-692.12523072,1.0,
378,2018-08-01T14:00:00Z,2018-08-01T20:00:00Z,PSX,MarketOnClose,Filled,sell,-5,90.329281347,-451.646406735,1.0,
379,2018-08-01T14:00:00Z,2018-08-01T20:00:00Z,ETN,MarketOnClose,Filled,sell,-6,69.037748303,-414.226489818,1.0,
380,2018-08-01T14:00:00Z,2018-08-01T20:00:00Z,DAL,MarketOnClose,Filled,sell,-8,49.704682128,-397.637457024,1.0,
381,2018-08-01T14:00:00Z,2018-08-01T20:00:00Z,GILD,MarketOnClose,Filled,sell,-7,57.50847534,-402.55932738,1.0,
382,2018-08-01T14:00:00Z,2018-08-01T20:00:00Z,CVX,MarketOnClose,Filled,buy,81,87.985799369,7126.849748889,1.0,
383,2018-08-01T14:00:00Z,2018-08-01T20:00:00Z,NXPI,MarketOnClose,Filled,buy,16,83.67888888,1338.86222208,1.0,
384,2018-08-01T14:00:00Z,2018-08-01T20:00:00Z,F,MarketOnClose,Filled,buy,153,6.717134705,1027.721609865,1.0,
385,2018-08-01T14:00:00Z,2018-08-01T20:00:00Z,CRH,MarketOnClose,Filled,buy,21,27.338134912,574.100833152,1.0,
386,2018-08-01T14:00:00Z,2018-08-01T20:00:00Z,INTC,MarketOnClose,Filled,buy,13,41.494615893,539.430006609,1.0,
387,2018-08-01T14:00:00Z,2018-08-01T20:00:00Z,XOM,MarketOnClose,Filled,buy,7,55.774815131,390.423705917,1.0,
388,2018-08-01T14:00:00Z,2018-08-01T20:00:00Z,EXC,MarketOnClose,Filled,buy,14,22.2474152637881,311.4638136930334,1.0,
389,2018-09-01T04:00:00Z,,CRH,MarketOnOpen,Canceled,sell,-256,0.0,0.0,0.0,no valuation
390,2018-09-04T14:00:00Z,2018-09-04T20:00:00Z,CRH,MarketOnClose,Filled,sell,-256,27.165369088,-6954.334486528,1.28,no valuation
391,2018-09-04T14:00:00Z,2018-09-04T20:00:00Z,HCA,MarketOnClose,Filled,sell,-62,124.898562906,-7743.710900172,1.0,reached implied value
392,2018-09-04T14:00:00Z,2018-09-04T20:00:00Z,CVS,MarketOnClose,Filled,sell,-18,57.23789,-1030.28202,1.0,
393,2018-09-04T14:00:00Z,2018-09-04T20:00:00Z,TGT,MarketOnClose,Filled,sell,-9,70.983514305,-638.851628745,1.0,
394,2018-09-04T14:00:00Z,2018-09-04T20:00:00Z,DAL,MarketOnClose,Filled,sell,-8,54.611152896,-436.889223168,1.0,
395,2018-09-04T14:00:00Z,2018-09-04T20:00:00Z,AMAT,MarketOnClose,Filled,buy,185,39.186076766,7249.42420171,1.0,
396,2018-09-04T14:00:00Z,2018-09-04T20:00:00Z,LVS,MarketOnClose,Filled,buy,131,54.95551575,7199.17256325,1.0,
397,2018-09-04T14:00:00Z,2018-09-04T20:00:00Z,F,MarketOnClose,Filled,buy,80,6.42508537,514.0068296,1.0,
398,2018-09-04T14:00:00Z,2018-09-04T20:00:00Z,CVX,MarketOnClose,Filled,buy,6,84.210432202,505.262593212,1.0,
399,2018-09-04T14:00:00Z,2018-09-04T20:00:00Z,MU,MarketOnClose,Filled,buy,8,50.638879989,405.111039912,1.0,
400,2018-09-04T14:00:00Z,2018-09-04T20:00:00Z,PSX,MarketOnClose,Filled,buy,4,87.964864936,351.859459744,1.0,
401,2018-09-04T14:00:00Z,2018-09-04T20:00:00Z,GILD,MarketOnClose,Filled,buy,6,54.843448434,329.060690604,1.0,
402,2018-09-04T14:00:00Z,2018-09-04T20:00:00Z,NXPI,MarketOnClose,Filled,buy,3,83.029807352,249.089422056,1.0,
403,2018-10-01T14:00:00Z,2018-10-01T20:00:00Z,LUV,MarketOnClose,Filled,sell,-10,55.50352453,-555.0352453,1.0,
404,2018-10-01T14:00:00Z,2018-10-01T20:00:00Z,CVS,MarketOnClose,Filled,sell,-8,61.4920575,-491.93646,1.0,
405,2018-10-01T14:00:00Z,2018-10-01T20:00:00Z,ETN,MarketOnClose,Filled,sell,-5,73.887545655,-369.437728275,1.0,
406,2018-10-01T14:00:00Z,2018-10-01T20:00:00Z,XOM,MarketOnClose,Filled,sell,-6,60.149300371,-360.895802226,1.0,
407,2018-10-01T14:00:00Z,2018-10-01T20:00:00Z,CVX,MarketOnClose,Filled,sell,-4,88.120935994,-352.483743976,1.0,
408,2018-10-01T14:00:00Z,2018-10-01T20:00:00Z,GILD,MarketOnClose,Filled,sell,-6,57.9997063,-347.9982378,1.0,
409,2018-10-01T14:00:00Z,2018-10-01T20:00:00Z,MU,MarketOnClose,Filled,buy,20,44.027449095,880.5489819,1.0,
410,2018-10-01T14:00:00Z,2018-10-01T20:00:00Z,AMAT,MarketOnClose,Filled,buy,18,35.250919362,634.516548516,1.0,
411,2018-10-01T14:00:00Z,2018-10-01T20:00:00Z,NXPI,MarketOnClose,Filled,buy,7,74.78243949,523.47707643,1.0,
412,2018-10-01T14:00:00Z,2018-10-01T20:00:00Z,LVS,MarketOnClose,Filled,buy,10,51.539710675,515.39710675,1.0,
413,2018-10-01T14:00:00Z,2018-10-01T20:00:00Z,JCI,MarketOnClose,Filled,buy,14,29.578700206,414.101802884,1.0,
414,2018-10-01T14:00:00Z,2018-10-01T20:00:00Z,PSX,MarketOnClose,Filled,buy,3,84.652132968,253.956398904,1.0,
415,2018-11-01T04:00:00Z,,NXPI,MarketOnOpen,Canceled,sell,-96,0.0,0.0,0.0,no valuation
416,2018-11-01T14:00:00Z,2018-11-01T20:00:00Z,NXPI,MarketOnClose,Filled,sell,-96,73.95572547,-7099.74964512,1.0,no valuation
417,2018-11-01T14:00:00Z,2018-11-01T20:00:00Z,F,MarketOnClose,Filled,sell,-152,6.422834732,-976.270879264,1.0,
418,2018-11-01T14:00:00Z,2018-11-01T20:00:00Z,EXC,MarketOnClose,Filled,sell,-42,23.3013681619347,-978.6574628012575,1.0,
419,2018-11-01T14:00:00Z,2018-11-01T20:00:00Z,INTC,MarketOnClose,Filled,sell,-14,41.242344188,-577.392818632,1.0,
420,2018-11-01T14:00:00Z,2018-11-01T20:00:00Z,TGT,MarketOnClose,Filled,sell,-8,67.184958621,-537.479668968,1.0,
421,2018-11-01T14:00:00Z,2018-11-01T20:00:00Z,T,MarketOnClose,Filled,sell,-25,14.4150646125177,-360.3766153129425,1.0,
422,2018-11-01T14:00:00Z,2018-11-01T20:00:00Z,DAL,MarketOnClose,Filled,sell,-7,51.977055168,-363.839386176,1.0,
423,2018-11-01T14:00:00Z,2018-11-01T20:00:00Z,SCCO,MarketOnClose,Filled,buy,254,26.5967260471349,6755.568415972265,1.27,
424,2018-11-01T14:00:00Z,2018-11-01T20:00:00Z,LUV,MarketOnClose,Filled,buy,19,45.833137355,870.829609745,1.0,
425,2018-11-01T14:00:00Z,2018-11-01T20:00:00Z,VLO,MarketOnClose,Filled,buy,12,67.779033421,813.348401052,1.0,
426,2018-11-01T14:00:00Z,2018-11-01T20:00:00Z,ETN,MarketOnClose,Filled,buy,9,62.891411375,566.022702375,1.0,
427,2018-11-01T14:00:00Z,2018-11-01T20:00:00Z,MU,MarketOnClose,Filled,buy,14,39.122508476,547.715118664,1.0,
428,2018-11-01T14:00:00Z,2018-11-01T20:00:00Z,AMAT,MarketOnClose,Filled,buy,13,32.501825755,422.523734815,1.0,
429,2018-11-01T14:00:00Z,2018-11-01T20:00:00Z,LVS,MarketOnClose,Filled,buy,7,49.219345458,344.535418206,1.0,
430,2018-12-01T05:00:00Z,,SCCO,MarketOnOpen,Canceled,sell,-254,0.0,0.0,0.0,no valuation
431,2018-12-03T15:00:00Z,2018-12-03T21:00:00Z,CVS,MarketOnClose,Filled,sell,-118,61.932712688,-7308.060097184,1.0,reached implied value
432,2018-12-03T15:00:00Z,2018-12-03T21:00:00Z,SCCO,MarketOnClose,Filled,sell,-254,22.7672452118668,-5782.880283814167,1.27,no valuation
433,2018-12-03T15:00:00Z,2018-12-03T21:00:00Z,AMAT,MarketOnClose,Filled,sell,-22,35.44912566,-779.88076452,1.0,
434,2018-12-03T15:00:00Z,2018-12-03T21:00:00Z,DAL,MarketOnClose,Filled,sell,-10,56.111637276,-561.11637276,1.0,
435,2018-12-03T15:00:00Z,2018-12-03T21:00:00Z,LUV,MarketOnClose,Filled,sell,-11,48.909669833,-538.006368163,1.0,
436,2018-12-03T15:00:00Z,2018-12-03T21:00:00Z,JCI,MarketOnClose,Filled,sell,-16,29.460990768,-471.375852288,1.0,
437,2018-12-03T15:00:00Z,2018-12-03T21:00:00Z,CVX,MarketOnClose,Filled,sell,-5,86.321055227,-431.605276135,1.0,
438,2018-12-03T15:00:00Z,2018-12-03T21:00:00Z,LVS,MarketOnClose,Filled,sell,-7,50.323459762,-352.264218334,1.0,
439,2018-12-03T15:00:00Z,2018-12-03T21:00:00Z,ETN,MarketOnClose,Filled,sell,-5,66.524189849,-332.620949245,1.0,
440,2018-12-03T15:00:00Z,2018-12-03T21:00:00Z,PEG,MarketOnClose,Filled,buy,157,42.541736064,6679.052562048,1.0,
441,2018-12-03T15:00:00Z,2018-12-03T21:00:00Z,AAPL,MarketOnClose,Filled,buy,158,43.7586624135,6913.868661333,1.0,
442,2018-12-03T15:00:00Z,2018-12-03T21:00:00Z,TGT,MarketOnClose,Filled,buy,20,58.2072959,1164.145918,1.0,
443,2018-12-03T15:00:00Z,2018-12-03T21:00:00Z,VLO,MarketOnClose,Filled,buy,16,60.13893519,962.22296304,1.0,
444,2018-12-03T15:00:00Z,2018-12-03T21:00:00Z,MPC,MarketOnClose,Filled,buy,16,51.0396943,816.6351088,1.0,
445,2018-12-03T15:00:00Z,2018-12-03T21:00:00Z,PSX,MarketOnClose,Filled,buy,10,68.66672432,686.6672432,1.0,
446,2018-12-03T15:00:00Z,2018-12-03T21:00:00Z,F,MarketOnClose,Filled,buy,42,6.63715968,278.76070656,1.0,
447,2019-01-02T15:00:00Z,2019-01-02T21:00:00Z,EXC,MarketOnClose,Filled,sell,-279,23.6982319891981,-6611.80672498627,1.395,reached implied value
448,2019-01-02T15:00:00Z,2019-01-02T21:00:00Z,PEG,MarketOnClose,Filled,sell,-157,39.151883745,-6146.845747965,1.0,reached implied value
449,2019-01-02T15:00:00Z,2019-01-02T21:00:00Z,INTC,MarketOnClose,Filled,sell,-14,40.52072024,-567.29008336,1.0,
450,2019-01-02T15:00:00Z,2019-01-02T21:00:00Z,LVS,MarketOnClose,Filled,sell,-10,47.365617168,-473.65617168,1.0,
451,2019-01-02T15:00:00Z,2019-01-02T21:00:00Z,VLO,MarketOnClose,Filled,sell,-5,55.892963628,-279.46481814,1.0,
452,2019-01-02T15:00:00Z,2019-01-02T21:00:00Z,EBAY,MarketOnClose,Filled,buy,242,25.441779285,6156.91058697,1.21,
453,2019-01-02T15:00:00Z,2019-01-02T21:00:00Z,HCA,MarketOnClose,Filled,buy,51,113.740009728,5800.740496128,1.0,
454,2019-01-02T15:00:00Z,2019-01-02T21:00:00Z,F,MarketOnClose,Filled,buy,102,5.468743028,557.811788856,1.0,
455,2019-01-02T15:00:00Z,2019-01-02T21:00:00Z,MU,MarketOnClose,Filled,buy,16,31.935746575,510.9719452,1.0,
456,2019-01-02T15:00:00Z,2019-01-02T21:00:00Z,DAL,MarketOnClose,Filled,buy,10,46.750364457,467.50364457,1.0,
457,2019-01-02T15:00:00Z,2019-01-02T21:00:00Z,LUV,MarketOnClose,Filled,buy,7,42.53093364,297.71653548,1.0,
458,2019-01-02T15:00:00Z,2019-01-02T21:00:00Z,JCI,MarketOnClose,Filled,buy,9,25.8529834,232.6768506,1.0,
459,2019-02-01T15:00:00Z,2019-02-01T21:00:00Z,LUV,MarketOnClose,Filled,sell,-13,51.54417138,-670.07422794,1.0,
460,2019-02-01T15:00:00Z,2019-02-01T21:00:00Z,MU,MarketOnClose,Filled,sell,-14,38.61543708,-540.61611912,1.0,
461,2019-02-01T15:00:00Z,2019-02-01T21:00:00Z,EBAY,MarketOnClose,Filled,sell,-17,30.256757271,-514.364873607,1.0,
462,2019-02-01T15:00:00Z,2019-02-01T21:00:00Z,VLO,MarketOnClose,Filled,sell,-6,63.068211738,-378.409270428,1.0,
463,2019-02-01T15:00:00Z,2019-02-01T21:00:00Z,AMAT,MarketOnClose,Filled,sell,-10,36.34598669,-363.4598669,1.0,
464,2019-02-01T15:00:00Z,2019-02-01T21:00:00Z,F,MarketOnClose,Filled,sell,-55,6.133784032,-337.35812176,1.0,
465,2019-02-01T15:00:00Z,2019-02-01T21:00:00Z,DAL,MarketOnClose,Filled,buy,16,46.591698816,745.467181056,1.0,
466,2019-02-01T15:00:00Z,2019-02-01T21:00:00Z,INTC,MarketOnClose,Filled,buy,16,41.94083894,671.05342304,1.0,
467,2019-02-01T15:00:00Z,2019-02-01T21:00:00Z,AAPL,MarketOnClose,Filled,buy,11,39.425887161,433.684758771,1.0,
468,2019-02-01T15:00:00Z,2019-02-01T21:00:00Z,XOM,MarketOnClose,Filled,buy,7,53.756287208,376.294010456,1.0,
469,2019-02-01T15:00:00Z,2019-02-01T21:00:00Z,CVX,MarketOnClose,Filled,buy,3,84.675754597,254.027263791,1.0,
470,2019-03-01T15:00:00Z,2019-03-01T21:00:00Z,ETN,MarketOnClose,Filled,sell,-102,68.417327927,-6978.567448554,1.0,reached implied value
471,2019-03-01T15:00:00Z,2019-03-01T21:00:00Z,F,MarketOnClose,Filled,sell,-1078,6.19005728,-6672.88174784,5.39,no valuation
472,2019-03-01T15:00:00Z,2019-03-01T21:00:00Z,GILD,MarketOnClose,Filled,sell,-125,49.523566834,-6190.44585425,1.0,reached implied value
473,2019-03-01T15:00:00Z,2019-03-01T21:00:00Z,INTC,MarketOnClose,Filled,sell,-15,46.16491555,-692.47373325,1.0,
474,2019-03-01T15:00:00Z,2019-03-01T21:00:00Z,EBAY,MarketOnClose,Filled,sell,-17,33.060789495,-562.033421415,1.0,
475,2019-03-01T15:00:00Z,2019-03-01T21:00:00Z,XOM,MarketOnClose,Filled,sell,-8,57.274072,-458.192576,1.0,
476,2019-03-01T15:00:00Z,2019-03-01T21:00:00Z,MU,MarketOnClose,Filled,sell,-8,40.546208934,-324.369671472,1.0,
477,2019-03-01T15:00:00Z,2019-03-01T21:00:00Z,ET,MarketOnClose,Filled,buy,809,8.555952832,6921.765841088,4.045,
478,2019-03-01T15:00:00Z,2019-03-01T21:00:00Z,COP,MarketOnClose,Filled,buy,132,52.489733169,6928.644778308,1.0,
479,2019-03-01T15:00:00Z,2019-03-01T21:00:00Z,OXY,MarketOnClose,Filled,buy,122,56.918731065,6944.08518993,1.0,
480,2019-03-01T15:00:00Z,2019-03-01T21:00:00Z,VLO,MarketOnClose,Filled,buy,10,61.984536903,619.84536903,1.0,
481,2019-03-01T15:00:00Z,2019-03-01T21:00:00Z,MPC,MarketOnClose,Filled,buy,8,49.882567988,399.060543904,1.0,
482,2019-03-01T15:00:00Z,2019-03-01T21:00:00Z,AMAT,MarketOnClose,Filled,buy,8,35.834903104,286.679224832,1.0,
483,2019-04-01T14:00:00Z,2019-04-01T20:00:00Z,AAPL,MarketOnClose,Filled,sell,-16,45.472875084,-727.566001344,1.0,
484,2019-04-01T14:00:00Z,2019-04-01T20:00:00Z,TGT,MarketOnClose,Filled,sell,-11,64.917046975,-714.087516725,1.0,
485,2019-04-01T14:00:00Z,2019-04-01T20:00:00Z,JCI,MarketOnClose,Filled,sell,-18,31.52242522,-567.40365396,1.0,
486,2019-04-01T14:00:00Z,2019-04-01T20:00:00Z,LUV,MarketOnClose,Filled,buy,17,47.426631837,806.252741229,1.0,
487,2019-04-01T14:00:00Z,2019-04-01T20:00:00Z,HCA,MarketOnClose,Filled,buy,5,123.643140152,618.21570076,1.0,
488,2019-04-01T14:00:00Z,2019-04-01T20:00:00Z,MPC,MarketOnClose,Filled,buy,7,48.585366555,340.097565885,1.0,
489,2019-04-02T04:00:00Z,2019-04-02T20:00:00Z,LUV,MarketOnOpen,Filled,sell,-147,48.132466083,-7075.472514201,1.0,left universe
490,2019-05-01T14:00:00Z,2019-05-01T20:00:00Z,DAL,MarketOnClose,Filled,sell,-16,54.065268168,-865.044290688,1.0,
491,2019-05-01T14:00:00Z,2019-05-01T20:00:00Z,AMAT,MarketOnClose,Filled,sell,-21,40.314265992,-846.599585832,1.0,
492,2019-05-01T14:00:00Z,2019-05-01T20:00:00Z,LVS,MarketOnClose,Filled,sell,-13,60.126284119,-781.641693547,1.0,
493,2019-05-01T14:00:00Z,2019-05-01T20:00:00Z,VLO,MarketOnClose,Filled,sell,-9,67.129350679,-604.164156111,1.0,
494,2019-05-01T14:00:00Z,2019-05-01T20:00:00Z,DELL,MarketOnClose,Filled,buy,226,31.5757075351736,7136.109902949233,1.13,
495,2019-05-01T14:00:00Z,2019-05-01T20:00:00Z,OXY,MarketOnClose,Filled,buy,18,49.01515032,882.27270576,1.0,
496,2019-05-01T14:00:00Z,2019-05-01T20:00:00Z,COP,MarketOnClose,Filled,buy,14,47.722785111,668.118991554,1.0,
497,2019-05-01T14:00:00Z,2019-05-01T20:00:00Z,INTC,MarketOnClose,Filled,buy,10,43.96493646,439.6493646,1.0,
498,2019-05-01T14:00:00Z,2019-05-01T20:00:00Z,HCA,MarketOnClose,Filled,buy,3,116.251532516,348.754597548,1.0,
499,2019-05-01T14:00:00Z,2019-05-01T20:00:00Z,TGT,MarketOnClose,Filled,buy,5,61.426446725,307.132233625,1.0,
500,2019-06-03T14:00:00Z,2019-06-03T20:00:00Z,TGT,MarketOnClose,Filled,sell,-16,67.94275236,-1087.08403776,1.0,
501,2019-06-03T14:00:00Z,2019-06-03T20:00:00Z,JCI,MarketOnClose,Filled,sell,-29,33.2983365,-965.6517585,1.0,
502,2019-06-03T14:00:00Z,2019-06-03T20:00:00Z,CVX,MarketOnClose,Filled,sell,-6,84.631859921,-507.791159526,1.0,
503,2019-06-03T14:00:00Z,2019-06-03T20:00:00Z,HCA,MarketOnClose,Filled,sell,-4,115.635860091,-462.543440364,1.0,
504,2019-06-03T14:00:00Z,2019-06-03T20:00:00Z,T,MarketOnClose,Filled,sell,-29,15.1863799552257,-440.4050187015453,1.0,
505,2019-06-03T14:00:00Z,2019-06-03T20:00:00Z,EBAY,MarketOnClose,Filled,sell,-11,31.652209836,-348.174308196,1.0,
506,2019-06-03T14:00:00Z,2019-06-03T20:00:00Z,COP,MarketOnClose,Filled,sell,-7,45.45799434,-318.20596038,1.0,
507,2019-06-03T14:00:00Z,2019-06-03T20:00:00Z,MPC,MarketOnClose,Filled,buy,25,37.898901402,947.47253505,1.0,
508,2019-06-03T14:00:00Z,2019-06-03T20:00:00Z,MU,MarketOnClose,Filled,buy,26,31.877238337,828.808196762,1.0,
509,2019-06-03T14:00:00Z,2019-06-03T20:00:00Z,VLO,MarketOnClose,Filled,buy,15,54.4429512,816.644268,1.0,
510,2019-06-03T14:00:00Z,2019-06-03T20:00:00Z,LVS,MarketOnClose,Filled,buy,11,46.899741878,515.897160658,1.0,
511,2019-06-03T14:00:00Z,2019-06-03T20:00:00Z,PSX,MarketOnClose,Filled,buy,6,62.4457782,374.6746692,1.0,
512,2019-06-03T14:00:00Z,2019-06-03T20:00:00Z,OXY,MarketOnClose,Filled,buy,8,42.05684088,336.45472704,1.0,
513,2019-07-01T14:00:00Z,2019-07-01T20:00:00Z,VLO,MarketOnClose,Filled,sell,-12,63.698252904,-764.379034848,1.0,
514,2019-07-01T14:00:00Z,2019-07-01T20:00:00Z,MPC,MarketOnClose,Filled,sell,-17,44.323943248,-753.507035216,1.0,
515,2019-07-01T14:00:00Z,2019-07-01T20:00:00Z,MU,MarketOnClose,Filled,sell,-14,39.112757103,-547.578599442,1.0,
516,2019-07-01T14:00:00Z,2019-07-01T20:00:00Z,AAPL,MarketOnClose,Filled,sell,-8,48.10893190125,-384.87145521,1.0,
517,2019-07-01T14:00:00Z,2019-07-01T20:00:00Z,PSX,MarketOnClose,Filled,sell,-5,71.44040124,-357.2020062,1.0,
518,2019-07-01T14:00:00Z,2019-07-01T20:00:00Z,AMAT,MarketOnClose,Filled,sell,-7,42.66884292,-298.68190044,1.0,
519,2019-07-01T14:00:00Z,2019-07-01T20:00:00Z,DELL,MarketOnClose,Filled,buy,68,23.7393333408217,1614.2746671758755,1.0,
520,2019-07-01T14:00:00Z,2019-07-01T20:00:00Z,OXY,MarketOnClose,Filled,buy,10,43.135176436,431.35176436,1.0,
521,2019-07-01T14:00:00Z,2019-07-01T20:00:00Z,ET,MarketOnClose,Filled,buy,48,8.05333344,386.56000512,1.0,
522,2019-07-01T14:00:00Z,2019-07-01T20:00:00Z,COP,MarketOnClose,Filled,buy,8,47.631406864,381.051254912,1.0,
523,2019-08-01T14:00:00Z,2019-08-01T20:00:00Z,MU,MarketOnClose,Filled,sell,-20,42.51598628,-850.3197256,1.0,
524,2019-08-01T14:00:00Z,2019-08-01T20:00:00Z,DELL,MarketOnClose,Filled,sell,-25,26.5801340916531,-664.5033522913275,1.0,
525,2019-08-01T14:00:00Z,2019-08-01T20:00:00Z,AMAT,MarketOnClose,Filled,sell,-9,45.274930305,-407.474372745,1.0,
526,2019-08-01T14:00:00Z,2019-08-01T20:00:00Z,PSX,MarketOnClose,Filled,sell,-5,77.50265562,-387.5132781,1.0,
527,2019-08-01T14:00:00Z,2019-08-01T20:00:00Z,XOM,MarketOnClose,Filled,buy,13,52.470619212,682.118049756,1.0,
528,2019-08-01T14:00:00Z,2019-08-01T20:00:00Z,COP,MarketOnClose,Filled,buy,10,45.22751352,452.2751352,1.0,
529,2019-08-01T14:00:00Z,2019-08-01T20:00:00Z,TGT,MarketOnClose,Filled,buy,6,67.672455696,406.034734176,1.0,
530,2019-08-01T14:00:00Z,2019-08-01T20:00:00Z,CVX,MarketOnClose,Filled,buy,4,88.097687446,352.390749784,1.0,
531,2019-08-01T14:00:00Z,2019-08-01T20:00:00Z,VLO,MarketOnClose,Filled,buy,5,63.773868114,318.86934057,1.0,
532,2019-09-03T14:00:00Z,2019-09-03T20:00:00Z,TGT,MarketOnClose,Filled,sell,-101,88.075510146,-8895.626524746,1.0,reached implied value
533,2019-09-03T14:00:00Z,2019-09-03T20:00:00Z,T,MarketOnClose,Filled,sell,-28,17.5431220175792,-491.2074164922176,1.0,
534,2019-09-03T14:00:00Z,2019-09-03T20:00:00Z,AAPL,MarketOnClose,Filled,sell,-8,49.28606969,-394.28855752,1.0,
535,2019-09-03T14:00:00Z,2019-09-03T20:00:00Z,MU,MarketOnClose,Filled,sell,-8,43.871427127,-350.971417016,1.0,
536,2019-09-03T14:00:00Z,2019-09-03T20:00:00Z,DOW,MarketOnClose,Filled,buy,235,28.58234258,6716.8505063,1.175,
537,2019-09-03T14:00:00Z,2019-09-03T20:00:00Z,OXY,MarketOnClose,Filled,buy,24,36.982911416,887.589873984,1.0,
538,2019-09-03T14:00:00Z,2019-09-03T20:00:00Z,MPC,MarketOnClose,Filled,buy,18,40.364746144,726.565430592,1.0,
539,2019-09-03T14:00:00Z,2019-09-03T20:00:00Z,HCA,MarketOnClose,Filled,buy,5,113.125111056,565.62555528,1.0,
540,2019-09-03T14:00:00Z,2019-09-03T20:00:00Z,COP,MarketOnClose,Filled,buy,14,40.020196062,560.282744868,1.0,
541,2019-09-03T14:00:00Z,2019-09-03T20:00:00Z,DELL,MarketOnClose,Filled,buy,21,23.5137267982111,493.7882627624331,1.0,
542,2019-09-03T14:00:00Z,2019-09-03T20:00:00Z,VLO,MarketOnClose,Filled,buy,8,57.011464434,456.091715472,1.0,
543,2019-09-03T14:00:00Z,2019-09-03T20:00:00Z,LVS,MarketOnClose,Filled,buy,9,48.744645016,438.701805144,1.0,
544,2019-10-01T14:00:00Z,2019-10-01T20:00:00Z,AAPL,MarketOnClose,Filled,sell,-137,53.812145803,-7372.263975011,1.0,reached implied value
545,2019-10-01T14:00:00Z,2019-10-01T20:00:00Z,MPC,MarketOnClose,Filled,sell,-26,49.097972848,-1276.547294048,1.0,
546,2019-10-01T14:00:00Z,2019-10-01T20:00:00Z,VLO,MarketOnClose,Filled,sell,-9,65.153774964,-586.383974676,1.0,
547,2019-10-01T14:00:00Z,2019-10-01T20:00:00Z,DOW,MarketOnClose,Filled,sell,-15,31.433738957,-471.506084355,1.0,
548,2019-10-01T14:00:00Z,2019-10-01T20:00:00Z,COP,MarketOnClose,Filled,sell,-7,42.42002331,-296.94016317,1.0,
549,2019-10-01T14:00:00Z,2019-10-01T20:00:00Z,DD,MarketOnClose,Filled,buy,222,30.8445489448335,6847.489865753037,1.11,
550,2019-10-01T14:00:00Z,2019-10-01T20:00:00Z,ET,MarketOnClose,Filled,buy,106,7.419347616,786.450847296,1.0,
551,2019-10-01T14:00:00Z,2019-10-01T20:00:00Z,MU,MarketOnClose,Filled,buy,17,41.24830779,701.22123243,1.0,
552,2019-10-01T14:00:00Z,2019-10-01T20:00:00Z,EBAY,MarketOnClose,Filled,buy,10,34.365651666,343.65651666,1.0,
553,2019-10-01T14:00:00Z,2019-10-01T20:00:00Z,HCA,MarketOnClose,Filled,buy,3,110.371482144,331.114446432,1.0,
554,2019-10-01T14:00:00Z,2019-10-01T20:00:00Z,XOM,MarketOnClose,Filled,buy,6,50.5497272,303.2983632,1.0,
555,2019-10-01T14:00:00Z,2019-10-01T20:00:00Z,CVX,MarketOnClose,Filled,buy,3,85.516609086,256.549827258,1.0,
556,2019-11-01T04:00:00Z,,EBAY,MarketOnOpen,Canceled,sell,-207,0.0,0.0,0.0,no valuation
557,2019-11-01T14:00:00Z,2019-11-01T20:00:00Z,EBAY,MarketOnClose,Filled,sell,-207,31.431998475,-6506.423684325,1.035,no valuation
558,2019-11-01T14:00:00Z,2019-11-01T20:00:00Z,AMAT,MarketOnClose,Filled,sell,-155,52.038012626,-8065.89195703,1.0,reached implied value
559,2019-11-01T14:00:00Z,2019-11-01T20:00:00Z,PSX,MarketOnClose,Filled,sell,-10,90.77285184,-907.7285184,1.0,
560,2019-11-01T14:00:00Z,2019-11-01T20:00:00Z,VLO,MarketOnClose,Filled,sell,-11,76.346584932,-839.812434252,1.0,
561,2019-11-01T14:00:00Z,2019-11-01T20:00:00Z,HCA,MarketOnClose,Filled,sell,-5,126.03510414,-630.1755207,1.0,
562,2019-11-01T14:00:00Z,2019-11-01T20:00:00Z,MU,MarketOnClose,Filled,sell,-13,47.177142574,-613.302853462,1.0,
563,2019-11-01T14:00:00Z,2019-11-01T20:00:00Z,INTC,MarketOnClose,Filled,sell,-10,49.577443616,-495.77443616,1.0,
564,2019-11-01T14:00:00Z,2019-11-01T20:00:00Z,LVS,MarketOnClose,Filled,sell,-7,57.3608724,-401.5261068,1.0,
565,2019-11-01T14:00:00Z,2019-11-01T20:00:00Z,SLB,MarketOnClose,Filled,buy,268,29.01227322,7775.28922296,1.34,
566,2019-11-01T14:00:00Z,2019-11-01T20:00:00Z,EOG,MarketOnClose,Filled,buy,143,52.920466395,7567.626694485,1.0,
567,2019-11-01T14:00:00Z,2019-11-01T20:00:00Z,OXY,MarketOnClose,Filled,buy,24,37.293047432,895.033138368,1.0,
568,2019-11-01T14:00:00Z,2019-11-01T20:00:00Z,DD,MarketOnClose,Filled,buy,25,31.6116907802532,790.29226950633,1.0,
569,2019-11-01T14:00:00Z,2019-11-01T20:00:00Z,DAL,MarketOnClose,Filled,buy,11,53.704514136,590.749655496,1.0,
570,2019-11-01T14:00:00Z,2019-11-01T20:00:00Z,XOM,MarketOnClose,Filled,buy,10,51.0262656,510.262656,1.0,
571,2019-11-01T14:00:00Z,2019-11-01T20:00:00Z,ET,MarketOnClose,Filled,buy,64,7.373654944,471.913916416,1.0,
572,2019-11-01T14:00:00Z,2019-11-01T20:00:00Z,CVX,MarketOnClose,Filled,buy,4,85.649295834,342.597183336,1.0,
573,2019-11-01T14:00:00Z,2019-11-01T20:00:00Z,COP,MarketOnClose,Filled,buy,8,44.29084995,354.3267996,1.0,
574,2019-11-01T14:00:00Z,2019-11-01T20:00:00Z,DELL,MarketOnClose,Filled,buy,13,24.5128414869152,318.6669393298976,1.0,
575,2019-12-02T15:00:00Z,2019-12-02T21:00:00Z,JCI,MarketOnClose,Filled,sell,-191,36.542660166,-6979.648091706,1.0,reached implied value
576,2019-12-02T15:00:00Z,2019-12-02T21:00:00Z,SLB,MarketOnClose,Filled,sell,-25,30.62968218,-765.7420545,1.0,
577,2019-12-02T15:00:00Z,2019-12-02T21:00:00Z,DOW,MarketOnClose,Filled,sell,-20,36.815601828,-736.31203656,1.0,
578,2019-12-02T15:00:00Z,2019-12-02T21:00:00Z,COP,MarketOnClose,Filled,sell,-13,46.78632741,-608.22225633,1.0,
579,2019-12-02T15:00:00Z,2019-12-02T21:00:00Z,NXPI,MarketOnClose,Filled,buy,72,102.139762468,7354.062897696,1.0,
580,2019-12-02T15:00:00Z,2019-12-02T21:00:00Z,DELL,MarketOnClose,Filled,buy,28,21.9713147211794,615.1968121930232,1.0,
581,2019-12-02T15:00:00Z,2019-12-02T21:00:00Z,ET,MarketOnClose,Filled,buy,73,6.642572192,484.907770016,1.0,
582,2019-12-02T15:00:00Z,2019-12-02T21:00:00Z,OXY,MarketOnClose,Filled,buy,12,34.109602144,409.315225728,1.0,
583,2019-12-03T05:00:00Z,2019-12-03T21:00:00Z,ET,MarketOnOpen,Filled,sell,-1100,6.5683216,-7225.15376,5.5,left universe
584,2020-01-02T15:00:00Z,2020-01-02T21:00:00Z,EOG,MarketOnClose,Filled,sell,-18,62.582263422,-1126.480741596,1.0,
585,2020-01-02T15:00:00Z,2020-01-02T21:00:00Z,MU,MarketOnClose,Filled,sell,-11,54.012855047,-594.141405517,1.0,
586,2020-01-02T15:00:00Z,2020-01-02T21:00:00Z,LVS,MarketOnClose,Filled,sell,-9,65.1380532,-586.2424788,1.0,
587,2020-01-02T15:00:00Z,2020-01-02T21:00:00Z,SLB,MarketOnClose,Filled,sell,-16,34.311052854,-548.976845664,1.0,
588,2020-01-02T15:00:00Z,2020-01-02T21:00:00Z,NXPI,MarketOnClose,Filled,sell,-4,114.75144993,-459.00579972,1.0,
589,2020-01-02T15:00:00Z,2020-01-02T21:00:00Z,EXC,MarketOnClose,Filled,buy,308,25.2000126296079,7761.603889919234,1.54,
590,2020-01-02T15:00:00Z,2020-01-02T21:00:00Z,PSX,MarketOnClose,Filled,buy,8,86.67263748,693.38109984,1.0,
591,2020-01-02T15:00:00Z,2020-01-02T21:00:00Z,VLO,MarketOnClose,Filled,buy,9,73.383862293,660.454760637,1.0,
592,2020-01-02T15:00:00Z,2020-01-02T21:00:00Z,MPC,MarketOnClose,Filled,buy,13,50.758919384,659.865951992,1.0,
593,2020-01-02T15:00:00Z,2020-01-02T21:00:00Z,DD,MarketOnClose,Filled,buy,19,28.9580615184195,550.2031688499706,1.0,
594,2020-02-03T15:00:00Z,2020-02-03T21:00:00Z,SLB,MarketOnClose,Filled,sell,-227,28.579731852,-6487.599130404,1.135,no valuation
595,2020-02-03T15:00:00Z,2020-02-03T21:00:00Z,INTC,MarketOnClose,Filled,sell,-21,56.828109442,-1193.390298282,1.0,
596,2020-02-03T15:00:00Z,2020-02-03T21:00:00Z,EXC,MarketOnClose,Filled,sell,-35,26.7365311192406,-935.778589173421,1.0,
597,2020-02-03T15:00:00Z,2020-02-03T21:00:00Z,OXY,MarketOnClose,Filled,sell,-17,36.075118224,-613.277009808,1.0,
598,2020-02-03T15:00:00Z,2020-02-03T21:00:00Z,NXPI,MarketOnClose,Filled,sell,-5,112.21609815,-561.08049075,1.0,
599,2020-02-03T15:00:00Z,2020-02-03T21:00:00Z,MU,MarketOnClose,Filled,sell,-9,52.442883994,-471.985955946,1.0,
600,2020-02-03T15:00:00Z,2020-02-03T21:00:00Z,HCA,MarketOnClose,Filled,sell,-3,134.11354587,-402.34063761,1.0,
601,2020-02-03T15:00:00Z,2020-02-03T21:00:00Z,T,MarketOnClose,Filled,sell,-17,18.8279932483843,-320.0758852225331,1.0,
602,2020-02-03T15:00:00Z,2020-02-03T21:00:00Z,ET,MarketOnClose,Filled,buy,1004,7.31082752,7340.07083008,5.02,
603,2020-02-03T15:00:00Z,2020-02-03T21:00:00Z,DD,MarketOnClose,Filled,buy,43,23.6224816795926,1015.7667122224818,1.0,
604,2020-02-03T15:00:00Z,2020-02-03T21:00:00Z,PSX,MarketOnClose,Filled,buy,12,68.71239843,824.54878116,1.0,
605,2020-02-03T15:00:00Z,2020-02-03T21:00:00Z,DOW,MarketOnClose,Filled,buy,26,32.369473842,841.606319892,1.0,
606,2020-02-03T15:00:00Z,2020-02-03T21:00:00Z,EOG,MarketOnClose,Filled,buy,7,53.260626159,372.824383113,1.0,
607,2020-02-03T15:00:00Z,2020-02-03T21:00:00Z,XOM,MarketOnClose,Filled,buy,7,45.052946664,315.370626648,1.0,
608,2020-02-03T15:00:00Z,2020-02-03T21:00:00Z,CVX,MarketOnClose,Filled,buy,4,79.093785625,316.3751425,1.0,
609,2020-03-02T15:00:00Z,2020-03-02T21:00:00Z,CVX,MarketOnClose,Filled,sell,-90,72.7502328,-6547.520952,1.0,reached implied value
610,2020-03-02T15:00:00Z,2020-03-02T21:00:00Z,DOW,MarketOnClose,Filled,sell,-226,29.159278226,-6589.996879076,1.13,no valuation
611,2020-03-02T15:00:00Z,2020-03-02T21:00:00Z,DD,MarketOnClose,Filled,sell,-309,20.6296161232306,-6374.551382078255,1.545,no valuation
612,2020-03-02T15:00:00Z,2020-03-02T21:00:00Z,EXC,MarketOnClose,Filled,sell,-273,25.3928017469314,-6932.234876912272,1.365,no valuation
613,2020-03-02T15:00:00Z,2020-03-02T21:00:00Z,NXPI,MarketOnClose,Filled,sell,-63,107.19895836,-6753.53437668,1.0,reached implied value
614,2020-03-02T15:00:00Z,2020-03-02T21:00:00Z,OXY,MarketOnClose,Filled,sell,-201,29.675565066,-5964.788578266,1.005,no valuation
615,2020-03-02T15:00:00Z,2020-03-02T21:00:00Z,MU,MarketOnClose,Filled,sell,-17,53.232745207,-904.956668519,1.0,
616,2020-03-02T15:00:00Z,2020-03-02T21:00:00Z,T,MarketOnClose,Filled,sell,-26,18.9400646367676,-492.4416805559576,1.0,
617,2020-03-02T15:00:00Z,2020-03-02T21:00:00Z,HCA,MarketOnClose,Filled,sell,-3,128.15310454,-384.45931362,1.0,
618,2020-03-02T15:00:00Z,2020-03-02T21:00:00Z,LVS,MarketOnClose,Filled,sell,-5,53.60088954,-268.0044477,1.0,
619,2020-03-02T15:00:00Z,2020-03-02T21:00:00Z,NEM,MarketOnClose,Filled,buy,169,39.041585625,6598.027970625,1.0,
620,2020-03-02T15:00:00Z,2020-03-02T21:00:00Z,PFE,MarketOnClose,Filled,buy,274,23.9389028189433,6559.259372390464,1.37,
621,2020-03-02T15:00:00Z,2020-03-02T21:00:00Z,SO,MarketOnClose,Filled,buy,135,49.266388686,6650.96247261,1.0,
622,2020-03-02T15:00:00Z,2020-03-02T21:00:00Z,CI,MarketOnClose,Filled,buy,38,174.792000156,6642.096005928,1.0,
623,2020-03-02T15:00:00Z,2020-03-02T21:00:00Z,CVS,MarketOnClose,Filled,buy,130,51.920639997,6749.68319961,1.0,
624,2020-03-02T15:00:00Z,2020-03-02T21:00:00Z,BIIB,MarketOnClose,Filled,buy,20,327.89,6557.8,1.0,
625,2020-03-02T15:00:00Z,2020-03-02T21:00:00Z,VLO,MarketOnClose,Filled,buy,13,52.970682149,688.618867937,1.0,
626,2020-03-02T15:00:00Z,2020-03-02T21:00:00Z,PSX,MarketOnClose,Filled,buy,5,58.59727066,292.9863533,1.0,
627,2020-03-02T15:00:00Z,2020-03-02T21:00:00Z,COP,MarketOnClose,Filled,buy,7,38.422946709,268.960626963,1.0,
628,2020-03-03T05:00:00Z,2020-03-03T21:00:00Z,VLO,MarketOnOpen,Filled,sell,-121,53.407746861,-6462.337370181,1.0,left universe
629,2020-04-01T04:00:00Z,,DAL,MarketOnOpen,Canceled,sell,-139,0.0,0.0,0.0,no valuation
630,2020-04-01T04:00:00Z,,EOG,MarketOnOpen,Canceled,sell,-132,0.0,0.0,0.0,no valuation
631,2020-04-01T04:00:00Z,,ET,MarketOnOpen,Canceled,sell,-1004,0.0,0.0,0.0,no valuation
632,2020-04-01T04:00:00Z,,MPC,MarketOnOpen,Canceled,sell,-158,0.0,0.0,0.0,no valuation
633,2020-04-01T14:00:00Z,2020-04-01T20:00:00Z,MPC,MarketOnClose,Filled,sell,-158,17.282795529,-2730.681693582,1.0,no valuation
634,2020-04-01T14:00:00Z,2020-04-01T20:00:00Z,DAL,MarketOnClose,Filled,sell,-139,22.997877005,-3196.704903695,1.0,no valuation
635,2020-04-01T14:00:00Z,2020-04-01T20:00:00Z,EOG,MarketOnClose,Filled,sell,-132,25.82062022,-3408.32186904,1.0,no valuation
636,2020-04-01T14:00:00Z,2020-04-01T20:00:00Z,ET,MarketOnClose,Filled,sell,-1004,2.901484672,-2913.090610688,5.02,no valuation
637,2020-04-01T14:00:00Z,2020-04-01T20:00:00Z,BIIB,MarketOnClose,Filled,sell,-5,293.27,-1466.35,1.0,
638,2020-04-01T14:00:00Z,2020-04-01T20:00:00Z,NEM,MarketOnClose,Filled,sell,-36,38.850853152,-1398.630713472,1.0,
639,2020-04-01T14:00:00Z,2020-04-01T20:00:00Z,CVS,MarketOnClose,Filled,sell,-26,47.306733366,-1229.975067516,1.0,
640,2020-04-01T14:00:00Z,2020-04-01T20:00:00Z,CI,MarketOnClose,Filled,sell,-7,155.693322018,-1089.853254126,1.0,
641,2020-04-01T14:00:00Z,2020-04-01T20:00:00Z,INTC,MarketOnClose,Filled,sell,-23,45.991324284,-1057.800458532,1.0,
642,2020-04-01T14:00:00Z,2020-04-01T20:00:00Z,PFE,MarketOnClose,Filled,sell,-49,21.7776089272932,-1067.1028374373668,1.0,
643,2020-04-01T14:00:00Z,2020-04-01T20:00:00Z,DELL,MarketOnClose,Filled,sell,-54,16.9895539231249,-917.4359118487446,1.0,
644,2020-04-01T14:00:00Z,2020-04-01T20:00:00Z,SO,MarketOnClose,Filled,sell,-14,38.639398228,-540.951575192,1.0,
645,2020-04-01T14:00:00Z,2020-04-01T20:00:00Z,BKNG,MarketOnClose,Filled,buy,96,49.68719757364,4769.97096706944,1.0,
646,2020-04-01T14:00:00Z,2020-04-01T20:00:00Z,EPD,MarketOnClose,Filled,buy,577,8.428841015,4863.441265655,2.885,
647,2020-04-01T14:00:00Z,2020-04-01T20:00:00Z,IBM,MarketOnClose,Filled,buy,62,76.8438349181211,4764.317764923509,1.0,
648,2020-04-01T14:00:00Z,2020-04-01T20:00:00Z,RTX,MarketOnClose,Filled,buy,116,41.8930516317692,4859.5939892852275,1.0,
649,2020-04-01T14:00:00Z,2020-04-01T20:00:00Z,QCOM,MarketOnClose,Filled,buy,85,57.25788059,4866.91985015,1.0,
650,2020-04-01T14:00:00Z,2020-04-01T20:00:00Z,COP,MarketOnClose,Filled,buy,44,23.117767246,1017.181758824,1.0,
651,2020-04-01T14:00:00Z,2020-04-01T20:00:00Z,HCA,MarketOnClose,Filled,buy,7,79.453975884,556.177831188,1.0,
652,2020-04-01T14:00:00Z,2020-04-01T20:00:00Z,XOM,MarketOnClose,Filled,buy,20,28.253696414,565.07392828,1.0,
653,2020-04-01T14:00:00Z,2020-04-01T20:00:00Z,PSX,MarketOnClose,Filled,buy,13,38.630504266,502.196555458,1.0,
654,2020-04-01T14:00:00Z,2020-04-01T20:00:00Z,LVS,MarketOnClose,Filled,buy,9,37.81683893,340.35155037,1.0,
655,2020-05-01T14:00:00Z,2020-05-01T20:00:00Z,COP,MarketOnClose,Filled,sell,-32,30.555725445,-977.78321424,1.0,
656,2020-05-01T14:00:00Z,2020-05-01T20:00:00Z,PSX,MarketOnClose,Filled,sell,-18,51.777827976,-932.000903568,1.0,
657,2020-05-01T14:00:00Z,2020-05-01T20:00:00Z,NEM,MarketOnClose,Filled,sell,-16,50.990177184,-815.842834944,1.0,
658,2020-05-01T14:00:00Z,2020-05-01T20:00:00Z,RTX,MarketOnClose,Filled,sell,-11,52.66001408,-579.26015488,1.0,
659,2020-05-01T14:00:00Z,2020-05-01T20:00:00Z,EPD,MarketOnClose,Filled,sell,-45,10.747766268,-483.64948206,1.0,
660,2020-05-01T14:00:00Z,2020-05-01T20:00:00Z,HCA,MarketOnClose,Filled,sell,-3,99.504883688,-298.514651064,1.0,
661,2020-05-01T14:00:00Z,2020-05-01T20:00:00Z,XOM,MarketOnClose,Filled,sell,-8,32.490998247,-259.927985976,1.0,
662,2020-05-01T14:00:00Z,2020-05-01T20:00:00Z,BIIB,MarketOnClose,Filled,buy,4,293.09,1172.36,1.0,
663,2020-05-01T14:00:00Z,2020-05-01T20:00:00Z,CVS,MarketOnClose,Filled,buy,12,48.822735353,585.872824236,1.0,
664,2020-05-01T14:00:00Z,2020-05-01T20:00:00Z,SO,MarketOnClose,Filled,buy,13,41.929989182,545.089859366,1.0,
665,2020-05-01T14:00:00Z,2020-05-01T20:00:00Z,DELL,MarketOnClose,Filled,buy,21,18.4168606212736,386.7540730467456,1.0,
666,2020-05-01T14:00:00Z,2020-05-01T20:00:00Z,CI,MarketOnClose,Filled,buy,2,168.305677566,336.611355132,1.0,
667,2020-05-01T14:00:00Z,2020-05-01T20:00:00Z,T,MarketOnClose,Filled,buy,21,15.499464255094,325.488749356974,1.0,
668,2020-05-01T14:00:00Z,2020-05-01T20:00:00Z,BKNG,MarketOnClose,Filled,buy,5,56.60948151012,283.0474075506,1.0,
669,2020-05-01T14:00:00Z,2020-05-01T20:00:00Z,INTC,MarketOnClose,Filled,buy,5,50.946827421,254.734137105,1.0,
670,2020-06-01T14:00:00Z,2020-06-01T20:00:00Z,CI,MarketOnClose,Filled,sell,-33,178.21024494,-5880.93808302,1.0,no valuation
671,2020-06-01T14:00:00Z,2020-06-01T20:00:00Z,PSX,MarketOnClose,Filled,sell,-102,62.288951323,-6353.473034946,1.0,reached implied value
672,2020-06-01T14:00:00Z,2020-06-01T20:00:00Z,DELL,MarketOnClose,Filled,sell,-34,22.7310102218069,-772.8543475414345,1.0,
673,2020-06-01T14:00:00Z,2020-06-01T20:00:00Z,BKNG,MarketOnClose,Filled,sell,-7,65.28148250844,-456.97037755908,1.0,
674,2020-06-01T14:00:00Z,2020-06-01T20:00:00Z,EPD,MarketOnClose,Filled,sell,-28,12.090452772,-338.532677616,1.0,
675,2020-06-01T14:00:00Z,2020-06-01T20:00:00Z,VZ,MarketOnClose,Filled,buy,152,38.52052451,5855.11972552,1.0,
676,2020-06-01T14:00:00Z,2020-06-01T20:00:00Z,TGT,MarketOnClose,Filled,buy,58,100.301853687,5817.507513846,1.0,
677,2020-06-01T14:00:00Z,2020-06-01T20:00:00Z,LVS,MarketOnClose,Filled,buy,8,46.008923393,368.071387144,1.0,
678,2020-06-01T14:00:00Z,2020-06-01T20:00:00Z,MU,MarketOnClose,Filled,buy,7,45.187862482,316.315037374,1.0,
679,2020-06-01T14:00:00Z,2020-06-01T20:00:00Z,HCA,MarketOnClose,Filled,buy,3,103.272138964,309.816416892,1.0,
680,2020-06-01T14:00:00Z,2020-06-01T20:00:00Z,NEM,MarketOnClose,Filled,buy,6,50.572156384,303.432938304,1.0,
681,2020-06-01T14:00:00Z,2020-06-01T20:00:00Z,IBM,MarketOnClose,Filled,buy,3,92.56433252589,277.69299757767,1.0,
682,2020-07-01T14:00:00Z,2020-07-01T20:00:00Z,QCOM,MarketOnClose,Filled,sell,-11,78.6100213,-864.7102343,1.0,
683,2020-07-01T14:00:00Z,2020-07-01T20:00:00Z,DELL,MarketOnClose,Filled,sell,-30,24.9916798630683,-749.750395892049,1.0,
684,2020-07-01T14:00:00Z,2020-07-01T20:00:00Z,MU,MarketOnClose,Filled,sell,-11,48.46432381,-533.10756191,1.0,
685,2020-07-01T14:00:00Z,2020-07-01T20:00:00Z,NEM,MarketOnClose,Filled,sell,-9,51.519794976,-463.678154784,1.0,
686,2020-07-01T14:00:00Z,2020-07-01T20:00:00Z,PFE,MarketOnClose,Filled,buy,37,23.3805682706687,865.081026014742,1.0,
687,2020-07-01T14:00:00Z,2020-07-01T20:00:00Z,BIIB,MarketOnClose,Filled,buy,3,264.77,794.31,1.0,
688,2020-07-01T14:00:00Z,2020-07-01T20:00:00Z,SO,MarketOnClose,Filled,buy,12,41.22511815,494.7014178,1.0,
689,2020-07-01T14:00:00Z,2020-07-01T20:00:00Z,HCA,MarketOnClose,Filled,buy,5,93.071132864,465.35566432,1.0,
690,2020-07-01T14:00:00Z,2020-07-01T20:00:00Z,RTX,MarketOnClose,Filled,buy,5,53.552385438,267.76192719,1.0,
691,2020-08-03T14:00:00Z,2020-08-03T20:00:00Z,HCA,MarketOnClose,Filled,sell,-14,119.441919796,-1672.186877144,1.0,
692,2020-08-03T14:00:00Z,2020-08-03T20:00:00Z,PFE,MarketOnClose,Filled,sell,-36,26.8347974935276,-966.0527097669936,1.0,
693,2020-08-03T14:00:00Z,2020-08-03T20:00:00Z,QCOM,MarketOnClose,Filled,sell,-9,95.95536015,-863.59824135,1.0,
694,2020-08-03T14:00:00Z,2020-08-03T20:00:00Z,NEM,MarketOnClose,Filled,sell,-10,57.22089354,-572.2089354,1.0,
695,2020-08-03T14:00:00Z,2020-08-03T20:00:00Z,DELL,MarketOnClose,Filled,sell,-13,27.8462932593657,-362.0018123717541,1.0,
696,2020-08-03T14:00:00Z,2020-08-03T20:00:00Z,INTC,MarketOnClose,Filled,buy,33,43.05954177,1420.96487841,1.0,
697,2020-08-03T14:00:00Z,2020-08-03T20:00:00Z,COP,MarketOnClose,Filled,buy,26,29.233083408,760.060168608,1.0,
698,2020-08-03T14:00:00Z,2020-08-03T20:00:00Z,XOM,MarketOnClose,Filled,buy,20,32.422805946,648.45611892,1.0,
699,2020-08-03T14:00:00Z,2020-08-03T20:00:00Z,RTX,MarketOnClose,Filled,buy,13,49.988600658,649.851808554,1.0,
700,2020-08-03T14:00:00Z,2020-08-03T20:00:00Z,LVS,MarketOnClose,Filled,buy,14,41.2888564,578.0439896,1.0,
701,2020-08-03T14:00:00Z,2020-08-03T20:00:00Z,EPD,MarketOnClose,Filled,buy,35,11.295837336,395.35430676,1.0,
702,2020-08-03T14:00:00Z,2020-08-03T20:00:00Z,T,MarketOnClose,Filled,buy,19,15.6156294727333,296.6969599819327,1.0,
703,2020-08-03T14:00:00Z,2020-08-03T20:00:00Z,MU,MarketOnClose,Filled,buy,6,49.137168547,294.823011282,1.0,
704,2020-09-01T14:00:00Z,2020-09-01T20:00:00Z,TGT,MarketOnClose,Filled,sell,-9,126.964983201,-1142.684848809,1.0,
705,2020-09-01T14:00:00Z,2020-09-01T20:00:00Z,LVS,MarketOnClose,Filled,sell,-15,46.590720915,-698.860813725,1.0,
706,2020-09-01T14:00:00Z,2020-09-01T20:00:00Z,BKNG,MarketOnClose,Filled,sell,-9,75.36755810408,-678.30802293672,1.0,
707,2020-09-01T14:00:00Z,2020-09-01T20:00:00Z,QCOM,MarketOnClose,Filled,sell,-4,106.83012585,-427.3205034,1.0,
708,2020-09-01T14:00:00Z,2020-09-01T20:00:00Z,DELL,MarketOnClose,Filled,sell,-12,30.5581759858482,-366.6981118301784,1.0,
709,2020-09-01T14:00:00Z,2020-09-01T20:00:00Z,MU,MarketOnClose,Filled,buy,19,44.622282848,847.823374112,1.0,
710,2020-09-01T14:00:00Z,2020-09-01T20:00:00Z,XOM,MarketOnClose,Filled,buy,15,30.856325728,462.84488592,1.0,
711,2020-09-01T14:00:00Z,2020-09-01T20:00:00Z,NEM,MarketOnClose,Filled,buy,8,56.272109832,450.176878656,1.0,
712,2020-09-01T14:00:00Z,2020-09-01T20:00:00Z,CVS,MarketOnClose,Filled,buy,8,49.673752084,397.390016672,1.0,
713,2020-09-01T14:00:00Z,2020-09-01T20:00:00Z,PFE,MarketOnClose,Filled,buy,14,25.8061885674393,361.2866399441502,1.0,
714,2020-09-01T14:00:00Z,2020-09-01T20:00:00Z,SO,MarketOnClose,Filled,buy,8,40.874126535,326.99301228,1.0,
715,2020-09-01T14:00:00Z,2020-09-01T20:00:00Z,IBM,MarketOnClose,Filled,buy,3,92.6575164852188,277.9725494556564,1.0,
716,2020-09-01T14:00:00Z,2020-09-01T20:00:00Z,EPD,MarketOnClose,Filled,buy,24,11.302266384,271.254393216,1.0,
717,2020-10-01T14:00:00Z,2020-10-01T20:00:00Z,QCOM,MarketOnClose,Filled,sell,-61,105.210420192,-6417.835631712,1.0,reached implied value
718,2020-10-01T14:00:00Z,2020-10-01T20:00:00Z,INTC,MarketOnClose,Filled,sell,-12,46.88699332,-562.64391984,1.0,
719,2020-10-01T14:00:00Z,2020-10-01T20:00:00Z,SO,MarketOnClose,Filled,sell,-11,43.09100157,-474.00101727,1.0,
720,2020-10-01T14:00:00Z,2020-10-01T20:00:00Z,MU,MarketOnClose,Filled,sell,-10,46.728579416,-467.28579416,1.0,
721,2020-10-01T14:00:00Z,2020-10-01T20:00:00Z,DELL,MarketOnClose,Filled,sell,-13,31.0968691590205,-404.2592990672665,1.0,
722,2020-10-01T14:00:00Z,2020-10-01T20:00:00Z,TGT,MarketOnClose,Filled,sell,-3,133.797860511,-401.393581533,1.0,
723,2020-10-01T14:00:00Z,2020-10-01T20:00:00Z,GIS,MarketOnClose,Filled,buy,124,49.764511398,6170.799413352,1.0,
724,2020-10-01T14:00:00Z,2020-10-01T20:00:00Z,COP,MarketOnClose,Filled,buy,30,25.824813264,774.74439792,1.0,
725,2020-10-01T14:00:00Z,2020-10-01T20:00:00Z,XOM,MarketOnClose,Filled,buy,25,25.919626556,647.9906639,1.0,
726,2020-10-01T14:00:00Z,2020-10-01T20:00:00Z,EPD,MarketOnClose,Filled,buy,40,10.074318216,402.97272864,1.0,
727,2020-10-01T14:00:00Z,2020-10-01T20:00:00Z,BKNG,MarketOnClose,Filled,buy,6,68.10455213144,408.62731278864,1.0,
728,2020-10-01T14:00:00Z,2020-10-01T20:00:00Z,T,MarketOnClose,Filled,buy,18,15.0170567117893,270.3070208122074,1.0,
729,2020-10-01T14:00:00Z,2020-10-01T20:00:00Z,LVS,MarketOnClose,Filled,buy,6,43.372066882,260.232401292,1.0,
730,2020-11-02T15:00:00Z,2020-11-02T21:00:00Z,EPD,MarketOnClose,Filled,sell,-63,10.82790976,-682.15831488,1.0,
731,2020-11-02T15:00:00Z,2020-11-02T21:00:00Z,MU,MarketOnClose,Filled,sell,-13,48.474075183,-630.162977379,1.0,
732,2020-11-02T15:00:00Z,2020-11-02T21:00:00Z,SO,MarketOnClose,Filled,sell,-13,46.554375735,-605.206884555,1.0,
733,2020-11-02T15:00:00Z,2020-11-02T21:00:00Z,LVS,MarketOnClose,Filled,sell,-8,46.140297027,-369.122376216,1.0,
734,2020-11-02T15:00:00Z,2020-11-02T21:00:00Z,INTC,MarketOnClose,Filled,buy,17,39.90420603,678.37150251,1.0,
735,2020-11-02T15:00:00Z,2020-11-02T21:00:00Z,COP,MarketOnClose,Filled,buy,22,24.368904818,536.115905996,1.0,
736,2020-11-02T15:00:00Z,2020-11-02T21:00:00Z,DELL,MarketOnClose,Filled,buy,17,27.7588131714146,471.8998239140482,1.0,
737,2020-11-02T15:00:00Z,2020-11-02T21:00:00Z,BIIB,MarketOnClose,Filled,buy,1,248.99,248.99,1.0,
738,2020-11-03T05:00:00Z,2020-11-03T21:00:00Z,COP,MarketOnOpen,Filled,sell,-256,24.763901952,-6339.558899712,1.28,left universe
739,2020-12-01T05:00:00Z,,BIIB,MarketOnOpen,Canceled,sell,-23,0.0,0.0,0.0,no valuation
740,2020-12-01T05:00:00Z,,GIS,MarketOnOpen,Canceled,sell,-124,0.0,0.0,0.0,no valuation
741,2020-12-01T15:00:00Z,2020-12-01T21:00:00Z,BIIB,MarketOnClose,Filled,sell,-23,243.16,-5592.68,1.0,no valuation
742,2020-12-01T15:00:00Z,2020-12-01T21:00:00Z,MU,MarketOnClose,Filled,sell,-120,65.412210084,-7849.46521008,1.0,reached implied value
743,2020-12-01T15:00:00Z,2020-12-01T21:00:00Z,GIS,MarketOnClose,Filled,sell,-124,49.169534813,-6097.022316812,1.0,no valuation
744,2020-12-01T15:00:00Z,2020-12-01T21:00:00Z,RTX,MarketOnClose,Filled,sell,-18,62.828293286,-1130.909279148,1.0,
745,2020-12-01T15:00:00Z,2020-12-01T21:00:00Z,HCA,MarketOnClose,Filled,sell,-4,144.23413961,-576.93655844,1.0,
746,2020-12-01T15:00:00Z,2020-12-01T21:00:00Z,BKNG,MarketOnClose,Filled,sell,-7,80.20526398676,-561.43684790732,1.0,
747,2020-12-01T15:00:00Z,2020-12-01T21:00:00Z,TGT,MarketOnClose,Filled,sell,-3,151.656225888,-454.968677664,1.0,
748,2020-12-01T15:00:00Z,2020-12-01T21:00:00Z,CVS,MarketOnClose,Filled,sell,-6,56.127306928,-336.763841568,1.0,
749,2020-12-01T15:00:00Z,2020-12-01T21:00:00Z,XOM,MarketOnClose,Filled,sell,-9,30.8476168,-277.6285512,1.0,
750,2020-12-01T15:00:00Z,2020-12-01T21:00:00Z,WMT,MarketOnClose,Filled,buy,142,47.0664884133507,6683.441354695799,1.0,
751,2020-12-01T15:00:00Z,2020-12-01T21:00:00Z,MRK,MarketOnClose,Filled,buy,105,64.5406794311848,6776.771340274404,1.0,
752,2020-12-01T15:00:00Z,2020-12-01T21:00:00Z,KMB,MarketOnClose,Filled,buy,60,112.410675264,6744.64051584,1.0,
753,2020-12-01T15:00:00Z,2020-12-01T21:00:00Z,LMT,MarketOnClose,Filled,buy,21,312.470035416,6561.870743736,1.0,
754,2020-12-01T15:00:00Z,2020-12-01T21:00:00Z,NEM,MarketOnClose,Filled,buy,23,50.747113413,1167.183608499,1.0,
755,2020-12-01T15:00:00Z,2020-12-01T21:00:00Z,SO,MarketOnClose,Filled,buy,10,48.271461381,482.71461381,1.0,
756,2020-12-01T15:00:00Z,2020-12-01T21:00:00Z,T,MarketOnClose,Filled,buy,25,15.5053288977729,387.6332224443225,1.0,
757,2020-12-01T15:00:00Z,2020-12-01T21:00:00Z,IBM,MarketOnClose,Filled,buy,3,93.8182795171693,281.4548385515079,1.0,
758,2021-01-04T15:00:00Z,2021-01-04T21:00:00Z,EPD,MarketOnClose,Filled,sell,-540,12.735998736,-6877.43931744,2.7,reached implied value
759,2021-01-04T15:00:00Z,2021-01-04T21:00:00Z,KMB,MarketOnClose,Filled,sell,-60,106.96823072,-6418.0938432,1.0,reached implied value
760,2021-01-04T15:00:00Z,2021-01-04T21:00:00Z,MRK,MarketOnClose,Filled,sell,-105,64.5797311822782,-6780.871774139211,1.0,reached implied value
761,2021-01-04T15:00:00Z,2021-01-04T21:00:00Z,BKNG,MarketOnClose,Filled,sell,-84,84.55845688224,-7102.91037810816,1.0,reached implied value
762,2021-01-04T15:00:00Z,2021-01-04T21:00:00Z,PFE,MarketOnClose,Filled,sell,-240,27.427292964,-6582.55031136,1.2,reached implied value
763,2021-01-04T15:00:00Z,2021-01-04T21:00:00Z,SO,MarketOnClose,Filled,sell,-140,47.307147888,-6623.00070432,1.0,reached implied value
764,2021-01-04T15:00:00Z,2021-01-04T21:00:00Z,RTX,MarketOnClose,Filled,sell,-105,60.358558326,-6337.64862423,1.0,reached implied value
765,2021-01-04T15:00:00Z,2021-01-04T21:00:00Z,LVS,MarketOnClose,Filled,sell,-9,54.379300645,-489.413705805,1.0,
766,2021-01-04T15:00:00Z,2021-01-04T21:00:00Z,HCA,MarketOnClose,Filled,sell,-3,155.877703872,-467.633111616,1.0,
767,2021-01-04T15:00:00Z,2021-01-04T21:00:00Z,XOM,MarketOnClose,Filled,sell,-13,33.2513272,-432.2672536,1.0,
768,2021-01-04T15:00:00Z,2021-01-04T21:00:00Z,DELL,MarketOnClose,Filled,sell,-11,33.3759556609031,-367.1355122699341,1.0,
769,2021-01-04T15:00:00Z,2021-01-04T21:00:00Z,AVGO,MarketOnClose,Filled,buy,174,38.043434133,6619.557539142,1.0,
770,2021-01-04T15:00:00Z,2021-01-04T21:00:00Z,MMM,MarketOnClose,Filled,buy,68,98.5400835981887,6700.725684676831,1.0,
771,2021-01-04T15:00:00Z,2021-01-04T21:00:00Z,COP,MarketOnClose,Filled,buy,211,31.898033862,6730.485144882,1.055,
772,2021-01-04T15:00:00Z,2021-01-04T21:00:00Z,PM,MarketOnClose,Filled,buy,105,63.68852545,6687.29517225,1.0,
773,2021-01-04T15:00:00Z,2021-01-04T21:00:00Z,AEP,MarketOnClose,Filled,buy,100,66.374440632,6637.4440632,1.0,
774,2021-01-04T15:00:00Z,2021-01-04T21:00:00Z,NOC,MarketOnClose,Filled,buy,24,268.178631628,6436.287159072,1.0,
775,2021-01-04T15:00:00Z,2021-01-04T21:00:00Z,VZ,MarketOnClose,Filled,buy,12,41.534205515,498.41046618,1.0,
776,2021-01-04T15:00:00Z,2021-01-04T21:00:00Z,WMT,MarketOnClose,Filled,buy,11,45.3476260849036,498.8238869339396,1.0,
777,2021-01-04T15:00:00Z,2021-01-04T21:00:00Z,LMT,MarketOnClose,Filled,buy,1,295.056367488,295.056367488,1.0,
778,2021-01-04T15:00:00Z,2021-01-04T21:00:00Z,TGT,MarketOnClose,Filled,buy,2,150.461882286,300.923764572,1.0,
779,2021-02-01T15:00:00Z,2021-02-01T21:00:00Z,INTC,MarketOnClose,Filled,sell,-14,51.251087703,-717.515227842,1.0,
780,2021-02-01T15:00:00Z,2021-02-01T21:00:00Z,XOM,MarketOnClose,Filled,sell,-19,35.999569424,-683.991819056,1.0,
781,2021-02-01T15:00:00Z,2021-02-01T21:00:00Z,CVS,MarketOnClose,Filled,sell,-6,59.782142574,-358.692855444,1.0,
782,2021-02-01T15:00:00Z,2021-02-01T21:00:00Z,AVGO,MarketOnClose,Filled,sell,-7,41.758130961,-292.306916727,1.0,
783,2021-02-01T15:00:00Z,2021-02-01T21:00:00Z,NFLX,MarketOnClose,Filled,buy,126,53.904,6791.904,1.0,
784,2021-02-01T15:00:00Z,2021-02-01T21:00:00Z,LVS,MarketOnClose,Filled,buy,27,46.046458717,1243.254385359,1.0,
785,2021-02-01T15:00:00Z,2021-02-01T21:00:00Z,LMT,MarketOnClose,Filled,buy,2,277.454351136,554.908702272,1.0,
786,2021-02-01T15:00:00Z,2021-02-01T21:00:00Z,VZ,MarketOnClose,Filled,buy,8,38.718645924,309.749167392,1.0,
787,2021-02-01T15:00:00Z,2021-02-01T21:00:00Z,IBM,MarketOnClose,Filled,buy,3,91.8224700633289,275.4674101899867,1.0,
788,2021-02-01T15:00:00Z,2021-02-01T21:00:00Z,NOC,MarketOnClose,Filled,buy,1,265.949571893,265.949571893,1.0,
789,2021-02-02T05:00:00Z,2021-02-02T21:00:00Z,LVS,MarketOnOpen,Filled,sell,-149,46.797165197,-6972.777614353,1.0,left universe
790,2021-03-01T15:00:00Z,2021-03-01T21:00:00Z,IBM,MarketOnClose,Filled,sell,-74,93.2038650371968,-6897.086012752563,1.0,reached implied value
791,2021-03-01T15:00:00Z,2021-03-01T21:00:00Z,COP,MarketOnClose,Filled,sell,-211,42.799292461,-9030.650709271,1.055,no valuation
792,2021-03-01T15:00:00Z,2021-03-01T21:00:00Z,T,MarketOnClose,Filled,sell,-433,15.3533361193853,-6647.994539693835,2.165,reached implied value
793,2021-03-01T15:00:00Z,2021-03-01T21:00:00Z,WMT,MarketOnClose,Filled,sell,-153,40.6559587714037,-6220.361692024766,1.0,reached implied value
794,2021-03-01T15:00:00Z,2021-03-01T21:00:00Z,XOM,MarketOnClose,Filled,sell,-187,45.965327476,-8595.516238012,1.0,no valuation
795,2021-03-01T15:00:00Z,2021-03-01T21:00:00Z,DELL,MarketOnClose,Filled,sell,-15,38.2564237255406,-573.846355883109,1.0,
796,2021-03-01T15:00:00Z,2021-03-01T21:00:00Z,INTC,MarketOnClose,Filled,sell,-8,57.191768304,-457.534146432,1.0,
797,2021-03-01T15:00:00Z,2021-03-01T21:00:00Z,CI,MarketOnClose,Filled,buy,37,193.36846113,7154.63306181,1.0,
798,2021-03-01T15:00:00Z,2021-03-01T21:00:00Z,MO,MarketOnClose,Filled,buy,248,28.76842838,7134.57023824,1.24,
799,2021-03-01T15:00:00Z,2021-03-01T21:00:00Z,PG,MarketOnClose,Filled,buy,65,107.936841546,7015.89470049,1.0,
800,2021-03-01T15:00:00Z,2021-03-01T21:00:00Z,UNH,MarketOnClose,Filled,buy,23,302.479191945,6957.021414735,1.0,
801,2021-03-01T15:00:00Z,2021-03-01T21:00:00Z,VRTX,MarketOnClose,Filled,buy,32,210.38,6732.16,1.0,
802,2021-03-01T15:00:00Z,2021-03-01T21:00:00Z,REGN,MarketOnClose,Filled,buy,15,458.72113077,6880.81696155,1.0,
803,2021-03-01T15:00:00Z,2021-03-01T21:00:00Z,AEP,MarketOnClose,Filled,buy,13,63.018638109,819.242295417,1.0,
804,2021-03-01T15:00:00Z,2021-03-01T21:00:00Z,NEM,MarketOnClose,Filled,buy,16,46.37018617,741.92297872,1.0,
805,2021-03-01T15:00:00Z,2021-03-01T21:00:00Z,CVS,MarketOnClose,Filled,buy,10,57.958394032,579.58394032,1.0,
806,2021-03-01T15:00:00Z,2021-03-01T21:00:00Z,NOC,MarketOnClose,Filled,buy,1,268.284448098,268.284448098,1.0,
807,2021-03-02T05:00:00Z,2021-03-02T21:00:00Z,AEP,MarketOnOpen,Filled,sell,-113,63.240447942,-7146.170617446,1.0,left universe
808,2021-04-01T14:00:00Z,2021-04-01T20:00:00Z,MO,MarketOnClose,Filled,sell,-24,33.5190564,-804.4573536,1.0,
809,2021-04-01T14:00:00Z,2021-04-01T20:00:00Z,CI,MarketOnClose,Filled,sell,-3,218.475944874,-655.427834622,1.0,
810,2021-04-01T14:00:00Z,2021-04-01T20:00:00Z,DOW,MarketOnClose,Filled,buy,158,48.12366018,7603.53830844,1.0,
811,2021-04-01T14:00:00Z,2021-04-01T20:00:00Z,NFLX,MarketOnClose,Filled,buy,18,53.942,970.956,1.0,
812,2021-04-01T14:00:00Z,2021-04-01T20:00:00Z,VRTX,MarketOnClose,Filled,buy,3,213.04,639.12,1.0,
813,2021-04-01T14:00:00Z,2021-04-01T20:00:00Z,AVGO,MarketOnClose,Filled,buy,13,42.91498365,557.89478745,1.0,
814,2021-04-01T14:00:00Z,2021-04-01T20:00:00Z,REGN,MarketOnClose,Filled,buy,1,470.490069402,470.490069402,1.0,
815,2021-04-01T14:00:00Z,2021-04-01T20:00:00Z,VZ,MarketOnClose,Filled,buy,10,41.58616539,415.8616539,1.0,
816,2021-05-03T14:00:00Z,2021-05-03T20:00:00Z,NOC,MarketOnClose,Filled,sell,-3,330.0302793,-990.0908379,1.0,
817,2021-05-03T14:00:00Z,2021-05-03T20:00:00Z,DELL,MarketOnClose,Filled,sell,-17,45.0200157887033,-765.340268407956,1.0,
818,2021-05-03T14:00:00Z,2021-05-03T20:00:00Z,UNH,MarketOnClose,Filled,sell,-2,368.18316315,-736.3663263,1.0,
819,2021-05-03T14:00:00Z,2021-05-03T20:00:00Z,HCA,MarketOnClose,Filled,sell,-3,195.297724344,-585.893173032,1.0,
820,2021-05-03T14:00:00Z,2021-05-03T20:00:00Z,NEM,MarketOnClose,Filled,sell,-7,55.228696292,-386.600874044,1.0,
821,2021-05-03T14:00:00Z,2021-05-03T20:00:00Z,INTC,MarketOnClose,Filled,buy,21,52.080163058,1093.683424218,1.0,
822,2021-05-03T14:00:00Z,2021-05-03T20:00:00Z,MO,MarketOnClose,Filled,buy,21,31.790524668,667.601018028,1.0,
823,2021-05-03T14:00:00Z,2021-05-03T20:00:00Z,DOW,MarketOnClose,Filled,buy,7,48.086412765,336.604889355,1.0,
824,2021-05-03T14:00:00Z,2021-05-03T20:00:00Z,NFLX,MarketOnClose,Filled,buy,6,50.911,305.466,1.0,
825,2021-06-01T14:00:00Z,2021-06-01T20:00:00Z,CI,MarketOnClose,Filled,sell,-34,232.795275504,-7915.039367136,1.0,no valuation
826,2021-06-01T14:00:00Z,2021-06-01T20:00:00Z,NEM,MarketOnClose,Filled,sell,-17,63.35963529,-1077.11379993,1.0,
827,2021-06-01T14:00:00Z,2021-06-01T20:00:00Z,CVS,MarketOnClose,Filled,sell,-12,72.308653944,-867.703847328,1.0,
828,2021-06-01T14:00:00Z,2021-06-01T20:00:00Z,TGT,MarketOnClose,Filled,sell,-4,193.797793644,-775.191174576,1.0,
829,2021-06-01T14:00:00Z,2021-06-01T20:00:00Z,DOW,MarketOnClose,Filled,sell,-10,52.9849332,-529.849332,1.0,
830,2021-06-01T14:00:00Z,2021-06-01T20:00:00Z,DG,MarketOnClose,Filled,buy,42,184.848196687,7763.624260854,1.0,
831,2021-06-01T14:00:00Z,2021-06-01T20:00:00Z,VRTX,MarketOnClose,Filled,buy,3,209.67,629.01,1.0,
832,2021-06-01T14:00:00Z,2021-06-01T20:00:00Z,VZ,MarketOnClose,Filled,buy,14,40.648931332,569.085038648,1.0,
833,2021-06-01T14:00:00Z,2021-06-01T20:00:00Z,NFLX,MarketOnClose,Filled,buy,9,49.908,449.172,1.0,
834,2021-06-01T14:00:00Z,2021-06-01T20:00:00Z,AVGO,MarketOnClose,Filled,buy,8,42.22610777,337.80886216,1.0,
835,2021-06-01T14:00:00Z,2021-06-01T20:00:00Z,INTC,MarketOnClose,Filled,buy,6,52.061870858,312.371225148,1.0,
836,2021-06-01T14:00:00Z,2021-06-01T20:00:00Z,PG,MarketOnClose,Filled,buy,2,116.108548555,232.21709711,1.0,
837,2021-07-01T14:00:00Z,2021-07-01T20:00:00Z,PG,MarketOnClose,Filled,sell,-67,118.188626429,-7918.637970743,1.0,reached implied value
838,2021-07-01T14:00:00Z,2021-07-01T20:00:00Z,REGN,MarketOnClose,Filled,sell,-2,569.248107468,-1138.496214936,1.0,
839,2021-07-01T14:00:00Z,2021-07-01T20:00:00Z,TGT,MarketOnClose,Filled,sell,-3,207.647803188,-622.943409564,1.0,
840,2021-07-01T14:00:00Z,2021-07-01T20:00:00Z,NFLX,MarketOnClose,Filled,sell,-8,53.354,-426.832,1.0,
841,2021-07-01T14:00:00Z,2021-07-01T20:00:00Z,PM,MarketOnClose,Filled,sell,-5,80.068048158,-400.34024079,1.0,
842,2021-07-01T14:00:00Z,2021-07-01T20:00:00Z,DG,MarketOnClose,Filled,sell,-2,199.899636167,-399.799272334,1.0,
843,2021-07-01T14:00:00Z,2021-07-01T20:00:00Z,LOW,MarketOnClose,Filled,buy,45,177.008375462,7965.37689579,1.0,
844,2021-07-01T14:00:00Z,2021-07-01T20:00:00Z,NEM,MarketOnClose,Filled,buy,19,54.261399458,1030.966589702,1.0,
845,2021-07-01T14:00:00Z,2021-07-01T20:00:00Z,DOW,MarketOnClose,Filled,buy,12,47.78502,573.42024,1.0,
846,2021-07-01T14:00:00Z,2021-07-01T20:00:00Z,VRTX,MarketOnClose,Filled,buy,1,202.21,202.21,1.0,
847,2021-08-02T14:00:00Z,2021-08-02T20:00:00Z,HCA,MarketOnClose,Filled,sell,-6,240.2483397,-1441.4900382,1.0,
848,2021-08-02T14:00:00Z,2021-08-02T20:00:00Z,DG,MarketOnClose,Filled,sell,-3,213.79395675,-641.38187025,1.0,
849,2021-08-02T14:00:00Z,2021-08-02T20:00:00Z,TGT,MarketOnClose,Filled,sell,-2,219.323088327,-438.646176654,1.0,
850,2021-08-02T14:00:00Z,2021-08-02T20:00:00Z,INTC,MarketOnClose,Filled,buy,11,49.124296496,540.367261456,1.0,
851,2021-08-02T14:00:00Z,2021-08-02T20:00:00Z,DELL,MarketOnClose,Filled,buy,12,44.3339877305609,532.0078527667308,1.0,
852,2021-08-02T14:00:00Z,2021-08-02T20:00:00Z,CVS,MarketOnClose,Filled,buy,6,69.81536211,418.89217266,1.0,
853,2021-08-02T14:00:00Z,2021-08-02T20:00:00Z,NOC,MarketOnClose,Filled,buy,1,332.206100048,332.206100048,1.0,
854,2021-08-02T14:00:00Z,2021-08-02T20:00:00Z,LMT,MarketOnClose,Filled,buy,1,319.87694724,319.87694724,1.0,
855,2021-08-03T04:00:00Z,2021-08-03T20:00:00Z,DOW,MarketOnOpen,Filled,sell,-167,46.016598,-7684.771866,1.0,left universe
856,2021-09-01T04:00:00Z,,NEM,MarketOnOpen,Canceled,sell,-146,0.0,0.0,0.0,no valuation
857,2021-09-01T14:00:00Z,2021-09-01T20:00:00Z,NEM,MarketOnClose,Filled,sell,-146,49.962612164,-7294.541375944,1.0,no valuation
858,2021-09-01T14:00:00Z,2021-09-01T20:00:00Z,REGN,MarketOnClose,Filled,sell,-2,674.593977344,-1349.187954688,1.0,
859,2021-09-01T14:00:00Z,2021-09-01T20:00:00Z,NFLX,MarketOnClose,Filled,sell,-7,58.207,-407.449,1.0,
860,2021-09-01T14:00:00Z,2021-09-01T20:00:00Z,FDX,MarketOnClose,Filled,buy,52,155.706884574738,8096.757997886376,1.0,
861,2021-09-01T14:00:00Z,2021-09-01T20:00:00Z,CI,MarketOnClose,Filled,buy,42,191.425241385,8039.86013817,1.0,
862,2021-09-01T14:00:00Z,2021-09-01T20:00:00Z,DG,MarketOnClose,Filled,buy,3,204.773231091,614.319693273,1.0,
863,2021-09-01T14:00:00Z,2021-09-01T20:00:00Z,MMM,MarketOnClose,Filled,buy,4,113.497850260711,453.991401042844,1.0,
864,2021-09-01T14:00:00Z,2021-09-01T20:00:00Z,TGT,MarketOnClose,Filled,buy,2,210.833566563,421.667133126,1.0,
865,2021-09-01T14:00:00Z,2021-09-01T20:00:00Z,VRTX,MarketOnClose,Filled,buy,2,197.14,394.28,1.0,
866,2021-09-01T14:00:00Z,2021-09-01T20:00:00Z,VZ,MarketOnClose,Filled,buy,9,40.055347536,360.498127824,1.0,
867,2021-09-01T14:00:00Z,2021-09-01T20:00:00Z,LMT,MarketOnClose,Filled,buy,1,312.147955782,312.147955782,1.0,
868,2021-10-01T14:00:00Z,2021-10-01T20:00:00Z,NFLX,MarketOnClose,Filled,sell,-15,61.315,-919.725,1.0,
869,2021-10-01T14:00:00Z,2021-10-01T20:00:00Z,DELL,MarketOnClose,Filled,sell,-18,48.703387912958,-876.660982433244,1.0,
870,2021-10-01T14:00:00Z,2021-10-01T20:00:00Z,LOW,MarketOnClose,Filled,sell,-3,184.961743722,-554.885231166,1.0,
871,2021-10-01T14:00:00Z,2021-10-01T20:00:00Z,CVS,MarketOnClose,Filled,sell,-7,71.22166597,-498.55166179,1.0,
872,2021-10-01T14:00:00Z,2021-10-01T20:00:00Z,AVGO,MarketOnClose,Filled,sell,-11,44.611424433,-490.725668763,1.0,
873,2021-10-01T14:00:00Z,2021-10-01T20:00:00Z,FDX,MarketOnClose,Filled,buy,9,130.663900265755,1175.975102391795,1.0,
874,2021-10-01T14:00:00Z,2021-10-01T20:00:00Z,REGN,MarketOnClose,Filled,buy,1,565.453912606,565.453912606,1.0,
875,2021-10-01T14:00:00Z,2021-10-01T20:00:00Z,MMM,MarketOnClose,Filled,buy,4,103.669545489647,414.678181958588,1.0,
876,2021-10-01T14:00:00Z,2021-10-01T20:00:00Z,TGT,MarketOnClose,Filled,buy,2,195.45556116,390.91112232,1.0,
877,2021-10-01T14:00:00Z,2021-10-01T20:00:00Z,VRTX,MarketOnClose,Filled,buy,2,180.35,360.7,1.0,
878,2021-10-01T14:00:00Z,2021-10-01T20:00:00Z,UNH,MarketOnClose,Filled,buy,1,358.522556766,358.522556766,1.0,
879,2021-11-01T14:00:00Z,2021-11-01T20:00:00Z,UNH,MarketOnClose,Filled,sell,-3,414.873170382,-1244.619511146,1.0,
880,2021-11-01T14:00:00Z,2021-11-01T20:00:00Z,LOW,MarketOnClose,Filled,sell,-4,211.1208201,-844.4832804,1.0,
881,2021-11-01T14:00:00Z,2021-11-01T20:00:00Z,NFLX,MarketOnClose,Filled,sell,-10,68.117,-681.17,1.0,
882,2021-11-01T14:00:00Z,2021-11-01T20:00:00Z,TGT,MarketOnClose,Filled,sell,-3,220.683363012,-662.050089036,1.0,
883,2021-11-01T14:00:00Z,2021-11-01T20:00:00Z,AVGO,MarketOnClose,Filled,sell,-8,48.337052779,-386.696422232,1.0,
884,2021-11-01T14:00:00Z,2021-11-01T20:00:00Z,MO,MarketOnClose,Filled,buy,29,29.99955651,869.98713879,1.0,
885,2021-11-01T14:00:00Z,2021-11-01T20:00:00Z,INTC,MarketOnClose,Filled,buy,18,45.63903832,821.50268976,1.0,
886,2021-11-01T14:00:00Z,2021-11-01T20:00:00Z,LMT,MarketOnClose,Filled,buy,2,289.429267335,578.85853467,1.0,
887,2021-11-01T14:00:00Z,2021-11-01T20:00:00Z,PM,MarketOnClose,Filled,buy,7,75.806322282,530.644255974,1.0,
888,2021-11-01T14:00:00Z,2021-11-01T20:00:00Z,NOC,MarketOnClose,Filled,buy,1,327.18915862,327.18915862,1.0,
889,2021-11-02T04:00:00Z,2021-11-02T20:00:00Z,VRTX,MarketOnOpen,Filled,sell,-43,185.66,-7983.38,1.0,left universe
890,2021-12-01T05:00:00Z,,DELL,MarketOnOpen,Canceled,sell,-164,0.0,0.0,0.0,no valuation
891,2021-12-01T15:00:00Z,2021-12-01T21:00:00Z,CI,MarketOnClose,Filled,sell,-42,177.431667968,-7452.130054656,1.0,no valuation
892,2021-12-01T15:00:00Z,2021-12-01T21:00:00Z,DELL,MarketOnClose,Filled,sell,-164,50.59852612,-8298.15828368,1.0,no valuation
893,2021-12-01T15:00:00Z,2021-12-01T21:00:00Z,AVGO,MarketOnClose,Filled,sell,-11,50.7820535928,-558.6025895208,1.0,
894,2021-12-01T15:00:00Z,2021-12-01T21:00:00Z,LOW,MarketOnClose,Filled,sell,-2,223.528438524,-447.056877048,1.0,
895,2021-12-01T15:00:00Z,2021-12-01T21:00:00Z,MU,MarketOnClose,Filled,buy,98,83.149000545,8148.60205341,1.0,
896,2021-12-01T15:00:00Z,2021-12-01T21:00:00Z,FISV,MarketOnClose,Filled,buy,83,95.55,7930.65,1.0,
897,2021-12-01T15:00:00Z,2021-12-01T21:00:00Z,EMR,MarketOnClose,Filled,buy,100,79.034888229,7903.4888229,1.0,
898,2021-12-01T15:00:00Z,2021-12-01T21:00:00Z,HCA,MarketOnClose,Filled,buy,3,216.353718042,649.061154126,1.0,
899,2021-12-01T15:00:00Z,2021-12-01T21:00:00Z,PM,MarketOnClose,Filled,buy,8,70.491278277,563.930226216,1.0,
900,2021-12-01T15:00:00Z,2021-12-01T21:00:00Z,VZ,MarketOnClose,Filled,buy,11,36.716966433,403.886630763,1.0,
901,2021-12-01T15:00:00Z,2021-12-01T21:00:00Z,NFLX,MarketOnClose,Filled,buy,6,61.777,370.662,1.0,
902,2021-12-01T15:00:00Z,2021-12-01T21:00:00Z,MMM,MarketOnClose,Filled,buy,3,100.999476624354,302.998429873062,1.0,
903,2022-01-03T15:00:00Z,2022-01-03T21:00:00Z,LMT,MarketOnClose,Filled,sell,-28,312.543045752,-8751.205281056,1.0,reached implied value
904,2022-01-03T15:00:00Z,2022-01-03T21:00:00Z,MO,MarketOnClose,Filled,sell,-274,33.296523858,-9123.247537092,1.37,reached implied value
905,2022-01-03T15:00:00Z,2022-01-03T21:00:00Z,UNH,MarketOnClose,Filled,sell,-19,460.37779328,-8747.17807232,1.0,reached implied value
906,2022-01-03T15:00:00Z,2022-01-03T21:00:00Z,AVGO,MarketOnClose,Filled,sell,-17,61.107923842,-1038.834705314,1.0,
907,2022-01-03T15:00:00Z,2022-01-03T21:00:00Z,CVS,MarketOnClose,Filled,sell,-11,88.75405896,-976.29464856,1.0,
908,2022-01-03T15:00:00Z,2022-01-03T21:00:00Z,FDX,MarketOnClose,Filled,sell,-5,152.279600775576,-761.39800387788,1.0,
909,2022-01-03T15:00:00Z,2022-01-03T21:00:00Z,HCA,MarketOnClose,Filled,sell,-2,244.136807872,-488.273615744,1.0,
910,2022-01-03T15:00:00Z,2022-01-03T21:00:00Z,T,MarketOnClose,Filled,buy,611,14.6753032574311,8966.610290290402,3.055,
911,2022-01-03T15:00:00Z,2022-01-03T21:00:00Z,DUK,MarketOnClose,Filled,buy,99,85.944574474,8508.512872926,1.0,
912,2022-01-03T15:00:00Z,2022-01-03T21:00:00Z,DE,MarketOnClose,Filled,buy,26,329.813878223,8575.160833798,1.0,
913,2022-01-03T15:00:00Z,2022-01-03T21:00:00Z,TGT,MarketOnClose,Filled,buy,6,199.163074184,1194.978445104,1.0,
914,2022-01-03T15:00:00Z,2022-01-03T21:00:00Z,NFLX,MarketOnClose,Filled,buy,19,59.737,1135.003,1.0,
915,2022-01-03T15:00:00Z,2022-01-03T21:00:00Z,VZ,MarketOnClose,Filled,buy,10,38.686713276,386.86713276,1.0,
916,2022-01-03T15:00:00Z,2022-01-03T21:00:00Z,MMM,MarketOnClose,Filled,buy,3,105.140254042478,315.420762127434,1.0,
917,2022-02-01T15:00:00Z,2022-02-01T21:00:00Z,DG,MarketOnClose,Filled,sell,-40,193.025602,-7721.02408,1.0,reached implied value
918,2022-02-01T15:00:00Z,2022-02-01T21:00:00Z,PM,MarketOnClose,Filled,sell,-17,84.923899375,-1443.706289375,1.0,
919,2022-02-01T15:00:00Z,2022-02-01T21:00:00Z,DE,MarketOnClose,Filled,sell,-3,355.974031884,-1067.922095652,1.0,
920,2022-02-01T15:00:00Z,2022-02-01T21:00:00Z,T,MarketOnClose,Filled,sell,-56,14.3788112217141,-805.2134284159896,1.0,
921,2022-02-01T15:00:00Z,2022-02-01T21:00:00Z,VZ,MarketOnClose,Filled,sell,-17,39.72024784,-675.24421328,1.0,
922,2022-02-01T15:00:00Z,2022-02-01T21:00:00Z,CVS,MarketOnClose,Filled,sell,-7,91.03598296,-637.25188072,1.0,
923,2022-02-01T15:00:00Z,2022-02-01T21:00:00Z,FISV,MarketOnClose,Filled,sell,-5,108.66,-543.3,1.0,
924,2022-02-01T15:00:00Z,2022-02-01T21:00:00Z,JCI,MarketOnClose,Filled,buy,126,65.765446061,8286.446203686,1.0,
925,2022-02-01T15:00:00Z,2022-02-01T21:00:00Z,NFLX,MarketOnClose,Filled,buy,51,45.713,2331.363,1.0,
926,2022-02-01T15:00:00Z,2022-02-01T21:00:00Z,AVGO,MarketOnClose,Filled,buy,13,54.603944732,709.851281516,1.0,
927,2022-02-01T15:00:00Z,2022-02-01T21:00:00Z,LOW,MarketOnClose,Filled,buy,2,217.812790083,435.625580166,1.0,
928,2022-02-01T15:00:00Z,2022-02-01T21:00:00Z,MU,MarketOnClose,Filled,buy,5,79.620755175,398.103775875,1.0,
929,2022-03-01T15:00:00Z,2022-03-01T21:00:00Z,VZ,MarketOnClose,Filled,sell,-209,40.026362532,-8365.509769188,1.045,no valuation
930,2022-03-01T15:00:00Z,2022-03-01T21:00:00Z,NOC,MarketOnClose,Filled,sell,-6,424.06517796,-2544.39106776,1.0,
931,2022-03-01T15:00:00Z,2022-03-01T21:00:00Z,MU,MarketOnClose,Filled,sell,-10,84.32272979,-843.2272979,1.0,
932,2022-03-01T15:00:00Z,2022-03-01T21:00:00Z,EMR,MarketOnClose,Filled,sell,-5,81.940613703,-409.703068515,1.0,
933,2022-03-01T15:00:00Z,2022-03-01T21:00:00Z,F,MarketOnClose,Filled,buy,612,12.64980244,7741.67909328,3.06,
934,2022-03-01T15:00:00Z,2022-03-01T21:00:00Z,MMM,MarketOnClose,Filled,buy,9,86.4411177705571,777.9700599350139,1.0,
935,2022-03-01T15:00:00Z,2022-03-01T21:00:00Z,FDX,MarketOnClose,Filled,buy,6,126.576712445094,759.460274670564,1.0,
936,2022-03-01T15:00:00Z,2022-03-01T21:00:00Z,TGT,MarketOnClose,Filled,buy,4,189.32376965,757.2950786,1.0,
937,2022-03-01T15:00:00Z,2022-03-01T21:00:00Z,JCI,MarketOnClose,Filled,buy,11,56.916078198,626.076860178,1.0,
938,2022-03-01T15:00:00Z,2022-03-01T21:00:00Z,FISV,MarketOnClose,Filled,buy,5,97.06,485.3,1.0,
939,2022-03-01T15:00:00Z,2022-03-01T21:00:00Z,NFLX,MarketOnClose,Filled,buy,11,38.624,424.864,1.0,
940,2022-03-01T15:00:00Z,2022-03-01T21:00:00Z,T,MarketOnClose,Filled,buy,29,13.8547677332896,401.7882642653984,1.0,
941,2022-03-01T15:00:00Z,2022-03-01T21:00:00Z,LOW,MarketOnClose,Filled,buy,2,202.44862995,404.8972599,1.0,
942,2022-03-01T15:00:00Z,2022-03-01T21:00:00Z,DE,MarketOnClose,Filled,buy,1,337.858808445,337.858808445,1.0,
943,2022-04-01T04:00:00Z,,JCI,MarketOnOpen,Canceled,sell,-137,0.0,0.0,0.0,no valuation
944,2022-04-01T14:00:00Z,2022-04-01T20:00:00Z,JCI,MarketOnClose,Filled,sell,-137,60.800237932,-8329.632596684,1.0,no valuation
945,2022-04-01T14:00:00Z,2022-04-01T20:00:00Z,DE,MarketOnClose,Filled,sell,-3,393.63879912,-1180.91639736,1.0,
946,2022-04-01T14:00:00Z,2022-04-01T20:00:00Z,DUK,MarketOnClose,Filled,sell,-11,94.61270328,-1040.73973608,1.0,
947,2022-04-01T14:00:00Z,2022-04-01T20:00:00Z,AVGO,MarketOnClose,Filled,sell,-12,58.1507146936,-697.8085763232,1.0,
948,2022-04-01T14:00:00Z,2022-04-01T20:00:00Z,REGN,MarketOnClose,Filled,sell,-1,688.334312262,-688.334312262,1.0,
949,2022-04-01T14:00:00Z,2022-04-01T20:00:00Z,GILD,MarketOnClose,Filled,buy,163,51.086482434,8327.096636742,1.0,
950,2022-04-01T14:00:00Z,2022-04-01T20:00:00Z,MU,MarketOnClose,Filled,buy,16,74.46911147,1191.50578352,1.0,
951,2022-04-01T14:00:00Z,2022-04-01T20:00:00Z,LOW,MarketOnClose,Filled,buy,5,185.009714106,925.04857053,1.0,
952,2022-04-01T14:00:00Z,2022-04-01T20:00:00Z,PM,MarketOnClose,Filled,buy,8,80.67914691,645.43317528,1.0,
953,2022-04-01T14:00:00Z,2022-04-01T20:00:00Z,NFLX,MarketOnClose,Filled,buy,16,37.347,597.552,1.0,
954,2022-04-01T14:00:00Z,2022-04-01T20:00:00Z,F,MarketOnClose,Filled,buy,37,12.61192878,466.64136486,1.0,
955,2022-04-01T14:00:00Z,2022-04-01T20:00:00Z,NOC,MarketOnClose,Filled,buy,1,422.847187644,422.847187644,1.0,
956,2022-04-01T14:00:00Z,2022-04-01T20:00:00Z,CVS,MarketOnClose,Filled,buy,4,86.59854632,346.39418528,1.0,
957,2022-05-02T14:00:00Z,2022-05-02T20:00:00Z,TGT,MarketOnClose,Filled,sell,-8,198.2496614,-1585.9972912,1.0,
958,2022-05-02T14:00:00Z,2022-05-02T20:00:00Z,PM,MarketOnClose,Filled,sell,-14,82.171352665,-1150.39893731,1.0,
959,2022-05-02T14:00:00Z,2022-05-02T20:00:00Z,T,MarketOnClose,Filled,sell,-67,15.1202394,-1013.0560398,1.0,
960,2022-05-02T14:00:00Z,2022-05-02T20:00:00Z,NOC,MarketOnClose,Filled,sell,-2,407.812910232,-815.625820464,1.0,
961,2022-05-02T14:00:00Z,2022-05-02T20:00:00Z,GILD,MarketOnClose,Filled,sell,-12,51.634418562,-619.613022744,1.0,
962,2022-05-02T14:00:00Z,2022-05-02T20:00:00Z,LOW,MarketOnClose,Filled,sell,-3,186.299719074,-558.899157222,1.0,
963,2022-05-02T14:00:00Z,2022-05-02T20:00:00Z,FISV,MarketOnClose,Filled,sell,-5,97.13,-485.65,1.0,
964,2022-05-02T14:00:00Z,2022-05-02T20:00:00Z,DUK,MarketOnClose,Filled,sell,-5,91.190541672,-455.95270836,1.0,
965,2022-05-02T14:00:00Z,2022-05-02T20:00:00Z,NFLX,MarketOnClose,Filled,buy,183,19.946,3650.118,1.0,
966,2022-05-02T14:00:00Z,2022-05-02T20:00:00Z,F,MarketOnClose,Filled,buy,65,10.888684212,707.76447378,1.0,
967,2022-05-02T14:00:00Z,2022-05-02T20:00:00Z,HCA,MarketOnClose,Filled,buy,2,202.995247044,405.990494088,1.0,
968,2022-05-02T14:00:00Z,2022-05-02T20:00:00Z,MU,MarketOnClose,Filled,buy,6,69.10873738,414.65242428,1.0,
969,2022-05-02T14:00:00Z,2022-05-02T20:00:00Z,AVGO,MarketOnClose,Filled,buy,7,53.454917882,374.184425174,1.0,
970,2022-05-02T14:00:00Z,2022-05-02T20:00:00Z,FDX,MarketOnClose,Filled,buy,3,116.428627658092,349.285882974276,1.0,
971,2022-06-01T14:00:00Z,2022-06-01T20:00:00Z,T,MarketOnClose,Filled,sell,-52,16.78093515,-872.6086278,1.0,
972,2022-06-01T14:00:00Z,2022-06-01T20:00:00Z,FDX,MarketOnClose,Filled,sell,-6,129.229216841759,-775.375301050554,1.0,
973,2022-06-01T14:00:00Z,2022-06-01T20:00:00Z,GILD,MarketOnClose,Filled,sell,-10,55.452848454,-554.52848454,1.0,
974,2022-06-01T14:00:00Z,2022-06-01T20:00:00Z,MU,MarketOnClose,Filled,sell,-7,71.996425415,-503.974977905,1.0,
975,2022-06-01T14:00:00Z,2022-06-01T20:00:00Z,MMM,MarketOnClose,Filled,sell,-4,88.3342431880966,-353.3369727523864,1.0,
976,2022-06-01T14:00:00Z,2022-06-01T20:00:00Z,TGT,MarketOnClose,Filled,buy,16,135.56597538,2169.05560608,1.0,
977,2022-06-01T14:00:00Z,2022-06-01T20:00:00Z,DE,MarketOnClose,Filled,buy,2,332.581341435,665.16268287,1.0,
978,2022-06-01T14:00:00Z,2022-06-01T20:00:00Z,F,MarketOnClose,Filled,buy,38,10.332049795,392.61789221,1.0,
979,2022-06-01T14:00:00Z,2022-06-01T20:00:00Z,HCA,MarketOnClose,Filled,buy,1,199.26888519,199.26888519,1.0,
980,2022-06-01T14:00:00Z,2022-06-01T20:00:00Z,LOW,MarketOnClose,Filled,buy,1,176.003266446,176.003266446,1.0,
981,2022-07-01T14:00:00Z,2022-07-01T20:00:00Z,NOC,MarketOnClose,Filled,sell,-3,453.888995475,-1361.666986425,1.0,
982,2022-07-01T14:00:00Z,2022-07-01T20:00:00Z,FDX,MarketOnClose,Filled,sell,-7,132.818182150818,-929.727275055726,1.0,
983,2022-07-01T14:00:00Z,2022-07-01T20:00:00Z,T,MarketOnClose,Filled,sell,-42,16.8560618625,-707.954598225,1.0,
984,2022-07-01T14:00:00Z,2022-07-01T20:00:00Z,PM,MarketOnClose,Filled,sell,-7,83.13003234,-581.91022638,1.0,
985,2022-07-01T14:00:00Z,2022-07-01T20:00:00Z,CVS,MarketOnClose,Filled,sell,-7,80.890710054,-566.234970378,1.0,
986,2022-07-01T14:00:00Z,2022-07-01T20:00:00Z,DUK,MarketOnClose,Filled,sell,-6,92.810741,-556.864446,1.0,
987,2022-07-01T14:00:00Z,2022-07-01T20:00:00Z,GILD,MarketOnClose,Filled,sell,-10,54.056666224,-540.56666224,1.0,
988,2022-07-01T14:00:00Z,2022-07-01T20:00:00Z,MU,MarketOnClose,Filled,buy,21,52.516767145,1102.852110045,1.0,
989,2022-07-01T14:00:00Z,2022-07-01T20:00:00Z,HCA,MarketOnClose,Filled,buy,5,169.090681578,845.45340789,1.0,
990,2022-07-01T14:00:00Z,2022-07-01T20:00:00Z,F,MarketOnClose,Filled,buy,75,8.6278334635,647.0875097625,1.0,
991,2022-07-01T14:00:00Z,2022-07-01T20:00:00Z,INTC,MarketOnClose,Filled,buy,17,34.229325558,581.898534486,1.0,
992,2022-07-01T14:00:00Z,2022-07-01T20:00:00Z,DE,MarketOnClose,Filled,buy,1,285.913719665,285.913719665,1.0,
993,2022-07-01T14:00:00Z,2022-07-01T20:00:00Z,TGT,MarketOnClose,Filled,buy,2,123.295327848,246.590655696,1.0,
994,2022-08-01T14:00:00Z,2022-08-01T20:00:00Z,FDX,MarketOnClose,Filled,sell,-52,141.187254135546,-7341.737215048392,1.0,no valuation
995,2022-08-01T14:00:00Z,2022-08-01T20:00:00Z,F,MarketOnClose,Filled,sell,-143,11.689322757,-1671.573154251,1.0,
996,2022-08-01T14:00:00Z,2022-08-01T20:00:00Z,NFLX,MarketOnClose,Filled,sell,-64,22.621,-1447.744,1.0,
997,2022-08-01T14:00:00Z,2022-08-01T20:00:00Z,HCA,MarketOnClose,Filled,sell,-6,203.718243183,-1222.309459098,1.0,
998,2022-08-01T14:00:00Z,2022-08-01T20:00:00Z,FISV,MarketOnClose,Filled,sell,-6,106.13,-636.78,1.0,
999,2022-08-01T14:00:00Z,2022-08-01T20:00:00Z,TGT,MarketOnClose,Filled,sell,-3,143.35961178,-430.07883534,1.0,
1000,2022-08-01T14:00:00Z,2022-08-01T20:00:00Z,FCX,MarketOnClose,Filled,buy,255,28.490917384,7265.18393292,1.275,
1001,2022-08-01T14:00:00Z,2022-08-01T20:00:00Z,T,MarketOnClose,Filled,buy,86,15.000734736,1290.063187296,1.0,
1002,2022-08-01T14:00:00Z,2022-08-01T20:00:00Z,NOC,MarketOnClose,Filled,buy,2,443.866239525,887.73247905,1.0,
1003,2022-08-01T14:00:00Z,2022-08-01T20:00:00Z,GILD,MarketOnClose,Filled,buy,17,51.66416464,878.29079888,1.0,
1004,2022-08-01T14:00:00Z,2022-08-01T20:00:00Z,INTC,MarketOnClose,Filled,buy,25,34.813315152,870.3328788,1.0,
1005,2022-08-01T14:00:00Z,2022-08-01T20:00:00Z,PM,MarketOnClose,Filled,buy,9,82.09632556,738.86693004,1.0,
1006,2022-08-01T14:00:00Z,2022-08-01T20:00:00Z,REGN,MarketOnClose,Filled,buy,1,571.288849352,571.288849352,1.0,
1007,2022-08-01T14:00:00Z,2022-08-01T20:00:00Z,DUK,MarketOnClose,Filled,buy,5,92.9715475,464.8577375,1.0,
1008,2022-08-01T14:00:00Z,2022-08-01T20:00:00Z,CVS,MarketOnClose,Filled,buy,4,83.162480308,332.649921232,1.0,
1009,2022-09-01T14:00:00Z,2022-09-01T20:00:00Z,DE,MarketOnClose,Filled,sell,-3,344.815946035,-1034.447838105,1.0,
1010,2022-09-01T14:00:00Z,2022-09-01T20:00:00Z,GILD,MarketOnClose,Filled,sell,-12,56.30180358,-675.62164296,1.0,
1011,2022-09-01T14:00:00Z,2022-09-01T20:00:00Z,F,MarketOnClose,Filled,sell,-47,11.694238793,-549.629223271,1.0,
1012,2022-09-01T14:00:00Z,2022-09-01T20:00:00Z,CVS,MarketOnClose,Filled,sell,-4,86.548913322,-346.195653288,1.0,
1013,2022-09-01T14:00:00Z,2022-09-01T20:00:00Z,MMM,MarketOnClose,Filled,buy,11,76.5695731166191,842.2653042828101,1.0,
1014,2022-09-01T14:00:00Z,2022-09-01T20:00:00Z,INTC,MarketOnClose,Filled,buy,22,30.217346928,664.781632416,1.0,
1015,2022-09-01T14:00:00Z,2022-09-01T20:00:00Z,AVGO,MarketOnClose,Filled,buy,11,46.0109203223,506.1201235453,1.0,
1016,2022-09-01T14:00:00Z,2022-09-01T20:00:00Z,HCA,MarketOnClose,Filled,buy,2,192.649014285,385.29802857,1.0,
1017,2022-09-01T14:00:00Z,2022-09-01T20:00:00Z,MU,MarketOnClose,Filled,buy,6,56.209298409,337.255790454,1.0,
1018,2022-09-01T14:00:00Z,2022-09-01T20:00:00Z,T,MarketOnClose,Filled,buy,23,14.02312275,322.53182325,1.0,
1019,2022-09-01T14:00:00Z,2022-09-01T20:00:00Z,FCX,MarketOnClose,Filled,buy,11,26.685288864,293.538177504,1.0,
1020,2022-10-03T14:00:00Z,2022-10-03T20:00:00Z,REGN,MarketOnClose,Filled,sell,-3,728.257563682,-2184.772691046,1.0,
1021,2022-10-03T14:00:00Z,2022-10-03T20:00:00Z,NFLX,MarketOnClose,Filled,sell,-47,23.904,-1123.488,1.0,
1022,2022-10-03T14:00:00Z,2022-10-03T20:00:00Z,NOC,MarketOnClose,Filled,sell,-2,454.864452169,-909.728904338,1.0,
1023,2022-10-03T14:00:00Z,2022-10-03T20:00:00Z,LOW,MarketOnClose,Filled,sell,-3,179.015553101,-537.046659303,1.0,
1024,2022-10-03T14:00:00Z,2022-10-03T20:00:00Z,GILD,MarketOnClose,Filled,sell,-8,54.634641512,-437.077132096,1.0,
1025,2022-10-03T14:00:00Z,2022-10-03T20:00:00Z,CVS,MarketOnClose,Filled,sell,-5,84.669486304,-423.34743152,1.0,
1026,2022-10-03T14:00:00Z,2022-10-03T20:00:00Z,F,MarketOnClose,Filled,buy,165,8.829400577,1456.851095205,1.0,
1027,2022-10-03T14:00:00Z,2022-10-03T20:00:00Z,INTC,MarketOnClose,Filled,buy,36,25.660007766,923.760279576,1.0,
1028,2022-10-03T14:00:00Z,2022-10-03T20:00:00Z,EMR,MarketOnClose,Filled,buy,7,69.99483522,489.96384654,1.0,
1029,2022-10-03T14:00:00Z,2022-10-03T20:00:00Z,DUK,MarketOnClose,Filled,buy,5,81.426071835,407.130359175,1.0,
1030,2022-10-03T14:00:00Z,2022-10-03T20:00:00Z,T,MarketOnClose,Filled,buy,31,12.74100867,394.97126877,1.0,
1031,2022-10-03T14:00:00Z,2022-10-03T20:00:00Z,MU,MarketOnClose,Filled,buy,6,50.726660508,304.359963048,1.0,
1032,2022-10-03T14:00:00Z,2022-10-03T20:00:00Z,PM,MarketOnClose,Filled,buy,4,71.896572308,287.586289232,1.0,
1033,2022-10-03T14:00:00Z,2022-10-03T20:00:00Z,MMM,MarketOnClose,Filled,buy,4,69.0058669765471,276.0234679061884,1.0,
1034,2022-11-01T14:00:00Z,2022-11-01T20:00:00Z,GILD,MarketOnClose,Filled,sell,-15,69.555719794,-1043.33579691,1.0,
1035,2022-11-01T14:00:00Z,2022-11-01T20:00:00Z,NFLX,MarketOnClose,Filled,sell,-26,28.675,-745.55,1.0,
1036,2022-11-01T14:00:00Z,2022-11-01T20:00:00Z,T,MarketOnClose,Filled,sell,-37,14.960857491,-553.551727167,1.0,
1037,2022-11-01T14:00:00Z,2022-11-01T20:00:00Z,F,MarketOnClose,Filled,sell,-43,10.311877342,-443.410725706,1.0,
1038,2022-11-01T14:00:00Z,2022-11-01T20:00:00Z,HCA,MarketOnClose,Filled,sell,-2,214.164250209,-428.328500418,1.0,
1039,2022-11-01T14:00:00Z,2022-11-01T20:00:00Z,EMR,MarketOnClose,Filled,sell,-5,79.52021126,-397.6010563,1.0,
1040,2022-11-01T14:00:00Z,2022-11-01T20:00:00Z,CVS,MarketOnClose,Filled,buy,11,82.444648494,906.891133434,1.0,
1041,2022-11-01T14:00:00Z,2022-11-01T20:00:00Z,DUK,MarketOnClose,Filled,buy,11,80.059432635,880.653758985,1.0,
1042,2022-11-01T14:00:00Z,2022-11-01T20:00:00Z,AVGO,MarketOnClose,Filled,buy,16,44.123147802,705.970364832,1.0,
1043,2022-11-01T14:00:00Z,2022-11-01T20:00:00Z,LOW,MarketOnClose,Filled,buy,3,179.59953536,538.79860608,1.0,
1044,2022-11-01T14:00:00Z,2022-11-01T20:00:00Z,FISV,MarketOnClose,Filled,buy,4,104.02,416.08,1.0,
1045,2022-11-01T14:00:00Z,2022-11-01T20:00:00Z,MU,MarketOnClose,Filled,buy,6,53.919880638,323.519283828,1.0,
1046,2022-12-01T15:00:00Z,2022-12-01T21:00:00Z,FCX,MarketOnClose,Filled,sell,-44,37.702636302,-1658.915997288,1.0,
1047,2022-12-01T15:00:00Z,2022-12-01T21:00:00Z,AVGO,MarketOnClose,Filled,sell,-14,51.935934285,-727.10307999,1.0,
1048,2022-12-01T15:00:00Z,2022-12-01T21:00:00Z,DE,MarketOnClose,Filled,sell,-1,420.162326163,-420.162326163,1.0,
1049,2022-12-01T15:00:00Z,2022-12-01T21:00:00Z,REGN,MarketOnClose,Filled,buy,1,754.123471736,754.123471736,1.0,
1050,2022-12-01T15:00:00Z,2022-12-01T21:00:00Z,NOC,MarketOnClose,Filled,buy,1,498.27300877,498.27300877,1.0,
1051,2022-12-01T15:00:00Z,2022-12-01T21:00:00Z,MMM,MarketOnClose,Filled,buy,6,77.7004630796926,466.2027784781556,1.0,
1052,2022-12-01T15:00:00Z,2022-12-01T21:00:00Z,TGT,MarketOnClose,Filled,buy,3,144.750909748,434.252729244,1.0,
1053,2022-12-01T15:00:00Z,2022-12-01T21:00:00Z,FISV,MarketOnClose,Filled,buy,4,105.03,420.12,1.0,
1054,2023-01-03T15:00:00Z,2023-01-03T21:00:00Z,DUK,MarketOnClose,Filled,sell,-8,89.49363924,-715.94911392,1.0,
1055,2023-01-03T15:00:00Z,2023-01-03T21:00:00Z,HCA,MarketOnClose,Filled,sell,-3,236.093383548,-708.280150644,1.0,
1056,2023-01-03T15:00:00Z,2023-01-03T21:00:00Z,EMR,MarketOnClose,Filled,sell,-7,89.52792121,-626.69544847,1.0,
1057,2023-01-03T15:00:00Z,2023-01-03T21:00:00Z,AVGO,MarketOnClose,Filled,sell,-11,52.628863456,-578.917498016,1.0,
1058,2023-01-03T15:00:00Z,2023-01-03T21:00:00Z,GILD,MarketOnClose,Filled,sell,-7,75.480481961,-528.363373727,1.0,
1059,2023-01-03T15:00:00Z,2023-01-03T21:00:00Z,PM,MarketOnClose,Filled,sell,-5,86.74518561,-433.72592805,1.0,
1060,2023-01-03T15:00:00Z,2023-01-03T21:00:00Z,F,MarketOnClose,Filled,buy,133,9.085109065,1208.319505645,1.0,
1061,2023-01-03T15:00:00Z,2023-01-03T21:00:00Z,INTC,MarketOnClose,Filled,buy,35,25.775145594,902.13009579,1.0,
1062,2023-01-03T15:00:00Z,2023-01-03T21:00:00Z,MU,MarketOnClose,Filled,buy,17,49.619481963,843.531193371,1.0,
1063,2023-01-03T15:00:00Z,2023-01-03T21:00:00Z,TGT,MarketOnClose,Filled,buy,4,133.01861527,532.07446108,1.0,
1064,2023-01-03T15:00:00Z,2023-01-03T21:00:00Z,CVS,MarketOnClose,Filled,buy,5,80.954684967,404.773424835,1.0,
1065,2023-02-01T15:00:00Z,2023-02-01T21:00:00Z,GILD,MarketOnClose,Filled,sell,-106,74.2517916,-7870.6899096,1.0,reached implied value
1066,2023-02-01T15:00:00Z,2023-02-01T21:00:00Z,INTC,MarketOnClose,Filled,sell,-317,28.031555646,-8886.003139782,1.585,no valuation
1067,2023-02-01T15:00:00Z,2023-02-01T21:00:00Z,LOW,MarketOnClose,Filled,sell,-43,199.186963524,-8565.039431532,1.0,reached implied value
1068,2023-02-01T15:00:00Z,2023-02-01T21:00:00Z,NOC,MarketOnClose,Filled,sell,-16,415.860175281,-6653.762804496,1.0,reached implied value
1069,2023-02-01T15:00:00Z,2023-02-01T21:00:00Z,PM,MarketOnClose,Filled,sell,-93,90.247533183,-8393.020586019,1.0,reached implied value
1070,2023-02-01T15:00:00Z,2023-02-01T21:00:00Z,MU,MarketOnClose,Filled,sell,-22,61.66725374,-1356.67958228,1.0,
1071,2023-02-01T15:00:00Z,2023-02-01T21:00:00Z,NFLX,MarketOnClose,Filled,sell,-29,36.199,-1049.771,1.0,
1072,2023-02-01T15:00:00Z,2023-02-01T21:00:00Z,FCX,MarketOnClose,Filled,sell,-24,42.8514762775,-1028.43543066,1.0,
1073,2023-02-01T15:00:00Z,2023-02-01T21:00:00Z,F,MarketOnClose,Filled,sell,-85,10.73871564,-912.7908294,1.0,
1074,2023-02-01T15:00:00Z,2023-02-01T21:00:00Z,TGT,MarketOnClose,Filled,sell,-5,155.273146948,-776.36573474,1.0,
1075,2023-02-01T15:00:00Z,2023-02-01T21:00:00Z,T,MarketOnClose,Filled,sell,-23,16.702835694,-384.165220962,1.0,
1076,2023-02-01T15:00:00Z,2023-02-01T21:00:00Z,EPD,MarketOnClose,Filled,buy,422,20.152767768,8504.467998096,2.11,
1077,2023-02-01T15:00:00Z,2023-02-01T21:00:00Z,PFE,MarketOnClose,Filled,buy,238,35.480517558,8444.363178804,1.19,
1078,2023-02-01T15:00:00Z,2023-02-01T21:00:00Z,OXY,MarketOnClose,Filled,buy,139,59.5862791,8282.4927949,1.0,
1079,2023-02-01T15:00:00Z,2023-02-01T21:00:00Z,MPC,MarketOnClose,Filled,buy,71,113.870797959,8084.826655089,1.0,
1080,2023-02-01T15:00:00Z,2023-02-01T21:00:00Z,COP,MarketOnClose,Filled,buy,78,104.43629284,8146.03084152,1.0,
1081,2023-02-01T15:00:00Z,2023-02-01T21:00:00Z,EMR,MarketOnClose,Filled,buy,10,85.38095286,853.8095286,1.0,
1082,2023-02-01T15:00:00Z,2023-02-01T21:00:00Z,MMM,MarketOnClose,Filled,buy,11,71.4602544742924,786.0627992172164,1.0,
1083,2023-02-01T15:00:00Z,2023-02-01T21:00:00Z,CVS,MarketOnClose,Filled,buy,10,76.758634082,767.58634082,1.0,
1084,2023-02-01T15:00:00Z,2023-02-01T21:00:00Z,DUK,MarketOnClose,Filled,buy,5,88.50118326,442.5059163,1.0,
1085,2023-02-01T15:00:00Z,2023-02-01T21:00:00Z,DE,MarketOnClose,Filled,buy,1,407.204393574,407.204393574,1.0,
1086,2023-03-01T15:00:00Z,2023-03-01T21:00:00Z,CVS,MarketOnClose,Filled,sell,-109,72.354378246,-7886.627228814,1.0,reached implied value
1087,2023-03-01T15:00:00Z,2023-03-01T21:00:00Z,REGN,MarketOnClose,Filled,sell,-11,763.237464616,-8395.612110776,1.0,reached implied value
1088,2023-03-01T15:00:00Z,2023-03-01T21:00:00Z,DUK,MarketOnClose,Filled,sell,-95,80.156270856,-7614.84573132,1.0,no valuation
1089,2023-03-01T15:00:00Z,2023-03-01T21:00:00Z,F,MarketOnClose,Filled,sell,-807,9.702696474,-7830.076054518,4.035,no valuation
1090,2023-03-01T15:00:00Z,2023-03-01T21:00:00Z,T,MarketOnClose,Filled,sell,-503,15.437093316,-7764.857937948,2.515,no valuation
1091,2023-03-01T15:00:00Z,2023-03-01T21:00:00Z,FISV,MarketOnClose,Filled,sell,-10,115.81,-1158.1,1.0,
1092,2023-03-01T15:00:00Z,2023-03-01T21:00:00Z,AVGO,MarketOnClose,Filled,sell,-7,56.440909304,-395.086365128,1.0,
1093,2023-03-01T15:00:00Z,2023-03-01T21:00:00Z,XOM,MarketOnClose,Filled,buy,83,98.83521054,8203.32247482,1.0,
1094,2023-03-01T15:00:00Z,2023-03-01T21:00:00Z,VLO,MarketOnClose,Filled,buy,68,126.08321865,8573.6588682,1.0,
1095,2023-03-01T15:00:00Z,2023-03-01T21:00:00Z,PSX,MarketOnClose,Filled,buy,89,95.189677128,8471.881264392,1.0,
1096,2023-03-01T15:00:00Z,2023-03-01T21:00:00Z,CVX,MarketOnClose,Filled,buy,58,140.234727936,8133.614220288,1.0,
1097,2023-03-01T15:00:00Z,2023-03-01T21:00:00Z,EOG,MarketOnClose,Filled,buy,81,103.728299989,8401.992299109,1.0,
1098,2023-03-01T15:00:00Z,2023-03-01T21:00:00Z,COP,MarketOnClose,Filled,buy,10,94.696343125,946.96343125,1.0,
1099,2023-03-01T15:00:00Z,2023-03-01T21:00:00Z,OXY,MarketOnClose,Filled,buy,9,56.029869686,504.268827174,1.0,
1100,2023-03-01T15:00:00Z,2023-03-01T21:00:00Z,NFLX,MarketOnClose,Filled,buy,13,31.348,407.524,1.0,
1101,2023-03-01T15:00:00Z,2023-03-01T21:00:00Z,EMR,MarketOnClose,Filled,buy,5,77.869721802,389.34860901,1.0,
1102,2023-03-01T15:00:00Z,2023-03-01T21:00:00Z,FCX,MarketOnClose,Filled,buy,9,41.1068261,369.9614349,1.0,
1103,2023-03-01T15:00:00Z,2023-03-01T21:00:00Z,PFE,MarketOnClose,Filled,buy,10,32.422964999,324.22964999,1.0,
1104,2023-04-03T14:00:00Z,2023-04-03T20:00:00Z,TGT,MarketOnClose,Filled,sell,-56,146.51441676,-8204.80733856,1.0,no valuation
1105,2023-04-03T14:00:00Z,2023-04-03T20:00:00Z,MPC,MarketOnClose,Filled,sell,-6,126.339870528,-758.039223168,1.0,
1106,2023-04-03T14:00:00Z,2023-04-03T20:00:00Z,AVGO,MarketOnClose,Filled,sell,-10,61.5303734273,-615.303734273,1.0,
1107,2023-04-03T14:00:00Z,2023-04-03T20:00:00Z,HCA,MarketOnClose,Filled,sell,-2,257.053620512,-514.107241024,1.0,
1108,2023-04-03T14:00:00Z,2023-04-03T20:00:00Z,OXY,MarketOnClose,Filled,sell,-8,61.340389596,-490.723116768,1.0,
1109,2023-04-03T14:00:00Z,2023-04-03T20:00:00Z,NFLX,MarketOnClose,Filled,sell,-13,34.828,-452.764,1.0,
1110,2023-04-03T14:00:00Z,2023-04-03T20:00:00Z,VZ,MarketOnClose,Filled,buy,269,30.996719068,8338.117429292,1.345,
1111,2023-04-03T14:00:00Z,2023-04-03T20:00:00Z,MMM,MarketOnClose,Filled,buy,7,65.3150972182383,457.2056805276681,1.0,
1112,2023-04-03T14:00:00Z,2023-04-03T20:00:00Z,COP,MarketOnClose,Filled,buy,4,97.22883339,388.91533356,1.0,
1113,2023-04-03T14:00:00Z,2023-04-03T20:00:00Z,FISV,MarketOnClose,Filled,buy,3,112.83,338.49,1.0,
1114,2023-05-01T14:00:00Z,2023-05-01T20:00:00Z,HCA,MarketOnClose,Filled,sell,-32,276.369619782,-8843.827833024,1.0,reached implied value
1115,2023-05-01T14:00:00Z,2023-05-01T20:00:00Z,MU,MarketOnClose,Filled,sell,-13,61.545105145,-800.086366885,1.0,
1116,2023-05-01T14:00:00Z,2023-05-01T20:00:00Z,FISV,MarketOnClose,Filled,sell,-6,121.44,-728.64,1.0,
1117,2023-05-01T14:00:00Z,2023-05-01T20:00:00Z,EPD,MarketOnClose,Filled,sell,-32,21.02621091,-672.83874912,1.0,
1118,2023-05-01T14:00:00Z,2023-05-01T20:00:00Z,XOM,MarketOnClose,Filled,sell,-6,102.1721909175,-613.033145505,1.0,
1119,2023-05-01T14:00:00Z,2023-05-01T20:00:00Z,EOG,MarketOnClose,Filled,sell,-5,105.960575416,-529.80287708,1.0,
1120,2023-05-01T14:00:00Z,2023-05-01T20:00:00Z,QCOM,MarketOnClose,Filled,buy,76,107.201834368,8147.339411968,1.0,
1121,2023-05-01T14:00:00Z,2023-05-01T20:00:00Z,VLO,MarketOnClose,Filled,buy,11,104.46740085,1149.14140935,1.0,
1122,2023-05-01T14:00:00Z,2023-05-01T20:00:00Z,MPC,MarketOnClose,Filled,buy,7,114.063554592,798.444882144,1.0,
1123,2023-05-01T14:00:00Z,2023-05-01T20:00:00Z,FCX,MarketOnClose,Filled,buy,18,36.095362974,649.716533532,1.0,
1124,2023-05-01T14:00:00Z,2023-05-01T20:00:00Z,PFE,MarketOnClose,Filled,buy,13,31.608155478,410.906021214,1.0,
1125,2023-05-01T14:00:00Z,2023-05-01T20:00:00Z,DE,MarketOnClose,Filled,buy,1,365.553645944,365.553645944,1.0,
1126,2023-05-01T14:00:00Z,2023-05-01T20:00:00Z,PSX,MarketOnClose,Filled,buy,4,87.34300848,349.37203392,1.0,
1127,2023-05-01T14:00:00Z,2023-05-01T20:00:00Z,NFLX,MarketOnClose,Filled,buy,10,32.412,324.12,1.0,
1128,2023-05-02T04:00:00Z,2023-05-02T20:00:00Z,VLO,MarketOnOpen,Filled,sell,-79,103.3540233,-8164.9678407,1.0,left universe
1129,2023-06-01T04:00:00Z,,PSX,MarketOnOpen,Canceled,sell,-93,0.0,0.0,0.0,no valuation
1130,2023-06-01T14:00:00Z,2023-06-01T20:00:00Z,PSX,MarketOnClose,Filled,sell,-93,83.50485656,-7765.95166008,1.0,no valuation
1131,2023-06-01T14:00:00Z,2023-06-01T20:00:00Z,AVGO,MarketOnClose,Filled,sell,-32,75.6547675205,-2420.952560656,1.0,
1132,2023-06-01T14:00:00Z,2023-06-01T20:00:00Z,NFLX,MarketOnClose,Filled,sell,-49,40.313,-1975.337,1.0,
1133,2023-06-01T14:00:00Z,2023-06-01T20:00:00Z,MU,MarketOnClose,Filled,sell,-12,68.198096463,-818.377157556,1.0,
1134,2023-06-01T14:00:00Z,2023-06-01T20:00:00Z,CI,MarketOnClose,Filled,buy,34,236.899556173,8054.584909882,1.0,
1135,2023-06-01T14:00:00Z,2023-06-01T20:00:00Z,MCK,MarketOnClose,Filled,buy,20,383.537628019,7670.75256038,1.0,
1136,2023-06-01T14:00:00Z,2023-06-01T20:00:00Z,XOM,MarketOnClose,Filled,buy,9,92.907043655,836.163392895,1.0,
1137,2023-06-01T14:00:00Z,2023-06-01T20:00:00Z,MPC,MarketOnClose,Filled,buy,8,99.284123736,794.272989888,1.0,
1138,2023-06-01T14:00:00Z,2023-06-01T20:00:00Z,EOG,MarketOnClose,Filled,buy,6,96.591674235,579.55004541,1.0,
1139,2023-06-01T14:00:00Z,2023-06-01T20:00:00Z,FCX,MarketOnClose,Filled,buy,15,34.032496669,510.487450035,1.0,
1140,2023-06-01T14:00:00Z,2023-06-01T20:00:00Z,MMM,MarketOnClose,Filled,buy,8,59.8192163867307,478.5537310938456,1.0,
1141,2023-06-01T14:00:00Z,2023-06-01T20:00:00Z,FISV,MarketOnClose,Filled,buy,3,112.75,338.25,1.0,
1142,2023-06-01T14:00:00Z,2023-06-01T20:00:00Z,DE,MarketOnClose,Filled,buy,1,337.284750734,337.284750734,1.0,
1143,2023-06-01T14:00:00Z,2023-06-01T20:00:00Z,OXY,MarketOnClose,Filled,buy,6,54.696278664,328.177671984,1.0,
1144,2023-07-03T14:00:00Z,2023-07-03T17:00:00Z,DE,MarketOnClose,Filled,sell,-2,390.204791095,-780.40958219,1.0,
1145,2023-07-03T14:00:00Z,2023-07-03T17:00:00Z,FCX,MarketOnClose,Filled,sell,-19,39.117701979,-743.236337601,1.0,
1146,2023-07-03T14:00:00Z,2023-07-03T17:00:00Z,CI,MarketOnClose,Filled,sell,-2,263.168752077,-526.337504154,1.0,
1147,2023-07-03T14:00:00Z,2023-07-03T17:00:00Z,EMR,MarketOnClose,Filled,sell,-6,85.685019036,-514.110114216,1.0,
1148,2023-07-03T14:00:00Z,2023-07-03T17:00:00Z,MU,MarketOnClose,Filled,buy,19,63.084966637,1198.614366103,1.0,
1149,2023-07-03T14:00:00Z,2023-07-03T17:00:00Z,PFE,MarketOnClose,Filled,buy,23,29.870728371,687.026752533,1.0,
1150,2023-07-03T14:00:00Z,2023-07-03T17:00:00Z,VZ,MarketOnClose,Filled,buy,15,29.9627619755,449.4414296325,1.0,
1151,2023-07-03T14:00:00Z,2023-07-03T17:00:00Z,CVX,MarketOnClose,Filled,buy,3,137.25698178,411.77094534,1.0,
1152,2023-07-03T14:00:00Z,2023-07-03T17:00:00Z,OXY,MarketOnClose,Filled,buy,7,55.861309878,391.029169146,1.0,
1153,2023-08-01T14:00:00Z,2023-08-01T20:00:00Z,MPC,MarketOnClose,Filled,sell,-9,126.545760432,-1138.911843888,1.0,
1154,2023-08-01T14:00:00Z,2023-08-01T20:00:00Z,COP,MarketOnClose,Filled,sell,-8,106.44241422,-851.53931376,1.0,
1155,2023-08-01T14:00:00Z,2023-08-01T20:00:00Z,EOG,MarketOnClose,Filled,sell,-7,118.466846425,-829.267924975,1.0,
1156,2023-08-01T14:00:00Z,2023-08-01T20:00:00Z,MU,MarketOnClose,Filled,sell,-9,69.977967556,-629.801708004,1.0,
1157,2023-08-01T14:00:00Z,2023-08-01T20:00:00Z,MMM,MarketOnClose,Filled,sell,-8,70.1263128376307,-561.0105027010457,1.0,
1158,2023-08-01T14:00:00Z,2023-08-01T20:00:00Z,FCX,MarketOnClose,Filled,sell,-13,42.122503548,-547.592546124,1.0,
1159,2023-08-01T14:00:00Z,2023-08-01T20:00:00Z,QCOM,MarketOnClose,Filled,sell,-4,123.079646144,-492.318584576,1.0,
1160,2023-08-01T14:00:00Z,2023-08-01T20:00:00Z,VZ,MarketOnClose,Filled,buy,37,27.338047757,1011.507767009,1.0,
1161,2023-08-01T14:00:00Z,2023-08-01T20:00:00Z,MCK,MarketOnClose,Filled,buy,2,399.096704006,798.193408012,1.0,
1162,2023-08-01T14:00:00Z,2023-08-01T20:00:00Z,XOM,MarketOnClose,Filled,buy,7,95.8101079,670.6707553,1.0,
1163,2023-08-01T14:00:00Z,2023-08-01T20:00:00Z,EPD,MarketOnClose,Filled,buy,25,21.74982267,543.74556675,1.0,
1164,2023-08-01T14:00:00Z,2023-08-01T20:00:00Z,PFE,MarketOnClose,Filled,buy,17,29.378969473,499.442481041,1.0,
1165,2023-08-01T14:00:00Z,2023-08-01T20:00:00Z,EMR,MarketOnClose,Filled,buy,5,86.477525268,432.38762634,1.0,
1166,2023-09-01T14:00:00Z,2023-09-01T20:00:00Z,EMR,MarketOnClose,Filled,sell,-9,93.835106428,-844.515957852,1.0,
1167,2023-09-01T14:00:00Z,2023-09-01T20:00:00Z,MPC,MarketOnClose,Filled,sell,-5,137.574875324,-687.87437662,1.0,
1168,2023-09-01T14:00:00Z,2023-09-01T20:00:00Z,XOM,MarketOnClose,Filled,sell,-5,102.866068536,-514.33034268,1.0,
1169,2023-09-01T14:00:00Z,2023-09-01T20:00:00Z,QCOM,MarketOnClose,Filled,buy,10,108.2836417135,1082.836417135,1.0,
1170,2023-09-01T14:00:00Z,2023-09-01T20:00:00Z,FCX,MarketOnClose,Filled,buy,23,39.955708098,918.981286254,1.0,
1171,2023-09-01T14:00:00Z,2023-09-01T20:00:00Z,CI,MarketOnClose,Filled,buy,2,259.881138727,519.762277454,1.0,
1172,2023-09-01T14:00:00Z,2023-09-01T20:00:00Z,DE,MarketOnClose,Filled,buy,1,401.97916285,401.97916285,1.0,
1173,2023-09-01T14:00:00Z,2023-09-01T20:00:00Z,FISV,MarketOnClose,Filled,buy,3,122.81,368.43,1.0,
1174,2023-10-02T14:00:00Z,2023-10-02T20:00:00Z,MCK,MarketOnClose,Filled,sell,-2,431.65764763,-863.31529526,1.0,
1175,2023-10-02T14:00:00Z,2023-10-02T20:00:00Z,MPC,MarketOnClose,Filled,sell,-6,141.401636038,-848.409816228,1.0,
1176,2023-10-02T14:00:00Z,2023-10-02T20:00:00Z,XOM,MarketOnClose,Filled,sell,-7,104.778043559,-733.446304913,1.0,
1177,2023-10-02T14:00:00Z,2023-10-02T20:00:00Z,OXY,MarketOnClose,Filled,sell,-12,58.96822715,-707.6187258,1.0,
1178,2023-10-02T14:00:00Z,2023-10-02T20:00:00Z,EPD,MarketOnClose,Filled,sell,-26,22.15712272,-576.08519072,1.0,
1179,2023-10-02T14:00:00Z,2023-10-02T20:00:00Z,COP,MarketOnClose,Filled,sell,-5,107.18597441,-535.92987205,1.0,
1180,2023-10-02T14:00:00Z,2023-10-02T20:00:00Z,CI,MarketOnClose,Filled,sell,-2,271.297641758,-542.595283516,1.0,
1181,2023-10-02T14:00:00Z,2023-10-02T20:00:00Z,CVX,MarketOnClose,Filled,sell,-3,146.903002136,-440.709006408,1.0,
1182,2023-10-02T14:00:00Z,2023-10-02T20:00:00Z,NFLX,MarketOnClose,Filled,buy,30,38.033,1140.99,1.0,
1183,2023-10-02T14:00:00Z,2023-10-02T20:00:00Z,MMM,MarketOnClose,Filled,buy,18,58.0872447891674,1045.5704062050131,1.0,
1184,2023-10-02T14:00:00Z,2023-10-02T20:00:00Z,AVGO,MarketOnClose,Filled,buy,6,80.82833669,484.97002014,1.0,
1185,2023-10-02T14:00:00Z,2023-10-02T20:00:00Z,PFE,MarketOnClose,Filled,buy,16,27.985467974,447.767487584,1.0,
1186,2023-10-02T14:00:00Z,2023-10-02T20:00:00Z,DE,MarketOnClose,Filled,buy,1,360.003732992,360.003732992,1.0,
1187,2023-10-02T14:00:00Z,2023-10-02T20:00:00Z,FCX,MarketOnClose,Filled,buy,10,35.285060128,352.85060128,1.0,
1188,2023-10-02T14:00:00Z,2023-10-02T20:00:00Z,FISV,MarketOnClose,Filled,buy,3,112.85,338.55,1.0,
1189,2023-11-01T14:00:00Z,2023-11-01T20:00:00Z,AVGO,MarketOnClose,Filled,sell,-108,82.569880228,-8917.547064624,1.0,reached implied value
1190,2023-11-01T14:00:00Z,2023-11-01T20:00:00Z,MU,MarketOnClose,Filled,sell,-127,68.74749426,-8730.93177102,1.0,no valuation
1191,2023-11-01T14:00:00Z,2023-11-01T20:00:00Z,EMR,MarketOnClose,Filled,sell,-95,85.003678599,-8075.349466905,1.0,reached implied value
1192,2023-11-01T14:00:00Z,2023-11-01T20:00:00Z,NFLX,MarketOnClose,Filled,sell,-23,42.019,-966.437,1.0,
1193,2023-11-01T14:00:00Z,2023-11-01T20:00:00Z,VZ,MarketOnClose,Filled,sell,-30,29.56696854,-887.0090562,1.0,
1194,2023-11-01T14:00:00Z,2023-11-01T20:00:00Z,CI,MarketOnClose,Filled,sell,-3,291.932264507,-875.796793521,1.0,
1195,2023-11-01T14:00:00Z,2023-11-01T20:00:00Z,MCK,MarketOnClose,Filled,sell,-1,453.535591135,-453.535591135,1.0,
1196,2023-11-01T14:00:00Z,2023-11-01T20:00:00Z,VLO,MarketOnClose,Filled,buy,73,117.620630328,8586.306013944,1.0,
1197,2023-11-01T14:00:00Z,2023-11-01T20:00:00Z,MO,MarketOnClose,Filled,buy,265,31.94714397,8465.99315205,1.325,
1198,2023-11-01T14:00:00Z,2023-11-01T20:00:00Z,PSX,MarketOnClose,Filled,buy,82,105.15617944,8622.80671408,1.0,
1199,2023-11-01T14:00:00Z,2023-11-01T20:00:00Z,CVX,MarketOnClose,Filled,buy,8,127.003087832,1016.024702656,1.0,
1200,2023-11-01T14:00:00Z,2023-11-01T20:00:00Z,XOM,MarketOnClose,Filled,buy,8,95.725612052,765.804896416,1.0,
1201,2023-11-01T14:00:00Z,2023-11-01T20:00:00Z,FCX,MarketOnClose,Filled,buy,20,32.595018153,651.90036306,1.0,
1202,2023-11-01T14:00:00Z,2023-11-01T20:00:00Z,PFE,MarketOnClose,Filled,buy,22,25.157237121,553.459216662,1.0,
1203,2023-11-01T14:00:00Z,2023-11-01T20:00:00Z,DE,MarketOnClose,Filled,buy,1,356.758460736,356.758460736,1.0,
1204,2023-12-01T05:00:00Z,,VLO,MarketOnOpen,Canceled,sell,-73,0.0,0.0,0.0,no valuation
1205,2023-12-01T15:00:00Z,2023-12-01T21:00:00Z,VLO,MarketOnClose,Filled,sell,-73,117.321978898,-8564.504459554,1.0,no valuation
1206,2023-12-01T15:00:00Z,2023-12-01T21:00:00Z,QCOM,MarketOnClose,Filled,sell,-82,122.463395245,-10041.99841009,1.0,reached implied value
1207,2023-12-01T15:00:00Z,2023-12-01T21:00:00Z,FISV,MarketOnClose,Filled,sell,-8,130.61,-1044.88,1.0,
1208,2023-12-01T15:00:00Z,2023-12-01T21:00:00Z,NFLX,MarketOnClose,Filled,sell,-20,46.574,-931.48,1.0,
1209,2023-12-01T15:00:00Z,2023-12-01T21:00:00Z,PSX,MarketOnClose,Filled,sell,-7,118.5622719,-829.9359033,1.0,
1210,2023-12-01T15:00:00Z,2023-12-01T21:00:00Z,FCX,MarketOnClose,Filled,sell,-15,37.942109532,-569.13164298,1.0,
1211,2023-12-01T15:00:00Z,2023-12-01T21:00:00Z,MMM,MarketOnClose,Filled,sell,-7,65.2918397575732,-457.0428783030124,1.0,
1212,2023-12-01T15:00:00Z,2023-12-01T21:00:00Z,VZ,MarketOnClose,Filled,sell,-14,32.222984358,-451.121781012,1.0,
1213,2023-12-01T15:00:00Z,2023-12-01T21:00:00Z,SO,MarketOnClose,Filled,buy,139,64.270568304,8933.608994256,1.0,
1214,2023-12-01T15:00:00Z,2023-12-01T21:00:00Z,NXPI,MarketOnClose,Filled,buy,45,195.041366544,8776.86149448,1.0,
1215,2023-12-01T15:00:00Z,2023-12-01T21:00:00Z,CI,MarketOnClose,Filled,buy,6,253.823786554,1522.942719324,1.0,
1216,2023-12-01T15:00:00Z,2023-12-01T21:00:00Z,OXY,MarketOnClose,Filled,buy,17,55.683801015,946.624617255,1.0,
1217,2023-12-01T15:00:00Z,2023-12-01T21:00:00Z,XOM,MarketOnClose,Filled,buy,5,94.168557492,470.84278746,1.0,
1218,2023-12-01T15:00:00Z,2023-12-01T21:00:00Z,EOG,MarketOnClose,Filled,buy,4,111.82785396,447.31141584,1.0,
1219,2023-12-01T15:00:00Z,2023-12-01T21:00:00Z,COP,MarketOnClose,Filled,buy,4,106.006115052,424.024460208,1.0,
1220,2023-12-01T15:00:00Z,2023-12-01T21:00:00Z,CVX,MarketOnClose,Filled,buy,3,129.06529352,387.19588056,1.0,
1221,2023-12-01T15:00:00Z,2023-12-01T21:00:00Z,DE,MarketOnClose,Filled,buy,1,355.159899328,355.159899328,1.0,
1222,2023-12-01T15:00:00Z,2023-12-01T21:00:00Z,MPC,MarketOnClose,Filled,buy,2,143.506987646,287.013975292,1.0,
1223,2024-01-02T15:00:00Z,2024-01-02T21:00:00Z,FCX,MarketOnClose,Filled,sell,-24,40.697843787,-976.748250888,1.0,
1224,2024-01-02T15:00:00Z,2024-01-02T21:00:00Z,NXPI,MarketOnClose,Filled,sell,-4,210.708409844,-842.833639376,1.0,
1225,2024-01-02T15:00:00Z,2024-01-02T21:00:00Z,CI,MarketOnClose,Filled,sell,-3,293.95855076,-881.87565228,1.0,
1226,2024-01-02T15:00:00Z,2024-01-02T21:00:00Z,DE,MarketOnClose,Filled,sell,-2,387.490058933,-774.980117866,1.0,
1227,2024-01-02T15:00:00Z,2024-01-02T21:00:00Z,MMM,MarketOnClose,Filled,sell,-10,71.928917108994,-719.28917108994,1.0,
1228,2024-01-02T15:00:00Z,2024-01-02T21:00:00Z,PFE,MarketOnClose,Filled,buy,41,24.844590993,1018.628230713,1.0,
1229,2024-01-02T15:00:00Z,2024-01-02T21:00:00Z,EPD,MarketOnClose,Filled,buy,29,22.109164704,641.165776416,1.0,
1230,2024-01-02T15:00:00Z,2024-01-02T21:00:00Z,XOM,MarketOnClose,Filled,buy,6,93.629040606,561.774243636,1.0,
1231,2024-01-02T15:00:00Z,2024-01-02T21:00:00Z,MPC,MarketOnClose,Filled,buy,3,144.397864468,433.193593404,1.0,
1232,2024-01-02T15:00:00Z,2024-01-02T21:00:00Z,VZ,MarketOnClose,Filled,buy,13,32.473551888,422.156174544,1.0,
1233,2024-01-02T15:00:00Z,2024-01-02T21:00:00Z,SO,MarketOnClose,Filled,buy,6,63.668481045,382.01088627,1.0,
1234,2024-01-02T15:00:00Z,2024-01-02T21:00:00Z,MO,MarketOnClose,Filled,buy,11,34.079225796,374.871483756,1.0,
1235,2024-01-02T15:00:00Z,2024-01-02T21:00:00Z,EOG,MarketOnClose,Filled,buy,3,111.429072,334.287216,1.0,
1236,2024-02-01T15:00:00Z,2024-02-01T21:00:00Z,NXPI,MarketOnClose,Filled,sell,-41,202.925211958,-8319.933690278,1.0,reached implied value
1237,2024-02-01T15:00:00Z,2024-02-01T21:00:00Z,NFLX,MarketOnClose,Filled,sell,-24,56.751,-1362.024,1.0,
1238,2024-02-01T15:00:00Z,2024-02-01T21:00:00Z,VZ,MarketOnClose,Filled,sell,-33,36.087164904,-1190.876441832,1.0,
1239,2024-02-01T15:00:00Z,2024-02-01T21:00:00Z,MPC,MarketOnClose,Filled,sell,-7,158.775099989,-1111.425699923,1.0,
1240,2024-02-01T15:00:00Z,2024-02-01T21:00:00Z,PSX,MarketOnClose,Filled,sell,-5,133.05118485,-665.25592425,1.0,
1241,2024-02-01T15:00:00Z,2024-02-01T21:00:00Z,FISV,MarketOnClose,Filled,sell,-3,143.94,-431.82,1.0,
1242,2024-02-01T15:00:00Z,2024-02-01T21:00:00Z,CVS,MarketOnClose,Filled,buy,136,67.092113088,9124.527379968,1.0,
1243,2024-02-01T15:00:00Z,2024-02-01T21:00:00Z,MMM,MarketOnClose,Filled,buy,22,62.7154767265783,1379.7404879847227,1.0,
1244,2024-02-01T15:00:00Z,2024-02-01T21:00:00Z,FCX,MarketOnClose,Filled,buy,18,38.99264082,701.86753476,1.0,
1245,2024-02-01T15:00:00Z,2024-02-01T21:00:00Z,COP,MarketOnClose,Filled,buy,6,102.464298312,614.785789872,1.0,
1246,2024-02-01T15:00:00Z,2024-02-01T21:00:00Z,OXY,MarketOnClose,Filled,buy,11,54.428011112,598.708122232,1.0,
1247,2024-02-01T15:00:00Z,2024-02-01T21:00:00Z,EOG,MarketOnClose,Filled,buy,5,103.99734874,519.9867437,1.0,
1248,2024-02-01T15:00:00Z,2024-02-01T21:00:00Z,PFE,MarketOnClose,Filled,buy,22,23.148734313,509.272154886,1.0,
1249,2024-02-01T15:00:00Z,2024-02-01T21:00:00Z,DE,MarketOnClose,Filled,buy,1,380.502073784,380.502073784,1.0,
1250,2024-03-01T15:00:00Z,2024-03-01T21:00:00Z,FCX,MarketOnClose,Filled,sell,-240,36.80913057,-8834.1913368,1.2,no valuation
1251,2024-03-01T15:00:00Z,2024-03-01T21:00:00Z,CI,MarketOnClose,Filled,sell,-32,315.628632896,-10100.116252672,1.0,reached implied value
1252,2024-03-01T15:00:00Z,2024-03-01T21:00:00Z,MMM,MarketOnClose,Filled,sell,-149,61.064894977547,-9098.669351654504,1.0,no valuation
1253,2024-03-01T15:00:00Z,2024-03-01T21:00:00Z,PFE,MarketOnClose,Filled,sell,-402,22.554959523,-9067.093728246,2.01,reached implied value
1254,2024-03-01T15:00:00Z,2024-03-01T21:00:00Z,MCK,MarketOnClose,Filled,sell,-1,520.273751084,-520.273751084,1.0,
1255,2024-03-01T15:00:00Z,2024-03-01T21:00:00Z,NFLX,MarketOnClose,Filled,sell,-8,61.934,-495.472,1.0,
1256,2024-03-01T15:00:00Z,2024-03-01T21:00:00Z,DUK,MarketOnClose,Filled,buy,112,82.796102312,9273.163458944,1.0,
1257,2024-03-01T15:00:00Z,2024-03-01T21:00:00Z,T,MarketOnClose,Filled,buy,626,15.016743534,9400.481452284,3.13,
1258,2024-03-01T15:00:00Z,2024-03-01T21:00:00Z,NEE,MarketOnClose,Filled,buy,182,51.381103685,9351.36087067,1.0,
1259,2024-03-01T15:00:00Z,2024-03-01T21:00:00Z,PCAR,MarketOnClose,Filled,buy,90,105.423819039,9488.14371351,1.0,
1260,2024-03-01T15:00:00Z,2024-03-01T21:00:00Z,DE,MarketOnClose,Filled,buy,2,355.536699455,711.07339891,1.0,
1261,2024-03-01T15:00:00Z,2024-03-01T21:00:00Z,VZ,MarketOnClose,Filled,buy,18,34.14224592,614.56042656,1.0,
1262,2024-03-01T15:00:00Z,2024-03-01T21:00:00Z,SO,MarketOnClose,Filled,buy,8,60.718909,485.751272,1.0,
1263,2024-04-01T14:00:00Z,2024-04-01T20:00:00Z,MPC,MarketOnClose,Filled,sell,-5,194.672479948,-973.36239974,1.0,
1264,2024-04-01T14:00:00Z,2024-04-01T20:00:00Z,NEE,MarketOnClose,Filled,sell,-11,58.98450193,-648.82952123,1.0,
1265,2024-04-01T14:00:00Z,2024-04-01T20:00:00Z,XOM,MarketOnClose,Filled,sell,-6,107.946337248,-647.678023488,1.0,
1266,2024-04-01T14:00:00Z,2024-04-01T20:00:00Z,NFLX,MarketOnClose,Filled,buy,12,61.431,737.172,1.0,
1267,2024-04-01T14:00:00Z,2024-04-01T20:00:00Z,MCK,MarketOnClose,Filled,buy,1,530.770641057,530.770641057,1.0,
1268,2024-04-01T14:00:00Z,2024-04-01T20:00:00Z,T,MarketOnClose,Filled,buy,28,15.47662025,433.345367,1.0,
1269,2024-05-01T14:00:00Z,2024-05-01T20:00:00Z,MCK,MarketOnClose,Filled,sell,-19,525.43810223,-9983.32394237,1.0,reached implied value
1270,2024-05-01T14:00:00Z,2024-05-01T20:00:00Z,EOG,MarketOnClose,Filled,sell,-7,120.834566285,-845.841963995,1.0,
1271,2024-05-01T14:00:00Z,2024-05-01T20:00:00Z,OXY,MarketOnClose,Filled,sell,-13,61.41947077,-798.45312001,1.0,
1272,2024-05-01T14:00:00Z,2024-05-01T20:00:00Z,NEE,MarketOnClose,Filled,sell,-13,63.851793585,-830.073316605,1.0,
1273,2024-05-01T14:00:00Z,2024-05-01T20:00:00Z,COP,MarketOnClose,Filled,sell,-5,115.2028751,-576.0143755,1.0,
1274,2024-05-01T14:00:00Z,2024-05-01T20:00:00Z,GILD,MarketOnClose,Filled,buy,163,60.760439837,9903.951693431,1.0,
1275,2024-05-01T14:00:00Z,2024-05-01T20:00:00Z,CVS,MarketOnClose,Filled,buy,23,51.603266709,1186.875134307,1.0,
1276,2024-05-01T14:00:00Z,2024-05-01T20:00:00Z,PCAR,MarketOnClose,Filled,buy,9,99.043810554,891.394294986,1.0,
1277,2024-05-01T14:00:00Z,2024-05-01T20:00:00Z,MPC,MarketOnClose,Filled,buy,4,170.444370316,681.777481264,1.0,
1278,2024-05-01T14:00:00Z,2024-05-01T20:00:00Z,NFLX,MarketOnClose,Filled,buy,12,55.171,662.052,1.0,
1279,2024-05-01T14:00:00Z,2024-05-01T20:00:00Z,PSX,MarketOnClose,Filled,buy,4,129.09583372,516.38333488,1.0,
1280,2024-05-01T14:00:00Z,2024-05-01T20:00:00Z,VZ,MarketOnClose,Filled,buy,14,33.83207744,473.64908416,1.0,
1281,2024-06-03T14:00:00Z,2024-06-03T20:00:00Z,NEE,MarketOnClose,Filled,sell,-23,72.789154128,-1674.150544944,1.0,
1282,2024-06-03T14:00:00Z,2024-06-03T20:00:00Z,NFLX,MarketOnClose,Filled,sell,-23,63.379,-1457.717,1.0,
1283,2024-06-03T14:00:00Z,2024-06-03T20:00:00Z,SO,MarketOnClose,Filled,sell,-17,73.674428414,-1252.465283038,1.0,
1284,2024-06-03T14:00:00Z,2024-06-03T20:00:00Z,T,MarketOnClose,Filled,sell,-41,16.188070579,-663.710893739,1.0,
1285,2024-06-03T14:00:00Z,2024-06-03T20:00:00Z,DUK,MarketOnClose,Filled,sell,-7,95.176216593,-666.233516151,1.0,
1286,2024-06-03T14:00:00Z,2024-06-03T20:00:00Z,MO,MarketOnClose,Filled,sell,-17,39.003011425,-663.051194225,1.0,
1287,2024-06-03T14:00:00Z,2024-06-03T20:00:00Z,CVS,MarketOnClose,Filled,buy,25,55.177280919,1379.432022975,1.0,
1288,2024-06-03T14:00:00Z,2024-06-03T20:00:00Z,COP,MarketOnClose,Filled,buy,8,106.173435604,849.387484832,1.0,
1289,2024-06-03T14:00:00Z,2024-06-03T20:00:00Z,OXY,MarketOnClose,Filled,buy,12,57.721913802,692.662965624,1.0,
1290,2024-06-03T14:00:00Z,2024-06-03T20:00:00Z,EOG,MarketOnClose,Filled,buy,6,111.247768452,667.486610712,1.0,
1291,2024-06-03T14:00:00Z,2024-06-03T20:00:00Z,DE,MarketOnClose,Filled,buy,1,357.114942164,357.114942164,1.0,
1292,2024-06-03T14:00:00Z,2024-06-03T20:00:00Z,MPC,MarketOnClose,Filled,buy,2,167.215915875,334.43183175,1.0,
1293,2024-07-01T14:00:00Z,2024-07-01T20:00:00Z,NFLX,MarketOnClose,Filled,sell,-8,67.361,-538.888,1.0,
1294,2024-07-01T14:00:00Z,2024-07-01T20:00:00Z,T,MarketOnClose,Filled,sell,-31,17.059943342,-528.858243602,1.0,
1295,2024-07-01T14:00:00Z,2024-07-01T20:00:00Z,GILD,MarketOnClose,Filled,sell,-8,64.444222128,-515.553777024,1.0,
1296,2024-07-01T14:00:00Z,2024-07-01T20:00:00Z,EPD,MarketOnClose,Filled,sell,-18,24.961532206,-449.307579708,1.0,
1297,2024-07-01T14:00:00Z,2024-07-01T20:00:00Z,NEE,MarketOnClose,Filled,buy,15,65.47370832,982.1056248,1.0,
1298,2024-07-01T14:00:00Z,2024-07-01T20:00:00Z,PCAR,MarketOnClose,Filled,buy,5,95.11962932,475.5981466,1.0,
1299,2024-08-01T14:00:00Z,2024-08-01T20:00:00Z,GILD,MarketOnClose,Filled,sell,-12,71.814372823,-861.772473876,1.0,
1300,2024-08-01T14:00:00Z,2024-08-01T20:00:00Z,MO,MarketOnClose,Filled,sell,-15,42.827839286,-642.41758929,1.0,
1301,2024-08-01T14:00:00Z,2024-08-01T20:00:00Z,NEE,MarketOnClose,Filled,sell,-7,73.426094352,-513.982660464,1.0,
1302,2024-08-01T14:00:00Z,2024-08-01T20:00:00Z,NFLX,MarketOnClose,Filled,buy,15,62.485,937.275,1.0,
1303,2024-08-01T14:00:00Z,2024-08-01T20:00:00Z,COP,MarketOnClose,Filled,buy,7,101.063833188,707.446832316,1.0,
1304,2024-08-01T14:00:00Z,2024-08-01T20:00:00Z,PCAR,MarketOnClose,Filled,buy,7,89.94521115,629.61647805,1.0,
1305,2024-08-01T14:00:00Z,2024-08-01T20:00:00Z,OXY,MarketOnClose,Filled,buy,8,56.797943832,454.383550656,1.0,
1306,2024-08-01T14:00:00Z,2024-08-01T20:00:00Z,DE,MarketOnClose,Filled,buy,1,348.570052222,348.570052222,1.0,
1307,2024-09-03T14:00:00Z,2024-09-03T20:00:00Z,NFLX,MarketOnClose,Filled,sell,-14,67.532,-945.448,1.0,
1308,2024-09-03T14:00:00Z,2024-09-03T20:00:00Z,FISV,MarketOnClose,Filled,sell,-5,174.0,-870.0,1.0,
1309,2024-09-03T14:00:00Z,2024-09-03T20:00:00Z,MO,MarketOnClose,Filled,sell,-17,46.295507201,-787.023622417,1.0,
1310,2024-09-03T14:00:00Z,2024-09-03T20:00:00Z,DUK,MarketOnClose,Filled,sell,-6,107.564255242,-645.385531452,1.0,
1311,2024-09-03T14:00:00Z,2024-09-03T20:00:00Z,CVX,MarketOnClose,Filled,buy,8,133.137281292,1065.098250336,1.0,
1312,2024-09-03T14:00:00Z,2024-09-03T20:00:00Z,OXY,MarketOnClose,Filled,buy,16,52.99100856,847.85613696,1.0,
1313,2024-09-03T14:00:00Z,2024-09-03T20:00:00Z,CVS,MarketOnClose,Filled,buy,13,53.177465848,691.307056024,1.0,
1314,2024-09-03T14:00:00Z,2024-09-03T20:00:00Z,PSX,MarketOnClose,Filled,buy,5,126.329301,631.646505,1.0,
1315,2024-09-03T14:00:00Z,2024-09-03T20:00:00Z,PCAR,MarketOnClose,Filled,buy,5,89.540761604,447.70380802,1.0,
1316,2024-09-03T14:00:00Z,2024-09-03T20:00:00Z,MPC,MarketOnClose,Filled,buy,2,167.129476998,334.258953996,1.0,
1317,2024-09-04T04:00:00Z,2024-09-04T20:00:00Z,PCAR,MarketOnOpen,Filled,sell,-116,89.081626263,-10333.468646508,1.0,left universe
1318,2024-10-01T04:00:00Z,,MPC,MarketOnOpen,Canceled,sell,-61,0.0,0.0,0.0,no valuation
1319,2024-10-01T04:00:00Z,,OXY,MarketOnOpen,Canceled,sell,-192,0.0,0.0,0.0,no valuation
1320,2024-10-01T14:00:00Z,2024-10-01T20:00:00Z,MPC,MarketOnClose,Filled,sell,-61,159.437405798,-9725.681753678,1.0,no valuation
1321,2024-10-01T14:00:00Z,2024-10-01T20:00:00Z,OXY,MarketOnClose,Filled,sell,-192,51.1501608,-9820.8308736,1.0,no valuation
1322,2024-10-01T14:00:00Z,2024-10-01T20:00:00Z,VZ,MarketOnClose,Filled,sell,-289,39.657642354,-11461.058640306,1.445,reached implied value
1323,2024-10-01T14:00:00Z,2024-10-01T20:00:00Z,DE,MarketOnClose,Filled,sell,-3,407.004010972,-1221.012032916,1.0,
1324,2024-10-01T14:00:00Z,2024-10-01T20:00:00Z,T,MarketOnClose,Filled,sell,-55,20.189289733,-1110.410935315,1.0,
1325,2024-10-01T14:00:00Z,2024-10-01T20:00:00Z,CVS,MarketOnClose,Filled,sell,-16,57.032785784,-912.524572544,1.0,
1326,2024-10-01T14:00:00Z,2024-10-01T20:00:00Z,NEE,MarketOnClose,Filled,sell,-11,80.387729718,-884.265026898,1.0,
1327,2024-10-01T14:00:00Z,2024-10-01T20:00:00Z,SO,MarketOnClose,Filled,sell,-10,83.980263168,-839.80263168,1.0,
1328,2024-10-01T14:00:00Z,2024-10-01T20:00:00Z,GILD,MarketOnClose,Filled,sell,-10,79.545505968,-795.45505968,1.0,
1329,2024-10-01T14:00:00Z,2024-10-01T20:00:00Z,SLB,MarketOnClose,Filled,buy,266,40.881521778,10874.484792948,1.33,
1330,2024-10-01T14:00:00Z,2024-10-01T20:00:00Z,WMB,MarketOnClose,Filled,buy,247,43.468313544,10736.673445368,1.235,
1331,2024-10-01T14:00:00Z,2024-10-01T20:00:00Z,BMY,MarketOnClose,Filled,buy,224,48.20817204,10798.63053696,1.12,
1332,2024-10-01T14:00:00Z,2024-10-01T20:00:00Z,TGT,MarketOnClose,Filled,buy,73,140.84349046,10281.57480358,1.0,
1333,2024-10-01T14:00:00Z,2024-10-01T20:00:00Z,PSX,MarketOnClose,Filled,buy,7,124.448398074,871.138786518,1.0,
1334,2024-10-01T14:00:00Z,2024-10-01T20:00:00Z,COP,MarketOnClose,Filled,buy,8,102.715262043,821.722096344,1.0,
1335,2024-10-01T14:00:00Z,2024-10-01T20:00:00Z,EOG,MarketOnClose,Filled,buy,5,118.876824984,594.38412492,1.0,
1336,2024-10-01T14:00:00Z,2024-10-01T20:00:00Z,MO,MarketOnClose,Filled,buy,10,44.463351691,444.63351691,1.0,
1337,2024-11-01T04:00:00Z,,PSX,MarketOnOpen,Canceled,sell,-86,0.0,0.0,0.0,no valuation
1338,2024-11-01T14:00:00Z,2024-11-01T20:00:00Z,DE,MarketOnClose,Filled,sell,-25,391.347003346,-9783.67508365,1.0,reached implied value
1339,2024-11-01T14:00:00Z,2024-11-01T20:00:00Z,PSX,MarketOnClose,Filled,sell,-86,112.302069726,-9657.977996436,1.0,no valuation
1340,2024-11-01T14:00:00Z,2024-11-01T20:00:00Z,WMB,MarketOnClose,Filled,sell,-29,48.343965624,-1401.975003096,1.0,
1341,2024-11-01T14:00:00Z,2024-11-01T20:00:00Z,FISV,MarketOnClose,Filled,sell,-6,202.22,-1213.32,1.0,
1342,2024-11-01T14:00:00Z,2024-11-01T20:00:00Z,BMY,MarketOnClose,Filled,sell,-16,50.056358016,-800.901728256,1.0,
1343,2024-11-01T14:00:00Z,2024-11-01T20:00:00Z,NFLX,MarketOnClose,Filled,sell,-8,75.61,-604.88,1.0,
1344,2024-11-01T14:00:00Z,2024-11-01T20:00:00Z,MO,MarketOnClose,Filled,sell,-12,47.030056069,-564.360672828,1.0,
1345,2024-11-01T14:00:00Z,2024-11-01T20:00:00Z,GILD,MarketOnClose,Filled,sell,-6,84.823900872,-508.943405232,1.0,
1346,2024-11-01T14:00:00Z,2024-11-01T20:00:00Z,ET,MarketOnClose,Filled,buy,752,14.213877239,10688.835683728,3.76,
1347,2024-11-01T14:00:00Z,2024-11-01T20:00:00Z,DELL,MarketOnClose,Filled,buy,89,127.367028884,11335.665570676,1.0,
1348,2024-11-01T14:00:00Z,2024-11-01T20:00:00Z,CVS,MarketOnClose,Filled,buy,21,52.298831051,1098.275452071,1.0,
1349,2024-11-01T14:00:00Z,2024-11-01T20:00:00Z,NEE,MarketOnClose,Filled,buy,11,72.92120199,802.13322189,1.0,
1350,2024-11-01T14:00:00Z,2024-11-01T20:00:00Z,SLB,MarketOnClose,Filled,buy,16,37.678472552,602.855560832,1.0,
1351,2024-11-01T14:00:00Z,2024-11-01T20:00:00Z,TGT,MarketOnClose,Filled,buy,4,139.584967812,558.339871248,1.0,
1352,2024-11-01T14:00:00Z,2024-11-01T20:00:00Z,EPD,MarketOnClose,Filled,buy,19,25.725432326,488.783214194,1.0,
1353,2024-11-01T14:00:00Z,2024-11-01T20:00:00Z,XOM,MarketOnClose,Filled,buy,4,107.842168078,431.368672312,1.0,
1354,2024-12-02T15:00:00Z,2024-12-02T21:00:00Z,NFLX,MarketOnClose,Filled,sell,-141,89.774,-12658.134,1.0,reached implied value
1355,2024-12-02T15:00:00Z,2024-12-02T21:00:00Z,ET,MarketOnClose,Filled,sell,-101,17.1176619,-1728.8838519,1.0,
1356,2024-12-02T15:00:00Z,2024-12-02T21:00:00Z,EPD,MarketOnClose,Filled,sell,-49,30.179627583,-1478.801751567,1.0,
1357,2024-12-02T15:00:00Z,2024-12-02T21:00:00Z,FISV,MarketOnClose,Filled,sell,-3,218.455,-655.365,1.0,
1358,2024-12-02T15:00:00Z,2024-12-02T21:00:00Z,WMB,MarketOnClose,Filled,sell,-11,52.92895383,-582.21849213,1.0,
1359,2024-12-02T15:00:00Z,2024-12-02T21:00:00Z,PCAR,MarketOnClose,Filled,buy,103,109.19864576,11247.46051328,1.0,
1360,2024-12-02T15:00:00Z,2024-12-02T21:00:00Z,TGT,MarketOnClose,Filled,buy,15,121.841000864,1827.61501296,1.0,
1361,2024-12-02T15:00:00Z,2024-12-02T21:00:00Z,SO,MarketOnClose,Filled,buy,11,81.775993606,899.535929666,1.0,
1362,2024-12-02T15:00:00Z,2024-12-02T21:00:00Z,NEE,MarketOnClose,Filled,buy,9,73.144169805,658.297528245,1.0,
1363,2024-12-02T15:00:00Z,2024-12-02T21:00:00Z,XOM,MarketOnClose,Filled,buy,4,111.442271585,445.76908634,1.0,
1364,2024-12-02T15:00:00Z,2024-12-02T21:00:00Z,DUK,MarketOnClose,Filled,buy,4,108.017451074,432.069804296,1.0,
1365,2024-12-03T05:00:00Z,2024-12-03T21:00:00Z,TGT,MarketOnOpen,Filled,sell,-92,121.710510196,-11197.366938032,1.0,left universe
