symbol,direction,quantity,entry_time,entry_price,exit_time,exit_price,profit_loss,total_fees,mae,mfe,end_trade_drawdown,duration,is_win,order_ids
HLT,long,98,2016-02-01T21:00:00Z,51.1763755578432,2016-02-02T21:00:00Z,50.3785256048256,-78.19,2.0,-189.89,0.0,189.89,1.00:00:00,False,12 21
HPQ,long,741,2016-02-01T21:00:00Z,6.902331697,2016-02-02T21:00:00Z,6.805408283,-71.82,7.41,-71.82,0.0,71.82,1.00:00:00,False,7 22
MPC,long,165,2016-02-01T21:00:00Z,30.149807381,2016-03-01T21:00:00Z,25.243699899,-809.51,2.0,-1314.84,0.0,1314.84,29.00:00:00,False,11 24
DOW,long,13,2016-02-01T21:00:00Z,52.4968856582607,2016-03-01T21:00:00Z,61.73130730176405,120.05,2.0,0.0,120.05,41.19,29.00:00:00,True,17 25
ETN,long,13,2016-02-01T21:00:00Z,38.619325638,2016-03-01T21:00:00Z,44.648308374,78.38,2.0,-12.2,78.38,20.29,29.00:00:00,True,15 26
LUV,long,15,2016-02-01T21:00:00Z,33.61498697,2016-03-01T21:00:00Z,37.3680315,56.3,2.0,-47.13,56.48,47.13,29.00:00:00,True,3 27
CSCO,long,24,2016-02-01T21:00:00Z,17.133940652,2016-03-01T21:00:00Z,19.578519067,58.67,2.435,-16.99,58.67,18.04,29.00:00:00,True,6 28
EMR,long,9,2016-02-01T21:00:00Z,34.656258,2016-03-01T21:00:00Z,38.450290975,34.15,2.0,0.0,34.15,7.99,29.00:00:00,True,13 29
GILD,long,4,2016-02-01T21:00:00Z,58.045930195,2016-03-01T21:00:00Z,61.940981311,15.58,2.0,-3.7,19.61,10.77,29.00:00:00,True,2 30
HPE,long,98,2016-02-01T21:00:00Z,10.335336095,2016-04-01T20:00:00Z,13.83974032,343.43,3.415,-110.17,343.43,114.58,59.23:00:00,True,8 38
MCK,long,4,2016-02-01T21:00:00Z,146.859883067,2016-05-02T20:00:00Z,155.625597697,35.06,2.0,-34.35,71.54,54.48,90.23:00:00,True,20 43
CRH,long,25,2016-02-01T21:00:00Z,20.69899845,2016-05-02T20:00:00Z,22.892599493,54.84,2.195,-59.13,65.46,59.13,90.23:00:00,True,14 44
HCA,long,7,2016-02-01T21:00:00Z,65.55873955,2016-05-02T20:00:00Z,74.965154025,65.84,2.0,-44.0,70.69,50.08,90.23:00:00,True,19 45
F,long,59,2016-02-01T21:00:00Z,7.124142485,2016-05-02T20:00:00Z,8.12767371,59.21,4.535,-31.34,75.76,39.7,90.23:00:00,True,5 46
ETN,long,9,2016-02-01T21:00:00Z,38.619325638,2016-05-02T20:00:00Z,49.28570132,96.0,1.0,-8.44,98.58,29.36,90.23:00:00,True,15 47
EMR,long,9,2016-02-01T21:00:00Z,34.656258,2016-05-02T20:00:00Z,42.482300675,70.43,1.0,0.0,77.91,16.9,90.23:00:00,True,13 48
AAL,long,127,2016-03-01T21:00:00Z,40.08372299,2016-05-03T20:00:00Z,33.385949442,-850.62,2.0,-888.45,199.58,1088.04,62.23:00:00,False,33 55
AAL,long,11,2016-04-01T20:00:00Z,37.87015856,2016-05-03T20:00:00Z,33.385949442,-49.33,1.0,-52.6,41.64,71.79,32.00:00:00,False,41 55
AAL,long,19,2016-05-02T20:00:00Z,33.088032219,2016-05-03T20:00:00Z,33.385949442,5.66,1.0,0.0,162.78,0.0,1.00:00:00,True,49 55
NFLX,long,63,2016-02-01T21:00:00Z,9.409,2016-06-01T20:00:00Z,10.151,46.75,3.715,-71.19,109.75,149.75,120.23:00:00,True,1 56
MCK,long,2,2016-02-01T21:00:00Z,146.859883067,2016-06-01T20:00:00Z,170.760355699,47.8,1.0,-17.17,47.8,27.24,120.23:00:00,True,20 57
HPE,long,23,2016-02-01T21:00:00Z,10.335336095,2016-06-01T20:00:00Z,13.757002742,78.7,1.0,-25.86,81.81,47.23,120.23:00:00,True,8 58
CSCO,long,14,2016-02-01T21:00:00Z,17.133940652,2016-06-01T20:00:00Z,21.28191376,58.07,1.0,-9.91,59.62,25.05,120.23:00:00,True,6 59
AAPL,long,13,2016-02-01T21:00:00Z,21.655612962,2016-06-01T20:00:00Z,22.3668357435,9.25,2.14,-14.73,47.52,62.26,120.23:00:00,True,4 60
CRH,long,214,2016-02-01T21:00:00Z,20.69899845,2016-07-01T20:00:00Z,23.183773842,531.74,1.145,-506.14,873.61,833.62,150.23:00:00,True,14 70
CRH,long,15,2016-03-01T21:00:00Z,20.26615905,2016-07-01T20:00:00Z,23.183773842,43.76,1.0,-28.98,67.73,58.43,121.23:00:00,True,35 70
T,long,42,2016-03-01T21:00:00Z,15.343748800769273,2016-07-01T20:00:00Z,18.060001987962753,114.08,2.655,0.0,114.08,21.46,121.23:00:00,True,31 71
VZ,long,20,2016-02-01T21:00:00Z,29.034775836,2016-07-01T20:00:00Z,32.508918984,69.48,2.0,-15.67,69.48,54.35,150.23:00:00,True,16 72
KR,long,10,2016-02-01T21:00:00Z,32.23295754,2016-07-01T20:00:00Z,29.544326265,-26.89,2.0,-45.72,5.28,51.0,150.23:00:00,False,18 73
HPE,long,45,2016-02-01T21:00:00Z,10.335336095,2016-08-01T20:00:00Z,15.907543484,250.75,1.0,-50.59,250.75,92.4,181.23:00:00,True,8 81
TGT,long,8,2016-06-01T20:00:00Z,50.269692936,2016-08-01T20:00:00Z,55.486983096,41.74,2.0,-9.76,46.38,12.11,61.00:00:00,True,61 82
GM,long,16,2016-02-01T21:00:00Z,24.06538739,2016-08-01T20:00:00Z,25.65269437,25.4,2.05,-41.05,37.85,62.15,181.23:00:00,True,9 83
EMR,long,9,2016-02-01T21:00:00Z,34.656258,2016-08-01T20:00:00Z,43.305383112,77.84,1.0,0.0,81.75,45.84,181.23:00:00,True,13 84
CSCO,long,12,2016-02-01T21:00:00Z,17.133940652,2016-08-01T20:00:00Z,22.83567811,68.42,1.0,-8.49,69.76,21.47,181.23:00:00,True,6 85
LUV,long,136,2016-02-01T21:00:00Z,33.61498697,2016-08-02T20:00:00Z,32.478186015,-154.6,1.0,-427.32,1135.81,1447.43,182.23:00:00,False,3 90
LUV,long,6,2016-06-01T20:00:00Z,37.403201412,2016-08-02T20:00:00Z,32.478186015,-29.55,1.0,-41.58,27.38,45.74,62.00:00:00,False,66 90
LUV,long,8,2016-07-01T20:00:00Z,34.90193124,2016-08-02T20:00:00Z,32.478186015,-19.39,1.0,-35.43,56.52,53.87,32.00:00:00,False,79 90
LUV,long,14,2016-08-01T20:00:00Z,32.645644776,2016-08-02T20:00:00Z,32.478186015,-2.34,1.0,-30.42,130.49,18.51,1.00:00:00,False,87 90
ETN,long,9,2016-02-01T21:00:00Z,38.619325638,2016-09-01T20:00:00Z,52.916427872,128.67,1.0,-8.44,134.37,54.21,212.23:00:00,True,15 91
VLO,long,10,2016-02-01T21:00:00Z,45.37488669,2016-09-01T20:00:00Z,37.010008755,-83.65,2.0,-135.27,0.0,135.27,212.23:00:00,False,10 92
AAPL,long,15,2016-02-01T21:00:00Z,21.655612962,2016-09-01T20:00:00Z,24.37684649725,40.82,1.0,-17.0,54.84,71.84,212.23:00:00,True,4 93
DOW,long,4,2016-02-01T21:00:00Z,52.4968856582607,2016-09-01T20:00:00Z,67.5488106007668,60.21,1.0,0.0,61.87,25.59,212.23:00:00,True,17 94
HPE,long,28,2016-02-01T21:00:00Z,10.335336095,2016-10-03T20:00:00Z,17.092308345,189.2,1.0,-31.48,201.66,57.5,244.23:00:00,True,8 101
HPQ,long,43,2016-09-01T20:00:00Z,10.24212575,2016-10-03T20:00:00Z,11.149524805,39.02,3.63,-13.06,39.02,18.83,32.00:00:00,True,95 102
AAPL,long,13,2016-02-01T21:00:00Z,21.655612962,2016-10-03T20:00:00Z,25.699267009,52.57,1.0,-14.73,61.62,62.26,244.23:00:00,True,4 103
DAL,long,8,2016-03-01T21:00:00Z,43.04467977,2016-10-03T20:00:00Z,35.497246498,-60.38,2.0,-108.68,8.59,117.27,215.23:00:00,False,32 104
CSCO,long,11,2016-02-01T21:00:00Z,17.133940652,2016-10-03T20:00:00Z,23.6013246,71.14,1.0,-7.79,72.04,19.68,244.23:00:00,True,6 105
NFLX,long,26,2016-02-01T21:00:00Z,9.409,2016-10-03T20:00:00Z,10.263,22.2,1.0,-29.38,45.29,68.07,244.23:00:00,True,1 106
AAPL,long,187,2016-02-01T21:00:00Z,21.655612962,2016-11-01T20:00:00Z,25.46401776425,712.17,1.035,-211.94,1000.89,895.55,273.23:00:00,True,4 111
AAPL,long,20,2016-05-02T20:00:00Z,21.14316288,2016-11-01T20:00:00Z,25.46401776425,86.42,1.0,-12.42,117.3,38.03,183.00:00:00,True,51 111
NFLX,long,116,2016-02-01T21:00:00Z,9.409,2016-11-01T20:00:00Z,12.33,338.84,1.0,-131.08,387.56,303.69,273.23:00:00,True,1 112
VLO,long,17,2016-02-01T21:00:00Z,45.37488669,2016-11-01T20:00:00Z,40.554898155,-81.94,1.0,-229.97,0.0,229.97,273.23:00:00,False,10 113
DAL,long,10,2016-03-01T21:00:00Z,43.04467977,2016-11-01T20:00:00Z,37.184209188,-58.6,1.0,-135.85,10.74,146.59,244.23:00:00,False,32 114
KR,long,11,2016-02-01T21:00:00Z,32.23295754,2016-11-01T20:00:00Z,24.980601301,-79.78,1.0,-97.18,5.8,102.98,273.23:00:00,False,18 115
EMR,long,115,2016-02-01T21:00:00Z,34.656258,2016-12-01T21:00:00Z,44.894488072,1177.4,1.0,0.0,1177.4,585.71,304.00:00:00,True,13 123
EMR,long,8,2016-06-01T20:00:00Z,40.494958464,2016-12-01T21:00:00Z,44.894488072,35.2,1.0,-46.71,35.2,40.31,183.01:00:00,True,63 123
EMR,long,6,2016-09-01T20:00:00Z,41.247556396,2016-12-01T21:00:00Z,44.894488072,21.88,1.0,-39.55,21.88,23.97,91.01:00:00,True,100 123
LUV,long,15,2016-11-01T20:00:00Z,35.067525376,2016-12-01T21:00:00Z,41.598498474,97.96,2.0,-0.93,103.93,12.06,30.01:00:00,True,116 124
DAL,long,14,2016-03-01T21:00:00Z,43.04467977,2016-12-01T21:00:00Z,42.606535923,-6.13,1.0,-190.18,15.03,205.22,275.00:00:00,False,32 125
MCK,long,4,2016-02-01T21:00:00Z,146.859883067,2016-12-01T21:00:00Z,132.865218332,-55.98,1.0,-126.12,147.09,273.21,304.00:00:00,False,20 126
GM,long,14,2016-02-01T21:00:00Z,24.06538739,2016-12-01T21:00:00Z,30.214572053,86.09,1.0,-35.92,86.09,54.38,304.00:00:00,True,9 127
TGT,long,6,2016-06-01T20:00:00Z,50.269692936,2016-12-01T21:00:00Z,58.129586718,47.16,1.0,-7.32,50.7,40.73,183.01:00:00,True,61 128
VLO,long,9,2016-02-01T21:00:00Z,45.37488669,2017-01-03T21:00:00Z,48.45554427,27.73,1.0,-121.75,27.73,121.75,337.00:00:00,True,10 135
T,long,23,2016-03-01T21:00:00Z,15.343748800769273,2017-01-03T21:00:00Z,18.29323126839663,67.84,1.0,0.0,67.84,65.9,308.00:00:00,True,31 136
MDLZ,long,8,2016-07-01T20:00:00Z,35.595439399,2017-01-03T21:00:00Z,35.69735286,0.82,2.0,-27.02,6.97,33.99,186.01:00:00,True,74 137
ETN,long,97,2016-02-01T21:00:00Z,38.619325638,2017-02-01T21:00:00Z,56.92071165,1775.23,1.0,-91.0,1775.23,584.22,366.00:00:00,True,15 144
ETN,long,4,2016-06-01T20:00:00Z,48.315111165,2017-02-01T21:00:00Z,56.92071165,34.42,1.0,-42.54,34.42,23.76,245.01:00:00,True,68 144
ETN,long,4,2016-11-01T20:00:00Z,47.99801512,2017-02-01T21:00:00Z,56.92071165,35.69,1.0,-41.27,35.69,14.53,92.01:00:00,True,122 144
F,long,648,2016-02-01T21:00:00Z,7.124142485,2017-02-01T21:00:00Z,7.64648808,338.48,3.875,-344.23,832.03,960.09,366.00:00:00,True,5 145
F,long,45,2016-07-01T20:00:00Z,7.59060276,2017-02-01T21:00:00Z,7.64648808,2.51,1.0,-44.9,36.79,64.58,215.01:00:00,True,77 145
F,long,41,2016-10-03T20:00:00Z,7.29979327,2017-02-01T21:00:00Z,7.64648808,14.21,1.0,-28.98,45.44,26.04,121.01:00:00,True,109 145
F,long,41,2017-01-03T21:00:00Z,7.690032432,2017-02-01T21:00:00Z,7.64648808,-1.79,1.0,-44.98,29.44,16.56,29.00:00:00,False,140 145
NFLX,long,65,2016-02-01T21:00:00Z,9.409,2017-02-01T21:00:00Z,14.078,303.48,1.0,-73.45,314.34,170.17,366.00:00:00,True,1 146
HCA,long,7,2016-02-01T21:00:00Z,65.55873955,2017-02-01T21:00:00Z,75.6574809,70.69,1.0,-44.0,71.08,80.38,366.00:00:00,True,19 147
LUV,long,11,2016-11-01T20:00:00Z,35.067525376,2017-02-01T21:00:00Z,46.699781381,127.95,1.0,-0.68,139.55,21.63,92.01:00:00,True,116 148
MPC,long,158,2016-12-01T21:00:00Z,35.735858158,2017-03-01T21:00:00Z,38.443905401,427.87,2.0,-60.32,613.83,617.38,90.00:00:00,True,129 155
DOW,long,79,2016-02-01T21:00:00Z,52.4968856582607,2017-03-01T21:00:00Z,81.01514942735454,2252.94,1.0,0.0,2274.12,505.44,394.00:00:00,True,17 156
GM,long,180,2016-02-01T21:00:00Z,24.06538739,2017-03-01T21:00:00Z,31.380716863,1316.76,1.0,-461.81,1445.03,699.18,394.00:00:00,True,9 157
GM,long,14,2016-07-01T20:00:00Z,23.677518861,2017-03-01T21:00:00Z,31.380716863,107.84,1.0,-30.49,117.82,37.56,243.01:00:00,True,78 157
MDLZ,long,136,2016-07-01T20:00:00Z,35.595439399,2017-03-01T21:00:00Z,35.052651504,-73.82,1.0,-459.34,118.42,577.75,243.01:00:00,False,74 158
MDLZ,long,10,2016-08-01T20:00:00Z,34.309237532,2017-03-01T21:00:00Z,35.052651504,7.43,1.0,-20.91,21.57,42.48,212.01:00:00,True,89 158
MDLZ,long,16,2016-12-01T21:00:00Z,32.3685588,2017-03-01T21:00:00Z,35.052651504,42.95,1.0,-2.41,65.56,36.55,90.00:00:00,True,132 158
VZ,long,154,2016-02-01T21:00:00Z,29.034775836,2017-03-01T21:00:00Z,29.734099424,107.7,1.0,-271.08,587.85,858.92,394.00:00:00,True,16 159
VZ,long,7,2016-06-01T20:00:00Z,29.150511813,2017-03-01T21:00:00Z,29.734099424,4.09,1.0,-13.13,25.91,39.04,273.01:00:00,True,67 159
VZ,long,14,2016-09-01T20:00:00Z,30.691418616,2017-03-01T21:00:00Z,29.734099424,-13.4,1.0,-47.84,30.25,57.24,181.01:00:00,False,96 159
VZ,long,12,2016-11-01T20:00:00Z,28.148653708,2017-03-01T21:00:00Z,29.734099424,19.03,1.0,-10.49,56.44,43.2,120.01:00:00,True,119 159
VZ,long,10,2017-02-01T21:00:00Z,28.886429856,2017-03-01T21:00:00Z,29.734099424,8.48,1.0,-16.12,39.66,5.79,28.00:00:00,True,153 159
HPQ,long,61,2016-09-01T20:00:00Z,10.24212575,2017-03-01T21:00:00Z,12.664468188,147.76,1.0,-25.05,148.64,80.4,181.01:00:00,True,95 160
CSCO,long,19,2016-02-01T21:00:00Z,17.133940652,2017-03-01T21:00:00Z,26.025681192,168.94,1.0,-13.45,168.94,34.88,394.00:00:00,True,6 161
LUV,long,8,2016-11-01T20:00:00Z,35.067525376,2017-03-01T21:00:00Z,52.146465536,136.63,1.0,-0.49,136.63,15.73,120.01:00:00,True,116 162
HCA,long,5,2016-02-01T21:00:00Z,65.55873955,2017-03-01T21:00:00Z,81.2699441,78.56,1.0,-31.43,78.56,57.42,394.00:00:00,True,19 163
GLW,long,274,2017-03-01T21:00:00Z,22.18168008,2017-04-03T20:00:00Z,21.111925296,-293.11,2.74,-293.11,0.0,293.11,32.23:00:00,False,165 176
KR,long,138,2016-02-01T21:00:00Z,32.23295754,2017-04-03T20:00:00Z,24.02796144,-1132.29,1.145,-1219.15,72.81,1291.96,426.23:00:00,False,18 177
KR,long,17,2016-04-01T20:00:00Z,30.882770096,2017-04-03T20:00:00Z,24.02796144,-116.53,1.0,-127.23,31.92,137.64,367.00:00:00,False,39 177
KR,long,8,2016-05-02T20:00:00Z,28.553667654,2017-04-03T20:00:00Z,24.02796144,-36.21,1.0,-41.24,33.66,57.64,336.00:00:00,False,54 177
KR,long,20,2016-08-01T20:00:00Z,27.491177463,2017-04-03T20:00:00Z,24.02796144,-69.26,1.0,-81.85,105.39,116.73,245.00:00:00,False,86 177
KR,long,12,2016-09-01T20:00:00Z,25.929847924,2017-04-03T20:00:00Z,24.02796144,-22.82,1.0,-30.38,81.97,70.04,214.00:00:00,False,98 177
KR,long,16,2016-10-03T20:00:00Z,23.755505232,2017-04-03T20:00:00Z,24.02796144,4.36,1.0,-5.71,144.08,93.38,182.00:00:00,True,108 177
KR,long,18,2017-03-01T21:00:00Z,26.201919856,2017-04-03T20:00:00Z,24.02796144,-39.13,1.0,-50.46,118.06,49.58,32.23:00:00,False,170 177
CCL,long,6,2017-02-01T21:00:00Z,48.991031889,2017-04-03T20:00:00Z,52.197133212,19.24,2.0,-1.01,22.22,5.72,60.23:00:00,True,149 178
HPE,long,16,2016-02-01T21:00:00Z,10.335336095,2017-04-03T20:00:00Z,13.37387989,48.62,1.0,-17.99,135.48,86.87,426.23:00:00,True,8 179
HPQ,long,21,2016-09-01T20:00:00Z,10.24212575,2017-04-03T20:00:00Z,12.731126613,52.27,1.0,-8.62,56.83,27.68,214.00:00:00,True,95 180
BAX,long,15,2017-03-01T21:00:00Z,44.151848604,2017-05-01T20:00:00Z,47.928163716,56.64,2.0,-6.85,57.81,14.36,60.23:00:00,True,164 186
NFLX,long,27,2016-02-01T21:00:00Z,9.409,2017-05-01T20:00:00Z,15.535,165.4,1.0,-30.51,165.4,70.69,454.23:00:00,True,1 187
HPQ,long,27,2016-09-01T20:00:00Z,10.24212575,2017-05-01T20:00:00Z,13.708217058,93.58,1.0,-11.09,93.58,35.59,242.00:00:00,True,95 188
PPL,long,14,2017-03-01T21:00:00Z,24.029493254,2017-05-01T20:00:00Z,25.12700389,15.37,2.23,-2.88,16.94,5.46,60.23:00:00,True,167 189
CCL,long,6,2017-02-01T21:00:00Z,48.991031889,2017-05-01T20:00:00Z,55.601100864,39.66,1.0,-1.01,39.66,9.71,88.23:00:00,True,149 190
LUV,long,6,2016-11-01T20:00:00Z,35.067525376,2017-05-01T20:00:00Z,49.930552308,89.18,1.0,-0.37,102.47,36.72,181.00:00:00,True,116 191
CRH,long,9,2017-04-03T20:00:00Z,27.825914655,2017-05-01T20:00:00Z,29.327630684,13.52,2.045,-8.89,13.52,10.62,28.00:00:00,True,181 192
CAH,long,93,2017-04-03T20:00:00Z,62.931465144,2017-05-02T20:00:00Z,56.40817638,-606.67,2.0,-632.7,127.99,760.68,29.00:00:00,False,182 195
CAH,long,10,2017-05-01T20:00:00Z,56.128273644,2017-05-02T20:00:00Z,56.40817638,2.8,1.0,0.0,81.79,3.42,1.00:00:00,True,194 195
MCK,long,5,2016-02-01T21:00:00Z,146.859883067,2017-06-01T20:00:00Z,154.626605424,38.83,1.0,-157.65,183.86,341.51,485.23:00:00,True,20 196
DAL,long,9,2016-03-01T21:00:00Z,43.04467977,2017-06-01T20:00:00Z,44.819352355,15.97,1.0,-122.26,28.25,131.93,456.23:00:00,True,32 197
NFLX,long,21,2016-02-01T21:00:00Z,9.409,2017-06-01T20:00:00Z,16.299,144.69,1.0,-23.73,145.17,54.98,485.23:00:00,True,1 198
LUV,long,6,2016-11-01T20:00:00Z,35.067525376,2017-06-01T20:00:00Z,53.49702033,110.58,1.0,-0.37,113.88,36.72,212.00:00:00,True,116 199
BAX,long,6,2017-03-01T21:00:00Z,44.151848604,2017-06-01T20:00:00Z,51.870174,46.31,1.0,-2.74,46.31,5.74,91.23:00:00,True,164 200
GILD,long,11,2016-02-01T21:00:00Z,58.045930195,2017-07-03T17:00:00Z,50.7455613,-80.3,1.0,-136.3,142.31,278.61,517.20:00:00,False,2 208
DAL,long,11,2016-03-01T21:00:00Z,43.04467977,2017-07-03T17:00:00Z,48.604497258,61.16,1.0,-149.43,61.16,161.24,488.20:00:00,True,32 209
VLO,long,11,2016-02-01T21:00:00Z,45.37488669,2017-07-03T17:00:00Z,47.791524732,26.58,1.0,-148.8,33.89,148.8,517.20:00:00,True,10 210
HCA,long,4,2016-02-01T21:00:00Z,65.55873955,2017-07-03T17:00:00Z,80.503769025,59.78,1.0,-25.15,71.89,45.93,517.20:00:00,True,19 211
CCL,long,5,2017-02-01T21:00:00Z,48.991031889,2017-07-03T17:00:00Z,58.395773568,47.02,1.0,-0.84,52.26,15.42,151.20:00:00,True,149 212
CSCO,long,207,2016-02-01T21:00:00Z,17.133940652,2017-08-01T20:00:00Z,24.351082725,1493.95,1.23,-146.52,1879.63,533.8,546.23:00:00,True,6 218
CSCO,long,23,2016-12-01T21:00:00Z,22.06536538,2017-08-01T20:00:00Z,24.351082725,52.57,1.0,-129.7,95.43,59.31,242.23:00:00,True,133 218
CSCO,long,16,2017-06-01T20:00:00Z,24.255265936,2017-08-01T20:00:00Z,24.351082725,1.53,1.0,-125.27,31.34,15.04,61.00:00:00,True,205 218
NFLX,long,67,2016-02-01T21:00:00Z,9.409,2017-08-01T20:00:00Z,18.203,589.2,1.0,-75.71,636.43,175.41,546.23:00:00,True,1 219
LBTYA,long,15,2017-02-01T21:00:00Z,36.23,2017-08-01T20:00:00Z,34.4,-27.45,2.0,-113.1,18.3,131.4,180.23:00:00,False,150 220
HPQ,long,35,2016-09-01T20:00:00Z,10.24212575,2017-08-01T20:00:00Z,13.95702198,130.02,1.0,-14.37,136.91,54.49,334.00:00:00,True,95 221
TGT,long,10,2016-06-01T20:00:00Z,50.269692936,2017-08-01T20:00:00Z,43.330123198,-69.4,1.0,-120.3,84.5,204.8,426.00:00:00,False,61 222
GILD,long,7,2016-02-01T21:00:00Z,58.045930195,2017-08-01T20:00:00Z,54.3343563,-25.98,1.0,-86.73,90.56,177.29,546.23:00:00,False,2 223
HPE,long,20,2016-02-01T21:00:00Z,10.335336095,2017-08-01T20:00:00Z,13.409960265,61.49,1.0,-22.48,169.35,124.21,546.23:00:00,True,8 224
GLW,long,257,2017-06-01T20:00:00Z,23.460938331,2017-09-01T20:00:00Z,22.9759046,-124.65,2.57,-365.79,499.91,865.71,92.00:00:00,False,201 231
GILD,long,11,2016-02-01T21:00:00Z,58.045930195,2017-09-01T20:00:00Z,60.11231625,22.73,1.0,-136.3,142.31,278.61,577.23:00:00,True,2 232
EBAY,long,11,2017-03-01T21:00:00Z,30.221482707,2017-09-01T20:00:00Z,32.055760035,20.18,2.0,-21.54,28.23,28.52,183.23:00:00,True,166 233
CCL,long,5,2017-02-01T21:00:00Z,48.991031889,2017-09-01T20:00:00Z,62.204114168,66.07,1.0,-0.84,67.64,15.42,211.23:00:00,True,149 234
VLO,long,15,2016-02-01T21:00:00Z,45.37488669,2017-10-02T20:00:00Z,54.70281866,139.92,1.0,-202.91,139.92,202.91,608.23:00:00,True,10 239
LOW,long,6,2017-08-01T20:00:00Z,65.796680824,2017-10-02T20:00:00Z,68.290260069,14.96,2.0,-26.52,14.96,29.21,62.00:00:00,True,225 240
LUV,long,7,2016-11-01T20:00:00Z,35.067525376,2017-10-02T20:00:00Z,49.836505755,103.38,1.0,-0.43,154.14,83.49,335.00:00:00,True,116 241
CRH,long,10,2017-04-03T20:00:00Z,27.825914655,2017-10-02T20:00:00Z,30.040879768,22.15,1.0,-9.88,27.81,30.03,182.00:00:00,True,181 242
EBAY,long,8,2017-03-01T21:00:00Z,30.221482707,2017-10-02T20:00:00Z,34.154596593,31.46,1.0,-15.66,31.46,20.74,214.23:00:00,True,166 243
DISH,long,104,2017-09-01T20:00:00Z,58.47,2017-10-03T20:00:00Z,53.85,-480.48,2.0,-657.28,0.0,657.28,32.00:00:00,False,235 248
DISH,long,8,2017-10-02T20:00:00Z,53.83,2017-10-03T20:00:00Z,53.85,0.16,1.0,-13.44,37.12,3.76,1.00:00:00,True,246 248
HPE,long,253,2016-02-01T21:00:00Z,10.335336095,2017-10-03T20:00:00Z,11.494548333,293.28,2.7,-284.43,2142.31,2220.82,609.23:00:00,True,8 249
HPE,long,22,2016-03-01T21:00:00Z,9.95310104,2017-10-03T20:00:00Z,11.494548333,33.91,1.0,-16.32,194.7,193.11,580.23:00:00,True,36 249
HPE,long,16,2017-01-03T21:00:00Z,17.60404864,2017-10-03T20:00:00Z,11.494548333,-97.75,1.0,-134.29,19.18,140.45,272.23:00:00,False,142 249
HPE,long,16,2017-03-01T21:00:00Z,17.588872736,2017-10-03T20:00:00Z,11.494548333,-97.51,1.0,-134.04,19.43,128.24,215.23:00:00,False,173 249
HPE,long,85,2017-05-01T20:00:00Z,14.27206875,2017-10-03T20:00:00Z,11.494548333,-236.09,1.0,-430.18,385.12,384.29,155.00:00:00,False,193 249
HPE,long,59,2017-07-03T17:00:00Z,12.737552001,2017-10-03T20:00:00Z,11.494548333,-73.34,1.0,-208.06,357.86,222.7,92.03:00:00,False,213 249
HPE,long,89,2017-10-02T20:00:00Z,11.502226722,2017-10-03T20:00:00Z,11.494548333,-0.68,1.0,-203.91,649.76,19.82,1.00:00:00,False,244 249
LBTYA,long,143,2017-02-01T21:00:00Z,36.23,2017-11-01T20:00:00Z,31.34,-699.27,1.0,-1078.22,174.46,1252.68,272.23:00:00,False,150 252
LBTYA,long,8,2017-03-01T21:00:00Z,35.2,2017-11-01T20:00:00Z,31.34,-30.88,1.0,-52.08,18.0,69.36,244.23:00:00,False,172 252
LBTYA,long,27,2017-06-01T20:00:00Z,31.35,2017-11-01T20:00:00Z,31.34,-0.27,1.0,-71.82,164.7,111.24,153.00:00:00,False,202 252
PPL,long,232,2017-03-01T21:00:00Z,24.029493254,2017-11-01T20:00:00Z,24.928523108,208.57,1.16,-47.67,661.04,452.47,244.23:00:00,True,167 253
HPQ,long,52,2016-09-01T20:00:00Z,10.24212575,2017-11-01T20:00:00Z,15.764351794,287.16,1.0,-21.35,311.97,80.95,426.00:00:00,True,95 254
NFLX,long,25,2016-02-01T21:00:00Z,9.409,2017-11-01T20:00:00Z,19.8,259.78,1.0,-28.25,271.48,65.45,638.23:00:00,True,1 255
BAX,long,7,2017-03-01T21:00:00Z,44.151848604,2017-11-01T20:00:00Z,55.64606904,80.46,1.0,-3.2,89.44,21.42,244.23:00:00,True,164 256
TGT,long,7,2016-06-01T20:00:00Z,50.269692936,2017-11-01T20:00:00Z,45.3595761,-34.37,1.0,-84.21,59.15,143.36,518.00:00:00,False,61 257
CCL,long,96,2017-02-01T21:00:00Z,48.991031889,2017-12-01T21:00:00Z,59.789268,1036.63,1.0,-16.11,1298.69,516.56,303.00:00:00,True,149 266
CCL,long,9,2017-10-02T20:00:00Z,57.974990248,2017-12-01T21:00:00Z,59.789268,16.33,1.0,-82.37,40.9,29.72,60.01:00:00,True,245 266
VLO,long,10,2016-02-01T21:00:00Z,45.37488669,2017-12-01T21:00:00Z,60.266780542,148.92,1.0,-135.27,159.3,135.27,669.00:00:00,True,10 267
HCA,long,7,2016-02-01T21:00:00Z,65.55873955,2017-12-01T21:00:00Z,77.586765125,84.2,1.0,-44.0,125.81,105.13,669.00:00:00,True,19 268
CVS,long,9,2017-11-01T20:00:00Z,52.2414042,2017-12-01T21:00:00Z,56.874989616,41.7,2.0,-14.99,51.79,17.65,30.01:00:00,True,259 269
LUV,long,7,2016-11-01T20:00:00Z,35.067525376,2017-12-01T21:00:00Z,53.372715368,128.14,1.0,-0.43,154.14,83.49,395.01:00:00,True,116 270
DAL,long,7,2016-03-01T21:00:00Z,43.04467977,2017-12-01T21:00:00Z,47.401702436,30.5,1.0,-95.09,47.86,102.61,640.00:00:00,True,32 271
T,long,18,2016-03-01T21:00:00Z,15.343748800769273,2017-12-01T21:00:00Z,16.29776532557485,17.17,1.0,-12.08,53.74,65.83,640.00:00:00,True,31 272
LOW,long,9,2017-08-01T20:00:00Z,65.796680824,2018-01-02T21:00:00Z,77.841460602,108.4,1.0,-39.79,118.57,43.82,154.01:00:00,True,225 278
EBAY,long,11,2017-03-01T21:00:00Z,30.221482707,2018-01-02T21:00:00Z,33.563747646,36.76,1.0,-21.54,45.79,44.72,307.00:00:00,True,166 279
MO,long,9,2017-03-01T21:00:00Z,38.344509,2018-01-02T21:00:00Z,37.184275854,-10.44,2.0,-58.07,15.4,73.47,307.00:00:00,False,168 280
LUV,long,5,2016-11-01T20:00:00Z,35.067525376,2018-01-02T21:00:00Z,59.166516374,120.49,1.0,-0.31,120.49,59.63,427.01:00:00,True,116 281
MCK,long,2,2016-02-01T21:00:00Z,146.859883067,2018-01-02T21:00:00Z,148.862319,4.0,1.0,-63.06,73.55,136.61,701.00:00:00,True,20 282
HPQ,long,287,2016-09-01T20:00:00Z,10.24212575,2018-02-01T21:00:00Z,17.22065021,2002.84,2.075,-117.84,2132.23,446.79,518.01:00:00,True,95 290
HPQ,long,32,2016-11-01T20:00:00Z,10.230490492,2018-02-01T21:00:00Z,17.22065021,223.69,1.0,-12.77,238.11,49.82,457.01:00:00,True,120 290
HPQ,long,23,2017-01-03T21:00:00Z,10.66746186,2018-02-01T21:00:00Z,17.22065021,150.72,1.0,-19.23,161.09,35.81,394.00:00:00,True,143 290
HPQ,long,39,2017-07-03T17:00:00Z,12.81216699,2018-02-01T21:00:00Z,17.22065021,171.93,1.0,-116.24,189.51,45.34,213.04:00:00,True,215 290
HPQ,long,34,2018-01-02T21:00:00Z,15.757264484,2018-02-01T21:00:00Z,17.22065021,49.76,1.0,-201.47,65.08,15.33,30.00:00:00,True,285 290
GLW,long,242,2017-11-01T20:00:00Z,25.14629282,2018-02-01T21:00:00Z,25.317787476,41.5,2.47,-49.37,652.45,701.82,92.01:00:00,True,258 291
GLW,long,10,2018-01-02T21:00:00Z,26.060783448,2018-02-01T21:00:00Z,25.317787476,-7.43,1.0,-11.18,17.82,29.0,30.00:00:00,False,288 291
EBAY,long,169,2017-03-01T21:00:00Z,30.221482707,2018-02-01T21:00:00Z,40.733302779,1776.5,1.0,-330.86,1776.5,687.05,337.00:00:00,True,166 292
EBAY,long,24,2017-12-01T21:00:00Z,31.04161632,2018-02-01T21:00:00Z,40.733302779,232.6,1.0,-66.67,232.6,44.87,62.00:00:00,True,274 292
KMB,long,74,2017-11-01T20:00:00Z,80.86547655,2018-02-01T21:00:00Z,85.76840646,362.82,2.0,-116.42,661.05,507.77,92.01:00:00,True,260 293
LOW,long,77,2017-08-01T20:00:00Z,65.796680824,2018-02-01T21:00:00Z,88.579784448,1754.3,1.0,-340.4,1986.78,374.9,184.01:00:00,True,225 294
LOW,long,4,2017-09-01T20:00:00Z,63.100234115,2018-02-01T21:00:00Z,88.579784448,101.92,1.0,-6.9,113.99,19.17,153.01:00:00,True,238 294
NFLX,long,76,2016-02-01T21:00:00Z,9.409,2018-02-01T21:00:00Z,26.507,1299.45,1.0,-85.88,1447.8,198.97,731.00:00:00,True,1 295
TGT,long,14,2016-06-01T20:00:00Z,50.269692936,2018-02-01T21:00:00Z,58.373703675,113.46,1.0,-168.42,152.81,286.72,610.01:00:00,True,61 296
GILD,long,10,2016-02-01T21:00:00Z,58.045930195,2018-02-01T21:00:00Z,60.71267565,26.67,1.0,-123.91,129.37,253.28,731.00:00:00,True,2 297
HCA,long,5,2016-02-01T21:00:00Z,65.55873955,2018-02-01T21:00:00Z,94.3779996,144.1,1.0,-31.43,144.1,75.09,731.00:00:00,True,19 298
MO,long,147,2017-03-01T21:00:00Z,38.344509,2018-03-01T21:00:00Z,32.816148453,-812.67,1.0,-948.41,251.56,1199.97,365.00:00:00,False,168 308
MO,long,24,2017-08-01T20:00:00Z,33.76211255,2018-03-01T21:00:00Z,32.816148453,-22.7,1.0,-44.87,151.05,136.37,212.01:00:00,False,226 308
MO,long,16,2018-02-01T21:00:00Z,36.758501703,2018-03-01T21:00:00Z,32.816148453,-63.08,1.0,-77.85,52.76,63.08,28.00:00:00,False,305 308
BAX,long,108,2017-03-01T21:00:00Z,44.151848604,2018-03-01T21:00:00Z,57.752681238,1468.89,1.0,-49.35,2012.52,910.25,365.00:00:00,True,164 309
BAX,long,6,2018-01-02T21:00:00Z,58.363616697,2018-03-01T21:00:00Z,57.752681238,-3.67,1.0,-88.01,26.54,50.57,58.00:00:00,False,287 309
MU,long,20,2017-11-01T20:00:00Z,43.276593374,2018-03-01T21:00:00Z,46.436038226,63.19,2.0,-97.12,103.36,200.49,120.01:00:00,True,261 310
NFLX,long,27,2016-02-01T21:00:00Z,9.409,2018-03-01T21:00:00Z,29.039,530.01,1.0,-30.51,540.19,94.82,759.00:00:00,True,1 311
INTC,long,11,2018-02-01T21:00:00Z,40.004619445,2018-03-01T21:00:00Z,40.43661648,4.75,2.0,-42.57,24.0,42.57,28.00:00:00,True,302 312
TGT,long,5,2016-06-01T20:00:00Z,50.269692936,2018-03-01T21:00:00Z,58.196297649,39.63,1.0,-60.15,54.57,102.4,638.01:00:00,True,61 313
MPC,long,15,2018-02-01T21:00:00Z,52.843842079,2018-04-02T20:00:00Z,55.61298438,41.54,2.0,-68.08,63.38,68.08,59.23:00:00,True,303 321
MU,long,8,2017-11-01T20:00:00Z,43.276593374,2018-04-02T20:00:00Z,48.815373238,44.31,1.0,-38.85,130.82,86.51,152.00:00:00,True,261 322
PSX,long,5,2018-03-01T21:00:00Z,66.290055741,2018-04-02T20:00:00Z,69.266433285,14.88,2.0,0.0,19.26,10.07,31.23:00:00,True,315 323
INTC,long,7,2018-02-01T21:00:00Z,40.004619445,2018-04-02T20:00:00Z,41.34948324,9.41,1.0,-27.09,30.48,27.09,59.23:00:00,True,302 324
EXC,long,15,2018-03-01T21:00:00Z,19.38128934126216,2018-04-02T20:00:00Z,20.08472725343148,10.55,2.72,-0.79,16.38,6.77,31.23:00:00,True,314 325
VLO,long,16,2016-02-01T21:00:00Z,45.37488669,2018-05-01T20:00:00Z,80.002385728,554.04,1.0,-216.44,563.52,216.44,819.23:00:00,True,10 331
PSX,long,12,2018-03-01T21:00:00Z,66.290055741,2018-05-01T20:00:00Z,81.595055955,183.66,1.0,0.0,189.53,24.16,60.23:00:00,True,315 332
CVS,long,15,2017-11-01T20:00:00Z,52.2414042,2018-05-01T20:00:00Z,52.2005604,-0.61,1.0,-91.12,172.05,263.17,181.00:00:00,False,259 333
MCK,long,5,2016-02-01T21:00:00Z,146.859883067,2018-05-01T20:00:00Z,144.69771036,-10.81,1.0,-157.65,183.86,341.51,819.23:00:00,False,20 334
CRH,long,15,2017-04-03T20:00:00Z,27.825914655,2018-05-01T20:00:00Z,29.032885376,18.1,1.0,-16.01,55.05,71.06,393.00:00:00,True,181 335
F,long,45,2018-02-01T21:00:00Z,7.217045472,2018-05-01T20:00:00Z,7.541596688,14.6,5.765,-20.22,21.24,20.22,88.23:00:00,True,299 336
NFLX,long,10,2016-02-01T21:00:00Z,9.409,2018-05-01T20:00:00Z,31.33,219.21,1.0,-11.3,241.97,51.15,819.23:00:00,True,1 337
MCK,long,11,2016-02-01T21:00:00Z,146.859883067,2018-06-01T20:00:00Z,133.781001424,-143.87,1.0,-346.83,404.5,751.33,850.23:00:00,False,20 348
MCK,long,1,2016-03-01T21:00:00Z,144.741138035,2018-06-01T20:00:00Z,133.781001424,-10.96,1.0,-29.41,38.89,68.3,821.23:00:00,False,37 348
MCK,long,3,2016-04-01T20:00:00Z,145.443361239,2018-06-01T20:00:00Z,133.781001424,-34.99,1.0,-90.34,114.57,204.91,791.00:00:00,False,40 348
MCK,long,3,2016-10-03T20:00:00Z,153.22635603,2018-06-01T20:00:00Z,133.781001424,-58.34,1.0,-113.69,91.22,115.05,606.00:00:00,False,107 348
MCK,long,11,2016-11-01T20:00:00Z,119.80627257,2018-06-01T20:00:00Z,133.781001424,153.72,1.0,-49.24,702.09,387.87,577.00:00:00,True,117 348
MCK,long,3,2017-01-03T21:00:00Z,136.904662697,2018-06-01T20:00:00Z,133.781001424,-9.37,1.0,-64.72,140.18,105.78,513.23:00:00,False,139 348
MCK,long,4,2017-09-01T20:00:00Z,139.562670779,2018-06-01T20:00:00Z,133.781001424,-23.13,1.0,-96.93,176.28,141.04,273.00:00:00,False,236 348
MCK,long,3,2017-11-01T20:00:00Z,130.464615673,2018-06-01T20:00:00Z,133.781001424,9.95,1.0,-45.4,159.5,105.78,212.00:00:00,True,263 348
MCK,long,3,2018-03-01T21:00:00Z,137.50082664,2018-06-01T20:00:00Z,133.781001424,-11.16,1.0,-66.51,138.39,53.62,91.23:00:00,False,318 348
MCK,long,4,2018-04-02T20:00:00Z,131.18595996,2018-06-01T20:00:00Z,133.781001424,10.38,1.0,-63.42,209.79,63.47,60.00:00:00,True,328 348
PPG,long,69,2018-02-01T21:00:00Z,99.2959802,2018-06-01T20:00:00Z,86.818538187,-860.94,2.0,-953.73,28.36,982.09,119.23:00:00,False,301 349
PPG,long,7,2018-05-01T20:00:00Z,90.613491804,2018-06-01T20:00:00Z,86.818538187,-26.56,1.0,-35.98,63.65,39.44,31.00:00:00,False,341 349
MU,long,27,2017-11-01T20:00:00Z,43.276593374,2018-06-01T20:00:00Z,57.279565002,378.08,1.0,-131.12,480.24,401.78,212.00:00:00,True,261 350
NFLX,long,19,2016-02-01T21:00:00Z,9.409,2018-06-01T20:00:00Z,35.993,505.1,1.0,-21.47,505.1,97.18,850.23:00:00,True,1 351
VLO,long,6,2016-02-01T21:00:00Z,45.37488669,2018-06-01T20:00:00Z,90.060731238,268.12,1.0,-81.16,268.12,81.16,850.23:00:00,True,10 352
HCA,long,4,2016-02-01T21:00:00Z,65.55873955,2018-06-01T20:00:00Z,96.954528128,125.58,1.0,-25.15,126.44,60.08,850.23:00:00,True,19 353
NFLX,long,1,2016-02-01T21:00:00Z,9.409,2018-07-02T20:00:00Z,39.818,30.41,1.0,-1.13,32.27,5.12,881.23:00:00,True,1 361
NFLX,long,40,2016-05-02T20:00:00Z,9.311,2018-07-02T20:00:00Z,39.818,1220.28,1.0,-41.28,1294.6,204.6,791.00:00:00,True,52 361
NFLX,long,48,2016-07-01T20:00:00Z,9.667,2018-07-02T20:00:00Z,39.818,1447.25,1.0,-66.62,1536.43,245.52,731.00:00:00,True,76 361
NFLX,long,50,2016-12-01T21:00:00Z,11.722,2018-07-02T20:00:00Z,39.818,1404.8,1.0,-172.15,1497.7,255.75,577.23:00:00,True,131 361
NFLX,long,36,2017-07-03T17:00:00Z,14.617,2018-07-02T20:00:00Z,39.818,907.24,1.0,-228.17,974.12,184.14,364.03:00:00,True,214 361
NFLX,long,25,2017-12-01T21:00:00Z,18.682,2018-07-02T20:00:00Z,39.818,528.4,1.0,-260.08,574.85,127.88,212.23:00:00,True,276 361
TGT,long,10,2016-06-01T20:00:00Z,50.269692936,2018-07-02T20:00:00Z,59.994026801,97.24,1.0,-120.3,123.37,204.8,761.00:00:00,True,61 362
GILD,long,10,2016-02-01T21:00:00Z,58.045930195,2018-07-02T20:00:00Z,52.621362288,-54.25,1.0,-123.91,129.37,253.28,881.23:00:00,False,2 363
EXC,long,22,2018-03-01T21:00:00Z,19.38128934126216,2018-07-02T20:00:00Z,22.718624202026323,73.42,1.0,-1.15,73.42,19.68,122.23:00:00,True,314 364
PEG,long,9,2018-06-01T20:00:00Z,39.457824375,2018-07-02T20:00:00Z,40.846777872,12.5,2.0,-10.34,14.68,10.34,31.00:00:00,True,354 365
PEG,long,168,2018-06-01T20:00:00Z,39.457824375,2018-08-01T20:00:00Z,38.286278814,-196.82,1.0,-196.82,274.07,470.89,61.00:00:00,False,354 373
HCA,long,11,2016-02-01T21:00:00Z,65.55873955,2018-08-01T20:00:00Z,115.784078932,552.48,1.0,-69.15,552.48,165.21,911.23:00:00,True,19 374
LUV,long,16,2016-11-01T20:00:00Z,35.067525376,2018-08-01T20:00:00Z,50.720700203,250.45,1.0,-0.99,385.58,226.52,638.00:00:00,True,116 375
MPC,long,12,2018-02-01T21:00:00Z,52.843842079,2018-08-01T20:00:00Z,62.922466116,120.94,1.0,-54.47,136.68,123.82,180.23:00:00,True,303 376
TYC,long,22,2017-12-01T21:00:00Z,30.574961468,2018-08-01T20:00:00Z,31.46023776,19.48,2.01,-66.34,77.29,143.63,242.23:00:00,True,273 377
PSX,long,5,2018-03-01T21:00:00Z,66.290055741,2018-08-01T20:00:00Z,90.329281347,120.2,1.0,0.0,121.41,41.45,152.23:00:00,True,315 378
ETN,long,6,2018-02-01T21:00:00Z,72.37823333,2018-08-01T20:00:00Z,69.037748303,-20.04,2.0,-71.39,0.0,71.39,180.23:00:00,False,300 379
DAL,long,8,2016-03-01T21:00:00Z,43.04467977,2018-08-01T20:00:00Z,49.704682128,53.28,1.0,-108.68,93.64,117.27,882.23:00:00,True,32 380
GILD,long,7,2016-02-01T21:00:00Z,58.045930195,2018-08-01T20:00:00Z,57.50847534,-3.76,1.0,-86.73,90.56,177.29,911.23:00:00,False,2 381
CRH,long,175,2017-04-03T20:00:00Z,27.825914655,2018-09-04T20:00:00Z,27.165369088,-115.6,1.28,-309.96,647.45,957.41,519.00:00:00,False,181 390
CRH,long,9,2017-07-03T17:00:00Z,28.741399293,2018-09-04T20:00:00Z,27.165369088,-14.18,1.0,-24.18,25.06,49.24,428.03:00:00,False,217 390
CRH,long,23,2017-12-01T21:00:00Z,28.05216706,2018-09-04T20:00:00Z,27.165369088,-20.4,1.0,-45.94,79.89,125.83,276.23:00:00,False,275 390
CRH,long,28,2018-03-01T21:00:00Z,27.106315894,2018-09-04T20:00:00Z,27.165369088,1.65,1.0,-29.44,123.74,153.19,186.23:00:00,True,316 390
CRH,long,21,2018-08-01T20:00:00Z,27.338134912,2018-09-04T20:00:00Z,27.165369088,-3.63,1.0,-26.95,87.94,31.27,34.00:00:00,False,385 390
HCA,long,27,2016-02-01T21:00:00Z,65.55873955,2018-09-04T20:00:00Z,124.898562906,1602.18,1.0,-169.73,1604.19,405.51,945.23:00:00,True,19 391
HCA,long,4,2016-06-01T20:00:00Z,72.343542925,2018-09-04T20:00:00Z,124.898562906,210.22,1.0,-52.28,210.52,60.08,825.00:00:00,True,65 391
HCA,long,11,2016-12-01T21:00:00Z,65.74336005,2018-09-04T20:00:00Z,124.898562906,650.71,1.0,-71.18,651.53,165.21,641.23:00:00,True,130 391
HCA,long,5,2017-06-01T20:00:00Z,77.309834375,2018-09-04T20:00:00Z,124.898562906,237.94,1.0,-90.19,238.32,60.09,460.00:00:00,True,206 391
HCA,long,7,2017-08-01T20:00:00Z,73.1835662,2018-09-04T20:00:00Z,124.898562906,362.0,1.0,-97.38,362.53,55.63,399.00:00:00,True,229 391
HCA,long,5,2017-11-01T20:00:00Z,70.921965075,2018-09-04T20:00:00Z,124.898562906,269.88,1.0,-58.25,270.26,39.74,307.00:00:00,True,265 391
HCA,long,3,2018-05-01T20:00:00Z,89.10952128,2018-09-04T20:00:00Z,124.898562906,107.37,1.0,-89.51,107.59,14.5,126.00:00:00,True,346 391
CVS,long,18,2017-11-01T20:00:00Z,52.2414042,2018-09-04T20:00:00Z,57.23789,89.94,1.0,-109.34,206.46,315.81,307.00:00:00,True,259 392
TGT,long,9,2016-06-01T20:00:00Z,50.269692936,2018-09-04T20:00:00Z,70.983514305,186.42,1.0,-108.27,186.42,184.32,825.00:00:00,True,61 393
DAL,long,8,2016-03-01T21:00:00Z,43.04467977,2018-09-04T20:00:00Z,54.611152896,92.53,1.0,-108.68,93.64,117.27,916.23:00:00,True,32 394
LUV,long,10,2016-11-01T20:00:00Z,35.067525376,2018-10-01T20:00:00Z,55.50352453,204.36,1.0,-0.62,240.99,141.58,699.00:00:00,True,116 403
CVS,long,8,2017-11-01T20:00:00Z,52.2414042,2018-10-01T20:00:00Z,61.4920575,74.01,1.0,-48.6,91.76,140.36,334.00:00:00,True,259 404
ETN,long,5,2018-02-01T21:00:00Z,72.37823333,2018-10-01T20:00:00Z,73.887545655,7.55,1.0,-59.49,11.98,59.49,241.23:00:00,True,300 405
XOM,long,6,2018-07-02T20:00:00Z,56.725325104,2018-10-01T20:00:00Z,60.149300371,20.54,2.0,-16.76,23.87,27.04,91.00:00:00,True,366 406
CVX,long,4,2018-08-01T20:00:00Z,87.985799369,2018-10-01T20:00:00Z,88.120935994,0.54,2.0,-27.54,0.54,27.54,61.00:00:00,True,382 407
GILD,long,6,2016-02-01T21:00:00Z,58.045930195,2018-10-01T20:00:00Z,57.9997063,-0.28,1.0,-74.34,77.62,151.97,972.23:00:00,False,2 408
NXPI,long,70,2018-06-01T20:00:00Z,99.9936408,2018-11-01T20:00:00Z,73.95572547,-1822.65,2.0,-2645.76,378.84,3024.6,153.00:00:00,False,355 416
NXPI,long,16,2018-08-01T20:00:00Z,83.67888888,2018-11-01T20:00:00Z,73.95572547,-155.57,1.0,-343.71,347.63,356.2,92.00:00:00,False,383 416
NXPI,long,3,2018-09-04T20:00:00Z,83.029807352,2018-11-01T20:00:00Z,73.95572547,-27.22,1.0,-62.5,67.13,62.5,58.00:00:00,False,402 416
NXPI,long,7,2018-10-01T20:00:00Z,74.78243949,2018-11-01T20:00:00Z,73.95572547,-5.79,1.0,-88.1,214.36,94.81,31.00:00:00,False,411 416
F,long,152,2018-02-01T21:00:00Z,7.217045472,2018-11-01T20:00:00Z,6.422834732,-120.72,1.0,-236.32,135.87,372.18,272.23:00:00,False,299 417
EXC,long,42,2018-03-01T21:00:00Z,19.38128934126216,2018-11-01T20:00:00Z,23.30136816193472,164.64,1.0,-2.2,186.16,54.25,244.23:00:00,True,314 418
INTC,long,14,2018-02-01T21:00:00Z,40.004619445,2018-11-01T20:00:00Z,41.242344188,17.33,1.0,-54.18,119.29,171.41,272.23:00:00,True,302 419
TGT,long,8,2016-06-01T20:00:00Z,50.269692936,2018-11-01T20:00:00Z,67.184958621,135.32,1.0,-96.24,167.69,163.84,883.00:00:00,True,61 420
T,long,25,2016-03-01T21:00:00Z,15.343748800769273,2018-11-01T20:00:00Z,14.415064612517712,-23.22,1.0,-39.53,74.64,114.18,974.23:00:00,False,31 421
DAL,long,7,2016-03-01T21:00:00Z,43.04467977,2018-11-01T20:00:00Z,51.977055168,62.53,1.0,-95.09,85.7,102.61,974.23:00:00,True,32 422
CVS,long,66,2017-11-01T20:00:00Z,52.2414042,2018-12-03T21:00:00Z,61.932712688,639.63,1.0,-400.93,757.03,1157.96,397.01:00:00,True,259 431
CVS,long,10,2018-01-02T21:00:00Z,55.663594736,2018-12-03T21:00:00Z,61.932712688,62.69,1.0,-94.97,80.48,175.45,335.00:00:00,True,284 431
CVS,long,12,2018-03-01T21:00:00Z,51.156703195,2018-12-03T21:00:00Z,61.932712688,129.31,1.0,-59.88,150.66,89.36,277.00:00:00,True,317 431
CVS,long,13,2018-04-02T20:00:00Z,46.501938392,2018-12-03T21:00:00Z,61.932712688,200.6,1.0,-4.36,223.73,96.81,245.01:00:00,True,326 431
CVS,long,17,2018-06-01T20:00:00Z,49.183675071,2018-12-03T21:00:00Z,61.932712688,216.73,1.0,-51.29,246.98,126.6,185.01:00:00,True,356 431
SCCO,long,254,2018-11-01T20:00:00Z,26.596726047134887,2018-12-03T21:00:00Z,22.767245211866832,-972.69,2.54,-1274.7,142.69,1417.39,32.01:00:00,False,423 432
AMAT,long,22,2018-09-04T20:00:00Z,39.186076766,2018-12-03T21:00:00Z,35.44912566,-82.21,2.0,-232.62,0.0,232.62,90.01:00:00,False,395 433
DAL,long,10,2016-03-01T21:00:00Z,43.04467977,2018-12-03T21:00:00Z,56.111637276,130.67,1.0,-135.85,136.18,146.59,1007.00:00:00,True,32 434
LUV,long,11,2016-11-01T20:00:00Z,35.067525376,2018-12-03T21:00:00Z,48.909669833,152.26,1.0,-0.68,265.09,176.75,762.01:00:00,True,116 435
TYC,long,16,2017-12-01T21:00:00Z,30.574961468,2018-12-03T21:00:00Z,29.460990768,-17.82,1.0,-68.54,56.21,124.75,367.00:00:00,False,273 436
CVX,long,5,2018-08-01T20:00:00Z,87.985799369,2018-12-03T21:00:00Z,86.321055227,-8.32,1.0,-54.09,9.28,63.37,124.01:00:00,False,382 437
LVS,long,7,2018-09-04T20:00:00Z,54.95551575,2018-12-03T21:00:00Z,50.323459762,-32.42,2.0,-80.79,0.0,80.79,90.01:00:00,False,396 438
ETN,long,5,2018-02-01T21:00:00Z,72.37823333,2018-12-03T21:00:00Z,66.524189849,-29.27,1.0,-64.69,11.98,76.68,305.00:00:00,False,300 439
EXC,long,265,2018-03-01T21:00:00Z,19.38128934126216,2019-01-02T21:00:00Z,23.698231989198064,1143.99,1.395,-13.91,1574.34,460.28,307.00:00:00,True,314 447
EXC,long,14,2018-08-01T20:00:00Z,22.24741526378807,2019-01-02T21:00:00Z,23.698231989198064,20.31,1.0,-40.86,43.05,24.32,154.01:00:00,True,388 447
PEG,long,157,2018-12-03T21:00:00Z,42.541736064,2019-01-02T21:00:00Z,39.151883745,-532.21,2.0,-645.88,68.81,714.69,30.00:00:00,False,440 448
INTC,long,14,2018-02-01T21:00:00Z,40.004619445,2019-01-02T21:00:00Z,40.52072024,7.23,1.0,-54.18,119.29,171.41,335.00:00:00,True,302 449
LVS,long,10,2018-09-04T20:00:00Z,54.95551575,2019-01-02T21:00:00Z,47.365617168,-75.9,1.0,-125.92,0.0,125.92,120.01:00:00,False,396 450
VLO,long,5,2016-02-01T21:00:00Z,45.37488669,2019-01-02T21:00:00Z,55.892963628,52.59,1.0,-67.64,225.83,197.72,1066.00:00:00,True,10 451
LUV,long,13,2016-11-01T20:00:00Z,35.067525376,2019-02-01T21:00:00Z,51.54417138,214.2,1.0,-0.8,313.29,248.05,822.01:00:00,True,116 459
MU,long,14,2017-11-01T20:00:00Z,43.276593374,2019-02-01T21:00:00Z,38.61543708,-65.26,1.0,-209.69,249.01,458.7,457.01:00:00,False,261 460
EBAY,long,17,2019-01-02T21:00:00Z,25.441779285,2019-02-01T21:00:00Z,30.256757271,81.85,2.21,-7.95,81.85,7.95,30.00:00:00,True,452 461
VLO,long,6,2016-02-01T21:00:00Z,45.37488669,2019-02-01T21:00:00Z,63.068211738,106.16,1.0,-81.16,271.0,237.27,1096.00:00:00,True,10 462
AMAT,long,10,2018-09-04T20:00:00Z,39.186076766,2019-02-01T21:00:00Z,36.34598669,-28.4,1.0,-123.82,0.0,123.82,150.01:00:00,False,395 463
F,long,55,2018-02-01T21:00:00Z,7.217045472,2019-02-01T21:00:00Z,6.133784032,-59.58,1.0,-106.8,49.16,155.97,365.00:00:00,False,299 464
ETN,long,84,2018-02-01T21:00:00Z,72.37823333,2019-03-01T21:00:00Z,68.417327927,-332.72,1.0,-1433.7,201.3,1635.01,393.00:00:00,False,300 470
ETN,long,9,2018-05-01T20:00:00Z,61.344083244,2019-03-01T21:00:00Z,68.417327927,63.66,1.0,-54.3,120.88,175.18,304.01:00:00,True,342 470
ETN,long,9,2018-11-01T20:00:00Z,62.891411375,2019-03-01T21:00:00Z,68.417327927,49.73,1.0,-68.23,106.95,100.92,120.01:00:00,True,426 470
F,long,701,2018-02-01T21:00:00Z,7.217045472,2019-03-01T21:00:00Z,6.19005728,-719.92,5.39,-1361.26,626.59,1987.85,393.00:00:00,False,299 471
F,long,153,2018-08-01T20:00:00Z,6.717134705,2019-03-01T21:00:00Z,6.19005728,-80.64,1.0,-220.62,213.25,240.37,212.01:00:00,False,384 471
F,long,80,2018-09-04T20:00:00Z,6.42508537,2019-03-01T21:00:00Z,6.19005728,-18.8,1.0,-91.99,134.87,112.1,178.01:00:00,False,397 471
F,long,42,2018-12-03T21:00:00Z,6.63715968,2019-03-01T21:00:00Z,6.19005728,-18.78,1.0,-57.2,61.9,57.2,88.00:00:00,False,446 471
F,long,102,2019-01-02T21:00:00Z,5.468743028,2019-03-01T21:00:00Z,6.19005728,73.57,1.0,-19.75,269.5,49.36,58.00:00:00,True,454 471
GILD,long,21,2016-02-01T21:00:00Z,58.045930195,2019-03-01T21:00:00Z,49.523566834,-178.97,1.0,-265.15,271.68,536.83,1124.00:00:00,False,2 472
GILD,long,5,2016-06-01T20:00:00Z,60.081351174,2019-03-01T21:00:00Z,49.523566834,-52.79,1.0,-73.31,54.51,95.77,1003.01:00:00,False,64 472
GILD,long,8,2016-08-01T20:00:00Z,56.148681114,2019-03-01T21:00:00Z,49.523566834,-53.0,1.0,-85.83,118.68,153.23,942.01:00:00,False,88 472
GILD,long,6,2016-11-01T20:00:00Z,52.00254711,2019-03-01T21:00:00Z,49.523566834,-14.87,1.0,-39.5,113.88,114.93,850.01:00:00,False,121 472
GILD,long,5,2016-12-01T21:00:00Z,51.13899732,2019-03-01T21:00:00Z,49.523566834,-8.08,1.0,-28.6,99.22,95.77,820.00:00:00,False,134 472
GILD,long,6,2017-01-03T21:00:00Z,52.400951712,2019-03-01T21:00:00Z,49.523566834,-17.26,1.0,-41.89,111.49,114.93,787.00:00:00,False,141 472
GILD,long,6,2017-03-01T21:00:00Z,49.595776708,2019-03-01T21:00:00Z,49.523566834,-0.43,1.0,-25.06,128.32,114.93,730.00:00:00,False,171 472
GILD,long,9,2017-06-01T20:00:00Z,46.011391524,2019-03-01T21:00:00Z,49.523566834,31.61,1.0,-5.32,224.75,172.39,638.01:00:00,True,204 472
GILD,long,5,2017-10-02T20:00:00Z,60.322086144,2019-03-01T21:00:00Z,49.523566834,-53.99,1.0,-74.51,53.31,95.77,515.01:00:00,False,247 472
GILD,long,7,2017-11-01T20:00:00Z,54.052980448,2019-03-01T21:00:00Z,49.523566834,-31.71,1.0,-60.43,118.51,134.08,485.01:00:00,False,264 472
GILD,long,12,2018-01-02T21:00:00Z,53.8844085,2019-03-01T21:00:00Z,49.523566834,-52.33,1.0,-101.58,205.18,229.85,423.00:00:00,False,283 472
GILD,long,9,2018-04-02T20:00:00Z,53.562769794,2019-03-01T21:00:00Z,49.523566834,-36.35,1.0,-73.29,156.78,120.18,333.01:00:00,False,329 472
GILD,long,7,2018-05-01T20:00:00Z,53.138017176,2019-03-01T21:00:00Z,49.523566834,-25.3,1.0,-54.03,124.92,93.48,304.01:00:00,False,344 472
GILD,long,13,2018-06-01T20:00:00Z,50.01828243,2019-03-01T21:00:00Z,49.523566834,-6.43,1.0,-59.78,272.54,173.6,273.01:00:00,False,357 472
GILD,long,6,2018-09-04T20:00:00Z,54.843448434,2019-03-01T21:00:00Z,49.523566834,-31.92,1.0,-56.54,96.84,80.12,178.01:00:00,False,401 472
INTC,long,15,2018-02-01T21:00:00Z,40.004619445,2019-03-01T21:00:00Z,46.16491555,92.4,1.0,-58.05,127.81,183.65,393.00:00:00,True,302 473
EBAY,long,17,2019-01-02T21:00:00Z,25.441779285,2019-03-01T21:00:00Z,33.060789495,129.52,1.0,-7.95,130.88,7.95,58.00:00:00,True,452 474
XOM,long,8,2018-07-02T20:00:00Z,56.725325104,2019-03-01T21:00:00Z,57.274072,4.39,1.0,-82.72,31.82,114.54,242.01:00:00,True,366 475
MU,long,8,2017-11-01T20:00:00Z,43.276593374,2019-03-01T21:00:00Z,40.546208934,-21.84,1.0,-119.82,142.29,262.12,485.01:00:00,False,261 476
AAPL,long,16,2018-12-03T21:00:00Z,43.7586624135,2019-04-01T20:00:00Z,45.472875084,27.43,2.0,-161.49,42.07,161.49,118.23:00:00,True,441 483
TGT,long,11,2016-06-01T20:00:00Z,50.269692936,2019-04-01T20:00:00Z,64.917046975,161.12,1.0,-132.33,230.57,242.48,1034.00:00:00,True,61 484
TYC,long,18,2017-12-01T21:00:00Z,30.574961468,2019-04-01T20:00:00Z,31.52242522,17.05,1.0,-115.36,63.24,178.6,485.23:00:00,True,273 485
LUV,long,35,2016-11-01T20:00:00Z,35.067525376,2019-04-02T20:00:00Z,48.132466083,457.27,1.0,-2.17,843.46,667.82,882.00:00:00,True,116 489
LUV,long,7,2017-04-03T20:00:00Z,47.9077794,2019-04-02T20:00:00Z,48.132466083,1.57,1.0,-90.31,78.81,133.56,729.00:00:00,True,183 489
LUV,long,11,2017-08-01T20:00:00Z,49.515761876,2019-04-02T20:00:00Z,48.132466083,-15.22,1.0,-159.61,106.16,209.89,609.00:00:00,False,228 489
LUV,long,7,2017-09-01T20:00:00Z,46.487350051,2019-04-02T20:00:00Z,48.132466083,11.52,1.0,-80.37,88.75,133.56,578.00:00:00,True,237 489
LUV,long,17,2018-02-01T21:00:00Z,53.829123586,2019-04-02T20:00:00Z,48.132466083,-96.84,1.0,-320.0,90.74,293.76,424.23:00:00,False,304 489
LUV,long,17,2018-05-01T20:00:00Z,47.352484758,2019-04-02T20:00:00Z,48.132466083,13.26,1.0,-209.9,200.84,293.76,336.00:00:00,True,339 489
LUV,long,10,2018-06-01T20:00:00Z,45.581462472,2019-04-02T20:00:00Z,48.132466083,25.51,1.0,-105.76,135.85,172.8,305.00:00:00,True,358 489
LUV,long,19,2018-11-01T20:00:00Z,45.833137355,2019-04-02T20:00:00Z,48.132466083,43.69,1.0,-205.72,253.33,171.58,152.00:00:00,True,424 489
LUV,long,7,2019-01-02T21:00:00Z,42.53093364,2019-04-02T20:00:00Z,48.132466083,39.21,1.0,-52.68,116.45,59.71,89.23:00:00,True,457 489
LUV,long,17,2019-04-01T20:00:00Z,47.426631837,2019-04-02T20:00:00Z,48.132466083,12.0,1.0,-211.16,199.58,0.0,1.00:00:00,True,486 489
DAL,long,16,2016-03-01T21:00:00Z,43.04467977,2019-05-01T20:00:00Z,54.065268168,176.33,1.0,-217.35,217.88,234.54,1155.23:00:00,True,32 490
AMAT,long,21,2018-09-04T20:00:00Z,39.186076766,2019-05-01T20:00:00Z,40.314265992,23.69,1.0,-260.02,48.67,260.02,239.00:00:00,True,395 491
LVS,long,13,2018-09-04T20:00:00Z,54.95551575,2019-05-01T20:00:00Z,60.126284119,67.22,1.0,-163.7,71.25,163.7,239.00:00:00,True,396 492
VLO,long,6,2016-02-01T21:00:00Z,45.37488669,2019-05-01T20:00:00Z,67.129350679,130.53,1.0,-81.16,271.0,237.27,1184.23:00:00,True,10 493
VLO,long,3,2016-03-01T21:00:00Z,41.077764609,2019-05-01T20:00:00Z,67.129350679,78.15,1.0,-27.69,148.39,118.63,1155.23:00:00,True,34 493
TGT,long,16,2016-06-01T20:00:00Z,50.269692936,2019-06-03T20:00:00Z,67.94275236,282.77,1.0,-192.48,335.38,352.7,1097.00:00:00,True,61 500
TYC,long,29,2017-12-01T21:00:00Z,30.574961468,2019-06-03T20:00:00Z,33.2983365,78.98,1.0,-185.85,101.89,287.74,548.23:00:00,True,273 501
CVX,long,6,2018-08-01T20:00:00Z,87.985799369,2019-06-03T20:00:00Z,84.631859921,-20.12,1.0,-94.46,21.27,105.6,306.00:00:00,False,382 502
HCA,long,4,2019-01-02T21:00:00Z,113.740009728,2019-06-03T20:00:00Z,115.635860091,7.58,2.0,-35.22,84.07,119.29,151.23:00:00,True,453 503
T,long,29,2016-03-01T21:00:00Z,15.343748800769273,2019-06-03T20:00:00Z,15.186379955225673,-4.56,1.0,-69.72,86.59,156.31,1188.23:00:00,False,31 504
EBAY,long,11,2019-01-02T21:00:00Z,25.441779285,2019-06-03T20:00:00Z,31.652209836,68.31,1.0,-5.14,97.44,29.13,151.23:00:00,True,452 505
COP,long,7,2019-03-01T21:00:00Z,52.489733169,2019-06-03T20:00:00Z,45.45799434,-49.22,2.0,-51.63,5.17,56.8,93.23:00:00,False,478 506
VLO,long,11,2016-03-01T21:00:00Z,41.077764609,2019-07-01T20:00:00Z,63.698252904,248.83,1.0,-101.53,544.09,434.99,1216.23:00:00,True,34 513
VLO,long,1,2016-05-02T20:00:00Z,39.897254082,2019-07-01T20:00:00Z,63.698252904,23.8,1.0,-8.05,50.64,39.54,1155.00:00:00,True,53 513
MPC,long,17,2018-02-01T21:00:00Z,52.843842079,2019-07-01T20:00:00Z,44.323943248,-144.84,1.0,-269.51,252.52,522.03,514.23:00:00,False,303 514
MU,long,14,2017-11-01T20:00:00Z,43.276593374,2019-07-01T20:00:00Z,39.112757103,-58.29,1.0,-209.69,249.01,458.7,607.00:00:00,False,261 515
AAPL,long,8,2018-12-03T21:00:00Z,43.7586624135,2019-07-01T20:00:00Z,48.10893190125,34.8,1.0,-80.75,52.73,80.75,209.23:00:00,True,441 516
PSX,long,5,2018-03-01T21:00:00Z,66.290055741,2019-07-01T20:00:00Z,71.44040124,25.75,1.0,-38.49,121.41,159.89,486.23:00:00,True,315 517
AMAT,long,7,2018-09-04T20:00:00Z,39.186076766,2019-07-01T20:00:00Z,42.66884292,24.38,1.0,-86.67,24.38,86.67,300.00:00:00,True,395 518
MU,long,20,2017-11-01T20:00:00Z,43.276593374,2019-08-01T20:00:00Z,42.51598628,-15.21,1.0,-299.56,355.73,655.29,638.00:00:00,False,261 523
DELL,long,25,2019-05-01T20:00:00Z,31.57570753517359,2019-08-01T20:00:00Z,26.58013409165312,-124.89,2.13,-206.61,14.04,220.66,92.00:00:00,False,494 524
AMAT,long,9,2018-09-04T20:00:00Z,39.186076766,2019-08-01T20:00:00Z,45.274930305,54.8,1.0,-111.44,85.65,111.44,331.00:00:00,True,395 525
PSX,long,5,2018-03-01T21:00:00Z,66.290055741,2019-08-01T20:00:00Z,77.50265562,56.06,1.0,-38.49,121.41,159.89,517.23:00:00,True,315 526
TGT,long,1,2016-06-01T20:00:00Z,50.269692936,2019-09-03T20:00:00Z,88.075510146,37.81,1.0,-12.03,38.81,22.04,1189.00:00:00,True,61 532
TGT,long,5,2016-09-01T20:00:00Z,52.278140172,2019-09-03T20:00:00Z,88.075510146,178.99,1.0,-70.19,184.02,110.22,1097.00:00:00,True,99 532
TGT,long,10,2017-01-03T21:00:00Z,54.342423975,2019-09-03T20:00:00Z,88.075510146,337.33,1.0,-161.03,347.4,220.44,972.23:00:00,True,138 532
TGT,long,14,2017-02-01T21:00:00Z,47.559891883,2019-09-03T20:00:00Z,88.075510146,567.22,1.0,-130.48,581.32,308.61,943.23:00:00,True,151 532
TGT,long,14,2017-03-01T21:00:00Z,43.595446216,2019-09-03T20:00:00Z,88.075510146,622.72,1.0,-74.98,636.82,308.61,915.23:00:00,True,169 532
TGT,long,8,2017-04-03T20:00:00Z,40.730796456,2019-09-03T20:00:00Z,88.075510146,378.76,1.0,-19.93,386.81,176.35,883.00:00:00,True,184 532
TGT,long,7,2017-07-03T17:00:00Z,40.091413673,2019-09-03T20:00:00Z,88.075510146,335.89,1.0,-12.96,342.94,154.3,792.03:00:00,True,216 532
TGT,long,11,2018-04-02T20:00:00Z,54.153252554,2019-09-03T20:00:00Z,88.075510146,373.14,1.0,-175.05,384.22,242.48,519.00:00:00,True,327 532
TGT,long,20,2018-12-03T21:00:00Z,58.2072959,2019-09-03T20:00:00Z,88.075510146,597.36,1.0,-399.35,617.5,192.59,273.23:00:00,True,442 532
TGT,long,5,2019-05-01T20:00:00Z,61.426446725,2019-09-03T20:00:00Z,88.075510146,133.25,1.0,-115.93,138.28,34.03,125.00:00:00,True,499 532
TGT,long,6,2019-08-01T20:00:00Z,67.672455696,2019-09-03T20:00:00Z,88.075510146,122.42,1.0,-176.6,128.46,13.52,33.00:00:00,True,529 532
T,long,28,2016-03-01T21:00:00Z,15.343748800769273,2019-09-03T20:00:00Z,17.54312201757921,61.58,1.0,-67.32,83.6,150.92,1280.23:00:00,True,31 533
AAPL,long,8,2018-12-03T21:00:00Z,43.7586624135,2019-09-03T20:00:00Z,49.28606969,44.22,1.0,-80.75,57.52,80.75,273.23:00:00,True,441 534
MU,long,8,2017-11-01T20:00:00Z,43.276593374,2019-09-03T20:00:00Z,43.871427127,4.76,1.0,-119.82,142.29,262.12,671.00:00:00,True,261 535
AAPL,long,126,2018-12-03T21:00:00Z,43.7586624135,2019-10-01T20:00:00Z,53.812145803,1266.74,1.0,-1271.75,1266.74,1271.75,301.23:00:00,True,441 544
AAPL,long,11,2019-02-01T21:00:00Z,39.425887161,2019-10-01T20:00:00Z,53.812145803,158.25,1.0,-63.37,158.25,98.82,241.23:00:00,True,467 544
MPC,long,26,2018-02-01T21:00:00Z,52.843842079,2019-10-01T20:00:00Z,49.097972848,-97.39,1.0,-440.84,386.2,827.04,606.23:00:00,False,303 545
VLO,long,7,2016-05-02T20:00:00Z,39.897254082,2019-10-01T20:00:00Z,65.153774964,176.8,1.0,-56.35,354.51,276.81,1247.00:00:00,True,53 546
VLO,long,2,2016-06-01T20:00:00Z,37.57776201,2019-10-01T20:00:00Z,65.153774964,55.15,1.0,-11.46,105.93,79.09,1217.00:00:00,True,62 546
DOW,long,15,2019-09-03T20:00:00Z,28.58234258,2019-10-01T20:00:00Z,31.433738957,42.77,2.175,0.0,73.95,31.18,28.00:00:00,True,536 547
COP,long,7,2019-03-01T21:00:00Z,52.489733169,2019-10-01T20:00:00Z,42.42002331,-70.49,1.0,-95.9,5.17,101.07,213.23:00:00,False,478 548
EBAY,long,197,2019-01-02T21:00:00Z,25.441779285,2019-11-01T20:00:00Z,31.431998475,1180.07,1.035,-92.08,2265.04,1084.96,302.23:00:00,True,452 557
EBAY,long,10,2019-10-01T20:00:00Z,34.365651666,2019-11-01T20:00:00Z,31.431998475,-29.34,1.0,-93.91,25.74,35.76,31.00:00:00,False,552 557
AMAT,long,116,2018-09-04T20:00:00Z,39.186076766,2019-11-01T20:00:00Z,52.038012626,1490.82,1.0,-1436.31,1653.0,1436.31,423.00:00:00,True,395 558
AMAT,long,18,2018-10-01T20:00:00Z,35.250919362,2019-11-01T20:00:00Z,52.038012626,302.17,1.0,-152.04,327.33,161.64,396.00:00:00,True,410 558
AMAT,long,13,2018-11-01T20:00:00Z,32.501825755,2019-11-01T20:00:00Z,52.038012626,253.97,1.0,-74.07,272.15,112.39,365.00:00:00,True,428 558
AMAT,long,8,2019-03-01T21:00:00Z,35.834903104,2019-11-01T20:00:00Z,52.038012626,129.62,1.0,-72.25,140.81,50.94,244.23:00:00,True,482 558
PSX,long,10,2018-03-01T21:00:00Z,66.290055741,2019-11-01T20:00:00Z,90.77285184,244.83,1.0,-76.97,249.12,319.79,609.23:00:00,True,315 559
VLO,long,9,2016-06-01T20:00:00Z,37.57776201,2019-11-01T20:00:00Z,76.346584932,348.92,1.0,-51.57,476.67,355.9,1248.00:00:00,True,62 560
VLO,long,2,2016-07-01T20:00:00Z,34.672125945,2019-11-01T20:00:00Z,76.346584932,83.35,1.0,-5.65,111.74,79.09,1218.00:00:00,True,80 560
HCA,long,5,2019-01-02T21:00:00Z,113.740009728,2019-11-01T20:00:00Z,126.03510414,61.48,1.0,-44.03,118.18,149.12,302.23:00:00,True,453 561
MU,long,13,2017-11-01T20:00:00Z,43.276593374,2019-11-01T20:00:00Z,47.177142574,50.71,1.0,-194.72,231.22,425.94,730.00:00:00,True,261 562
INTC,long,10,2018-02-01T21:00:00Z,40.004619445,2019-11-01T20:00:00Z,49.577443616,95.73,1.0,-38.7,109.41,130.73,637.23:00:00,True,302 563
LVS,long,7,2018-09-04T20:00:00Z,54.95551575,2019-11-01T20:00:00Z,57.3608724,16.84,1.0,-88.15,39.73,101.25,423.00:00:00,True,396 564
TYC,long,117,2017-12-01T21:00:00Z,30.574961468,2019-12-02T21:00:00Z,36.542660166,698.22,1.0,-749.83,919.73,1160.89,731.00:00:00,True,273 575
TYC,long,13,2018-02-01T21:00:00Z,32.755421178,2019-12-02T21:00:00Z,36.542660166,49.23,1.0,-111.66,73.85,120.11,669.00:00:00,True,306 575
TYC,long,16,2018-04-02T20:00:00Z,28.114689798,2019-12-02T21:00:00Z,36.542660166,134.85,1.0,-63.18,165.14,147.83,609.01:00:00,True,330 575
TYC,long,12,2018-05-01T20:00:00Z,29.780193084,2019-12-02T21:00:00Z,36.542660166,81.15,1.0,-67.37,103.87,110.87,580.01:00:00,True,345 575
TYC,long,10,2018-06-01T20:00:00Z,27.948968078,2019-12-02T21:00:00Z,36.542660166,85.94,1.0,-37.83,104.87,92.39,549.01:00:00,True,360 575
TYC,long,14,2018-10-01T20:00:00Z,29.578700206,2019-12-02T21:00:00Z,36.542660166,97.5,1.0,-75.78,124.0,91.43,427.01:00:00,True,413 575
TYC,long,9,2019-01-02T21:00:00Z,25.8529834,2019-12-02T21:00:00Z,36.542660166,96.21,1.0,-15.18,113.25,22.8,334.00:00:00,True,458 575
SLB,long,25,2019-11-01T20:00:00Z,29.01227322,2019-12-02T21:00:00Z,30.62968218,40.44,2.34,-2.74,55.6,50.75,31.01:00:00,True,565 576
DOW,long,20,2019-09-03T20:00:00Z,28.58234258,2019-12-02T21:00:00Z,36.815601828,164.67,1.0,0.0,194.06,70.57,90.01:00:00,True,536 577
COP,long,13,2019-03-01T21:00:00Z,52.489733169,2019-12-02T21:00:00Z,46.78632741,-74.14,1.0,-178.1,9.6,187.71,276.00:00:00,False,478 578
ET,long,809,2019-03-01T21:00:00Z,8.555952832,2019-12-03T21:00:00Z,6.5683216,-1607.99,9.545,-1769.72,351.17,2120.89,277.00:00:00,False,477 583
ET,long,48,2019-07-01T20:00:00Z,8.05333344,2019-12-03T21:00:00Z,6.5683216,-71.28,1.0,-80.88,44.96,108.29,155.01:00:00,False,521 583
ET,long,106,2019-10-01T20:00:00Z,7.419347616,2019-12-03T21:00:00Z,6.5683216,-90.21,1.0,-111.4,166.49,111.4,63.01:00:00,False,550 583
ET,long,64,2019-11-01T20:00:00Z,7.373654944,2019-12-03T21:00:00Z,6.5683216,-51.54,1.0,-64.34,103.45,64.34,32.01:00:00,False,571 583
ET,long,73,2019-12-02T21:00:00Z,6.642572192,2019-12-03T21:00:00Z,6.5683216,-5.42,1.0,-20.01,171.36,9.59,1.00:00:00,False,581 583
EOG,long,18,2019-11-01T20:00:00Z,52.920466395,2020-01-02T21:00:00Z,62.582263422,173.91,2.0,-31.73,173.91,79.79,62.01:00:00,True,566 584
MU,long,7,2017-11-01T20:00:00Z,43.276593374,2020-01-02T21:00:00Z,54.012855047,75.15,1.0,-104.85,124.51,229.35,792.01:00:00,True,261 585
MU,long,4,2017-12-01T21:00:00Z,40.946015227,2020-01-02T21:00:00Z,54.012855047,52.27,1.0,-50.59,80.47,131.06,762.00:00:00,True,277 585
LVS,long,9,2018-09-04T20:00:00Z,54.95551575,2020-01-02T21:00:00Z,65.1380532,91.64,1.0,-113.33,91.64,130.18,485.01:00:00,True,396 586
SLB,long,16,2019-11-01T20:00:00Z,29.01227322,2020-01-02T21:00:00Z,34.311052854,84.78,1.0,-1.75,93.25,32.48,62.01:00:00,True,565 587
NXPI,long,4,2019-12-02T21:00:00Z,102.139762468,2020-01-02T21:00:00Z,114.75144993,50.45,2.0,-0.53,52.8,6.93,31.00:00:00,True,579 588
SLB,long,227,2019-11-01T20:00:00Z,29.01227322,2020-02-03T21:00:00Z,28.579731852,-98.19,1.135,-98.19,1328.85,1427.04,94.01:00:00,False,565 594
INTC,long,21,2018-02-01T21:00:00Z,40.004619445,2020-02-03T21:00:00Z,56.828109442,353.29,1.0,-81.28,428.32,274.54,732.00:00:00,True,302 595
EXC,long,35,2020-01-02T21:00:00Z,25.200012629607908,2020-02-03T21:00:00Z,26.736531119240617,53.78,2.54,0.0,53.78,13.2,32.00:00:00,True,589 596
OXY,long,17,2019-03-01T21:00:00Z,56.918731065,2020-02-03T21:00:00Z,36.075118224,-354.34,2.0,-401.55,23.51,425.05,339.00:00:00,False,479 597
NXPI,long,5,2019-12-02T21:00:00Z,102.139762468,2020-02-03T21:00:00Z,112.21609815,50.38,1.0,-0.67,98.19,47.81,63.00:00:00,True,579 598
MU,long,7,2017-12-01T21:00:00Z,40.946015227,2020-02-03T21:00:00Z,52.442883994,80.48,1.0,-88.53,140.82,229.35,794.00:00:00,True,277 599
MU,long,2,2018-01-02T21:00:00Z,42.584245891,2020-02-03T21:00:00Z,52.442883994,19.72,1.0,-28.57,36.96,65.53,762.00:00:00,True,286 599
HCA,long,3,2019-01-02T21:00:00Z,113.740009728,2020-02-03T21:00:00Z,134.11354587,61.12,1.0,-26.42,82.31,89.47,397.00:00:00,True,453 600
T,long,17,2016-03-01T21:00:00Z,15.343748800769273,2020-02-03T21:00:00Z,18.82799324838432,59.23,1.0,-40.87,77.65,91.63,1434.00:00:00,True,31 601
CVX,long,66,2018-08-01T20:00:00Z,87.985799369,2020-03-02T21:00:00Z,72.7502328,-1005.55,1.0,-1168.08,286.69,1454.78,579.01:00:00,False,382 609
CVX,long,6,2018-09-04T20:00:00Z,84.210432202,2020-03-02T21:00:00Z,72.7502328,-68.76,1.0,-83.54,48.72,132.25,545.01:00:00,False,398 609
CVX,long,3,2019-02-01T21:00:00Z,84.675754597,2020-03-02T21:00:00Z,72.7502328,-35.78,1.0,-43.16,22.96,66.13,395.00:00:00,False,469 609
CVX,long,4,2019-08-01T20:00:00Z,88.097687446,2020-03-02T21:00:00Z,72.7502328,-61.39,1.0,-71.24,16.93,87.01,214.01:00:00,False,530 609
CVX,long,3,2019-10-01T20:00:00Z,85.516609086,2020-03-02T21:00:00Z,72.7502328,-38.3,1.0,-45.69,20.44,60.32,153.01:00:00,False,555 609
CVX,long,4,2019-11-01T20:00:00Z,85.649295834,2020-03-02T21:00:00Z,72.7502328,-51.6,1.0,-61.45,26.72,80.43,122.01:00:00,False,572 609
CVX,long,4,2020-02-03T21:00:00Z,79.093785625,2020-03-02T21:00:00Z,72.7502328,-25.37,1.0,-35.22,52.94,52.5,28.00:00:00,False,608 609
DOW,long,200,2019-09-03T20:00:00Z,28.58234258,2020-03-02T21:00:00Z,29.159278226,115.39,1.13,-154.95,1940.59,2095.54,181.01:00:00,True,536 610
DOW,long,26,2020-02-03T21:00:00Z,32.369473842,2020-03-02T21:00:00Z,29.159278226,-83.47,1.0,-118.61,153.81,170.29,28.00:00:00,False,605 610
DOW,long,222,2019-10-01T20:00:00Z,30.8445489448335,2020-03-02T21:00:00Z,20.62961612323065,-2267.72,2.655,-2476.58,468.59,2945.17,153.01:00:00,False,549 611
DOW,long,25,2019-11-01T20:00:00Z,31.6116907802532,2020-03-02T21:00:00Z,20.62961612323065,-274.55,1.0,-298.07,33.59,331.66,122.01:00:00,False,568 611
DOW,long,19,2020-01-02T21:00:00Z,28.9580615184195,2020-03-02T21:00:00Z,20.62961612323065,-158.24,1.0,-176.12,75.95,176.12,60.00:00:00,False,593 611
DOW,long,43,2020-02-03T21:00:00Z,23.6224816795926,2020-03-02T21:00:00Z,20.62961612323065,-128.69,1.0,-169.15,401.31,213.86,28.00:00:00,False,603 611
EXC,long,273,2020-01-02T21:00:00Z,25.200012629607908,2020-03-02T21:00:00Z,25.39280174693142,52.63,1.365,-301.38,749.59,1050.97,60.00:00:00,True,589 612
NXPI,long,63,2019-12-02T21:00:00Z,102.139762468,2020-03-02T21:00:00Z,107.19895836,318.73,1.0,-40.66,1365.39,1406.05,91.00:00:00,True,579 613
OXY,long,105,2019-03-01T21:00:00Z,56.918731065,2020-03-02T21:00:00Z,29.675565066,-2860.53,1.005,-2970.16,145.18,3115.34,367.00:00:00,False,479 614
OXY,long,18,2019-05-01T20:00:00Z,49.01515032,2020-03-02T21:00:00Z,29.675565066,-348.11,1.0,-366.91,167.15,408.81,306.01:00:00,False,495 614
OXY,long,8,2019-06-03T20:00:00Z,42.05684088,2020-03-02T21:00:00Z,29.675565066,-99.05,1.0,-107.4,129.96,139.67,273.01:00:00,False,512 614
OXY,long,10,2019-07-01T20:00:00Z,43.135176436,2020-03-02T21:00:00Z,29.675565066,-134.6,1.0,-145.04,151.66,174.59,245.01:00:00,False,520 614
OXY,long,24,2019-09-03T20:00:00Z,36.982911416,2020-03-02T21:00:00Z,29.675565066,-175.38,1.0,-200.43,511.64,333.75,181.01:00:00,False,537 614
OXY,long,24,2019-11-01T20:00:00Z,37.293047432,2020-03-02T21:00:00Z,29.675565066,-182.82,1.0,-207.88,504.2,333.75,122.01:00:00,False,567 614
OXY,long,12,2019-12-02T21:00:00Z,34.109602144,2020-03-02T21:00:00Z,29.675565066,-53.21,1.0,-65.74,290.3,166.87,91.00:00:00,False,582 614
MU,long,8,2018-01-02T21:00:00Z,42.584245891,2020-03-02T21:00:00Z,53.232745207,85.19,1.0,-114.29,147.83,262.12,790.00:00:00,True,286 615
MU,long,9,2018-05-01T20:00:00Z,45.626674267,2020-03-02T21:00:00Z,53.232745207,68.45,1.0,-155.95,138.93,294.88,671.01:00:00,True,338 615
T,long,26,2016-03-01T21:00:00Z,15.343748800769273,2020-03-02T21:00:00Z,18.94006463676756,93.5,1.0,-62.51,118.76,140.14,1462.00:00:00,True,31 616
HCA,long,3,2019-01-02T21:00:00Z,113.740009728,2020-03-02T21:00:00Z,128.15310454,43.24,1.0,-26.42,87.31,89.47,425.00:00:00,True,453 617
LVS,long,5,2018-09-04T20:00:00Z,54.95551575,2020-03-02T21:00:00Z,53.60088954,-6.77,1.0,-62.96,65.91,72.68,545.01:00:00,False,396 618
VLO,long,5,2016-07-01T20:00:00Z,34.672125945,2020-03-03T21:00:00Z,53.407746861,93.68,1.0,-14.12,279.34,201.24,1341.01:00:00,True,80 628
VLO,long,7,2016-10-03T20:00:00Z,36.06243255,2020-03-03T21:00:00Z,53.407746861,121.42,1.0,-29.51,381.35,281.73,1247.01:00:00,True,110 628
VLO,long,5,2017-02-01T21:00:00Z,44.980672095,2020-03-03T21:00:00Z,53.407746861,42.14,1.0,-65.67,227.8,201.24,1126.00:00:00,True,154 628
VLO,long,10,2017-06-01T20:00:00Z,43.652543984,2020-03-03T21:00:00Z,53.407746861,97.55,1.0,-118.05,468.88,402.47,1006.01:00:00,True,203 628
VLO,long,6,2018-07-02T20:00:00Z,79.474338933,2020-03-03T21:00:00Z,53.407746861,-156.4,1.0,-285.76,66.4,231.08,610.01:00:00,False,368 628
VLO,long,12,2018-11-01T20:00:00Z,67.779033421,2020-03-03T21:00:00Z,53.407746861,-172.46,1.0,-431.18,273.14,326.76,488.01:00:00,False,425 628
VLO,long,16,2018-12-03T21:00:00Z,60.13893519,2020-03-03T21:00:00Z,53.407746861,-107.7,1.0,-452.66,486.43,435.68,456.00:00:00,False,443 628
VLO,long,10,2019-03-01T21:00:00Z,61.984536903,2020-03-03T21:00:00Z,53.407746861,-85.77,1.0,-301.37,285.56,272.3,368.00:00:00,False,480 628
VLO,long,15,2019-06-03T20:00:00Z,54.4429512,2020-03-03T21:00:00Z,53.407746861,-15.53,1.0,-338.93,541.47,408.45,274.01:00:00,False,509 628
VLO,long,5,2019-08-01T20:00:00Z,63.773868114,2020-03-03T21:00:00Z,53.407746861,-51.83,1.0,-159.63,133.84,136.15,215.01:00:00,False,531 628
VLO,long,8,2019-09-03T20:00:00Z,57.011464434,2020-03-03T21:00:00Z,53.407746861,-28.83,1.0,-201.31,268.24,217.84,182.01:00:00,False,542 628
VLO,long,9,2020-01-02T21:00:00Z,73.383862293,2020-03-03T21:00:00Z,53.407746861,-179.79,1.0,-373.83,154.41,220.03,61.00:00:00,False,591 628
VLO,long,13,2020-03-02T21:00:00Z,52.970682149,2020-03-03T21:00:00Z,53.407746861,5.68,1.0,-274.6,488.41,34.8,1.00:00:00,True,625 628
MPC,long,59,2018-02-01T21:00:00Z,52.843842079,2020-04-01T20:00:00Z,17.282795529,-2098.1,1.0,-2305.75,876.38,3182.13,789.23:00:00,False,303 633
MPC,long,5,2018-03-01T21:00:00Z,50.183360139,2020-04-01T20:00:00Z,17.282795529,-164.5,1.0,-182.1,87.57,269.67,761.23:00:00,False,320 633
MPC,long,7,2018-07-02T20:00:00Z,54.749401857,2020-04-01T20:00:00Z,17.282795529,-262.27,1.0,-286.9,90.64,377.54,639.00:00:00,False,370 633
MPC,long,16,2018-12-03T21:00:00Z,51.0396943,2020-04-01T20:00:00Z,17.282795529,-540.11,1.0,-596.42,266.53,664.75,484.23:00:00,False,444 633
MPC,long,8,2019-03-01T21:00:00Z,49.882567988,2020-04-01T20:00:00Z,17.282795529,-260.8,1.0,-288.95,142.52,332.38,396.23:00:00,False,481 633
MPC,long,7,2019-04-01T20:00:00Z,48.585366555,2020-04-01T20:00:00Z,17.282795529,-219.12,1.0,-243.75,133.79,290.83,366.00:00:00,False,488 633
MPC,long,25,2019-06-03T20:00:00Z,37.898901402,2020-04-01T20:00:00Z,17.282795529,-515.4,1.0,-603.39,744.97,1038.68,303.00:00:00,False,507 633
MPC,long,18,2019-09-03T20:00:00Z,40.364746144,2020-04-01T20:00:00Z,17.282795529,-415.48,1.0,-478.83,491.99,747.85,211.00:00:00,False,538 633
MPC,long,13,2020-01-02T21:00:00Z,50.758919384,2020-04-01T20:00:00Z,17.282795529,-435.19,1.0,-480.94,220.2,480.94,89.23:00:00,False,592 633
DAL,long,10,2016-03-01T21:00:00Z,43.04467977,2020-04-01T20:00:00Z,22.997877005,-200.47,1.0,-224.36,170.59,394.95,1491.23:00:00,False,32 634
DAL,long,8,2016-04-01T20:00:00Z,41.380989693,2020-04-01T20:00:00Z,22.997877005,-147.06,1.0,-166.18,149.78,315.96,1461.00:00:00,False,42 634
DAL,long,17,2016-05-02T20:00:00Z,37.120534681,2020-04-01T20:00:00Z,22.997877005,-240.09,1.0,-280.7,390.71,671.41,1430.00:00:00,False,50 634
DAL,long,18,2016-07-01T20:00:00Z,32.471406827,2020-04-01T20:00:00Z,22.997877005,-170.52,1.0,-213.53,497.38,710.9,1370.00:00:00,False,75 634
DAL,long,8,2017-02-01T21:00:00Z,42.151661874,2020-04-01T20:00:00Z,22.997877005,-153.23,1.0,-172.34,143.61,315.96,1154.23:00:00,False,152 634
DAL,long,6,2017-04-03T20:00:00Z,41.466293539,2020-04-01T20:00:00Z,22.997877005,-110.81,1.0,-125.14,111.82,236.97,1094.00:00:00,False,185 634
DAL,long,13,2017-08-01T20:00:00Z,45.017150901,2020-04-01T20:00:00Z,22.997877005,-286.25,1.0,-317.31,196.12,513.43,974.00:00:00,False,227 634
DAL,long,6,2018-03-01T21:00:00Z,48.856580245,2020-04-01T20:00:00Z,22.997877005,-155.15,1.0,-169.49,67.48,236.97,761.23:00:00,False,319 634
DAL,long,8,2018-05-01T20:00:00Z,48.297957678,2020-04-01T20:00:00Z,22.997877005,-202.4,1.0,-221.51,94.44,315.96,701.00:00:00,False,343 634
DAL,long,8,2018-07-02T20:00:00Z,45.987192576,2020-04-01T20:00:00Z,22.997877005,-183.91,1.0,-203.03,112.93,315.96,639.00:00:00,False,371 634
DAL,long,10,2019-01-02T21:00:00Z,46.750364457,2020-04-01T20:00:00Z,22.997877005,-237.52,1.0,-261.42,133.53,394.95,454.23:00:00,False,456 634
DAL,long,16,2019-02-01T21:00:00Z,46.591698816,2020-04-01T20:00:00Z,22.997877005,-377.5,1.0,-415.73,216.19,631.91,424.23:00:00,False,465 634
DAL,long,11,2019-11-01T20:00:00Z,53.704514136,2020-04-01T20:00:00Z,22.997877005,-337.77,1.0,-364.05,70.39,427.43,152.00:00:00,False,569 634
EOG,long,125,2019-11-01T20:00:00Z,52.920466395,2020-04-01T20:00:00Z,25.82062022,-3387.48,1.0,-3838.97,1686.54,5525.51,152.00:00:00,False,566 635
EOG,long,7,2020-02-03T21:00:00Z,53.260626159,2020-04-01T20:00:00Z,25.82062022,-192.08,1.0,-217.36,92.06,248.24,57.23:00:00,False,606 635
ET,long,1004,2020-02-03T21:00:00Z,7.31082752,2020-04-01T20:00:00Z,2.901484672,-4426.98,10.04,-4742.37,120.42,4862.8,57.23:00:00,False,602 636
BIIB,long,5,2020-03-02T21:00:00Z,327.89,2020-04-01T20:00:00Z,293.27,-173.1,2.0,-295.05,2.8,297.85,29.23:00:00,False,624 637
NEM,long,36,2020-03-02T21:00:00Z,39.041585625,2020-04-01T20:00:00Z,38.850853152,-6.87,2.0,-216.65,170.11,386.75,29.23:00:00,False,619 638
CVS,long,26,2020-03-02T21:00:00Z,51.920639997,2020-04-01T20:00:00Z,47.306733366,-119.96,2.0,-247.3,42.38,289.68,29.23:00:00,False,623 639
CI,long,7,2020-03-02T21:00:00Z,174.792000156,2020-04-01T20:00:00Z,155.693322018,-133.69,2.0,-404.53,95.7,500.23,29.23:00:00,False,622 640
INTC,long,23,2018-02-01T21:00:00Z,40.004619445,2020-04-01T20:00:00Z,45.991324284,137.69,1.0,-89.02,469.11,479.65,789.23:00:00,True,302 641
PFE,long,49,2020-03-02T21:00:00Z,23.93890281894329,2020-04-01T20:00:00Z,21.77760892729321,-105.9,2.37,-218.53,50.43,268.96,29.23:00:00,False,620 642
DELL,long,54,2019-05-01T20:00:00Z,31.57570753517359,2020-04-01T20:00:00Z,16.989553923124895,-787.65,1.0,-987.05,30.33,1017.38,336.00:00:00,False,494 643
SO,long,14,2020-03-02T21:00:00Z,49.266388686,2020-04-01T20:00:00Z,38.639398228,-148.78,2.0,-223.33,41.54,264.87,29.23:00:00,False,621 644
COP,long,32,2019-03-01T21:00:00Z,52.489733169,2020-05-01T20:00:00Z,30.555725445,-701.89,1.0,-1113.48,23.64,1137.12,426.23:00:00,False,478 655
PSX,long,18,2018-03-01T21:00:00Z,66.290055741,2020-05-01T20:00:00Z,51.777827976,-261.22,1.0,-602.08,458.63,1060.71,791.23:00:00,False,315 656
NEM,long,16,2020-03-02T21:00:00Z,39.041585625,2020-05-01T20:00:00Z,50.990177184,191.18,1.0,-96.29,219.54,171.89,59.23:00:00,True,619 657
UTX,long,11,2020-04-01T20:00:00Z,41.89305163176917,2020-05-01T20:00:00Z,52.66001408,118.44,2.0,-27.03,182.88,64.45,30.00:00:00,True,648 658
EPD,long,45,2020-04-01T20:00:00Z,8.428841015,2020-05-01T20:00:00Z,10.747766268,104.35,3.885,0.0,138.8,41.81,30.00:00:00,True,646 659
HCA,long,3,2019-01-02T21:00:00Z,113.740009728,2020-05-01T20:00:00Z,99.504883688,-42.71,1.0,-147.27,87.31,234.58,484.23:00:00,False,453 660
XOM,long,8,2018-07-02T20:00:00Z,56.725325104,2020-05-01T20:00:00Z,32.490998247,-193.87,1.0,-264.74,31.82,296.56,669.00:00:00,False,366 661
CI,long,31,2020-03-02T21:00:00Z,174.792000156,2020-06-01T20:00:00Z,178.21024494,105.97,1.0,-1791.5,423.8,2215.3,90.23:00:00,True,622 670
CI,long,2,2020-05-01T20:00:00Z,168.305677566,2020-06-01T20:00:00Z,178.21024494,19.81,1.0,-102.61,40.31,16.88,31.00:00:00,True,666 670
PSX,long,41,2018-03-01T21:00:00Z,66.290055741,2020-06-01T20:00:00Z,62.288951323,-164.05,1.0,-1371.41,1044.66,2416.07,822.23:00:00,False,315 671
PSX,long,4,2018-09-04T20:00:00Z,87.964864936,2020-06-01T20:00:00Z,62.288951323,-102.7,1.0,-220.5,15.22,235.71,636.00:00:00,False,400 671
PSX,long,3,2018-10-01T20:00:00Z,84.652132968,2020-06-01T20:00:00Z,62.288951323,-67.09,1.0,-155.43,21.35,176.79,609.00:00:00,False,414 671
PSX,long,10,2018-12-03T21:00:00Z,68.66672432,2020-06-01T20:00:00Z,62.288951323,-63.78,1.0,-358.26,231.03,589.29,545.23:00:00,False,445 671
PSX,long,6,2019-06-03T20:00:00Z,62.4457782,2020-06-01T20:00:00Z,62.288951323,-0.94,1.0,-177.63,175.94,353.57,364.00:00:00,False,511 671
PSX,long,8,2020-01-02T21:00:00Z,86.67263748,2020-06-01T20:00:00Z,62.288951323,-195.07,1.0,-430.65,40.78,430.65,150.23:00:00,False,590 671
PSX,long,12,2020-02-03T21:00:00Z,68.71239843,2020-06-01T20:00:00Z,62.288951323,-77.08,1.0,-430.46,276.69,464.66,118.23:00:00,False,604 671
PSX,long,5,2020-03-02T21:00:00Z,58.59727066,2020-06-01T20:00:00Z,62.288951323,18.46,1.0,-128.78,165.86,128.78,90.23:00:00,True,626 671
PSX,long,13,2020-04-01T20:00:00Z,38.630504266,2020-06-01T20:00:00Z,62.288951323,307.56,1.0,-75.26,690.81,103.16,61.00:00:00,True,653 671
DELL,long,34,2019-05-01T20:00:00Z,31.57570753517359,2020-06-01T20:00:00Z,22.73101022180694,-300.72,1.0,-621.48,19.1,640.58,397.00:00:00,False,494 672
PCLN,long,7,2020-04-01T20:00:00Z,49.68719757364,2020-06-01T20:00:00Z,65.28148250844,109.16,2.0,-11.2,130.0,42.25,61.00:00:00,True,645 673
EPD,long,28,2020-04-01T20:00:00Z,8.428841015,2020-06-01T20:00:00Z,12.090452772,102.53,1.0,0.0,104.81,26.53,61.00:00:00,True,646 674
QCOM,long,11,2020-04-01T20:00:00Z,57.25788059,2020-07-01T20:00:00Z,78.6100213,234.87,2.0,-6.4,250.19,70.79,91.00:00:00,True,649 682
DELL,long,30,2019-05-01T20:00:00Z,31.57570753517359,2020-07-01T20:00:00Z,24.991679863068274,-197.52,1.0,-548.36,16.85,565.21,427.00:00:00,False,494 683
MU,long,11,2018-05-01T20:00:00Z,45.626674267,2020-07-01T20:00:00Z,48.46432381,31.21,1.0,-190.61,169.8,360.41,792.00:00:00,True,338 684
NEM,long,9,2020-03-02T21:00:00Z,39.041585625,2020-07-01T20:00:00Z,51.519794976,112.3,1.0,-54.16,159.53,97.1,120.23:00:00,True,619 685
HCA,long,14,2019-01-02T21:00:00Z,113.740009728,2020-08-03T20:00:00Z,119.441919796,79.83,1.0,-687.25,407.44,1094.69,578.23:00:00,True,453 691
PFE,long,36,2020-03-02T21:00:00Z,23.93890281894329,2020-08-03T20:00:00Z,26.834797493527557,104.25,1.0,-160.55,117.86,197.6,153.23:00:00,True,620 692
QCOM,long,9,2020-04-01T20:00:00Z,57.25788059,2020-08-03T20:00:00Z,95.95536015,348.28,1.0,-5.24,348.28,57.92,124.00:00:00,True,649 693
NEM,long,10,2020-03-02T21:00:00Z,39.041585625,2020-08-03T20:00:00Z,57.22089354,181.79,1.0,-60.18,190.61,107.89,153.23:00:00,True,619 694
DELL,long,13,2019-05-01T20:00:00Z,31.57570753517359,2020-08-03T20:00:00Z,27.846293259365684,-48.48,1.0,-237.62,7.3,244.93,460.00:00:00,False,494 695
TGT,long,9,2020-06-01T20:00:00Z,100.301853687,2020-09-01T20:00:00Z,126.964983201,239.97,2.0,-19.57,268.29,41.32,92.00:00:00,True,676 704
LVS,long,15,2018-09-04T20:00:00Z,54.95551575,2020-09-01T20:00:00Z,46.590720915,-125.47,1.0,-294.1,197.73,491.83,728.00:00:00,False,396 705
PCLN,long,9,2020-04-01T20:00:00Z,49.68719757364,2020-09-01T20:00:00Z,75.36755810408,231.12,1.0,-14.4,236.89,105.38,153.00:00:00,True,645 706
QCOM,long,4,2020-04-01T20:00:00Z,57.25788059,2020-09-01T20:00:00Z,106.83012585,198.29,1.0,-2.33,198.29,25.74,153.00:00:00,True,649 707
DELL,long,12,2019-05-01T20:00:00Z,31.57570753517359,2020-09-01T20:00:00Z,30.55817598584822,-12.21,1.0,-219.34,6.74,226.09,489.00:00:00,False,494 708
QCOM,long,61,2020-04-01T20:00:00Z,57.25788059,2020-10-01T20:00:00Z,105.210420192,2925.1,1.0,-35.51,3121.64,720.07,183.00:00:00,True,649 717
INTC,long,12,2018-02-01T21:00:00Z,40.004619445,2020-10-01T20:00:00Z,46.88699332,82.59,1.0,-46.44,244.75,250.25,972.23:00:00,True,302 718
SO,long,11,2020-03-02T21:00:00Z,49.266388686,2020-10-01T20:00:00Z,43.09100157,-67.93,1.0,-175.47,32.64,208.11,212.23:00:00,False,621 719
MU,long,10,2018-07-02T20:00:00Z,53.125480104,2020-10-01T20:00:00Z,46.728579416,-63.97,2.0,-248.27,79.38,277.23,822.00:00:00,False,367 720
DELL,long,13,2019-05-01T20:00:00Z,31.57570753517359,2020-10-01T20:00:00Z,31.096869159020475,-6.22,1.0,-237.62,7.3,244.93,519.00:00:00,False,494 721
TGT,long,3,2020-06-01T20:00:00Z,100.301853687,2020-10-01T20:00:00Z,133.797860511,100.49,1.0,-6.52,100.49,25.79,122.00:00:00,True,676 722
EPD,long,63,2020-04-01T20:00:00Z,8.428841015,2020-11-02T21:00:00Z,10.82790976,151.14,1.0,0.0,350.85,260.95,215.01:00:00,True,646 730
MU,long,8,2018-09-04T20:00:00Z,50.638879989,2020-11-02T21:00:00Z,48.474075183,-17.32,2.0,-178.72,83.39,199.08,790.01:00:00,False,399 731
MU,long,5,2018-10-01T20:00:00Z,44.027449095,2020-11-02T21:00:00Z,48.474075183,22.23,1.0,-78.64,85.18,124.43,763.01:00:00,True,409 731
SO,long,13,2020-03-02T21:00:00Z,49.266388686,2020-11-02T21:00:00Z,46.554375735,-35.26,1.0,-207.38,38.57,245.95,245.00:00:00,False,621 732
LVS,long,8,2018-09-04T20:00:00Z,54.95551575,2020-11-02T21:00:00Z,46.140297027,-70.52,1.0,-156.85,105.45,262.31,790.01:00:00,False,396 733
COP,long,73,2019-03-01T21:00:00Z,52.489733169,2020-11-03T21:00:00Z,24.763901952,-2023.99,1.28,-2540.13,53.92,2594.05,613.00:00:00,False,478 738
COP,long,14,2019-05-01T20:00:00Z,47.722785111,2020-11-03T21:00:00Z,24.763901952,-321.42,1.0,-420.41,77.08,473.59,552.01:00:00,False,496 738
COP,long,8,2019-07-01T20:00:00Z,47.631406864,2020-11-03T21:00:00Z,24.763901952,-182.94,1.0,-239.5,44.78,270.62,491.01:00:00,False,522 738
COP,long,10,2019-08-01T20:00:00Z,45.22751352,2020-11-03T21:00:00Z,24.763901952,-204.64,1.0,-275.34,80.01,338.28,460.01:00:00,False,528 738
COP,long,14,2019-09-03T20:00:00Z,40.020196062,2020-11-03T21:00:00Z,24.763901952,-213.59,1.0,-312.57,184.91,473.59,427.01:00:00,False,540 738
COP,long,8,2019-11-01T20:00:00Z,44.29084995,2020-11-03T21:00:00Z,24.763901952,-156.22,1.0,-212.78,71.5,270.62,368.01:00:00,False,573 738
COP,long,7,2020-03-02T21:00:00Z,38.422946709,2020-11-03T21:00:00Z,24.763901952,-95.61,1.0,-145.11,103.64,146.2,246.00:00:00,False,627 738
COP,long,44,2020-04-01T20:00:00Z,23.117767246,2020-11-03T21:00:00Z,24.763901952,72.43,1.0,-238.67,1324.87,729.85,216.01:00:00,True,650 738
COP,long,26,2020-08-03T20:00:00Z,29.233083408,2020-11-03T21:00:00Z,24.763901952,-116.2,1.0,-300.03,623.88,262.7,92.01:00:00,False,697 738
COP,long,30,2020-10-01T20:00:00Z,25.824813264,2020-11-03T21:00:00Z,24.763901952,-31.83,1.0,-243.94,822.11,158.1,33.01:00:00,False,724 738
COP,long,22,2020-11-02T21:00:00Z,24.368904818,2020-11-03T21:00:00Z,24.763901952,8.69,1.0,-146.86,634.91,16.32,1.00:00:00,True,735 738
BIIB,long,15,2020-03-02T21:00:00Z,327.89,2020-12-01T21:00:00Z,243.16,-1270.95,1.0,-1374.45,416.1,1790.55,274.00:00:00,False,624 741
BIIB,long,4,2020-05-01T20:00:00Z,293.09,2020-12-01T21:00:00Z,243.16,-199.72,1.0,-227.32,250.16,477.48,214.01:00:00,False,662 741
BIIB,long,3,2020-07-01T20:00:00Z,264.77,2020-12-01T21:00:00Z,243.16,-64.83,1.0,-85.53,272.58,358.11,153.01:00:00,False,687 741
BIIB,long,1,2020-11-02T21:00:00Z,248.99,2020-12-01T21:00:00Z,243.16,-5.83,1.0,-12.73,106.64,119.37,29.00:00:00,False,737 741
MU,long,15,2018-10-01T20:00:00Z,44.027449095,2020-12-01T21:00:00Z,65.412210084,320.77,1.0,-235.93,320.77,373.28,792.01:00:00,True,409 742
MU,long,14,2018-11-01T20:00:00Z,39.122508476,2020-12-01T21:00:00Z,65.412210084,368.06,1.0,-151.54,368.06,348.4,761.01:00:00,True,427 742
MU,long,16,2019-01-02T21:00:00Z,31.935746575,2020-12-01T21:00:00Z,65.412210084,535.62,1.0,-58.2,535.62,398.17,699.00:00:00,True,455 742
MU,long,26,2019-06-03T20:00:00Z,31.877238337,2020-12-01T21:00:00Z,65.412210084,871.91,1.0,-93.05,871.91,647.02,547.01:00:00,True,508 742
MU,long,17,2019-10-01T20:00:00Z,41.24830779,2020-12-01T21:00:00Z,65.412210084,410.79,1.0,-220.15,410.79,423.05,427.01:00:00,True,551 742
MU,long,7,2020-06-01T20:00:00Z,45.187862482,2020-12-01T21:00:00Z,65.412210084,141.57,1.0,-118.23,141.57,75.5,183.01:00:00,True,678 742
MU,long,6,2020-08-03T20:00:00Z,49.137168547,2020-12-01T21:00:00Z,65.412210084,97.65,1.0,-125.03,97.65,50.55,120.01:00:00,True,703 742
MU,long,19,2020-09-01T20:00:00Z,44.622282848,2020-12-01T21:00:00Z,65.412210084,395.01,1.0,-310.15,395.01,86.52,91.01:00:00,True,709 742
GIS,long,124,2020-10-01T20:00:00Z,49.764511398,2020-12-01T21:00:00Z,49.169534813,-73.78,2.0,-367.14,66.44,433.58,61.01:00:00,False,723 743
UTX,long,18,2020-04-01T20:00:00Z,41.89305163176917,2020-12-01T21:00:00Z,62.828293286,376.83,1.0,-44.24,426.53,335.3,244.01:00:00,True,648 744
HCA,long,4,2019-01-02T21:00:00Z,113.740009728,2020-12-01T21:00:00Z,144.23413961,121.98,1.0,-196.36,133.94,312.77,699.00:00:00,True,453 745
PCLN,long,7,2020-04-01T20:00:00Z,49.68719757364,2020-12-01T21:00:00Z,80.20526398676,213.63,1.0,-11.2,231.56,94.25,244.01:00:00,True,645 746
TGT,long,3,2020-06-01T20:00:00Z,100.301853687,2020-12-01T21:00:00Z,151.656225888,154.06,1.0,-6.52,155.99,33.81,183.01:00:00,True,676 747
CVS,long,6,2020-03-02T21:00:00Z,51.920639997,2020-12-01T21:00:00Z,56.127306928,25.24,1.0,-57.07,54.81,67.59,274.00:00:00,True,623 748
XOM,long,9,2018-07-02T20:00:00Z,56.725325104,2020-12-01T21:00:00Z,30.8476168,-232.9,1.0,-297.83,35.8,333.63,883.01:00:00,False,366 749
EPD,long,441,2020-04-01T20:00:00Z,8.428841015,2021-01-04T21:00:00Z,12.735998736,1899.46,2.7,0.0,2574.96,1826.66,278.01:00:00,True,646 758
EPD,long,35,2020-08-03T20:00:00Z,11.295837336,2021-01-04T21:00:00Z,12.735998736,50.41,1.0,-100.34,104.02,80.11,154.01:00:00,True,701 758
EPD,long,24,2020-09-01T20:00:00Z,11.302266384,2021-01-04T21:00:00Z,12.735998736,34.41,1.0,-68.96,71.17,36.76,125.01:00:00,True,716 758
EPD,long,40,2020-10-01T20:00:00Z,10.074318216,2021-01-04T21:00:00Z,12.735998736,106.47,1.0,-65.82,167.74,61.27,95.01:00:00,True,726 758
KMB,long,60,2020-12-01T21:00:00Z,112.410675264,2021-01-04T21:00:00Z,106.96823072,-326.55,2.0,-366.0,0.0,366.0,34.00:00:00,False,752 759
MRK,long,105,2020-12-01T21:00:00Z,64.54067943118477,2021-01-04T21:00:00Z,64.57973118227822,4.1,2.0,-135.77,159.55,295.32,34.00:00:00,True,751 760
PCLN,long,73,2020-04-01T20:00:00Z,49.68719757364,2021-01-04T21:00:00Z,84.55845688224,2545.6,1.0,-116.8,2725.84,982.93,278.01:00:00,True,645 761
PCLN,long,5,2020-05-01T20:00:00Z,56.60948151012,2021-01-04T21:00:00Z,84.55845688224,139.74,1.0,-42.61,152.09,67.32,248.01:00:00,True,668 761
PCLN,long,6,2020-10-01T20:00:00Z,68.10455213144,2021-01-04T21:00:00Z,84.55845688224,98.72,1.0,-120.1,113.54,56.47,95.01:00:00,True,727 761
PFE,long,189,2020-03-02T21:00:00Z,23.93890281894329,2021-01-04T21:00:00Z,27.427292964,659.31,1.2,-842.9,1467.64,1037.42,308.00:00:00,True,620 762
PFE,long,37,2020-07-01T20:00:00Z,23.380568270668665,2021-01-04T21:00:00Z,27.427292964,149.73,1.0,-144.35,307.97,160.18,187.01:00:00,True,686 762
PFE,long,14,2020-09-01T20:00:00Z,25.80618856743928,2021-01-04T21:00:00Z,27.427292964,22.7,1.0,-88.58,82.57,60.61,125.01:00:00,True,713 762
SO,long,97,2020-03-02T21:00:00Z,49.266388686,2021-01-04T21:00:00Z,47.307147888,-190.05,1.0,-1547.35,287.79,1835.14,308.00:00:00,False,621 763
SO,long,13,2020-05-01T20:00:00Z,41.929989182,2021-01-04T21:00:00Z,47.307147888,69.9,1.0,-112.0,133.94,95.08,248.01:00:00,True,664 763
SO,long,12,2020-07-01T20:00:00Z,41.22511815,2021-01-04T21:00:00Z,47.307147888,72.98,1.0,-94.93,132.1,45.62,187.01:00:00,True,688 763
SO,long,8,2020-09-01T20:00:00Z,40.874126535,2021-01-04T21:00:00Z,47.307147888,51.46,1.0,-60.48,90.87,30.41,125.01:00:00,True,714 763
SO,long,10,2020-12-01T21:00:00Z,48.271461381,2021-01-04T21:00:00Z,47.307147888,-9.64,1.0,-149.57,39.62,20.08,34.00:00:00,False,755 763
UTX,long,87,2020-04-01T20:00:00Z,41.89305163176917,2021-01-04T21:00:00Z,60.358558326,1606.5,1.0,-213.81,2070.77,1620.61,278.01:00:00,True,648 764
UTX,long,5,2020-07-01T20:00:00Z,53.552385438,2021-01-04T21:00:00Z,60.358558326,34.03,1.0,-70.58,60.71,50.24,187.01:00:00,True,690 764
UTX,long,13,2020-08-03T20:00:00Z,49.988600658,2021-01-04T21:00:00Z,60.358558326,134.81,1.0,-137.19,204.18,130.63,154.01:00:00,True,699 764
LVS,long,9,2018-09-04T20:00:00Z,54.95551575,2021-01-04T21:00:00Z,54.379300645,-5.19,1.0,-176.46,118.64,295.1,853.01:00:00,False,396 765
HCA,long,3,2019-01-02T21:00:00Z,113.740009728,2021-01-04T21:00:00Z,155.877703872,126.41,1.0,-147.27,131.22,234.58,733.00:00:00,True,453 766
XOM,long,13,2018-07-02T20:00:00Z,56.725325104,2021-01-04T21:00:00Z,33.2513272,-305.16,1.0,-430.21,51.71,481.92,917.01:00:00,False,366 767
DELL,long,11,2019-05-01T20:00:00Z,31.57570753517359,2021-01-04T21:00:00Z,33.37595566090308,19.8,1.0,-201.07,31.05,207.24,614.01:00:00,True,494 768
INTC,long,14,2018-02-01T21:00:00Z,40.004619445,2021-02-01T21:00:00Z,51.251087703,157.45,1.0,-54.18,285.55,291.96,1096.00:00:00,True,302 779
XOM,long,19,2018-07-02T20:00:00Z,56.725325104,2021-02-01T21:00:00Z,35.999569424,-393.79,1.0,-628.76,75.58,704.34,945.01:00:00,False,366 780
CVS,long,6,2020-03-02T21:00:00Z,51.920639997,2021-02-01T21:00:00Z,59.782142574,47.17,1.0,-57.07,68.72,67.59,336.00:00:00,True,623 781
AVGO,long,7,2021-01-04T21:00:00Z,38.043434133,2021-02-01T21:00:00Z,41.758130961,26.0,2.0,0.0,26.05,13.85,28.00:00:00,True,769 782
LVS,long,48,2018-09-04T20:00:00Z,54.95551575,2021-02-02T21:00:00Z,46.797165197,-391.6,1.0,-941.12,632.73,1573.85,882.01:00:00,False,396 789
LVS,long,10,2018-10-01T20:00:00Z,51.539710675,2021-02-02T21:00:00Z,46.797165197,-47.43,1.0,-161.91,165.98,327.88,855.01:00:00,False,412 789
LVS,long,7,2018-11-01T20:00:00Z,49.219345458,2021-02-02T21:00:00Z,46.797165197,-16.96,1.0,-97.09,132.43,229.52,824.01:00:00,False,429 789
LVS,long,11,2019-06-03T20:00:00Z,46.899741878,2021-02-02T21:00:00Z,46.797165197,-1.13,1.0,-127.06,233.61,360.67,610.01:00:00,False,510 789
LVS,long,9,2019-09-03T20:00:00Z,48.744645016,2021-02-02T21:00:00Z,46.797165197,-17.53,1.0,-120.56,174.53,295.1,518.01:00:00,False,543 789
LVS,long,9,2020-04-01T20:00:00Z,37.81683893,2021-02-02T21:00:00Z,46.797165197,80.82,1.0,-22.21,272.88,103.96,307.01:00:00,True,654 789
LVS,long,8,2020-06-01T20:00:00Z,46.008923393,2021-02-02T21:00:00Z,46.797165197,6.31,1.0,-85.28,177.03,92.41,246.01:00:00,True,677 789
LVS,long,14,2020-08-03T20:00:00Z,41.2888564,2021-02-02T21:00:00Z,46.797165197,77.12,1.0,-83.16,375.88,157.91,183.01:00:00,True,700 789
LVS,long,6,2020-10-01T20:00:00Z,43.372066882,2021-02-02T21:00:00Z,46.797165197,20.55,1.0,-48.14,148.59,67.68,124.01:00:00,True,729 789
LVS,long,27,2021-02-01T21:00:00Z,46.046458717,2021-02-02T21:00:00Z,46.797165197,20.27,1.0,-288.83,596.45,58.02,1.00:00:00,True,784 789
IBM,long,62,2020-04-01T20:00:00Z,76.8438349181211,2021-03-01T21:00:00Z,93.20386503719682,1014.32,2.0,0.0,1473.71,1273.04,334.01:00:00,True,647 790
IBM,long,3,2020-06-01T20:00:00Z,92.56433252589005,2021-03-01T21:00:00Z,93.20386503719682,1.92,1.0,-47.16,24.15,61.6,273.01:00:00,True,681 790
IBM,long,3,2020-09-01T20:00:00Z,92.6575164852188,2021-03-01T21:00:00Z,93.20386503719682,1.64,1.0,-47.44,23.87,55.95,181.01:00:00,True,715 790
IBM,long,3,2020-12-01T21:00:00Z,93.81827951716932,2021-03-01T21:00:00Z,93.20386503719682,-1.84,1.0,-50.92,20.39,29.87,90.00:00:00,False,757 790
IBM,long,3,2021-02-01T21:00:00Z,91.82247006332891,2021-03-01T21:00:00Z,93.20386503719682,4.14,1.0,-44.94,26.37,9.91,28.00:00:00,True,787 790
COP,long,211,2021-01-04T21:00:00Z,31.898033862,2021-03-01T21:00:00Z,42.799292461,2300.17,2.11,0.0,2653.77,1333.51,56.00:00:00,True,771 791
T,long,123,2016-03-01T21:00:00Z,15.343748800769273,2021-03-01T21:00:00Z,15.353336119385341,1.18,2.165,-295.72,561.83,769.88,1826.00:00:00,True,31 792
T,long,22,2016-09-01T20:00:00Z,17.20773509260083,2021-03-01T21:00:00Z,15.353336119385341,-40.8,1.0,-93.9,59.48,137.7,1642.01:00:00,False,97 792
T,long,29,2016-11-01T20:00:00Z,15.54626999471364,2021-03-01T21:00:00Z,15.353336119385341,-5.6,1.0,-75.6,126.59,181.52,1581.01:00:00,False,118 792
T,long,14,2017-03-01T21:00:00Z,18.084277363049093,2021-03-01T21:00:00Z,15.353336119385341,-38.23,1.0,-72.03,25.58,87.63,1461.00:00:00,False,174 792
T,long,22,2017-06-01T20:00:00Z,16.92042786342012,2021-03-01T21:00:00Z,15.353336119385341,-34.48,1.0,-87.58,65.8,137.7,1369.01:00:00,False,207 792
T,long,49,2017-11-01T20:00:00Z,14.980548675973594,2021-03-01T21:00:00Z,15.353336119385341,18.27,1.0,-100.01,241.62,306.7,1216.01:00:00,True,262 792
T,long,24,2018-02-01T21:00:00Z,17.717211234523372,2021-03-01T21:00:00Z,15.353336119385341,-56.73,1.0,-114.66,52.66,150.22,1124.00:00:00,False,307 792
T,long,48,2018-05-01T20:00:00Z,14.931654689400203,2021-03-01T21:00:00Z,15.353336119385341,20.24,1.0,-95.62,239.03,300.44,1035.01:00:00,True,340 792
T,long,19,2018-06-01T20:00:00Z,14.899533735858162,2021-03-01T21:00:00Z,15.353336119385341,8.62,1.0,-37.24,95.23,118.92,1004.01:00:00,True,359 792
T,long,21,2020-05-01T20:00:00Z,15.49946425509404,2021-03-01T21:00:00Z,15.353336119385341,-3.07,1.0,-53.76,92.65,62.74,304.01:00:00,False,667 792
T,long,19,2020-08-03T20:00:00Z,15.61562947273329,2021-03-01T21:00:00Z,15.353336119385341,-4.98,1.0,-50.85,81.62,32.09,210.01:00:00,False,702 792
T,long,18,2020-10-01T20:00:00Z,15.017056711789275,2021-03-01T21:00:00Z,15.353336119385341,6.05,1.0,-37.4,88.1,29.58,151.01:00:00,True,728 792
T,long,25,2020-12-01T21:00:00Z,15.505328897772909,2021-03-01T21:00:00Z,15.353336119385341,-3.8,1.0,-64.15,110.15,41.09,90.00:00:00,False,756 792
WMT,long,142,2020-12-01T21:00:00Z,47.06648841335069,2021-03-01T21:00:00Z,40.65595877140372,-910.3,2.0,-974.02,0.0,974.02,90.00:00:00,False,750 793
WMT,long,11,2021-01-04T21:00:00Z,45.3476260849036,2021-03-01T21:00:00Z,40.65595877140372,-51.61,1.0,-56.54,18.91,64.85,56.00:00:00,False,776 793
XOM,long,57,2018-07-02T20:00:00Z,56.725325104,2021-03-01T21:00:00Z,45.965327476,-613.32,1.0,-1886.29,226.73,2113.02,973.01:00:00,False,366 794
XOM,long,7,2018-08-01T20:00:00Z,55.774815131,2021-03-01T21:00:00Z,45.965327476,-68.67,1.0,-225.0,34.5,259.49,943.01:00:00,False,387 794
XOM,long,7,2019-02-01T21:00:00Z,53.756287208,2021-03-01T21:00:00Z,45.965327476,-54.54,1.0,-210.87,48.63,252.43,759.00:00:00,False,468 794
XOM,long,13,2019-08-01T20:00:00Z,52.470619212,2021-03-01T21:00:00Z,45.965327476,-84.57,1.0,-374.89,107.02,395.48,578.01:00:00,False,527 794
XOM,long,6,2019-10-01T20:00:00Z,50.5497272,2021-03-01T21:00:00Z,45.965327476,-27.51,1.0,-161.5,60.92,179.71,517.01:00:00,False,554 794
XOM,long,10,2019-11-01T20:00:00Z,51.0262656,2021-03-01T21:00:00Z,45.965327476,-50.61,1.0,-273.94,96.77,299.52,486.01:00:00,False,570 794
XOM,long,7,2020-02-03T21:00:00Z,45.052946664,2021-03-01T21:00:00Z,45.965327476,6.39,1.0,-149.94,109.55,160.38,392.00:00:00,True,607 794
XOM,long,20,2020-04-01T20:00:00Z,28.253696414,2021-03-01T21:00:00Z,45.965327476,354.23,1.0,-92.42,648.99,345.97,334.01:00:00,True,652 794
XOM,long,20,2020-08-03T20:00:00Z,32.422805946,2021-03-01T21:00:00Z,45.965327476,270.85,1.0,-175.81,565.61,195.9,210.01:00:00,True,698 794
XOM,long,15,2020-09-01T20:00:00Z,30.856325728,2021-03-01T21:00:00Z,45.965327476,226.64,1.0,-108.36,447.7,92.36,181.01:00:00,True,710 794
XOM,long,25,2020-10-01T20:00:00Z,25.919626556,2021-03-01T21:00:00Z,45.965327476,501.14,1.0,-57.18,869.59,109.77,151.01:00:00,True,725 794
DELL,long,15,2019-05-01T20:00:00Z,31.57570753517359,2021-03-01T21:00:00Z,38.256423725540586,100.21,1.0,-274.18,100.21,282.61,670.01:00:00,True,494 795
INTC,long,8,2018-02-01T21:00:00Z,40.004619445,2021-03-01T21:00:00Z,57.191768304,137.5,1.0,-30.96,163.17,166.83,1124.00:00:00,True,302 796
AEP,long,100,2021-01-04T21:00:00Z,66.374440632,2021-03-02T21:00:00Z,63.240447942,-313.4,2.0,-488.38,85.47,573.85,57.00:00:00,False,773 807
AEP,long,13,2021-03-01T21:00:00Z,63.018638109,2021-03-02T21:00:00Z,63.240447942,2.88,1.0,-19.86,54.74,2.78,1.00:00:00,True,803 807
MO,long,24,2021-03-01T21:00:00Z,28.76842838,2021-04-01T20:00:00Z,33.5190564,114.02,2.24,-4.19,137.68,23.66,30.23:00:00,True,798 808
CI,long,3,2021-03-01T21:00:00Z,193.36846113,2021-04-01T20:00:00Z,218.475944874,75.32,2.0,0.0,90.83,19.11,30.23:00:00,True,797 809
NOC,long,3,2021-01-04T21:00:00Z,268.178631628,2021-05-03T20:00:00Z,330.0302793,185.55,2.0,-22.25,185.55,44.79,118.23:00:00,True,774 816
DELL,long,17,2019-05-01T20:00:00Z,31.57570753517359,2021-05-03T20:00:00Z,45.02001578870332,228.55,1.0,-310.74,272.7,320.29,733.00:00:00,True,494 817
UNH,long,2,2021-03-01T21:00:00Z,302.479191945,2021-05-03T20:00:00Z,368.18316315,131.41,2.0,-3.22,131.41,26.65,62.23:00:00,True,800 818
HCA,long,3,2019-01-02T21:00:00Z,113.740009728,2021-05-03T20:00:00Z,195.297724344,244.67,1.0,-147.27,244.67,234.58,851.23:00:00,True,453 819
NEM,long,7,2020-03-02T21:00:00Z,39.041585625,2021-05-03T20:00:00Z,55.228696292,113.31,1.0,-42.13,140.3,90.61,426.23:00:00,True,619 820
CI,long,34,2021-03-01T21:00:00Z,193.36846113,2021-06-01T20:00:00Z,232.795275504,1340.51,1.0,0.0,1624.03,285.66,91.23:00:00,True,797 825
NEM,long,17,2020-03-02T21:00:00Z,39.041585625,2021-06-01T20:00:00Z,63.35963529,413.41,1.0,-102.31,419.67,220.04,455.23:00:00,True,619 826
CVS,long,12,2020-03-02T21:00:00Z,51.920639997,2021-06-01T20:00:00Z,72.308653944,244.66,1.0,-114.14,284.47,135.17,455.23:00:00,True,623 827
TGT,long,4,2020-06-01T20:00:00Z,100.301853687,2021-06-01T20:00:00Z,193.797793644,373.98,1.0,-8.7,373.98,97.19,365.00:00:00,True,676 828
DOW,long,10,2021-04-01T20:00:00Z,48.12366018,2021-06-01T20:00:00Z,52.9849332,48.61,2.0,-27.34,48.61,28.98,61.00:00:00,True,810 829
PG,long,65,2021-03-01T21:00:00Z,107.936841546,2021-07-01T20:00:00Z,118.188626429,666.37,2.0,-117.41,846.45,361.87,121.23:00:00,True,799 837
PG,long,2,2021-06-01T20:00:00Z,116.108548555,2021-07-01T20:00:00Z,118.188626429,4.16,1.0,-19.96,9.7,7.67,30.00:00:00,True,836 837
REGN,long,2,2021-03-01T21:00:00Z,458.72113077,2021-07-01T20:00:00Z,569.248107468,221.05,2.0,-32.33,221.05,70.71,121.23:00:00,True,802 838
TGT,long,3,2020-06-01T20:00:00Z,100.301853687,2021-07-01T20:00:00Z,207.647803188,322.04,1.0,-6.52,322.04,72.89,395.00:00:00,True,676 839
NFLX,long,8,2021-02-01T21:00:00Z,53.904,2021-07-01T20:00:00Z,53.354,-4.4,2.0,-43.25,19.64,62.89,149.23:00:00,False,783 840
PM,long,5,2021-01-04T21:00:00Z,63.68852545,2021-07-01T20:00:00Z,80.068048158,81.9,2.0,-9.53,81.9,15.75,177.23:00:00,True,772 841
DG,long,2,2021-06-01T20:00:00Z,184.848196687,2021-07-01T20:00:00Z,199.899636167,30.1,2.0,0.0,30.1,5.36,30.00:00:00,True,830 842
HCA,long,6,2019-01-02T21:00:00Z,113.740009728,2021-08-02T20:00:00Z,240.2483397,759.05,1.0,-294.54,759.05,469.15,942.23:00:00,True,453 847
DG,long,3,2021-06-01T20:00:00Z,184.848196687,2021-08-02T20:00:00Z,213.79395675,86.84,1.0,0.0,88.22,8.04,62.00:00:00,True,830 848
TGT,long,2,2020-06-01T20:00:00Z,100.301853687,2021-08-02T20:00:00Z,219.323088327,238.04,1.0,-4.35,245.7,48.59,427.00:00:00,True,676 849
DOW,long,148,2021-04-01T20:00:00Z,48.12366018,2021-08-03T20:00:00Z,46.016598,-311.85,1.0,-686.06,741.74,1427.8,124.00:00:00,False,810 855
DOW,long,7,2021-05-03T20:00:00Z,48.086412765,2021-08-03T20:00:00Z,46.016598,-14.49,1.0,-32.19,35.34,67.53,92.00:00:00,False,823 855
DOW,long,12,2021-07-01T20:00:00Z,47.78502,2021-08-03T20:00:00Z,46.016598,-21.22,1.0,-51.56,64.21,51.65,33.00:00:00,False,845 855
NEM,long,74,2020-03-02T21:00:00Z,39.041585625,2021-09-01T20:00:00Z,49.962612164,808.16,1.0,-445.33,1826.8,1116.38,547.23:00:00,True,619 857
NEM,long,6,2020-06-01T20:00:00Z,50.572156384,2021-09-01T20:00:00Z,49.962612164,-3.66,1.0,-105.29,78.94,90.52,457.00:00:00,False,680 857
NEM,long,8,2020-09-01T20:00:00Z,56.272109832,2021-09-01T20:00:00Z,49.962612164,-50.48,1.0,-185.99,59.65,120.69,365.00:00:00,False,711 857
NEM,long,23,2020-12-01T21:00:00Z,50.747113413,2021-09-01T20:00:00Z,49.962612164,-18.04,1.0,-407.64,298.56,346.98,273.23:00:00,False,754 857
NEM,long,16,2021-03-01T21:00:00Z,46.37018617,2021-09-01T20:00:00Z,49.962612164,57.48,1.0,-213.54,277.73,241.38,183.23:00:00,True,804 857
NEM,long,19,2021-07-01T20:00:00Z,54.261399458,2021-09-01T20:00:00Z,49.962612164,-81.68,1.0,-403.52,179.87,125.14,62.00:00:00,False,844 857
REGN,long,2,2021-03-01T21:00:00Z,458.72113077,2021-09-01T20:00:00Z,674.593977344,431.75,1.0,-32.33,431.75,70.71,183.23:00:00,True,802 858
NFLX,long,7,2021-02-01T21:00:00Z,53.904,2021-09-01T20:00:00Z,58.207,30.12,1.0,-37.84,30.12,55.03,211.23:00:00,True,783 859
NFLX,long,15,2021-02-01T21:00:00Z,53.904,2021-10-01T20:00:00Z,61.315,111.16,1.0,-81.09,111.16,117.92,241.23:00:00,True,783 868
DELL,long,2,2019-05-01T20:00:00Z,31.57570753517359,2021-10-01T20:00:00Z,48.703387912958036,34.26,1.0,-36.56,34.26,37.68,884.00:00:00,True,494 869
DELL,long,16,2019-07-01T20:00:00Z,23.73933334082167,2021-10-01T20:00:00Z,48.703387912958036,399.42,1.0,-167.08,399.42,212.6,823.00:00:00,True,519 869
LOW,long,3,2021-07-01T20:00:00Z,177.008375462,2021-10-01T20:00:00Z,184.961743722,23.86,2.0,-34.71,42.51,50.6,92.00:00:00,True,843 870
CVS,long,7,2020-03-02T21:00:00Z,51.920639997,2021-10-01T20:00:00Z,71.22166597,135.11,1.0,-66.58,165.94,78.85,577.23:00:00,True,623 871
AVGO,long,11,2021-01-04T21:00:00Z,38.043434133,2021-10-01T20:00:00Z,44.611424433,72.25,1.0,-3.91,91.06,67.62,269.23:00:00,True,769 872
UNH,long,3,2021-03-01T21:00:00Z,302.479191945,2021-11-01T20:00:00Z,414.873170382,337.18,1.0,-4.83,354.61,112.91,244.23:00:00,True,800 879
LOW,long,4,2021-07-01T20:00:00Z,177.008375462,2021-11-01T20:00:00Z,211.1208201,136.45,1.0,-46.28,144.03,67.46,123.00:00:00,True,843 880
NFLX,long,10,2021-02-01T21:00:00Z,53.904,2021-11-01T20:00:00Z,68.117,142.13,1.0,-54.06,151.27,78.61,272.23:00:00,True,783 881
TGT,long,3,2020-06-01T20:00:00Z,100.301853687,2021-11-01T20:00:00Z,220.683363012,361.14,1.0,-6.52,374.54,95.52,518.00:00:00,True,676 882
AVGO,long,8,2021-01-04T21:00:00Z,38.043434133,2021-11-01T20:00:00Z,48.337052779,82.35,1.0,-2.84,86.61,49.18,300.23:00:00,True,769 883
VRTX,long,32,2021-03-01T21:00:00Z,210.38,2021-11-02T20:00:00Z,185.66,-791.04,2.0,-1067.84,343.04,1410.88,245.23:00:00,False,801 889
VRTX,long,3,2021-04-01T20:00:00Z,213.04,2021-11-02T20:00:00Z,185.66,-82.14,1.0,-108.09,24.18,132.27,215.00:00:00,False,812 889
VRTX,long,3,2021-06-01T20:00:00Z,209.67,2021-11-02T20:00:00Z,185.66,-72.03,1.0,-97.98,34.29,119.28,154.00:00:00,False,831 889
VRTX,long,1,2021-07-01T20:00:00Z,202.21,2021-11-02T20:00:00Z,185.66,-16.55,1.0,-25.2,18.89,25.98,124.00:00:00,False,846 889
VRTX,long,2,2021-09-01T20:00:00Z,197.14,2021-11-02T20:00:00Z,185.66,-22.96,1.0,-40.26,47.92,44.42,62.00:00:00,False,865 889
VRTX,long,2,2021-10-01T20:00:00Z,180.35,2021-11-02T20:00:00Z,185.66,10.62,1.0,-6.68,81.5,12.3,32.00:00:00,True,877 889
CI,long,42,2021-09-01T20:00:00Z,191.425241385,2021-12-01T21:00:00Z,177.431667968,-587.73,2.0,-695.65,331.92,1027.58,91.01:00:00,False,861 891
DELL,long,52,2019-07-01T20:00:00Z,23.73933334082167,2021-12-01T21:00:00Z,50.59852612,1396.68,1.0,-543.0,1507.86,690.96,884.01:00:00,True,519 892
DELL,long,21,2019-09-03T20:00:00Z,23.513726798211067,2021-12-01T21:00:00Z,50.59852612,568.78,1.0,-214.55,613.68,264.25,820.01:00:00,True,541 892
DELL,long,13,2019-11-01T20:00:00Z,24.51284148691516,2021-12-01T21:00:00Z,50.59852612,339.11,1.0,-145.81,366.91,163.58,761.01:00:00,True,574 892
DELL,long,28,2019-12-02T21:00:00Z,21.971314721179404,2021-12-01T21:00:00Z,50.59852612,801.56,1.0,-242.88,861.43,315.33,730.00:00:00,True,580 892
DELL,long,21,2020-05-01T20:00:00Z,18.4168606212736,2021-12-01T21:00:00Z,50.59852612,675.81,1.0,-107.52,720.72,113.03,579.01:00:00,True,665 892
DELL,long,17,2020-11-02T21:00:00Z,27.758813171414634,2021-12-01T21:00:00Z,50.59852612,388.28,1.0,-245.85,424.62,91.5,394.00:00:00,True,736 892
DELL,long,12,2021-08-02T20:00:00Z,44.33398773056087,2021-12-01T21:00:00Z,50.59852612,75.17,1.0,-372.44,100.83,39.61,121.01:00:00,True,851 892
AVGO,long,11,2021-01-04T21:00:00Z,38.043434133,2021-12-01T21:00:00Z,50.7820535928,140.12,1.0,-3.91,160.31,67.62,331.00:00:00,True,769 893
LOW,long,2,2021-07-01T20:00:00Z,177.008375462,2021-12-01T21:00:00Z,223.528438524,93.04,1.0,-23.14,106.38,33.73,153.01:00:00,True,843 894
LMT,long,21,2020-12-01T21:00:00Z,312.470035416,2022-01-03T21:00:00Z,312.543045752,1.53,2.0,-776.68,625.38,1192.82,398.00:00:00,True,753 903
LMT,long,1,2021-01-04T21:00:00Z,295.056367488,2022-01-03T21:00:00Z,312.543045752,17.49,1.0,-19.57,47.19,56.8,364.00:00:00,True,777 903
LMT,long,2,2021-02-01T21:00:00Z,277.454351136,2022-01-03T21:00:00Z,312.543045752,70.18,1.0,-3.94,129.59,113.6,336.00:00:00,True,785 903
LMT,long,1,2021-08-02T20:00:00Z,319.87694724,2022-01-03T21:00:00Z,312.543045752,-7.33,1.0,-44.39,22.37,43.81,154.01:00:00,False,854 903
LMT,long,1,2021-09-01T20:00:00Z,312.147955782,2022-01-03T21:00:00Z,312.543045752,0.4,1.0,-36.66,30.1,43.81,124.01:00:00,True,867 903
LMT,long,2,2021-11-01T20:00:00Z,289.429267335,2022-01-03T21:00:00Z,312.543045752,46.23,1.0,-27.89,105.64,24.57,63.01:00:00,True,886 903
MO,long,224,2021-03-01T21:00:00Z,28.76842838,2022-01-03T21:00:00Z,33.296523858,1014.29,1.37,-39.07,1284.97,1224.3,308.00:00:00,True,798 904
MO,long,21,2021-05-03T20:00:00Z,31.790524668,2022-01-03T21:00:00Z,33.296523858,31.63,1.0,-67.13,57.0,107.3,245.01:00:00,True,822 904
MO,long,29,2021-11-01T20:00:00Z,29.99955651,2022-01-03T21:00:00Z,33.296523858,95.61,1.0,-40.76,130.66,50.56,63.01:00:00,True,884 904
UNH,long,18,2021-03-01T21:00:00Z,302.479191945,2022-01-03T21:00:00Z,460.37779328,2842.17,1.0,-28.96,2896.62,677.47,308.00:00:00,True,800 905
UNH,long,1,2021-10-01T20:00:00Z,358.522556766,2022-01-03T21:00:00Z,460.37779328,101.86,1.0,-57.65,104.88,24.49,94.01:00:00,True,878 905
AVGO,long,17,2021-01-04T21:00:00Z,38.043434133,2022-01-03T21:00:00Z,61.107923842,392.1,1.0,-6.04,409.26,104.5,364.00:00:00,True,769 906
CVS,long,11,2020-03-02T21:00:00Z,51.920639997,2022-01-03T21:00:00Z,88.75405896,405.17,1.0,-104.63,405.17,123.91,672.00:00:00,True,623 907
FDX,long,5,2021-09-01T20:00:00Z,155.7068845747378,2022-01-03T21:00:00Z,152.27960077557572,-17.14,2.0,-138.9,5.61,144.5,124.01:00:00,False,860 908
HCA,long,2,2019-01-02T21:00:00Z,113.740009728,2022-01-03T21:00:00Z,244.136807872,260.79,1.0,-98.18,274.33,156.38,1097.00:00:00,True,453 909
DG,long,37,2021-06-01T20:00:00Z,184.848196687,2022-02-01T21:00:00Z,193.025602,302.56,1.0,0.0,1298.11,1158.79,245.01:00:00,True,830 917
DG,long,3,2021-09-01T20:00:00Z,204.773231091,2022-02-01T21:00:00Z,193.025602,-35.24,1.0,-59.78,45.48,93.96,153.01:00:00,False,862 917
PM,long,17,2021-01-04T21:00:00Z,63.68852545,2022-02-01T21:00:00Z,84.923899375,361.0,1.0,-32.41,364.78,260.26,393.00:00:00,True,772 918
DE,long,3,2022-01-03T21:00:00Z,329.813878223,2022-02-01T21:00:00Z,355.974031884,78.48,2.0,0.0,95.52,56.18,29.00:00:00,True,912 919
T,long,56,2022-01-03T21:00:00Z,14.675303257431102,2022-02-01T21:00:00Z,14.378811221714082,-16.6,4.055,-26.66,79.02,105.68,29.00:00:00,False,910 920
VZ,long,17,2020-06-01T20:00:00Z,38.52052451,2022-02-01T21:00:00Z,39.72024784,20.4,2.0,-30.76,85.91,116.57,610.01:00:00,True,675 921
CVS,long,7,2020-03-02T21:00:00Z,51.920639997,2022-02-01T21:00:00Z,91.03598296,273.81,1.0,-66.58,291.8,78.85,701.00:00:00,True,623 922
FISV,long,5,2021-12-01T21:00:00Z,95.55,2022-02-01T21:00:00Z,108.66,65.55,2.0,0.0,69.6,47.5,62.00:00:00,True,896 923
VZ,long,135,2020-06-01T20:00:00Z,38.52052451,2022-03-01T21:00:00Z,40.026362532,203.29,1.045,-244.26,682.2,925.68,638.01:00:00,True,675 929
VZ,long,12,2021-01-04T21:00:00Z,41.534205515,2022-03-01T21:00:00Z,40.026362532,-18.09,1.0,-57.88,24.48,74.35,421.00:00:00,False,775 929
VZ,long,8,2021-02-01T21:00:00Z,38.718645924,2022-03-01T21:00:00Z,40.026362532,10.46,1.0,-16.06,38.84,49.57,393.00:00:00,True,786 929
VZ,long,10,2021-04-01T20:00:00Z,41.58616539,2022-03-01T21:00:00Z,40.026362532,-15.6,1.0,-48.75,19.88,61.96,334.01:00:00,False,815 929
VZ,long,14,2021-06-01T20:00:00Z,40.648931332,2022-03-01T21:00:00Z,40.026362532,-8.72,1.0,-55.13,40.95,64.74,273.01:00:00,False,832 929
VZ,long,9,2021-09-01T20:00:00Z,40.055347536,2022-03-01T21:00:00Z,40.026362532,-0.26,1.0,-30.1,31.67,33.26,181.01:00:00,False,866 929
VZ,long,11,2021-12-01T21:00:00Z,36.716966433,2022-03-01T21:00:00Z,40.026362532,36.4,1.0,-0.06,75.43,26.45,90.00:00:00,True,900 929
VZ,long,10,2022-01-03T21:00:00Z,38.686713276,2022-03-01T21:00:00Z,40.026362532,13.4,1.0,-19.76,48.87,24.04,57.00:00:00,True,915 929
NOC,long,6,2021-01-04T21:00:00Z,268.178631628,2022-03-01T21:00:00Z,424.06517796,935.32,1.0,-44.49,935.32,327.13,421.00:00:00,True,774 930
MU,long,10,2021-12-01T21:00:00Z,83.149000545,2022-03-01T21:00:00Z,84.32272979,11.74,2.0,-61.97,120.24,182.21,90.00:00:00,True,895 931
EMR,long,5,2021-12-01T21:00:00Z,79.034888229,2022-03-01T21:00:00Z,81.940613703,14.53,2.0,0.0,52.95,38.43,90.00:00:00,True,897 932
TYC,long,126,2022-02-01T21:00:00Z,65.765446061,2022-04-01T20:00:00Z,60.800237932,-625.62,2.0,-1391.2,1.15,1392.34,58.23:00:00,False,924 944
TYC,long,11,2022-03-01T21:00:00Z,56.916078198,2022-04-01T20:00:00Z,60.800237932,42.73,1.0,-24.11,97.44,44.72,30.23:00:00,True,937 944
DE,long,3,2022-01-03T21:00:00Z,329.813878223,2022-04-01T20:00:00Z,393.63879912,191.47,1.0,-35.58,244.0,163.57,87.23:00:00,True,912 945
DUK,long,11,2022-01-03T21:00:00Z,85.944574474,2022-04-01T20:00:00Z,94.61270328,95.35,2.0,-50.06,95.35,67.6,87.23:00:00,True,911 946
AVGO,long,12,2021-01-04T21:00:00Z,38.043434133,2022-04-01T20:00:00Z,58.1507146936,241.29,1.0,-4.26,288.89,155.93,451.23:00:00,True,769 947
REGN,long,1,2021-03-01T21:00:00Z,458.72113077,2022-04-01T20:00:00Z,688.334312262,229.61,1.0,-16.17,233.18,136.19,395.23:00:00,True,802 948
TGT,long,8,2020-06-01T20:00:00Z,100.301853687,2022-05-02T20:00:00Z,198.2496614,783.58,1.0,-17.39,1027.68,520.21,700.00:00:00,True,676 957
PM,long,14,2021-01-04T21:00:00Z,63.68852545,2022-05-02T20:00:00Z,82.171352665,258.76,1.0,-26.69,396.9,265.19,482.23:00:00,True,772 958
T,long,67,2022-01-03T21:00:00Z,14.675303257431102,2022-05-02T20:00:00Z,15.1202394,29.81,1.0,-80.62,94.54,175.16,118.23:00:00,True,910 959
NOC,long,2,2021-01-04T21:00:00Z,268.178631628,2022-05-02T20:00:00Z,407.812910232,279.27,1.0,-14.83,352.4,109.04,482.23:00:00,True,774 960
GILD,long,12,2022-04-01T20:00:00Z,51.086482434,2022-05-02T20:00:00Z,51.634418562,6.58,2.0,-3.39,41.92,45.31,31.00:00:00,True,949 961
LOW,long,3,2021-07-01T20:00:00Z,177.008375462,2022-05-02T20:00:00Z,186.299719074,27.87,1.0,-34.71,183.21,171.6,305.00:00:00,True,843 962
FISV,long,5,2021-12-01T21:00:00Z,95.55,2022-05-02T20:00:00Z,97.13,7.9,1.0,-14.75,69.6,84.35,151.23:00:00,True,896 963
DUK,long,5,2022-01-03T21:00:00Z,85.944574474,2022-05-02T20:00:00Z,91.190541672,26.23,1.0,-22.75,54.37,30.73,118.23:00:00,True,911 964
T,long,52,2022-01-03T21:00:00Z,14.675303257431102,2022-06-01T20:00:00Z,16.78093515,109.49,1.0,-62.57,113.61,135.95,148.23:00:00,True,910 971
FDX,long,6,2021-09-01T20:00:00Z,155.7068845747378,2022-06-01T20:00:00Z,129.2292168417588,-158.87,1.0,-235.67,6.73,242.4,273.00:00:00,False,860 972
GILD,long,10,2022-04-01T20:00:00Z,51.086482434,2022-06-01T20:00:00Z,55.452848454,43.66,1.0,-2.83,45.72,37.76,61.00:00:00,True,949 973
MU,long,7,2021-12-01T21:00:00Z,83.149000545,2022-06-01T20:00:00Z,71.996425415,-78.07,1.0,-126.58,84.17,210.75,181.23:00:00,False,895 974
MMM,long,4,2021-01-04T21:00:00Z,98.54008359818872,2022-06-01T20:00:00Z,88.33424318809665,-40.82,2.0,-57.4,85.79,143.19,512.23:00:00,False,770 975
NOC,long,3,2021-01-04T21:00:00Z,268.178631628,2022-07-01T20:00:00Z,453.888995475,557.13,1.0,-22.25,573.06,163.56,542.23:00:00,True,774 981
FDX,long,7,2021-09-01T20:00:00Z,155.7068845747378,2022-07-01T20:00:00Z,132.81818215081765,-160.22,1.0,-274.95,7.85,282.8,303.00:00:00,False,860 982
T,long,42,2022-01-03T21:00:00Z,14.675303257431102,2022-07-01T20:00:00Z,16.8560618625,91.59,1.0,-50.54,91.76,109.8,178.23:00:00,True,910 983
PM,long,7,2021-01-04T21:00:00Z,63.68852545,2022-07-01T20:00:00Z,83.13003234,136.09,1.0,-13.35,198.45,132.6,542.23:00:00,True,772 984
CVS,long,7,2020-03-02T21:00:00Z,51.920639997,2022-07-01T20:00:00Z,80.890710054,202.79,1.0,-66.58,301.15,130.19,850.23:00:00,True,623 985
DUK,long,6,2022-01-03T21:00:00Z,85.944574474,2022-07-01T20:00:00Z,92.810741,41.2,1.0,-27.3,65.32,84.35,178.23:00:00,True,911 986
GILD,long,10,2022-04-01T20:00:00Z,51.086482434,2022-07-01T20:00:00Z,54.056666224,29.7,1.0,-10.52,45.72,56.24,91.00:00:00,True,949 987
FDX,long,34,2021-09-01T20:00:00Z,155.7068845747378,2022-08-01T20:00:00Z,141.18725413554563,-493.67,1.0,-1335.46,38.13,1373.59,334.00:00:00,False,860 994
FDX,long,9,2021-10-01T20:00:00Z,130.66390026575476,2022-08-01T20:00:00Z,141.18725413554563,94.71,1.0,-128.12,235.48,356.37,304.00:00:00,True,873 994
FDX,long,6,2022-03-01T21:00:00Z,126.5767124450937,2022-08-01T20:00:00Z,141.18725413554563,87.66,1.0,-60.89,181.51,147.37,152.23:00:00,True,935 994
FDX,long,3,2022-05-02T20:00:00Z,116.42862765809167,2022-08-01T20:00:00Z,141.18725413554563,74.28,1.0,0.0,121.2,51.59,91.00:00:00,True,970 994
F,long,143,2022-03-01T21:00:00Z,12.64980244,2022-08-01T20:00:00Z,11.689322757,-137.35,4.06,-601.86,151.1,752.96,152.23:00:00,False,933 995
NFLX,long,64,2021-02-01T21:00:00Z,53.904,2022-08-01T20:00:00Z,22.621,-2002.11,1.0,-2385.09,976.96,3362.05,545.23:00:00,False,783 996
HCA,long,1,2019-01-02T21:00:00Z,113.740009728,2022-08-01T20:00:00Z,203.718243183,89.98,1.0,-49.09,151.21,104.62,1306.23:00:00,True,453 997
HCA,long,5,2019-04-01T20:00:00Z,123.643140152,2022-08-01T20:00:00Z,203.718243183,400.38,1.0,-294.96,706.52,523.09,1218.00:00:00,True,487 997
FISV,long,6,2021-12-01T21:00:00Z,95.55,2022-08-01T20:00:00Z,106.13,63.48,1.0,-43.02,83.52,126.54,242.23:00:00,True,896 998
TGT,long,3,2020-06-01T20:00:00Z,100.301853687,2022-08-01T20:00:00Z,143.35961178,129.17,1.0,-6.52,385.38,324.3,791.00:00:00,True,676 999
DE,long,3,2022-01-03T21:00:00Z,329.813878223,2022-09-01T20:00:00Z,344.815946035,45.01,1.0,-167.22,252.82,420.03,240.23:00:00,True,912 1009
GILD,long,12,2022-04-01T20:00:00Z,51.086482434,2022-09-01T20:00:00Z,56.30180358,62.58,1.0,-12.62,76.94,67.49,153.00:00:00,True,949 1010
F,long,47,2022-03-01T21:00:00Z,12.64980244,2022-09-01T20:00:00Z,11.694238793,-44.91,1.0,-197.81,49.66,247.48,183.23:00:00,False,933 1011
CVS,long,4,2020-03-02T21:00:00Z,51.920639997,2022-09-01T20:00:00Z,86.548913322,138.51,1.0,-38.05,172.09,74.39,912.23:00:00,True,623 1012
REGN,long,3,2021-03-01T21:00:00Z,458.72113077,2022-10-03T20:00:00Z,728.257563682,808.61,1.0,-48.5,819.64,566.13,580.23:00:00,True,802 1020
NFLX,long,22,2021-02-01T21:00:00Z,53.904,2022-10-03T20:00:00Z,23.904,-660.0,1.0,-819.87,335.83,1155.7,608.23:00:00,False,783 1021
NFLX,long,18,2021-04-01T20:00:00Z,53.942,2022-10-03T20:00:00Z,23.904,-540.68,1.0,-671.49,274.09,945.58,550.00:00:00,False,811 1021
NFLX,long,6,2021-05-03T20:00:00Z,50.911,2022-10-03T20:00:00Z,23.904,-162.04,1.0,-205.64,109.55,315.19,518.00:00:00,False,824 1021
NFLX,long,1,2021-06-01T20:00:00Z,49.908,2022-10-03T20:00:00Z,23.904,-26.0,1.0,-33.27,19.26,52.53,489.00:00:00,False,833 1021
NOC,long,2,2021-01-04T21:00:00Z,268.178631628,2022-10-03T20:00:00Z,454.864452169,373.37,1.0,-14.83,393.51,109.04,636.23:00:00,True,774 1022
LOW,long,3,2021-07-01T20:00:00Z,177.008375462,2022-10-03T20:00:00Z,179.015553101,6.02,1.0,-57.99,183.21,241.2,459.00:00:00,True,843 1023
GILD,long,8,2022-04-01T20:00:00Z,51.086482434,2022-10-03T20:00:00Z,54.634641512,28.39,1.0,-8.42,62.94,44.99,185.00:00:00,True,949 1024
CVS,long,5,2020-03-02T21:00:00Z,51.920639997,2022-10-03T20:00:00Z,84.669486304,163.74,1.0,-47.56,215.11,92.99,944.23:00:00,True,623 1025
GILD,long,15,2022-04-01T20:00:00Z,51.086482434,2022-11-01T20:00:00Z,69.555719794,277.04,1.0,-15.78,277.04,84.36,214.00:00:00,True,949 1034
NFLX,long,8,2021-06-01T20:00:00Z,49.908,2022-11-01T20:00:00Z,28.675,-169.86,1.0,-266.17,154.09,420.26,518.00:00:00,False,833 1035
NFLX,long,6,2021-12-01T21:00:00Z,61.777,2022-11-01T20:00:00Z,28.675,-198.61,1.0,-270.84,44.35,277.03,334.23:00:00,False,901 1035
NFLX,long,12,2022-01-03T21:00:00Z,59.737,2022-11-01T20:00:00Z,28.675,-372.74,1.0,-517.2,113.18,517.2,301.23:00:00,False,914 1035
T,long,37,2022-01-03T21:00:00Z,14.675303257431102,2022-11-01T20:00:00Z,14.960857491,10.57,1.0,-101.68,80.83,182.52,301.23:00:00,True,910 1036
F,long,43,2022-03-01T21:00:00Z,12.64980244,2022-11-01T20:00:00Z,10.311877342,-100.53,1.0,-180.98,45.44,226.41,244.23:00:00,False,933 1037
HCA,long,2,2019-05-01T20:00:00Z,116.251532516,2022-11-01T20:00:00Z,214.164250209,195.83,2.0,-103.2,297.39,209.23,1280.00:00:00,True,498 1038
EMR,long,5,2021-12-01T21:00:00Z,79.034888229,2022-11-01T20:00:00Z,79.52021126,2.43,1.0,-56.69,58.24,114.93,334.23:00:00,True,897 1039
FCX,long,44,2022-08-01T20:00:00Z,28.490917384,2022-12-01T21:00:00Z,37.702636302,405.32,2.275,-145.72,414.12,282.04,122.01:00:00,True,1000 1046
AVGO,long,14,2021-01-04T21:00:00Z,38.043434133,2022-12-01T21:00:00Z,51.935934285,194.5,1.0,-4.97,337.04,305.79,696.00:00:00,True,769 1047
DE,long,1,2022-01-03T21:00:00Z,329.813878223,2022-12-01T21:00:00Z,420.162326163,90.35,1.0,-55.74,90.35,140.01,332.00:00:00,True,912 1048
DUK,long,8,2022-01-03T21:00:00Z,85.944574474,2023-01-03T21:00:00Z,89.49363924,28.39,1.0,-99.9,87.09,186.99,365.00:00:00,True,911 1054
HCA,long,1,2019-05-01T20:00:00Z,116.251532516,2023-01-03T21:00:00Z,236.093383548,119.84,1.0,-51.6,148.7,104.62,1343.01:00:00,True,498 1055
HCA,long,2,2019-09-03T20:00:00Z,113.125111056,2023-01-03T21:00:00Z,236.093383548,245.94,1.0,-96.95,303.64,209.23,1218.01:00:00,True,539 1055
EMR,long,7,2021-12-01T21:00:00Z,79.034888229,2023-01-03T21:00:00Z,89.52792121,73.45,1.0,-79.37,86.82,160.9,398.00:00:00,True,897 1056
AVGO,long,11,2021-01-04T21:00:00Z,38.043434133,2023-01-03T21:00:00Z,52.628863456,160.44,1.0,-3.91,264.82,240.26,729.00:00:00,True,769 1057
GILD,long,7,2022-04-01T20:00:00Z,51.086482434,2023-01-03T21:00:00Z,75.480481961,170.76,1.0,-7.36,191.45,39.37,277.01:00:00,True,949 1058
PM,long,5,2021-01-04T21:00:00Z,63.68852545,2023-01-03T21:00:00Z,86.74518561,115.28,1.0,-9.53,141.75,109.25,729.00:00:00,True,772 1059
GILD,long,89,2022-04-01T20:00:00Z,51.086482434,2023-02-01T21:00:00Z,74.2517916,2061.71,1.0,-93.63,2434.15,500.52,306.01:00:00,True,949 1065
GILD,long,17,2022-08-01T20:00:00Z,51.66416464,2023-02-01T21:00:00Z,74.2517916,383.99,1.0,-27.7,455.13,86.02,184.01:00:00,True,1003 1065
INTC,long,22,2018-02-01T21:00:00Z,40.004619445,2023-02-01T21:00:00Z,28.031555646,-263.41,1.585,-355.98,485.77,841.75,1826.00:00:00,False,302 1066
INTC,long,10,2018-07-02T20:00:00Z,42.67629006,2023-02-01T21:00:00Z,28.031555646,-146.45,1.0,-188.53,194.09,382.61,1675.01:00:00,False,369 1066
INTC,long,13,2018-08-01T20:00:00Z,41.494615893,2023-02-01T21:00:00Z,28.031555646,-175.02,1.0,-229.72,267.68,497.4,1645.01:00:00,False,386 1066
INTC,long,16,2019-02-01T21:00:00Z,41.94083894,2023-02-01T21:00:00Z,28.031555646,-222.55,1.0,-289.87,322.31,612.18,1461.00:00:00,False,466 1066
INTC,long,10,2019-05-01T20:00:00Z,43.96493646,2023-02-01T21:00:00Z,28.031555646,-159.33,1.0,-201.41,181.2,382.61,1372.01:00:00,False,497 1066
INTC,long,5,2020-05-01T20:00:00Z,50.946827421,2023-02-01T21:00:00Z,28.031555646,-114.58,1.0,-135.62,55.69,191.31,1006.01:00:00,False,669 1066
INTC,long,33,2020-08-03T20:00:00Z,43.05954177,2023-02-01T21:00:00Z,28.031555646,-495.92,1.0,-634.78,627.84,1262.62,912.01:00:00,False,696 1066
INTC,long,17,2020-11-02T21:00:00Z,39.90420603,2023-02-01T21:00:00Z,28.031555646,-201.84,1.0,-273.37,377.07,650.44,821.00:00:00,False,734 1066
INTC,long,21,2021-05-03T20:00:00Z,52.080163058,2023-02-01T21:00:00Z,28.031555646,-505.02,1.0,-593.38,210.1,617.98,639.01:00:00,False,821 1066
INTC,long,6,2021-06-01T20:00:00Z,52.061870858,2023-02-01T21:00:00Z,28.031555646,-144.18,1.0,-169.43,60.14,176.57,610.01:00:00,False,835 1066
INTC,long,11,2021-08-02T20:00:00Z,49.124296496,2023-02-01T21:00:00Z,28.031555646,-232.02,1.0,-278.31,142.57,308.34,548.01:00:00,False,850 1066
INTC,long,18,2021-11-01T20:00:00Z,45.63903832,2023-02-01T21:00:00Z,28.031555646,-316.93,1.0,-392.68,296.03,504.56,457.01:00:00,False,885 1066
INTC,long,17,2022-07-01T20:00:00Z,34.229325558,2023-02-01T21:00:00Z,28.031555646,-105.36,1.0,-176.89,473.55,245.27,215.01:00:00,False,991 1066
INTC,long,25,2022-08-01T20:00:00Z,34.813315152,2023-02-01T21:00:00Z,28.031555646,-169.54,1.0,-274.74,681.79,274.74,184.01:00:00,False,1004 1066
INTC,long,22,2022-09-01T20:00:00Z,30.217346928,2023-02-01T21:00:00Z,28.031555646,-48.09,1.0,-140.66,701.09,140.66,153.01:00:00,False,1014 1066
INTC,long,36,2022-10-03T20:00:00Z,25.660007766,2023-02-01T21:00:00Z,28.031555646,85.38,1.0,-66.11,1311.3,179.47,121.01:00:00,True,1027 1066
INTC,long,35,2023-01-03T21:00:00Z,25.775145594,2023-02-01T21:00:00Z,28.031555646,78.97,1.0,-68.3,1270.85,78.97,29.00:00:00,True,1061 1066
LOW,long,30,2021-07-01T20:00:00Z,177.008375462,2023-02-01T21:00:00Z,199.186963524,665.36,1.0,-579.94,1832.05,2411.99,580.01:00:00,True,843 1067
LOW,long,2,2022-02-01T21:00:00Z,217.812790083,2023-02-01T21:00:00Z,199.186963524,-37.25,1.0,-120.27,40.53,121.68,365.00:00:00,False,927 1067
LOW,long,2,2022-03-01T21:00:00Z,202.44862995,2023-02-01T21:00:00Z,199.186963524,-6.52,1.0,-89.54,71.26,115.54,337.00:00:00,False,941 1067
LOW,long,5,2022-04-01T20:00:00Z,185.009714106,2023-02-01T21:00:00Z,199.186963524,70.89,1.0,-136.66,265.34,172.21,306.01:00:00,True,951 1067
LOW,long,1,2022-06-01T20:00:00Z,176.003266446,2023-02-01T21:00:00Z,199.186963524,23.18,1.0,-18.33,62.07,34.44,245.01:00:00,True,980 1067
LOW,long,3,2022-11-01T20:00:00Z,179.59953536,2023-02-01T21:00:00Z,199.186963524,58.76,1.0,-65.77,175.43,46.04,92.01:00:00,True,1043 1067
NOC,long,8,2021-01-04T21:00:00Z,268.178631628,2023-02-01T21:00:00Z,415.860175281,1181.45,1.0,-59.32,1967.73,823.41,758.00:00:00,True,774 1068
NOC,long,1,2021-02-01T21:00:00Z,265.949571893,2023-02-01T21:00:00Z,415.860175281,149.91,1.0,-5.19,248.19,102.93,730.00:00:00,True,788 1068
NOC,long,1,2021-03-01T21:00:00Z,268.284448098,2023-02-01T21:00:00Z,415.860175281,147.58,1.0,-7.52,245.86,102.93,702.00:00:00,True,806 1068
NOC,long,1,2021-08-02T20:00:00Z,332.206100048,2023-02-01T21:00:00Z,415.860175281,83.65,1.0,-71.44,181.94,102.93,548.01:00:00,True,853 1068
NOC,long,1,2021-11-01T20:00:00Z,327.18915862,2023-02-01T21:00:00Z,415.860175281,88.67,1.0,-66.43,186.96,102.93,457.01:00:00,True,888 1068
NOC,long,1,2022-04-01T20:00:00Z,422.847187644,2023-02-01T21:00:00Z,415.860175281,-6.99,1.0,-162.08,91.3,102.93,306.01:00:00,False,955 1068
NOC,long,2,2022-08-01T20:00:00Z,443.866239525,2023-02-01T21:00:00Z,415.860175281,-56.01,1.0,-366.21,140.56,205.85,184.01:00:00,False,1002 1068
NOC,long,1,2022-12-01T21:00:00Z,498.27300877,2023-02-01T21:00:00Z,415.860175281,-82.41,1.0,-237.51,15.87,101.44,62.00:00:00,False,1050 1068
PM,long,57,2021-01-04T21:00:00Z,63.68852545,2023-02-01T21:00:00Z,90.247533183,1513.86,1.0,-108.68,1615.95,1245.45,758.00:00:00,True,772 1069
PM,long,7,2021-11-01T20:00:00Z,75.806322282,2023-02-01T21:00:00Z,90.247533183,101.09,1.0,-98.17,113.63,152.95,457.01:00:00,True,887 1069
PM,long,8,2021-12-01T21:00:00Z,70.491278277,2023-02-01T21:00:00Z,90.247533183,158.05,1.0,-69.68,172.38,174.8,427.00:00:00,True,899 1069
PM,long,8,2022-04-01T20:00:00Z,80.67914691,2023-02-01T21:00:00Z,90.247533183,76.55,1.0,-151.18,90.88,162.55,306.01:00:00,True,952 1069
PM,long,9,2022-08-01T20:00:00Z,82.09632556,2023-02-01T21:00:00Z,90.247533183,73.36,1.0,-182.83,89.48,131.48,184.01:00:00,True,1005 1069
PM,long,4,2022-10-03T20:00:00Z,71.896572308,2023-02-01T21:00:00Z,90.247533183,73.4,1.0,-40.46,80.57,14.49,121.01:00:00,True,1032 1069
MU,long,22,2021-12-01T21:00:00Z,83.149000545,2023-02-01T21:00:00Z,61.66725374,-472.6,1.0,-774.57,264.54,1039.11,427.00:00:00,False,895 1070
NFLX,long,7,2022-01-03T21:00:00Z,59.737,2023-02-01T21:00:00Z,36.199,-164.77,1.0,-301.7,66.02,301.7,394.00:00:00,False,914 1071
NFLX,long,22,2022-02-01T21:00:00Z,45.713,2023-02-01T21:00:00Z,36.199,-209.31,1.0,-639.67,516.03,639.67,365.00:00:00,False,925 1071
FCX,long,24,2022-08-01T20:00:00Z,28.490917384,2023-02-01T21:00:00Z,42.8514762775,344.65,1.0,-79.49,386.75,153.84,184.01:00:00,True,1000 1072
F,long,85,2022-03-01T21:00:00Z,12.64980244,2023-02-01T21:00:00Z,10.73871564,-162.44,1.0,-357.75,89.82,447.56,337.00:00:00,False,933 1073
TGT,long,5,2020-06-01T20:00:00Z,100.301853687,2023-02-01T21:00:00Z,155.273146948,274.86,1.0,-10.87,642.3,540.5,975.01:00:00,True,676 1074
T,long,23,2022-01-03T21:00:00Z,14.675303257431102,2023-02-01T21:00:00Z,16.702835694,46.63,1.0,-63.21,51.01,113.46,394.00:00:00,True,910 1075
CVS,long,39,2020-03-02T21:00:00Z,51.920639997,2023-03-01T21:00:00Z,72.354378246,796.92,1.0,-370.95,1677.84,880.93,1094.00:00:00,True,623 1086
CVS,long,12,2020-05-01T20:00:00Z,48.822735353,2023-03-01T21:00:00Z,72.354378246,282.38,1.0,-76.96,553.43,271.06,1034.01:00:00,True,663 1086
CVS,long,8,2020-09-01T20:00:00Z,49.673752084,2023-03-01T21:00:00Z,72.354378246,181.45,1.0,-58.12,362.15,180.7,911.01:00:00,True,712 1086
CVS,long,10,2021-03-01T21:00:00Z,57.958394032,2023-03-01T21:00:00Z,72.354378246,143.96,1.0,-155.49,369.84,225.88,730.00:00:00,True,805 1086
CVS,long,6,2021-08-02T20:00:00Z,69.81536211,2023-03-01T21:00:00Z,72.354378246,15.23,1.0,-164.44,150.76,135.53,576.01:00:00,True,852 1086
CVS,long,4,2022-04-01T20:00:00Z,86.59854632,2023-03-01T21:00:00Z,72.354378246,-56.98,1.0,-176.76,33.38,79.3,334.01:00:00,False,956 1086
CVS,long,4,2022-08-01T20:00:00Z,83.162480308,2023-03-01T21:00:00Z,72.354378246,-43.23,1.0,-163.01,47.12,79.3,212.01:00:00,False,1008 1086
CVS,long,11,2022-11-01T20:00:00Z,82.444648494,2023-03-01T21:00:00Z,72.354378246,-110.99,1.0,-440.39,137.47,198.88,120.01:00:00,False,1040 1086
CVS,long,5,2023-01-03T21:00:00Z,80.954684967,2023-03-01T21:00:00Z,72.354378246,-43.0,1.0,-192.73,69.94,43.0,57.00:00:00,False,1064 1086
CVS,long,10,2023-02-01T21:00:00Z,76.758634082,2023-03-01T21:00:00Z,72.354378246,-44.04,1.0,-343.5,181.84,66.68,28.00:00:00,False,1083 1086
REGN,long,7,2021-03-01T21:00:00Z,458.72113077,2023-03-01T21:00:00Z,763.237464616,2131.61,1.0,-113.17,2219.61,1320.96,730.00:00:00,True,802 1087
REGN,long,1,2021-04-01T20:00:00Z,470.490069402,2023-03-01T21:00:00Z,763.237464616,292.75,1.0,-27.94,305.32,188.71,699.01:00:00,True,814 1087
REGN,long,1,2021-10-01T20:00:00Z,565.453912606,2023-03-01T21:00:00Z,763.237464616,197.78,1.0,-122.9,210.35,188.71,516.01:00:00,True,874 1087
REGN,long,1,2022-08-01T20:00:00Z,571.288849352,2023-03-01T21:00:00Z,763.237464616,191.95,1.0,-128.74,204.52,85.1,212.01:00:00,True,1006 1087
REGN,long,1,2022-12-01T21:00:00Z,754.123471736,2023-03-01T21:00:00Z,763.237464616,9.11,1.0,-311.57,21.69,85.1,90.00:00:00,True,1049 1087
DUK,long,69,2022-01-03T21:00:00Z,85.944574474,2023-03-01T21:00:00Z,80.156270856,-399.39,1.0,-861.65,751.16,1612.81,422.00:00:00,False,911 1088
DUK,long,5,2022-08-01T20:00:00Z,92.9715475,2023-03-01T21:00:00Z,80.156270856,-64.08,1.0,-97.57,19.3,116.34,212.01:00:00,False,1007 1088
DUK,long,5,2022-10-03T20:00:00Z,81.426071835,2023-03-01T21:00:00Z,80.156270856,-6.35,1.0,-39.85,77.02,55.06,149.01:00:00,False,1029 1088
DUK,long,11,2022-11-01T20:00:00Z,80.059432635,2023-03-01T21:00:00Z,80.156270856,1.07,1.0,-72.63,184.49,121.13,120.01:00:00,True,1041 1088
DUK,long,5,2023-02-01T21:00:00Z,88.50118326,2023-03-01T21:00:00Z,80.156270856,-41.72,1.0,-75.22,41.65,41.72,28.00:00:00,False,1084 1088
F,long,294,2022-03-01T21:00:00Z,12.64980244,2023-03-01T21:00:00Z,9.702696474,-866.45,4.035,-1237.38,310.66,1548.05,365.00:00:00,False,933 1089
F,long,37,2022-04-01T20:00:00Z,12.61192878,2023-03-01T21:00:00Z,9.702696474,-107.64,1.0,-154.32,40.5,154.32,334.01:00:00,False,954 1089
F,long,65,2022-05-02T20:00:00Z,10.888684212,2023-03-01T21:00:00Z,9.702696474,-77.09,1.0,-159.1,183.16,268.84,303.01:00:00,False,966 1089
F,long,38,2022-06-01T20:00:00Z,10.332049795,2023-03-01T21:00:00Z,9.702696474,-23.92,1.0,-71.86,128.23,157.17,273.01:00:00,False,978 1089
F,long,75,2022-07-01T20:00:00Z,8.6278334635,2023-03-01T21:00:00Z,9.702696474,80.61,1.0,-14.01,380.9,310.2,243.01:00:00,True,990 1089
F,long,165,2022-10-03T20:00:00Z,8.829400577,2023-03-01T21:00:00Z,9.702696474,144.09,1.0,-64.08,804.72,439.11,149.01:00:00,True,1026 1089
F,long,133,2023-01-03T21:00:00Z,9.085109065,2023-03-01T21:00:00Z,9.702696474,82.14,1.0,-85.66,614.64,240.26,57.00:00:00,True,1060 1089
T,long,334,2022-01-03T21:00:00Z,14.675303257431102,2023-03-01T21:00:00Z,15.437093316,254.44,2.515,-917.9,740.75,1647.6,422.00:00:00,True,910 1090
T,long,29,2022-03-01T21:00:00Z,13.854767733289613,2023-03-01T21:00:00Z,15.437093316,45.89,1.0,-55.9,88.11,143.05,365.00:00:00,True,940 1090
T,long,86,2022-08-01T20:00:00Z,15.000734736,2023-03-01T21:00:00Z,15.437093316,37.53,1.0,-264.33,162.74,264.33,212.01:00:00,True,1001 1090
T,long,23,2022-09-01T20:00:00Z,14.02312275,2023-03-01T21:00:00Z,15.437093316,32.52,1.0,-48.21,66.01,48.21,181.01:00:00,True,1018 1090
T,long,31,2022-10-03T20:00:00Z,12.74100867,2023-03-01T21:00:00Z,15.437093316,83.58,1.0,-25.23,128.72,45.14,149.01:00:00,True,1030 1090
FISV,long,10,2021-12-01T21:00:00Z,95.55,2023-03-01T21:00:00Z,115.81,202.6,1.0,-71.7,221.9,210.9,455.00:00:00,True,896 1091
AVGO,long,7,2021-01-04T21:00:00Z,38.043434133,2023-03-01T21:00:00Z,56.440909304,128.78,1.0,-2.49,168.52,152.89,786.00:00:00,True,769 1092
TGT,long,15,2020-06-01T20:00:00Z,100.301853687,2023-04-03T20:00:00Z,146.51441676,693.19,1.0,-32.61,1926.9,1621.49,1036.00:00:00,True,676 1104
TGT,long,2,2021-01-04T21:00:00Z,150.461882286,2023-04-03T20:00:00Z,146.51441676,-7.89,1.0,-104.67,156.6,216.2,818.23:00:00,False,778 1104
TGT,long,2,2021-09-01T20:00:00Z,210.833566563,2023-04-03T20:00:00Z,146.51441676,-128.64,1.0,-225.41,35.86,216.2,579.00:00:00,False,864 1104
TGT,long,2,2021-10-01T20:00:00Z,195.45556116,2023-04-03T20:00:00Z,146.51441676,-97.88,1.0,-194.66,66.61,216.2,549.00:00:00,False,876 1104
TGT,long,6,2022-01-03T21:00:00Z,199.163074184,2023-04-03T20:00:00Z,146.51441676,-315.89,1.0,-606.21,177.59,566.06,454.23:00:00,False,913 1104
TGT,long,4,2022-03-01T21:00:00Z,189.32376965,2023-04-03T20:00:00Z,146.51441676,-171.24,1.0,-364.78,157.75,377.37,397.23:00:00,False,936 1104
TGT,long,16,2022-06-01T20:00:00Z,135.56597538,2023-04-03T20:00:00Z,146.51441676,175.18,1.0,-599.01,1491.13,528.18,306.00:00:00,True,976 1104
TGT,long,2,2022-07-01T20:00:00Z,123.295327848,2023-04-03T20:00:00Z,146.51441676,46.44,1.0,-50.34,210.93,66.02,276.00:00:00,True,993 1104
TGT,long,3,2022-12-01T21:00:00Z,144.750909748,2023-04-03T20:00:00Z,146.51441676,5.29,1.0,-139.87,252.03,63.03,122.23:00:00,True,1052 1104
TGT,long,4,2023-01-03T21:00:00Z,133.01861527,2023-04-03T20:00:00Z,146.51441676,53.98,1.0,-139.56,382.97,84.04,89.23:00:00,True,1063 1104
MPC,long,6,2023-02-01T21:00:00Z,113.870797959,2023-04-03T20:00:00Z,126.339870528,74.81,2.0,-36.45,74.81,60.41,60.23:00:00,True,1079 1105
AVGO,long,10,2021-01-04T21:00:00Z,38.043434133,2023-04-03T20:00:00Z,61.5303734273,234.87,1.0,-3.55,240.74,218.42,818.23:00:00,True,769 1106
HCA,long,2,2019-09-03T20:00:00Z,113.125111056,2023-04-03T20:00:00Z,257.053620512,287.86,1.0,-96.95,303.64,209.23,1308.00:00:00,True,539 1107
OXY,long,8,2023-02-01T21:00:00Z,59.5862791,2023-04-03T20:00:00Z,61.340389596,14.03,2.0,-49.06,21.32,70.38,60.23:00:00,True,1078 1108
NFLX,long,13,2022-02-01T21:00:00Z,45.713,2023-04-03T20:00:00Z,34.828,-141.5,1.0,-377.99,304.93,377.99,425.23:00:00,False,925 1109
HCA,long,1,2019-09-03T20:00:00Z,113.125111056,2023-05-01T20:00:00Z,276.369619782,163.24,1.0,-48.47,166.48,104.62,1336.00:00:00,True,539 1114
HCA,long,3,2019-10-01T20:00:00Z,110.371482144,2023-05-01T20:00:00Z,276.369619782,497.99,1.0,-137.16,507.69,313.85,1308.00:00:00,True,553 1114
HCA,long,7,2020-04-01T20:00:00Z,79.453975884,2023-05-01T20:00:00Z,276.369619782,1378.41,1.0,-103.62,1401.02,732.32,1125.00:00:00,True,651 1114
HCA,long,3,2020-06-01T20:00:00Z,103.272138964,2023-05-01T20:00:00Z,276.369619782,519.29,1.0,-115.86,528.98,313.85,1064.00:00:00,True,679 1114
HCA,long,5,2020-07-01T20:00:00Z,93.071132864,2023-05-01T20:00:00Z,276.369619782,916.49,1.0,-142.1,932.65,523.09,1034.00:00:00,True,689 1114
HCA,long,3,2021-12-01T21:00:00Z,216.353718042,2023-05-01T20:00:00Z,276.369619782,180.05,1.0,-455.11,189.74,313.85,515.23:00:00,True,898 1114
HCA,long,2,2022-05-02T20:00:00Z,202.995247044,2023-05-01T20:00:00Z,276.369619782,146.75,1.0,-276.69,153.21,117.16,364.00:00:00,True,967 1114
HCA,long,1,2022-06-01T20:00:00Z,199.26888519,2023-05-01T20:00:00Z,276.369619782,77.1,1.0,-134.62,80.33,43.01,334.00:00:00,True,979 1114
HCA,long,5,2022-07-01T20:00:00Z,169.090681578,2023-05-01T20:00:00Z,276.369619782,536.39,1.0,-522.2,552.55,183.89,304.00:00:00,True,989 1114
HCA,long,2,2022-09-01T20:00:00Z,192.649014285,2023-05-01T20:00:00Z,276.369619782,167.44,1.0,-256.0,173.9,73.55,242.00:00:00,True,1016 1114
MU,long,13,2021-12-01T21:00:00Z,83.149000545,2023-05-01T20:00:00Z,61.545105145,-280.85,1.0,-457.7,156.32,614.02,515.23:00:00,False,895 1115
FISV,long,6,2021-12-01T21:00:00Z,95.55,2023-05-01T20:00:00Z,121.44,155.34,1.0,-43.02,159.42,126.54,515.23:00:00,True,896 1116
EPD,long,32,2023-02-01T21:00:00Z,20.152767768,2023-05-01T20:00:00Z,21.02621091,27.95,3.11,-19.09,33.4,46.71,88.23:00:00,True,1076 1117
XOM,long,6,2023-03-01T21:00:00Z,98.83521054,2023-05-01T20:00:00Z,102.1721909175,20.02,2.0,-59.13,39.19,74.47,60.23:00:00,True,1093 1118
EOG,long,5,2023-03-01T21:00:00Z,103.728299989,2023-05-01T20:00:00Z,105.960575416,11.16,2.0,-68.53,24.42,85.05,60.23:00:00,True,1097 1119
VLO,long,68,2023-03-01T21:00:00Z,126.08321865,2023-05-02T20:00:00Z,103.3540233,-1545.59,2.0,-1754.86,115.72,1870.58,61.23:00:00,False,1094 1128
VLO,long,11,2023-05-01T20:00:00Z,104.46740085,2023-05-02T20:00:00Z,103.3540233,-12.25,1.0,-46.1,256.49,46.1,1.00:00:00,False,1121 1128
PSX,long,89,2023-03-01T21:00:00Z,95.189677128,2023-06-01T20:00:00Z,83.50485656,-1039.95,2.0,-1212.64,0.0,1212.64,91.23:00:00,False,1095 1130
PSX,long,4,2023-05-01T20:00:00Z,87.34300848,2023-06-01T20:00:00Z,83.50485656,-15.35,1.0,-23.11,31.39,23.11,31.00:00:00,False,1126 1130
AVGO,long,32,2021-01-04T21:00:00Z,38.043434133,2023-06-01T20:00:00Z,75.6547675205,1203.56,1.0,-11.37,1273.38,698.94,877.23:00:00,True,769 1131
NFLX,long,16,2022-02-01T21:00:00Z,45.713,2023-06-01T20:00:00Z,40.313,-86.4,1.0,-465.22,375.3,465.22,484.23:00:00,False,925 1132
NFLX,long,11,2022-03-01T21:00:00Z,38.624,2023-06-01T20:00:00Z,40.313,18.58,1.0,-241.86,336.0,248.0,456.23:00:00,True,939 1132
NFLX,long,16,2022-04-01T20:00:00Z,37.347,2023-06-01T20:00:00Z,40.313,47.46,1.0,-331.36,509.15,360.21,426.00:00:00,True,953 1132
NFLX,long,6,2022-05-02T20:00:00Z,19.946,2023-06-01T20:00:00Z,40.313,122.2,1.0,-19.85,295.34,45.12,395.00:00:00,True,965 1132
MU,long,12,2021-12-01T21:00:00Z,83.149000545,2023-06-01T20:00:00Z,68.198096463,-179.41,1.0,-422.49,144.29,566.79,546.23:00:00,False,895 1133
DE,long,2,2022-01-03T21:00:00Z,329.813878223,2023-07-03T17:00:00Z,390.204791095,120.78,1.0,-111.48,187.92,280.02,545.20:00:00,True,912 1144
FCX,long,19,2022-08-01T20:00:00Z,28.490917384,2023-07-03T17:00:00Z,39.117701979,201.91,1.0,-62.93,306.18,241.91,335.21:00:00,True,1000 1145
CI,long,2,2023-06-01T20:00:00Z,236.899556173,2023-07-03T17:00:00Z,263.168752077,52.54,2.0,0.0,53.35,15.93,31.21:00:00,True,1134 1146
EMR,long,6,2021-12-01T21:00:00Z,79.034888229,2023-07-03T17:00:00Z,85.685019036,39.9,1.0,-68.03,74.87,137.92,578.20:00:00,True,897 1147
MPC,long,9,2023-02-01T21:00:00Z,113.870797959,2023-08-01T20:00:00Z,126.545760432,114.07,1.0,-144.13,114.07,256.35,180.23:00:00,True,1079 1153
COP,long,8,2023-02-01T21:00:00Z,104.43629284,2023-08-01T20:00:00Z,106.44241422,16.05,2.0,-162.48,18.52,162.48,180.23:00:00,True,1080 1154
EOG,long,7,2023-03-01T21:00:00Z,103.728299989,2023-08-01T20:00:00Z,118.466846425,103.17,1.0,-95.94,108.08,119.07,152.23:00:00,True,1097 1155
MU,long,9,2021-12-01T21:00:00Z,83.149000545,2023-08-01T20:00:00Z,69.977967556,-118.54,1.0,-316.87,108.22,425.09,607.23:00:00,False,895 1156
MMM,long,8,2021-01-04T21:00:00Z,98.54008359818872,2023-08-01T20:00:00Z,70.12631283763068,-227.31,1.0,-314.69,171.57,486.26,938.23:00:00,False,770 1157
FCX,long,13,2022-08-01T20:00:00Z,28.490917384,2023-08-01T20:00:00Z,42.122503548,177.21,1.0,-43.05,209.49,165.52,365.00:00:00,True,1000 1158
QCOM,long,4,2023-05-01T20:00:00Z,107.201834368,2023-08-01T20:00:00Z,123.079646144,63.51,2.0,-47.46,63.85,48.46,92.00:00:00,True,1120 1159
EMR,long,9,2021-12-01T21:00:00Z,79.034888229,2023-09-01T20:00:00Z,93.835106428,133.2,1.0,-102.04,133.2,206.88,638.23:00:00,True,897 1166
MPC,long,5,2023-02-01T21:00:00Z,113.870797959,2023-09-01T20:00:00Z,137.574875324,118.52,1.0,-80.07,132.82,142.42,211.23:00:00,True,1079 1167
XOM,long,5,2023-03-01T21:00:00Z,98.83521054,2023-09-01T20:00:00Z,102.866068536,20.15,1.0,-49.28,32.66,73.26,183.23:00:00,True,1093 1168
MCK,long,2,2023-06-01T20:00:00Z,383.537628019,2023-10-02T20:00:00Z,431.65764763,96.24,2.0,-9.24,114.0,63.72,123.00:00:00,True,1135 1174
MPC,long,6,2023-02-01T21:00:00Z,113.870797959,2023-10-02T20:00:00Z,141.401636038,165.19,1.0,-96.09,200.93,170.9,242.23:00:00,True,1079 1175
XOM,long,7,2023-03-01T21:00:00Z,98.83521054,2023-10-02T20:00:00Z,104.778043559,41.6,1.0,-68.99,70.59,102.57,214.23:00:00,True,1093 1176
OXY,long,12,2023-02-01T21:00:00Z,59.5862791,2023-10-02T20:00:00Z,58.96822715,-7.42,1.0,-79.93,49.37,111.91,242.23:00:00,False,1078 1177
EPD,long,26,2023-02-01T21:00:00Z,20.152767768,2023-10-02T20:00:00Z,22.15712272,52.11,1.0,-15.51,56.77,37.95,242.23:00:00,True,1076 1178
COP,long,5,2023-02-01T21:00:00Z,104.43629284,2023-10-02T20:00:00Z,107.18597441,13.75,1.0,-101.55,44.77,101.55,242.23:00:00,True,1080 1179
CI,long,2,2023-06-01T20:00:00Z,236.899556173,2023-10-02T20:00:00Z,271.297641758,68.8,1.0,0.0,88.66,54.24,123.00:00:00,True,1134 1180
CVX,long,3,2023-03-01T21:00:00Z,140.234727936,2023-10-02T20:00:00Z,146.903002136,20.0,2.0,-26.81,32.02,52.71,214.23:00:00,True,1096 1181
AVGO,long,34,2021-01-04T21:00:00Z,38.043434133,2023-11-01T20:00:00Z,82.569880228,1513.9,1.0,-12.08,1727.68,742.63,1030.23:00:00,True,769 1189
AVGO,long,13,2021-04-01T20:00:00Z,42.91498365,2023-11-01T20:00:00Z,82.569880228,515.51,1.0,-67.95,597.25,283.94,944.00:00:00,True,813 1189
AVGO,long,8,2021-06-01T20:00:00Z,42.22610777,2023-11-01T20:00:00Z,82.569880228,322.75,1.0,-36.3,373.05,174.74,883.00:00:00,True,834 1189
AVGO,long,13,2022-02-01T21:00:00Z,54.603944732,2023-11-01T20:00:00Z,82.569880228,363.56,1.0,-219.9,445.3,249.85,637.23:00:00,True,926 1189
AVGO,long,7,2022-05-02T20:00:00Z,53.454917882,2023-11-01T20:00:00Z,82.569880228,203.8,1.0,-110.37,247.82,112.9,548.00:00:00,True,969 1189
AVGO,long,11,2022-09-01T20:00:00Z,46.0109203223,2023-11-01T20:00:00Z,82.569880228,402.15,1.0,-91.55,471.31,116.64,426.00:00:00,True,1015 1189
AVGO,long,16,2022-11-01T20:00:00Z,44.123147802,2023-11-01T20:00:00Z,82.569880228,615.15,1.0,-102.96,715.75,169.65,365.00:00:00,True,1042 1189
AVGO,long,6,2023-10-02T20:00:00Z,80.82833669,2023-11-01T20:00:00Z,82.569880228,10.45,1.0,-258.84,48.18,45.8,30.00:00:00,True,1184 1189
MU,long,25,2021-12-01T21:00:00Z,83.149000545,2023-11-01T20:00:00Z,68.74749426,-360.04,1.0,-880.19,300.61,1180.81,699.23:00:00,False,895 1190
MU,long,5,2022-02-01T21:00:00Z,79.620755175,2023-11-01T20:00:00Z,68.74749426,-54.37,1.0,-158.4,77.76,229.81,637.23:00:00,False,928 1190
MU,long,16,2022-04-01T20:00:00Z,74.46911147,2023-11-01T20:00:00Z,68.74749426,-91.55,1.0,-424.45,331.27,447.75,579.00:00:00,False,950 1190
MU,long,6,2022-05-02T20:00:00Z,69.10873738,2023-11-01T20:00:00Z,68.74749426,-2.17,1.0,-127.01,156.39,155.02,548.00:00:00,False,968 1190
MU,long,21,2022-07-01T20:00:00Z,52.516767145,2023-11-01T20:00:00Z,68.74749426,340.85,1.0,-96.09,895.79,332.84,488.00:00:00,True,988 1190
MU,long,6,2022-09-01T20:00:00Z,56.209298409,2023-11-01T20:00:00Z,68.74749426,75.23,1.0,-49.61,233.78,82.44,426.00:00:00,True,1017 1190
MU,long,6,2022-10-03T20:00:00Z,50.726660508,2023-11-01T20:00:00Z,68.74749426,108.13,1.0,-16.71,266.68,82.44,394.00:00:00,True,1031 1190
MU,long,6,2022-11-01T20:00:00Z,53.919880638,2023-11-01T20:00:00Z,68.74749426,88.97,1.0,-35.87,247.52,82.44,365.00:00:00,True,1045 1190
MU,long,17,2023-01-03T21:00:00Z,49.619481963,2023-11-01T20:00:00Z,68.74749426,325.18,1.0,-28.53,774.42,220.93,301.23:00:00,True,1062 1190
MU,long,19,2023-07-03T17:00:00Z,63.084966637,2023-11-01T20:00:00Z,68.74749426,107.59,1.0,-287.73,609.68,149.94,121.03:00:00,True,1148 1190
EMR,long,68,2021-12-01T21:00:00Z,79.034888229,2023-11-01T20:00:00Z,85.003678599,405.88,1.0,-770.98,1083.82,1563.06,699.23:00:00,True,897 1191
EMR,long,7,2022-10-03T20:00:00Z,69.99483522,2023-11-01T20:00:00Z,85.003678599,105.06,1.0,-16.09,174.85,127.57,394.00:00:00,True,1028 1191
EMR,long,10,2023-02-01T21:00:00Z,85.38095286,2023-11-01T20:00:00Z,85.003678599,-3.77,1.0,-176.84,95.92,120.93,272.23:00:00,False,1081 1191
EMR,long,5,2023-03-01T21:00:00Z,77.869721802,2023-11-01T20:00:00Z,85.003678599,35.67,1.0,-50.86,85.52,57.34,244.23:00:00,True,1101 1191
EMR,long,5,2023-08-01T20:00:00Z,86.477525268,2023-11-01T20:00:00Z,85.003678599,-7.37,1.0,-93.9,42.48,57.34,92.00:00:00,False,1165 1191
NFLX,long,23,2022-05-02T20:00:00Z,19.946,2023-11-01T20:00:00Z,42.019,507.68,1.0,-76.11,1132.13,302.22,548.00:00:00,True,965 1192
VZ,long,30,2023-04-03T20:00:00Z,30.996719068,2023-11-01T20:00:00Z,29.56696854,-42.89,2.345,-161.41,21.64,183.06,212.00:00:00,False,1110 1193
CI,long,3,2023-06-01T20:00:00Z,236.899556173,2023-11-01T20:00:00Z,291.932264507,165.1,1.0,0.0,172.8,81.35,153.00:00:00,True,1134 1194
MCK,long,1,2023-06-01T20:00:00Z,383.537628019,2023-11-01T20:00:00Z,453.535591135,70.0,1.0,-4.62,72.93,31.86,153.00:00:00,True,1135 1195
VLO,long,73,2023-11-01T20:00:00Z,117.620630328,2023-12-01T21:00:00Z,117.321978898,-21.8,2.0,-525.01,82.68,607.69,30.01:00:00,False,1196 1205
QCOM,long,72,2023-05-01T20:00:00Z,107.201834368,2023-12-01T21:00:00Z,122.463395245,1098.83,1.0,-854.21,1149.24,1787.92,214.01:00:00,True,1120 1206
QCOM,long,10,2023-09-01T20:00:00Z,108.2836417135,2023-12-01T21:00:00Z,122.463395245,141.8,1.0,-129.46,148.8,110.46,91.01:00:00,True,1169 1206
FISV,long,8,2021-12-01T21:00:00Z,95.55,2023-12-01T21:00:00Z,130.61,280.48,1.0,-57.36,280.48,168.72,730.00:00:00,True,896 1207
NFLX,long,20,2022-05-02T20:00:00Z,19.946,2023-12-01T21:00:00Z,46.574,532.56,1.0,-66.18,984.46,262.8,578.01:00:00,True,965 1208
PSX,long,7,2023-11-01T20:00:00Z,105.15617944,2023-12-01T21:00:00Z,118.5622719,93.84,2.0,-34.62,93.84,47.49,30.01:00:00,True,1198 1209
FCX,long,15,2022-08-01T20:00:00Z,28.490917384,2023-12-01T21:00:00Z,37.942109532,141.77,1.0,-49.68,241.72,190.98,487.01:00:00,True,1000 1210
MMM,long,7,2021-01-04T21:00:00Z,98.54008359818872,2023-12-01T21:00:00Z,65.29183975757319,-232.74,1.0,-304.03,150.13,454.16,1061.00:00:00,False,770 1211
VZ,long,14,2023-04-03T20:00:00Z,30.996719068,2023-12-01T21:00:00Z,32.222984358,17.17,1.0,-75.33,17.17,85.43,242.01:00:00,True,1110 1212
FCX,long,24,2022-08-01T20:00:00Z,28.490917384,2024-01-02T21:00:00Z,40.697843787,292.97,1.0,-79.49,386.75,305.57,519.01:00:00,True,1000 1223
NXPI,long,4,2023-12-01T21:00:00Z,195.041366544,2024-01-02T21:00:00Z,210.708409844,62.67,2.0,0.0,107.44,44.77,32.00:00:00,True,1214 1224
CI,long,3,2023-06-01T20:00:00Z,236.899556173,2024-01-02T21:00:00Z,293.95855076,171.18,1.0,0.0,191.93,170.37,215.01:00:00,True,1134 1225
DE,long,2,2022-01-03T21:00:00Z,329.813878223,2024-01-02T21:00:00Z,387.490058933,115.35,1.0,-111.48,196.97,280.02,729.00:00:00,True,912 1226
MMM,long,10,2021-01-04T21:00:00Z,98.54008359818872,2024-01-02T21:00:00Z,71.928917108994,-266.11,1.0,-434.33,214.47,648.8,1093.00:00:00,False,770 1227
NXPI,long,41,2023-12-01T21:00:00Z,195.041366544,2024-02-01T21:00:00Z,202.925211958,323.24,1.0,0.0,1101.29,1072.17,62.00:00:00,True,1214 1236
NFLX,long,24,2022-05-02T20:00:00Z,19.946,2024-02-01T21:00:00Z,56.751,883.32,1.0,-79.42,1181.35,315.36,640.01:00:00,True,965 1237
VZ,long,33,2023-04-03T20:00:00Z,30.996719068,2024-02-01T21:00:00Z,36.087164904,167.98,1.0,-177.55,167.98,201.36,304.01:00:00,True,1110 1238
MPC,long,7,2023-02-01T21:00:00Z,113.870797959,2024-02-01T21:00:00Z,158.775099989,314.33,1.0,-112.1,329.99,199.38,365.00:00:00,True,1079 1239
PSX,long,5,2023-11-01T20:00:00Z,105.15617944,2024-02-01T21:00:00Z,133.05118485,139.48,1.0,-24.73,139.48,36.93,92.01:00:00,True,1198 1240
FISV,long,3,2021-12-01T21:00:00Z,95.55,2024-02-01T21:00:00Z,143.94,145.17,1.0,-21.51,145.5,63.27,792.00:00:00,True,896 1241
FCX,long,116,2022-08-01T20:00:00Z,28.490917384,2024-03-01T21:00:00Z,36.80913057,964.91,1.2,-384.18,1869.31,1476.91,578.01:00:00,True,1000 1250
FCX,long,11,2022-09-01T20:00:00Z,26.685288864,2024-03-01T21:00:00Z,36.80913057,111.36,1.0,-16.57,197.12,140.05,547.01:00:00,True,1019 1250
FCX,long,9,2023-03-01T21:00:00Z,41.1068261,2024-03-01T21:00:00Z,36.80913057,-38.68,1.0,-143.35,31.49,97.9,366.00:00:00,False,1102 1250
FCX,long,18,2023-05-01T20:00:00Z,36.095362974,2024-03-01T21:00:00Z,36.80913057,12.85,1.0,-196.49,153.19,195.8,305.01:00:00,True,1123 1250
FCX,long,15,2023-06-01T20:00:00Z,34.032496669,2024-03-01T21:00:00Z,36.80913057,41.65,1.0,-132.8,158.6,163.16,274.01:00:00,True,1139 1250
FCX,long,23,2023-09-01T20:00:00Z,39.955708098,2024-03-01T21:00:00Z,36.80913057,-72.37,1.0,-339.86,106.95,179.75,182.01:00:00,False,1170 1250
FCX,long,10,2023-10-02T20:00:00Z,35.285060128,2024-03-01T21:00:00Z,36.80913057,15.24,1.0,-101.06,93.21,61.94,151.01:00:00,True,1187 1250
FCX,long,20,2023-11-01T20:00:00Z,32.595018153,2024-03-01T21:00:00Z,36.80913057,84.28,1.0,-148.32,240.21,123.89,121.01:00:00,True,1201 1250
FCX,long,18,2024-02-01T21:00:00Z,38.99264082,2024-03-01T21:00:00Z,36.80913057,-39.3,1.0,-248.65,101.03,61.49,29.00:00:00,False,1244 1250
CI,long,24,2023-06-01T20:00:00Z,236.899556173,2024-03-01T21:00:00Z,315.628632896,1889.5,1.0,0.0,2146.13,1362.95,274.01:00:00,True,1134 1251
CI,long,2,2023-09-01T20:00:00Z,259.881138727,2024-03-01T21:00:00Z,315.628632896,111.49,1.0,-45.96,132.88,113.58,182.01:00:00,True,1171 1251
CI,long,6,2023-12-01T21:00:00Z,253.823786554,2024-03-01T21:00:00Z,315.628632896,370.83,1.0,-101.55,434.99,89.92,91.00:00:00,True,1215 1251
MMM,long,39,2021-01-04T21:00:00Z,98.54008359818872,2024-03-01T21:00:00Z,61.064894977547006,-1461.53,1.0,-1693.91,836.43,2530.33,1152.00:00:00,False,770 1252
MMM,long,4,2021-09-01T20:00:00Z,113.49785026071113,2024-03-01T21:00:00Z,61.064894977547006,-209.73,1.0,-233.57,25.96,236.97,912.01:00:00,False,863 1252
MMM,long,4,2021-10-01T20:00:00Z,103.66954548964712,2024-03-01T21:00:00Z,61.064894977547006,-170.42,1.0,-194.25,65.27,210.73,882.01:00:00,False,875 1252
MMM,long,3,2021-12-01T21:00:00Z,100.99947662435402,2024-03-01T21:00:00Z,61.064894977547006,-119.8,1.0,-137.68,56.96,155.92,821.00:00:00,False,902 1252
MMM,long,3,2022-01-03T21:00:00Z,105.14025404247793,2024-03-01T21:00:00Z,61.064894977547006,-132.23,1.0,-150.1,44.54,155.92,788.00:00:00,False,916 1252
MMM,long,9,2022-03-01T21:00:00Z,86.44111777055709,2024-03-01T21:00:00Z,61.064894977547006,-228.39,1.0,-282.01,301.91,333.29,731.00:00:00,False,934 1252
MMM,long,11,2022-09-01T20:00:00Z,76.56957311661911,2024-03-01T21:00:00Z,61.064894977547006,-170.55,1.0,-236.09,477.59,285.37,547.01:00:00,False,1013 1252
MMM,long,4,2022-10-03T20:00:00Z,69.00586697654714,2024-03-01T21:00:00Z,61.064894977547006,-31.76,1.0,-55.6,203.92,103.77,515.01:00:00,False,1033 1252
MMM,long,6,2022-12-01T21:00:00Z,77.70046307969264,2024-03-01T21:00:00Z,61.064894977547006,-99.81,1.0,-135.56,253.72,148.51,456.00:00:00,False,1051 1252
MMM,long,11,2023-02-01T21:00:00Z,71.46025447429236,2024-03-01T21:00:00Z,61.064894977547006,-114.35,1.0,-179.89,533.79,209.87,394.00:00:00,False,1082 1252
MMM,long,7,2023-04-03T20:00:00Z,65.31509721823832,2024-03-01T21:00:00Z,61.064894977547006,-29.75,1.0,-71.46,382.7,114.64,333.01:00:00,False,1111 1252
MMM,long,8,2023-06-01T20:00:00Z,59.81921638673072,2024-03-01T21:00:00Z,61.064894977547006,9.97,1.0,-37.7,481.34,131.02,274.01:00:00,True,1140 1252
MMM,long,18,2023-10-02T20:00:00Z,58.08724478916743,2024-03-01T21:00:00Z,61.064894977547006,53.6,1.0,-53.65,1114.19,206.92,151.01:00:00,True,1183 1252
MMM,long,22,2024-02-01T21:00:00Z,62.715476726578316,2024-03-01T21:00:00Z,61.064894977547006,-36.31,1.0,-167.4,1259.97,50.21,29.00:00:00,False,1243 1252
PFE,long,238,2023-02-01T21:00:00Z,35.480517558,2024-03-01T21:00:00Z,22.554959523,-3076.28,3.2,-3247.36,71.04,3318.4,394.00:00:00,False,1077 1253
PFE,long,10,2023-03-01T21:00:00Z,32.422964999,2024-03-01T21:00:00Z,22.554959523,-98.68,1.0,-105.87,33.56,118.86,366.00:00:00,False,1103 1253
PFE,long,13,2023-05-01T20:00:00Z,31.608155478,2024-03-01T21:00:00Z,22.554959523,-117.69,1.0,-127.04,54.22,143.25,305.01:00:00,False,1124 1253
PFE,long,23,2023-07-03T17:00:00Z,29.870728371,2024-03-01T21:00:00Z,22.554959523,-168.26,1.0,-184.79,135.89,201.3,242.04:00:00,False,1149 1253
PFE,long,17,2023-08-01T20:00:00Z,29.378969473,2024-03-01T21:00:00Z,22.554959523,-116.01,1.0,-128.23,108.8,147.85,213.01:00:00,False,1164 1253
PFE,long,16,2023-10-02T20:00:00Z,27.985467974,2024-03-01T21:00:00Z,22.554959523,-86.89,1.0,-98.39,124.7,98.39,151.01:00:00,False,1185 1253
PFE,long,22,2023-11-01T20:00:00Z,25.157237121,2024-03-01T21:00:00Z,22.554959523,-57.25,1.0,-73.06,233.68,86.67,121.01:00:00,False,1202 1253
PFE,long,41,2024-01-02T21:00:00Z,24.844590993,2024-03-01T21:00:00Z,22.554959523,-93.87,1.0,-123.35,448.31,94.92,59.00:00:00,False,1228 1253
PFE,long,22,2024-02-01T21:00:00Z,23.148734313,2024-03-01T21:00:00Z,22.554959523,-13.06,1.0,-28.88,277.87,22.39,29.00:00:00,False,1248 1253
MCK,long,1,2023-06-01T20:00:00Z,383.537628019,2024-03-01T21:00:00Z,520.273751084,136.74,1.0,-4.62,136.74,31.86,274.01:00:00,True,1135 1254
NFLX,long,8,2022-05-02T20:00:00Z,19.946,2024-03-01T21:00:00Z,61.934,335.9,1.0,-26.47,393.78,105.12,669.01:00:00,True,965 1255
MPC,long,5,2023-02-01T21:00:00Z,113.870797959,2024-04-01T20:00:00Z,194.672479948,404.01,1.0,-80.07,404.01,142.42,424.23:00:00,True,1079 1263
NEE,long,11,2024-03-01T21:00:00Z,51.381103685,2024-04-01T20:00:00Z,58.98450193,83.64,2.0,-2.46,89.06,12.08,30.23:00:00,True,1258 1264
XOM,long,6,2023-03-01T21:00:00Z,98.83521054,2024-04-01T20:00:00Z,107.946337248,54.67,1.0,-61.91,60.5,122.41,396.23:00:00,True,1093 1265
MCK,long,16,2023-06-01T20:00:00Z,383.537628019,2024-05-01T20:00:00Z,525.43810223,2270.41,1.0,-73.94,2463.53,509.72,335.00:00:00,True,1135 1269
MCK,long,2,2023-08-01T20:00:00Z,399.096704006,2024-05-01T20:00:00Z,525.43810223,252.68,1.0,-40.36,276.82,63.72,274.00:00:00,True,1161 1269
MCK,long,1,2024-04-01T20:00:00Z,530.770641057,2024-05-01T20:00:00Z,525.43810223,-5.33,1.0,-151.85,6.74,21.05,30.00:00:00,False,1267 1269
EOG,long,7,2023-03-01T21:00:00Z,103.728299989,2024-05-01T20:00:00Z,120.834566285,119.74,1.0,-95.94,165.78,153.88,426.23:00:00,True,1097 1270
OXY,long,13,2023-02-01T21:00:00Z,59.5862791,2024-05-01T20:00:00Z,61.41947077,23.83,1.0,-88.91,83.42,142.4,454.23:00:00,True,1078 1271
NEE,long,13,2024-03-01T21:00:00Z,51.381103685,2024-05-01T20:00:00Z,63.851793585,162.12,1.0,-2.9,162.12,44.52,60.23:00:00,True,1258 1272
COP,long,5,2023-02-01T21:00:00Z,104.43629284,2024-05-01T20:00:00Z,115.2028751,53.83,1.0,-101.55,96.36,101.55,454.23:00:00,True,1080 1273
NEE,long,23,2024-03-01T21:00:00Z,51.381103685,2024-06-03T20:00:00Z,72.789154128,492.39,1.0,-5.14,531.06,78.77,93.23:00:00,True,1258 1281
NFLX,long,23,2022-05-02T20:00:00Z,19.946,2024-06-03T20:00:00Z,63.379,998.96,1.0,-76.11,1132.13,302.22,763.00:00:00,True,965 1282
SO,long,17,2023-12-01T21:00:00Z,64.270568304,2024-06-03T20:00:00Z,73.674428414,159.87,2.0,-71.65,159.87,95.48,184.23:00:00,True,1213 1283
T,long,41,2024-03-01T21:00:00Z,15.016743534,2024-06-03T20:00:00Z,16.188070579,48.02,4.13,-22.36,55.76,45.21,93.23:00:00,True,1257 1284
DUK,long,7,2024-03-01T21:00:00Z,82.796102312,2024-06-03T20:00:00Z,95.176216593,86.66,2.0,0.0,92.91,28.39,93.23:00:00,True,1256 1285
MO,long,17,2023-11-01T20:00:00Z,31.94714397,2024-06-03T20:00:00Z,39.003011425,119.95,2.325,0.0,119.95,45.87,215.00:00:00,True,1197 1286
NFLX,long,8,2022-05-02T20:00:00Z,19.946,2024-07-01T20:00:00Z,67.361,379.32,1.0,-26.47,393.78,105.12,791.00:00:00,True,965 1293
T,long,31,2024-03-01T21:00:00Z,15.016743534,2024-07-01T20:00:00Z,17.059943342,63.34,1.0,-16.91,67.38,34.18,121.23:00:00,True,1257 1294
GILD,long,8,2024-05-01T20:00:00Z,60.760439837,2024-07-01T20:00:00Z,64.444222128,29.47,2.0,-15.43,45.17,33.17,61.00:00:00,True,1274 1295
EPD,long,18,2023-02-01T21:00:00Z,20.152767768,2024-07-01T20:00:00Z,24.961532206,86.56,1.0,-10.74,92.14,26.27,515.23:00:00,True,1076 1296
GILD,long,12,2024-05-01T20:00:00Z,60.760439837,2024-08-01T20:00:00Z,71.814372823,132.65,1.0,-23.15,150.22,49.75,92.00:00:00,True,1274 1299
MO,long,15,2023-11-01T20:00:00Z,31.94714397,2024-08-01T20:00:00Z,42.827839286,163.21,1.0,0.0,170.02,40.47,274.00:00:00,True,1197 1300
NEE,long,7,2024-03-01T21:00:00Z,51.381103685,2024-08-01T20:00:00Z,73.426094352,154.31,1.0,-1.56,161.63,62.98,152.23:00:00,True,1258 1301
NFLX,long,14,2022-05-02T20:00:00Z,19.946,2024-09-03T20:00:00Z,67.532,666.2,1.0,-46.33,702.65,183.96,855.00:00:00,True,965 1307
FISV,long,5,2021-12-01T21:00:00Z,95.55,2024-09-03T20:00:00Z,174.0,392.25,1.0,-35.85,395.1,105.45,1006.23:00:00,True,896 1308
MO,long,17,2023-11-01T20:00:00Z,31.94714397,2024-09-03T20:00:00Z,46.295507201,243.92,1.0,0.0,243.92,45.87,307.00:00:00,True,1197 1309
DUK,long,6,2024-03-01T21:00:00Z,82.796102312,2024-09-03T20:00:00Z,107.564255242,148.61,1.0,0.0,148.61,28.99,185.23:00:00,True,1256 1310
PCAR,long,90,2024-03-01T21:00:00Z,105.423819039,2024-09-04T20:00:00Z,89.081626263,-1470.8,2.0,-1784.8,944.71,2729.51,186.23:00:00,False,1259 1317
PCAR,long,9,2024-05-01T20:00:00Z,99.043810554,2024-09-04T20:00:00Z,89.081626263,-89.66,1.0,-121.06,151.89,154.42,126.00:00:00,False,1276 1317
PCAR,long,5,2024-07-01T20:00:00Z,95.11962932,2024-09-04T20:00:00Z,89.081626263,-30.19,1.0,-47.63,104.0,85.65,65.00:00:00,False,1298 1317
PCAR,long,7,2024-08-01T20:00:00Z,89.94521115,2024-09-04T20:00:00Z,89.081626263,-6.05,1.0,-30.47,181.83,30.47,34.00:00:00,False,1304 1317
PCAR,long,5,2024-09-03T20:00:00Z,89.540761604,2024-09-04T20:00:00Z,89.081626263,-2.3,1.0,-19.74,131.9,2.62,1.00:00:00,False,1315 1317
MPC,long,33,2023-02-01T21:00:00Z,113.870797959,2024-10-01T20:00:00Z,159.437405798,1503.7,1.0,-528.47,3129.08,1854.15,607.23:00:00,True,1079 1320
MPC,long,7,2023-05-01T20:00:00Z,114.063554592,2024-10-01T20:00:00Z,159.437405798,317.62,1.0,-113.45,662.39,393.3,519.00:00:00,True,1122 1320
MPC,long,8,2023-06-01T20:00:00Z,99.284123736,2024-10-01T20:00:00Z,159.437405798,481.23,1.0,-11.42,875.26,449.49,488.00:00:00,True,1137 1320
MPC,long,2,2023-12-01T21:00:00Z,143.506987646,2024-10-01T20:00:00Z,159.437405798,31.86,1.0,-91.3,130.37,112.37,304.23:00:00,True,1222 1320
MPC,long,3,2024-01-02T21:00:00Z,144.397864468,2024-10-01T20:00:00Z,159.437405798,45.12,1.0,-139.62,192.88,168.56,272.23:00:00,True,1231 1320
MPC,long,4,2024-05-01T20:00:00Z,170.444370316,2024-10-01T20:00:00Z,159.437405798,-44.03,1.0,-290.35,152.99,86.92,153.00:00:00,False,1277 1320
MPC,long,2,2024-06-03T20:00:00Z,167.215915875,2024-10-01T20:00:00Z,159.437405798,-15.56,1.0,-138.72,82.95,40.9,120.00:00:00,False,1292 1320
MPC,long,2,2024-09-03T20:00:00Z,167.129476998,2024-10-01T20:00:00Z,159.437405798,-15.38,1.0,-138.55,83.12,29.25,28.00:00:00,False,1316 1320
OXY,long,106,2023-02-01T21:00:00Z,59.5862791,2024-10-01T20:00:00Z,51.1501608,-894.23,1.0,-1234.31,680.2,1914.51,607.23:00:00,False,1078 1321
OXY,long,9,2023-03-01T21:00:00Z,56.029869686,2024-10-01T20:00:00Z,51.1501608,-43.92,1.0,-72.79,89.76,162.55,579.23:00:00,False,1099 1321
OXY,long,6,2023-06-01T20:00:00Z,54.696278664,2024-10-01T20:00:00Z,51.1501608,-21.28,1.0,-40.53,67.84,108.37,488.00:00:00,False,1143 1321
OXY,long,7,2023-07-03T17:00:00Z,55.861309878,2024-10-01T20:00:00Z,51.1501608,-32.98,1.0,-55.44,70.99,126.43,456.03:00:00,False,1152 1321
OXY,long,17,2023-12-01T21:00:00Z,55.683801015,2024-10-01T20:00:00Z,51.1501608,-77.07,1.0,-131.61,175.43,307.04,304.23:00:00,False,1216 1321
OXY,long,11,2024-02-01T21:00:00Z,54.428011112,2024-10-01T20:00:00Z,51.1501608,-36.06,1.0,-71.35,127.33,198.68,242.23:00:00,False,1246 1321
OXY,long,12,2024-06-03T20:00:00Z,57.721913802,2024-10-01T20:00:00Z,51.1501608,-78.86,1.0,-117.36,99.38,156.2,120.00:00:00,False,1289 1321
OXY,long,8,2024-08-01T20:00:00Z,56.797943832,2024-10-01T20:00:00Z,51.1501608,-45.18,1.0,-70.85,73.64,70.85,61.00:00:00,False,1305 1321
OXY,long,16,2024-09-03T20:00:00Z,52.99100856,2024-10-01T20:00:00Z,51.1501608,-29.45,1.0,-80.79,208.2,80.79,28.00:00:00,False,1312 1321
VZ,long,192,2023-04-03T20:00:00Z,30.996719068,2024-10-01T20:00:00Z,39.657642354,1662.9,1.445,-1033.03,1662.9,1171.55,547.00:00:00,True,1110 1322
VZ,long,15,2023-07-03T17:00:00Z,29.9627619755,2024-10-01T20:00:00Z,39.657642354,145.42,1.0,-65.2,145.42,67.43,456.03:00:00,True,1150 1322
VZ,long,37,2023-08-01T20:00:00Z,27.338047757,2024-10-01T20:00:00Z,39.657642354,455.83,1.0,-63.7,455.83,113.6,427.00:00:00,True,1160 1322
VZ,long,13,2024-01-02T21:00:00Z,32.473551888,2024-10-01T20:00:00Z,39.657642354,93.39,1.0,-89.14,93.39,39.91,272.23:00:00,True,1232 1322
VZ,long,18,2024-03-01T21:00:00Z,34.14224592,2024-10-01T20:00:00Z,39.657642354,99.28,1.0,-153.47,99.28,55.26,213.23:00:00,True,1261 1322
VZ,long,14,2024-05-01T20:00:00Z,33.83207744,2024-10-01T20:00:00Z,39.657642354,81.56,1.0,-115.02,81.56,39.05,153.00:00:00,True,1280 1322
DE,long,3,2022-01-03T21:00:00Z,329.813878223,2024-10-01T20:00:00Z,407.004010972,231.57,1.0,-167.22,295.46,420.03,1001.23:00:00,True,912 1323
T,long,55,2024-03-01T21:00:00Z,15.016743534,2024-10-01T20:00:00Z,20.189289733,284.49,1.0,-30.0,291.51,60.64,213.23:00:00,True,1257 1324
CVS,long,16,2024-02-01T21:00:00Z,67.092113088,2024-10-01T20:00:00Z,57.032785784,-160.95,2.0,-287.12,84.81,371.93,242.23:00:00,False,1242 1325
NEE,long,11,2024-03-01T21:00:00Z,51.381103685,2024-10-01T20:00:00Z,80.387729718,319.07,1.0,-2.46,319.07,98.96,213.23:00:00,True,1258 1326
SO,long,10,2023-12-01T21:00:00Z,64.270568304,2024-10-01T20:00:00Z,83.980263168,197.1,1.0,-42.15,197.1,56.16,304.23:00:00,True,1213 1327
GILD,long,10,2024-05-01T20:00:00Z,60.760439837,2024-10-01T20:00:00Z,79.545505968,187.85,1.0,-19.29,188.32,47.51,153.00:00:00,True,1274 1328
DE,long,9,2022-01-03T21:00:00Z,329.813878223,2024-11-01T20:00:00Z,391.347003346,553.8,1.0,-501.65,886.39,1260.1,1032.23:00:00,True,912 1338
DE,long,1,2022-03-01T21:00:00Z,337.858808445,2024-11-01T20:00:00Z,391.347003346,53.49,1.0,-63.78,90.44,140.01,975.23:00:00,True,942 1338
DE,long,2,2022-06-01T20:00:00Z,332.581341435,2024-11-01T20:00:00Z,391.347003346,117.53,1.0,-117.01,191.44,185.59,884.00:00:00,True,977 1338
DE,long,1,2022-07-01T20:00:00Z,285.913719665,2024-11-01T20:00:00Z,391.347003346,105.43,1.0,-11.84,142.39,92.8,854.00:00:00,True,992 1338
DE,long,1,2023-02-01T21:00:00Z,407.204393574,2024-11-01T20:00:00Z,391.347003346,-15.86,1.0,-133.13,21.1,92.46,638.23:00:00,False,1085 1338
DE,long,1,2023-05-01T20:00:00Z,365.553645944,2024-11-01T20:00:00Z,391.347003346,25.79,1.0,-91.48,62.75,92.46,550.00:00:00,True,1125 1338
DE,long,1,2023-06-01T20:00:00Z,337.284750734,2024-11-01T20:00:00Z,391.347003346,54.06,1.0,-63.21,91.02,92.46,519.00:00:00,True,1142 1338
DE,long,1,2023-09-01T20:00:00Z,401.97916285,2024-11-01T20:00:00Z,391.347003346,-10.63,1.0,-127.9,26.32,66.14,427.00:00:00,False,1172 1338
DE,long,1,2023-10-02T20:00:00Z,360.003732992,2024-11-01T20:00:00Z,391.347003346,31.34,1.0,-85.93,68.3,65.8,396.00:00:00,True,1186 1338
DE,long,1,2023-11-01T20:00:00Z,356.758460736,2024-11-01T20:00:00Z,391.347003346,34.59,1.0,-82.68,71.54,65.8,366.00:00:00,True,1203 1338
DE,long,1,2023-12-01T21:00:00Z,355.159899328,2024-11-01T20:00:00Z,391.347003346,36.19,1.0,-81.09,73.14,65.8,335.23:00:00,True,1221 1338
DE,long,1,2024-02-01T21:00:00Z,380.502073784,2024-11-01T20:00:00Z,391.347003346,10.84,1.0,-106.43,47.8,65.8,273.23:00:00,True,1249 1338
DE,long,2,2024-03-01T21:00:00Z,355.536699455,2024-11-01T20:00:00Z,391.347003346,71.62,1.0,-162.92,145.53,131.6,244.23:00:00,True,1260 1338
DE,long,1,2024-06-03T20:00:00Z,357.114942164,2024-11-01T20:00:00Z,391.347003346,34.23,1.0,-83.04,71.19,40.62,151.00:00:00,True,1291 1338
DE,long,1,2024-08-01T20:00:00Z,348.570052222,2024-11-01T20:00:00Z,391.347003346,42.78,1.0,-74.5,79.73,16.66,92.00:00:00,True,1306 1338
PSX,long,70,2023-11-01T20:00:00Z,105.15617944,2024-11-01T20:00:00Z,112.302069726,500.21,1.0,-346.2,3770.44,3270.23,366.00:00:00,True,1198 1339
PSX,long,4,2024-05-01T20:00:00Z,129.09583372,2024-11-01T20:00:00Z,112.302069726,-67.18,1.0,-115.54,119.7,97.12,184.00:00:00,False,1279 1339
PSX,long,5,2024-09-03T20:00:00Z,126.329301,2024-11-01T20:00:00Z,112.302069726,-70.14,1.0,-130.59,163.45,88.52,59.00:00:00,False,1314 1339
PSX,long,7,2024-10-01T20:00:00Z,124.448398074,2024-11-01T20:00:00Z,112.302069726,-85.02,1.0,-169.67,242.0,123.93,31.00:00:00,False,1333 1339
WMB,long,29,2024-10-01T20:00:00Z,43.468313544,2024-11-01T20:00:00Z,48.343965624,141.39,2.235,0.0,170.22,28.82,31.00:00:00,True,1330 1340
FISV,long,6,2021-12-01T21:00:00Z,95.55,2024-11-01T20:00:00Z,202.22,640.02,1.0,-43.02,646.26,126.54,1065.23:00:00,True,896 1341
BMY,long,16,2024-10-01T20:00:00Z,48.20817204,2024-11-01T20:00:00Z,50.056358016,29.57,2.12,-5.81,50.95,30.08,31.00:00:00,True,1331 1342
NFLX,long,8,2022-05-02T20:00:00Z,19.946,2024-11-01T20:00:00Z,75.61,445.31,1.0,-26.47,458.09,105.12,914.00:00:00,True,965 1343
MO,long,12,2023-11-01T20:00:00Z,31.94714397,2024-11-01T20:00:00Z,47.030056069,180.99,1.0,0.0,187.07,48.15,366.00:00:00,True,1197 1344
GILD,long,6,2024-05-01T20:00:00Z,60.760439837,2024-11-01T20:00:00Z,84.823900872,144.38,1.0,-11.58,144.38,28.5,184.00:00:00,True,1274 1345
NFLX,long,49,2022-05-02T20:00:00Z,19.946,2024-12-02T21:00:00Z,89.774,3421.57,1.0,-162.14,3421.82,643.86,945.01:00:00,True,965 1354
NFLX,long,13,2023-03-01T21:00:00Z,31.348,2024-12-02T21:00:00Z,89.774,759.54,1.0,-191.24,759.6,170.82,642.00:00:00,True,1100 1354
NFLX,long,10,2023-05-01T20:00:00Z,32.412,2024-12-02T21:00:00Z,89.774,573.62,1.0,-157.75,573.67,131.4,581.01:00:00,True,1127 1354
NFLX,long,30,2023-10-02T20:00:00Z,38.033,2024-12-02T21:00:00Z,89.774,1552.23,1.0,-641.88,1552.38,276.3,427.01:00:00,True,1182 1354
NFLX,long,12,2024-04-01T20:00:00Z,61.431,2024-12-02T21:00:00Z,89.774,340.12,1.0,-537.53,340.18,110.52,245.01:00:00,True,1266 1354
NFLX,long,12,2024-05-01T20:00:00Z,55.171,2024-12-02T21:00:00Z,89.774,415.24,1.0,-462.41,415.3,110.52,215.01:00:00,True,1278 1354
NFLX,long,15,2024-08-01T20:00:00Z,62.485,2024-12-02T21:00:00Z,89.774,409.34,1.0,-687.72,409.41,63.96,123.01:00:00,True,1302 1354
ET,long,101,2024-11-01T20:00:00Z,14.213877239,2024-12-02T21:00:00Z,17.1176619,293.28,4.76,0.0,332.45,39.17,31.01:00:00,True,1346 1355
EPD,long,49,2023-02-01T21:00:00Z,20.152767768,2024-12-02T21:00:00Z,30.179627583,491.32,1.0,-29.22,518.43,71.52,670.00:00:00,True,1076 1356
FISV,long,3,2021-12-01T21:00:00Z,95.55,2024-12-02T21:00:00Z,218.455,368.72,1.0,-21.51,380.7,63.27,1097.00:00:00,True,896 1357
WMB,long,11,2024-10-01T20:00:00Z,43.468313544,2024-12-02T21:00:00Z,52.92895383,104.07,1.0,0.0,138.0,33.93,62.01:00:00,True,1330 1358
TGT,long,73,2024-10-01T20:00:00Z,140.84349046,2024-12-03T21:00:00Z,121.710510196,-1396.71,2.0,-2008.4,573.53,2581.93,63.01:00:00,False,1332 1365
TGT,long,4,2024-11-01T20:00:00Z,139.584967812,2024-12-03T21:00:00Z,121.710510196,-71.5,1.0,-105.02,36.46,126.19,32.01:00:00,False,1351 1365
TGT,long,15,2024-12-02T21:00:00Z,121.841000864,2024-12-03T21:00:00Z,121.710510196,-1.96,1.0,-127.65,402.89,12.16,1.00:00:00,False,1360 1365
