id,time,last_fill_time,symbol,type,status,direction,quantity,price,value,fee,tag
1,2016-02-01T15:00:00Z,2016-02-01T21:00:00Z,GILD,MarketOnClose,Filled,buy,174,58.045930195,10099.99185393,1.0,
2,2016-02-01T15:00:00Z,2016-02-01T21:00:00Z,GM,MarketOnClose,Filled,buy,421,24.06538739,10131.52809119,2.105,
3,2016-02-01T15:00:00Z,2016-02-01T21:00:00Z,HPE,MarketOnClose,Filled,buy,967,10.335336095,9994.270003865,4.835,
4,2016-02-01T15:00:00Z,2016-02-01T21:00:00Z,HPQ,MarketOnClose,Filled,buy,1483,6.902331697,10236.157906651,7.415,
5,2016-02-01T15:00:00Z,2016-02-01T21:00:00Z,AAPL,MarketOnClose,Filled,buy,456,21.655612962,9874.959510672,2.28,
6,2016-02-01T15:00:00Z,2016-02-01T21:00:00Z,VZ,MarketOnClose,Filled,buy,349,29.034775836,10133.136766764,1.745,
7,2016-02-01T15:00:00Z,2016-02-01T21:00:00Z,VLO,MarketOnClose,Filled,buy,222,45.37488669,10073.22484518,1.11,
8,2016-02-01T15:00:00Z,2016-02-01T21:00:00Z,MPC,MarketOnClose,Filled,buy,330,30.149807381,9949.43643573,1.65,
9,2016-02-01T15:00:00Z,2016-02-01T21:00:00Z,EMR,MarketOnClose,Filled,buy,284,34.656258,9842.377272,1.42,
10,2016-02-01T15:00:00Z,2016-02-01T21:00:00Z,DD,MarketOnClose,Filled,buy,192,52.4968856582607,10079.402046386054,1.0,
11,2016-02-02T05:00:00Z,2016-02-02T21:00:00Z,HPQ,MarketOnOpen,Filled,sell,-1483,6.805408283,-10092.420483689,7.415,left universe
12,2016-03-01T05:00:00Z,,MPC,MarketOnOpen,Canceled,sell,-330,0.0,0.0,0.0,no valuation
13,2016-03-01T15:00:00Z,2016-03-01T21:00:00Z,MPC,MarketOnClose,Filled,sell,-330,25.243699899,-8330.42096667,1.65,no valuation
14,2016-03-01T15:00:00Z,2016-03-01T21:00:00Z,DD,MarketOnClose,Filled,sell,-28,61.731307301764,-1728.476604449392,1.0,
15,2016-03-01T15:00:00Z,2016-03-01T21:00:00Z,EMR,MarketOnClose,Filled,sell,-22,38.450290975,-845.90640145,1.0,
16,2016-03-01T15:00:00Z,2016-03-01T21:00:00Z,GILD,MarketOnClose,Filled,sell,-11,61.940981311,-681.350794421,1.0,
17,2016-03-01T15:00:00Z,2016-03-01T21:00:00Z,VZ,MarketOnClose,Filled,sell,-9,29.435176606,-264.916589454,1.0,
18,2016-03-01T15:00:00Z,2016-03-01T21:00:00Z,F,MarketOnClose,Filled,buy,1338,7.726182695,10337.63244591,6.69,
19,2016-03-01T15:00:00Z,2016-03-01T21:00:00Z,DAL,MarketOnClose,Filled,buy,232,43.04467977,9986.36570664,1.16,
20,2016-03-01T15:00:00Z,2016-03-01T21:00:00Z,VLO,MarketOnClose,Filled,buy,24,41.077764609,985.866350616,1.0,
21,2016-03-01T15:00:00Z,2016-03-01T21:00:00Z,HPE,MarketOnClose,Filled,buy,26,9.95310104,258.78062704,1.0,
22,2016-04-01T14:00:00Z,2016-04-01T20:00:00Z,HPE,MarketOnClose,Filled,sell,-182,13.83974032,-2518.83273824,1.0,
23,2016-04-01T14:00:00Z,2016-04-01T20:00:00Z,AAPL,MarketOnClose,Filled,sell,-17,24.83486208,-422.19265536,1.0,
24,2016-04-01T14:00:00Z,2016-04-01T20:00:00Z,DAL,MarketOnClose,Filled,buy,20,41.380989693,827.61979386,1.0,
25,2016-04-01T14:00:00Z,2016-04-01T20:00:00Z,GILD,MarketOnClose,Filled,buy,6,65.313661036,391.881966216,1.0,
26,2016-04-01T14:00:00Z,2016-04-01T20:00:00Z,DD,MarketOnClose,Filled,buy,6,63.6180744674806,381.7084468048836,1.0,
27,2016-04-01T14:00:00Z,2016-04-01T20:00:00Z,VZ,MarketOnClose,Filled,buy,9,30.893779411,278.044014699,1.0,
28,2016-04-01T14:00:00Z,2016-04-01T20:00:00Z,VLO,MarketOnClose,Filled,buy,6,41.958145341,251.748872046,1.0,
29,2016-05-02T14:00:00Z,2016-05-02T20:00:00Z,DD,MarketOnClose,Filled,sell,-12,65.49651194198,-785.95814330376,1.0,
30,2016-05-02T14:00:00Z,2016-05-02T20:00:00Z,EMR,MarketOnClose,Filled,sell,-16,42.482300675,-679.7168108,1.0,
31,2016-05-02T14:00:00Z,2016-05-02T20:00:00Z,GM,MarketOnClose,Filled,sell,-19,25.69440505,-488.19369595,1.0,
32,2016-05-02T14:00:00Z,2016-05-02T20:00:00Z,F,MarketOnClose,Filled,sell,-60,8.12767371,-487.6604226,1.0,
33,2016-05-02T14:00:00Z,2016-05-02T20:00:00Z,DAL,MarketOnClose,Filled,buy,30,37.120534681,1113.61604043,1.0,
34,2016-05-02T14:00:00Z,2016-05-02T20:00:00Z,AAPL,MarketOnClose,Filled,buy,49,21.14316288,1036.01498112,1.0,
35,2016-05-02T14:00:00Z,2016-05-02T20:00:00Z,VLO,MarketOnClose,Filled,buy,11,39.897254082,438.869794902,1.0,
36,2016-06-01T14:00:00Z,2016-06-01T20:00:00Z,HPE,MarketOnClose,Filled,sell,-62,13.757002742,-852.934170004,1.0,
37,2016-06-01T14:00:00Z,2016-06-01T20:00:00Z,AAPL,MarketOnClose,Filled,sell,-29,22.3668357435,-648.6382365615,1.0,
38,2016-06-01T14:00:00Z,2016-06-01T20:00:00Z,DAL,MarketOnClose,Filled,sell,-11,38.423467801,-422.658145811,1.0,
39,2016-06-01T14:00:00Z,2016-06-01T20:00:00Z,VLO,MarketOnClose,Filled,buy,19,37.57776201,713.97747819,1.0,
40,2016-06-01T14:00:00Z,2016-06-01T20:00:00Z,EMR,MarketOnClose,Filled,buy,11,40.494958464,445.444543104,1.0,
41,2016-06-01T14:00:00Z,2016-06-01T20:00:00Z,DD,MarketOnClose,Filled,buy,4,64.1654337315732,256.6617349262928,1.0,
42,2016-06-01T14:00:00Z,2016-06-01T20:00:00Z,GM,MarketOnClose,Filled,buy,9,24.456217972,220.105961748,1.0,
43,2016-07-01T14:00:00Z,2016-07-01T20:00:00Z,VZ,MarketOnClose,Filled,sell,-40,32.508918984,-1300.35675936,1.0,
44,2016-07-01T14:00:00Z,2016-07-01T20:00:00Z,EMR,MarketOnClose,Filled,sell,-10,40.510485672,-405.10485672,1.0,
45,2016-07-01T14:00:00Z,2016-07-01T20:00:00Z,HPE,MarketOnClose,Filled,sell,-24,13.953058777,-334.873410648,1.0,
46,2016-07-01T14:00:00Z,2016-07-01T20:00:00Z,DAL,MarketOnClose,Filled,buy,39,32.471406827,1266.384866253,1.0,
47,2016-07-01T14:00:00Z,2016-07-01T20:00:00Z,GM,MarketOnClose,Filled,buy,20,23.677518861,473.55037722,1.0,
48,2016-07-01T14:00:00Z,2016-07-01T20:00:00Z,F,MarketOnClose,Filled,buy,55,7.59060276,417.4831518,1.0,
49,2016-07-01T14:00:00Z,2016-07-01T20:00:00Z,VLO,MarketOnClose,Filled,buy,8,34.672125945,277.37700756,1.0,
50,2016-08-01T14:00:00Z,2016-08-01T20:00:00Z,HPE,MarketOnClose,Filled,sell,-59,15.907543484,-938.545065556,1.0,
51,2016-08-01T14:00:00Z,2016-08-01T20:00:00Z,GM,MarketOnClose,Filled,sell,-23,25.65269437,-590.01197051,1.0,
52,2016-08-01T14:00:00Z,2016-08-01T20:00:00Z,DD,MarketOnClose,Filled,sell,-6,67.3228108626973,-403.9368651761838,1.0,
53,2016-08-01T14:00:00Z,2016-08-01T20:00:00Z,AAPL,MarketOnClose,Filled,sell,-13,24.09103118625,-313.18340542125,1.0,
54,2016-08-01T14:00:00Z,2016-08-01T20:00:00Z,GILD,MarketOnClose,Filled,buy,21,56.148681114,1179.122303394,1.0,
55,2016-08-01T14:00:00Z,2016-08-01T20:00:00Z,VZ,MarketOnClose,Filled,buy,17,31.82424495,541.01216415,1.0,
56,2016-08-01T14:00:00Z,2016-08-01T20:00:00Z,F,MarketOnClose,Filled,buy,50,7.529042976,376.4521488,1.0,
57,2016-08-01T14:00:00Z,2016-08-01T20:00:00Z,VLO,MarketOnClose,Filled,buy,9,34.80021663,313.20194967,1.0,
58,2016-09-01T14:00:00Z,2016-09-01T20:00:00Z,VLO,MarketOnClose,Filled,sell,-21,37.010008755,-777.210183855,1.0,
59,2016-09-01T14:00:00Z,2016-09-01T20:00:00Z,AAPL,MarketOnClose,Filled,sell,-12,24.37684649725,-292.522157967,1.0,
60,2016-09-01T14:00:00Z,2016-09-01T20:00:00Z,HPE,MarketOnClose,Filled,sell,-17,16.722540968,-284.283196456,1.0,
61,2016-09-01T14:00:00Z,2016-09-01T20:00:00Z,VZ,MarketOnClose,Filled,buy,18,30.691418616,552.445535088,1.0,
62,2016-09-01T14:00:00Z,2016-09-01T20:00:00Z,DAL,MarketOnClose,Filled,buy,12,32.691561182,392.298734184,1.0,
63,2016-09-01T14:00:00Z,2016-09-01T20:00:00Z,EMR,MarketOnClose,Filled,buy,8,41.247556396,329.980451168,1.0,
64,2016-10-03T14:00:00Z,2016-10-03T20:00:00Z,DAL,MarketOnClose,Filled,sell,-17,35.497246498,-603.453190466,1.0,
65,2016-10-03T14:00:00Z,2016-10-03T20:00:00Z,AAPL,MarketOnClose,Filled,sell,-21,25.699267009,-539.684607189,1.0,
66,2016-10-03T14:00:00Z,2016-10-03T20:00:00Z,HPE,MarketOnClose,Filled,sell,-28,17.092308345,-478.58463366,1.0,
67,2016-10-03T14:00:00Z,2016-10-03T20:00:00Z,EMR,MarketOnClose,Filled,sell,-6,42.14049628,-252.84297768,1.0,
68,2016-10-03T14:00:00Z,2016-10-03T20:00:00Z,VLO,MarketOnClose,Filled,buy,17,36.06243255,613.06135335,1.0,
69,2016-10-03T14:00:00Z,2016-10-03T20:00:00Z,F,MarketOnClose,Filled,buy,81,7.29979327,591.28325487,1.0,
70,2016-10-03T14:00:00Z,2016-10-03T20:00:00Z,DD,MarketOnClose,Filled,buy,6,66.3971459150965,398.382875490579,1.0,
71,2016-10-03T14:00:00Z,2016-10-03T20:00:00Z,VZ,MarketOnClose,Filled,buy,7,30.294345468,212.060418276,1.0,
72,2016-11-01T14:00:00Z,2016-11-01T20:00:00Z,AAPL,MarketOnClose,Filled,sell,-413,25.46401776425,-10516.63933663525,2.065,reached implied value
73,2016-11-01T14:00:00Z,2016-11-01T20:00:00Z,VLO,MarketOnClose,Filled,sell,-32,40.554898155,-1297.75674096,1.0,
74,2016-11-01T14:00:00Z,2016-11-01T20:00:00Z,DAL,MarketOnClose,Filled,sell,-18,37.184209188,-669.315765384,1.0,
75,2016-11-01T14:00:00Z,2016-11-01T20:00:00Z,DD,MarketOnClose,Filled,sell,-6,68.1197731269341,-408.7186387616046,1.0,
76,2016-11-01T14:00:00Z,2016-11-01T20:00:00Z,TGT,MarketOnClose,Filled,buy,209,50.204198652,10492.677518268,1.045,
77,2016-11-01T14:00:00Z,2016-11-01T20:00:00Z,GILD,MarketOnClose,Filled,buy,16,52.00254711,832.04075376,1.0,
78,2016-11-01T14:00:00Z,2016-11-01T20:00:00Z,EMR,MarketOnClose,Filled,buy,19,39.9473106,758.9989014,1.0,
79,2016-11-01T14:00:00Z,2016-11-01T20:00:00Z,VZ,MarketOnClose,Filled,buy,23,28.148653708,647.419035284,1.0,
80,2016-12-01T15:00:00Z,2016-12-01T21:00:00Z,EMR,MarketOnClose,Filled,sell,-268,44.894488072,-12031.722803296,1.34,reached implied value
81,2016-12-01T15:00:00Z,2016-12-01T21:00:00Z,DAL,MarketOnClose,Filled,sell,-22,42.606535923,-937.343790306,1.0,
82,2016-12-01T15:00:00Z,2016-12-01T21:00:00Z,TGT,MarketOnClose,Filled,sell,-12,58.129586718,-697.555040616,1.0,
83,2016-12-01T15:00:00Z,2016-12-01T21:00:00Z,GM,MarketOnClose,Filled,sell,-10,30.214572053,-302.14572053,1.0,
84,2016-12-01T15:00:00Z,2016-12-01T21:00:00Z,MPC,MarketOnClose,Filled,buy,323,35.735858158,11542.682185034,1.615,
85,2016-12-01T15:00:00Z,2016-12-01T21:00:00Z,GILD,MarketOnClose,Filled,buy,14,51.13899732,715.94596248,1.0,
86,2016-12-01T15:00:00Z,2016-12-01T21:00:00Z,F,MarketOnClose,Filled,buy,96,7.592303664,728.861151744,1.0,
87,2016-12-01T15:00:00Z,2016-12-01T21:00:00Z,VZ,MarketOnClose,Filled,buy,12,29.453910206,353.446922472,1.0,
88,2016-12-01T15:00:00Z,2016-12-01T21:00:00Z,DD,MarketOnClose,Filled,buy,5,71.0710388648619,355.3551943243095,1.0,
89,2016-12-01T15:00:00Z,2016-12-01T21:00:00Z,VLO,MarketOnClose,Filled,buy,6,41.650299555,249.90179733,1.0,
90,2017-01-03T15:00:00Z,2017-01-03T21:00:00Z,VLO,MarketOnClose,Filled,sell,-22,48.45554427,-1066.02197394,1.0,
91,2017-01-03T15:00:00Z,2017-01-03T21:00:00Z,VZ,MarketOnClose,Filled,sell,-17,32.235701204,-548.006920468,1.0,
92,2017-01-03T15:00:00Z,2017-01-03T21:00:00Z,MPC,MarketOnClose,Filled,sell,-14,39.620841481,-554.691780734,1.0,
93,2017-01-03T15:00:00Z,2017-01-03T21:00:00Z,TGT,MarketOnClose,Filled,buy,18,54.342423975,978.16363155,1.0,
94,2017-01-03T15:00:00Z,2017-01-03T21:00:00Z,HPE,MarketOnClose,Filled,buy,42,17.60404864,739.37004288,1.0,
95,2017-01-03T15:00:00Z,2017-01-03T21:00:00Z,GILD,MarketOnClose,Filled,buy,10,52.400951712,524.00951712,1.0,
96,2017-02-01T15:00:00Z,2017-02-01T21:00:00Z,F,MarketOnClose,Filled,sell,-1560,7.64648808,-11928.5214048,7.8,reached implied value
97,2017-02-01T15:00:00Z,2017-02-01T21:00:00Z,DD,MarketOnClose,Filled,sell,-11,76.9809881889297,-846.7908700782267,1.0,
98,2017-02-01T15:00:00Z,2017-02-01T21:00:00Z,GM,MarketOnClose,Filled,sell,-26,30.299201374,-787.779235724,1.0,
99,2017-02-01T15:00:00Z,2017-02-01T21:00:00Z,GILD,MarketOnClose,Filled,sell,-7,51.454116824,-360.178817768,1.0,
100,2017-02-01T15:00:00Z,2017-02-01T21:00:00Z,HCA,MarketOnClose,Filled,buy,154,75.6574809,11651.2520586,1.0,
101,2017-02-01T15:00:00Z,2017-02-01T21:00:00Z,TGT,MarketOnClose,Filled,buy,22,47.559891883,1046.317621426,1.0,
102,2017-02-01T15:00:00Z,2017-02-01T21:00:00Z,VZ,MarketOnClose,Filled,buy,22,28.886429856,635.501456832,1.0,
103,2017-02-01T15:00:00Z,2017-02-01T21:00:00Z,MPC,MarketOnClose,Filled,buy,9,35.713401607,321.420614463,1.0,
104,2017-02-01T15:00:00Z,2017-02-01T21:00:00Z,DAL,MarketOnClose,Filled,buy,6,42.151661874,252.909971244,1.0,
105,2017-02-01T15:00:00Z,2017-02-01T21:00:00Z,VLO,MarketOnClose,Filled,buy,5,44.980672095,224.903360475,1.0,
106,2017-03-01T15:00:00Z,2017-03-01T21:00:00Z,MPC,MarketOnClose,Filled,sell,-318,38.443905401,-12225.161917518,1.59,reached implied value
107,2017-03-01T15:00:00Z,2017-03-01T21:00:00Z,DD,MarketOnClose,Filled,sell,-150,81.0151494273546,-12152.27241410319,1.0,reached implied value
108,2017-03-01T15:00:00Z,2017-03-01T21:00:00Z,GM,MarketOnClose,Filled,sell,-372,31.380716863,-11673.626673036,1.86,no valuation
109,2017-03-01T15:00:00Z,2017-03-01T21:00:00Z,HCA,MarketOnClose,Filled,sell,-10,81.2699441,-812.699441,1.0,
110,2017-03-01T15:00:00Z,2017-03-01T21:00:00Z,DAL,MarketOnClose,Filled,sell,-11,45.692614107,-502.618755177,1.0,
111,2017-03-01T15:00:00Z,2017-03-01T21:00:00Z,VLO,MarketOnClose,Filled,sell,-6,47.614643904,-285.687863424,1.0,
112,2017-03-01T15:00:00Z,2017-03-01T21:00:00Z,GLW,MarketOnClose,Filled,buy,535,22.18168008,11867.1988428,2.675,
113,2017-03-01T15:00:00Z,2017-03-01T21:00:00Z,BAX,MarketOnClose,Filled,buy,265,44.151848604,11700.23988006,1.325,
114,2017-03-01T15:00:00Z,2017-03-01T21:00:00Z,LBTYA,MarketOnClose,Filled,buy,325,35.2,11440.0,1.625,
115,2017-03-01T15:00:00Z,2017-03-01T21:00:00Z,TGT,MarketOnClose,Filled,buy,25,43.595446216,1089.8861554,1.0,
116,2017-03-01T15:00:00Z,2017-03-01T21:00:00Z,GILD,MarketOnClose,Filled,buy,10,49.595776708,495.95776708,1.0,
117,2017-04-01T04:00:00Z,,GLW,MarketOnOpen,Canceled,sell,-535,0.0,0.0,0.0,no valuation
118,2017-04-03T14:00:00Z,2017-04-03T20:00:00Z,GLW,MarketOnClose,Filled,sell,-535,21.111925296,-11294.88003336,2.675,no valuation
119,2017-04-03T14:00:00Z,2017-04-03T20:00:00Z,HPE,MarketOnClose,Filled,sell,-25,13.37387989,-334.34699725,1.0,
120,2017-04-03T14:00:00Z,2017-04-03T20:00:00Z,BAX,MarketOnClose,Filled,sell,-8,45.082994796,-360.663958368,1.0,
121,2017-04-03T14:00:00Z,2017-04-03T20:00:00Z,HCA,MarketOnClose,Filled,sell,-4,82.460746325,-329.8429853,1.0,
122,2017-04-03T14:00:00Z,2017-04-03T20:00:00Z,MO,MarketOnClose,Filled,buy,315,36.61801684,11534.6753046,1.575,
123,2017-04-03T14:00:00Z,2017-04-03T20:00:00Z,DAL,MarketOnClose,Filled,buy,20,41.466293539,829.32587078,1.0,
124,2017-04-03T14:00:00Z,2017-04-03T20:00:00Z,TGT,MarketOnClose,Filled,buy,15,40.730796456,610.96194684,1.0,
125,2017-04-03T14:00:00Z,2017-04-03T20:00:00Z,GILD,MarketOnClose,Filled,buy,5,47.77722642,238.8861321,1.0,
126,2017-05-01T14:00:00Z,2017-05-01T20:00:00Z,BAX,MarketOnClose,Filled,sell,-24,47.928163716,-1150.275929184,1.0,
127,2017-05-01T14:00:00Z,2017-05-01T20:00:00Z,TGT,MarketOnClose,Filled,sell,-11,42.042504504,-462.467549544,1.0,
128,2017-05-01T14:00:00Z,2017-05-01T20:00:00Z,GILD,MarketOnClose,Filled,sell,-9,48.496376922,-436.467392298,1.0,
129,2017-05-01T14:00:00Z,2017-05-01T20:00:00Z,MO,MarketOnClose,Filled,sell,-10,36.1987656,-361.987656,1.0,
130,2017-05-01T14:00:00Z,2017-05-01T20:00:00Z,LBTYA,MarketOnClose,Filled,sell,-9,35.69,-321.21,1.0,
131,2017-05-01T14:00:00Z,2017-05-01T20:00:00Z,HPE,MarketOnClose,Filled,buy,151,14.27206875,2155.08238125,1.0,
132,2017-05-01T14:00:00Z,2017-05-01T20:00:00Z,VZ,MarketOnClose,Filled,buy,12,27.71601624,332.59219488,1.0,
133,2017-05-01T14:00:00Z,2017-05-01T20:00:00Z,HCA,MarketOnClose,Filled,buy,4,77.4298377,309.7193508,1.0,
134,2017-06-01T14:00:00Z,2017-06-01T20:00:00Z,DAL,MarketOnClose,Filled,sell,-28,44.819352355,-1254.94186594,1.0,
135,2017-06-01T14:00:00Z,2017-06-01T20:00:00Z,BAX,MarketOnClose,Filled,sell,-16,51.870174,-829.922784,1.0,
136,2017-06-01T14:00:00Z,2017-06-01T20:00:00Z,MO,MarketOnClose,Filled,sell,-16,38.5506628,-616.8106048,1.0,
137,2017-06-01T14:00:00Z,2017-06-01T20:00:00Z,LBTYA,MarketOnClose,Filled,buy,49,31.35,1536.15,1.0,
138,2017-06-01T14:00:00Z,2017-06-01T20:00:00Z,GILD,MarketOnClose,Filled,buy,12,46.011391524,552.136698288,1.0,
139,2017-06-01T14:00:00Z,2017-06-01T20:00:00Z,VLO,MarketOnClose,Filled,buy,12,43.652543984,523.830527808,1.0,
140,2017-06-01T14:00:00Z,2017-06-01T20:00:00Z,HCA,MarketOnClose,Filled,buy,3,77.309834375,231.929503125,1.0,
141,2017-07-03T14:00:00Z,2017-07-03T17:00:00Z,GILD,MarketOnClose,Filled,sell,-17,50.7455613,-862.6745421,1.0,
142,2017-07-03T14:00:00Z,2017-07-03T17:00:00Z,VLO,MarketOnClose,Filled,sell,-18,47.791524732,-860.247445176,1.0,
143,2017-07-03T14:00:00Z,2017-07-03T17:00:00Z,DAL,MarketOnClose,Filled,sell,-17,48.604497258,-826.276453386,1.0,
144,2017-07-03T14:00:00Z,2017-07-03T17:00:00Z,HCA,MarketOnClose,Filled,sell,-6,80.503769025,-483.02261415,1.0,
145,2017-07-03T14:00:00Z,2017-07-03T17:00:00Z,LBTYA,MarketOnClose,Filled,sell,-11,31.94,-351.34,1.0,
146,2017-07-03T14:00:00Z,2017-07-03T17:00:00Z,HPE,MarketOnClose,Filled,buy,110,12.737552001,1401.13072011,1.0,
147,2017-07-03T14:00:00Z,2017-07-03T17:00:00Z,TGT,MarketOnClose,Filled,buy,20,40.091413673,801.82827346,1.0,
148,2017-07-03T14:00:00Z,2017-07-03T17:00:00Z,VZ,MarketOnClose,Filled,buy,19,27.18441,516.50379,1.0,
149,2017-07-03T14:00:00Z,2017-07-03T17:00:00Z,MO,MarketOnClose,Filled,buy,8,38.416645013,307.333160104,1.0,
150,2017-08-01T14:00:00Z,2017-08-01T20:00:00Z,VZ,MarketOnClose,Filled,sell,-34,29.92126668,-1017.32306712,1.0,
151,2017-08-01T14:00:00Z,2017-08-01T20:00:00Z,TGT,MarketOnClose,Filled,sell,-20,43.330123198,-866.60246396,1.0,
152,2017-08-01T14:00:00Z,2017-08-01T20:00:00Z,GILD,MarketOnClose,Filled,sell,-14,54.3343563,-760.6809882,1.0,
153,2017-08-01T14:00:00Z,2017-08-01T20:00:00Z,HPE,MarketOnClose,Filled,sell,-39,13.409960265,-522.988450335,1.0,
154,2017-08-01T14:00:00Z,2017-08-01T20:00:00Z,LBTYA,MarketOnClose,Filled,sell,-14,34.4,-481.6,1.0,
155,2017-08-01T14:00:00Z,2017-08-01T20:00:00Z,MO,MarketOnClose,Filled,buy,46,33.76211255,1553.0571773,1.0,
156,2017-08-01T14:00:00Z,2017-08-01T20:00:00Z,DAL,MarketOnClose,Filled,buy,24,45.017150901,1080.411621624,1.0,
157,2017-08-01T14:00:00Z,2017-08-01T20:00:00Z,HCA,MarketOnClose,Filled,buy,14,73.1835662,1024.5699268,1.0,
158,2017-09-01T14:00:00Z,2017-09-01T20:00:00Z,GILD,MarketOnClose,Filled,sell,-18,60.11231625,-1082.0216925,1.0,
159,2017-09-01T14:00:00Z,2017-09-01T20:00:00Z,HPE,MarketOnClose,Filled,sell,-23,10.934275293,-251.488331739,1.0,
160,2017-09-01T14:00:00Z,2017-09-01T20:00:00Z,DAL,MarketOnClose,Filled,buy,11,43.000415568,473.004571248,1.0,
161,2017-09-01T14:00:00Z,2017-09-01T20:00:00Z,TGT,MarketOnClose,Filled,buy,9,43.3250997,389.9258973,1.0,
162,2017-09-01T14:00:00Z,2017-09-01T20:00:00Z,MO,MarketOnClose,Filled,buy,10,32.751826434,327.51826434,1.0,
163,2017-09-01T14:00:00Z,2017-09-01T20:00:00Z,HCA,MarketOnClose,Filled,buy,4,72.620473675,290.4818947,1.0,
164,2017-10-02T14:00:00Z,2017-10-02T20:00:00Z,VLO,MarketOnClose,Filled,sell,-27,54.70281866,-1476.97610382,1.0,
165,2017-10-02T14:00:00Z,2017-10-02T20:00:00Z,TGT,MarketOnClose,Filled,sell,-19,45.3904015,-862.4176285,1.0,
166,2017-10-02T14:00:00Z,2017-10-02T20:00:00Z,HPE,MarketOnClose,Filled,buy,194,11.502226722,2231.431984068,1.0,
167,2017-10-02T14:00:00Z,2017-10-02T20:00:00Z,GILD,MarketOnClose,Filled,buy,7,60.322086144,422.254603008,1.0,
168,2017-10-03T04:00:00Z,2017-10-03T20:00:00Z,HPE,MarketOnOpen,Filled,sell,-1031,11.494548333,-11850.879331323,5.155,left universe
169,2017-11-01T04:00:00Z,,LBTYA,MarketOnOpen,Canceled,sell,-340,0.0,0.0,0.0,no valuation
170,2017-11-01T14:00:00Z,2017-11-01T20:00:00Z,LBTYA,MarketOnClose,Filled,sell,-340,31.34,-10655.6,1.7,no valuation
171,2017-11-01T14:00:00Z,2017-11-01T20:00:00Z,DAL,MarketOnClose,Filled,sell,-16,45.561256815,-728.98010904,1.0,
172,2017-11-01T14:00:00Z,2017-11-01T20:00:00Z,BAX,MarketOnClose,Filled,sell,-11,55.64606904,-612.10675944,1.0,
173,2017-11-01T14:00:00Z,2017-11-01T20:00:00Z,VLO,MarketOnClose,Filled,sell,-8,57.301291292,-458.410330336,1.0,
174,2017-11-01T14:00:00Z,2017-11-01T20:00:00Z,MO,MarketOnClose,Filled,sell,-9,33.70562675,-303.35064075,1.0,
175,2017-11-01T14:00:00Z,2017-11-01T20:00:00Z,GLW,MarketOnClose,Filled,buy,462,25.14629282,11617.58728284,2.31,
176,2017-11-01T14:00:00Z,2017-11-01T20:00:00Z,MCK,MarketOnClose,Filled,buy,89,130.464615673,11611.350794897,1.0,
177,2017-11-01T14:00:00Z,2017-11-01T20:00:00Z,GILD,MarketOnClose,Filled,buy,13,54.052980448,702.688745824,1.0,
178,2017-11-01T14:00:00Z,2017-11-01T20:00:00Z,HCA,MarketOnClose,Filled,buy,5,70.921965075,354.609825375,1.0,
179,2017-12-01T15:00:00Z,2017-12-01T21:00:00Z,HCA,MarketOnClose,Filled,sell,-10,77.586765125,-775.86765125,1.0,
180,2017-12-01T15:00:00Z,2017-12-01T21:00:00Z,VLO,MarketOnClose,Filled,sell,-7,60.266780542,-421.867463794,1.0,
181,2017-12-01T15:00:00Z,2017-12-01T21:00:00Z,GILD,MarketOnClose,Filled,buy,12,54.414104048,652.969248576,1.0,
182,2017-12-01T15:00:00Z,2017-12-01T21:00:00Z,BAX,MarketOnClose,Filled,buy,7,56.903874609,398.327122263,1.0,
183,2018-01-02T15:00:00Z,2018-01-02T21:00:00Z,VLO,MarketOnClose,Filled,sell,-7,66.44596928,-465.12178496,1.0,
184,2018-01-02T15:00:00Z,2018-01-02T21:00:00Z,TGT,MarketOnClose,Filled,sell,-9,52.658577825,-473.927200425,1.0,
185,2018-01-02T15:00:00Z,2018-01-02T21:00:00Z,MCK,MarketOnClose,Filled,sell,-3,148.862319,-446.586957,1.0,
186,2018-01-02T15:00:00Z,2018-01-02T21:00:00Z,DAL,MarketOnClose,Filled,sell,-8,51.662938844,-413.303510752,1.0,
187,2018-01-02T15:00:00Z,2018-01-02T21:00:00Z,MO,MarketOnClose,Filled,sell,-10,37.184275854,-371.84275854,1.0,
188,2018-01-02T15:00:00Z,2018-01-02T21:00:00Z,GILD,MarketOnClose,Filled,buy,17,53.8844085,916.0349445,1.0,
189,2018-01-02T15:00:00Z,2018-01-02T21:00:00Z,GLW,MarketOnClose,Filled,buy,29,26.060783448,755.762719992,1.0,
190,2018-01-02T15:00:00Z,2018-01-02T21:00:00Z,BAX,MarketOnClose,Filled,buy,10,58.363616697,583.63616697,1.0,
191,2018-02-01T05:00:00Z,,GLW,MarketOnOpen,Canceled,sell,-491,0.0,0.0,0.0,no valuation
192,2018-02-01T15:00:00Z,2018-02-01T21:00:00Z,GLW,MarketOnClose,Filled,sell,-491,25.317787476,-12431.033650716,2.455,no valuation
193,2018-02-01T15:00:00Z,2018-02-01T21:00:00Z,GILD,MarketOnClose,Filled,sell,-20,60.71267565,-1214.253513,1.0,
194,2018-02-01T15:00:00Z,2018-02-01T21:00:00Z,TGT,MarketOnClose,Filled,sell,-17,58.373703675,-992.352962475,1.0,
195,2018-02-01T15:00:00Z,2018-02-01T21:00:00Z,HCA,MarketOnClose,Filled,sell,-10,94.3779996,-943.779996,1.0,
196,2018-02-01T15:00:00Z,2018-02-01T21:00:00Z,BAX,MarketOnClose,Filled,sell,-8,60.779142295,-486.23313836,1.0,
197,2018-02-01T15:00:00Z,2018-02-01T21:00:00Z,MU,MarketOnClose,Filled,buy,315,41.433583877,13051.578921255,1.575,
198,2018-02-01T15:00:00Z,2018-02-01T21:00:00Z,MO,MarketOnClose,Filled,buy,30,36.758501703,1102.75505109,1.0,
199,2018-02-01T15:00:00Z,2018-02-01T21:00:00Z,DAL,MarketOnClose,Filled,buy,14,51.371572252,719.202011528,1.0,
200,2018-02-01T15:00:00Z,2018-02-01T21:00:00Z,VLO,MarketOnClose,Filled,buy,5,67.799233094,338.99616547,1.0,
201,2018-02-01T15:00:00Z,2018-02-01T21:00:00Z,VZ,MarketOnClose,Filled,buy,9,34.01381865,306.12436785,1.0,
202,2018-03-01T15:00:00Z,2018-03-01T21:00:00Z,BAX,MarketOnClose,Filled,sell,-215,57.752681238,-12416.82646617,1.075,reached implied value
203,2018-03-01T15:00:00Z,2018-03-01T21:00:00Z,MO,MarketOnClose,Filled,sell,-364,32.816148453,-11945.078036892,1.82,reached implied value
204,2018-03-01T15:00:00Z,2018-03-01T21:00:00Z,MU,MarketOnClose,Filled,sell,-44,46.436038226,-2043.185681944,1.0,
205,2018-03-01T15:00:00Z,2018-03-01T21:00:00Z,TGT,MarketOnClose,Filled,sell,-12,58.196297649,-698.355571788,1.0,
206,2018-03-01T15:00:00Z,2018-03-01T21:00:00Z,HCA,MarketOnClose,Filled,sell,-4,92.101452192,-368.405808768,1.0,
207,2018-03-01T15:00:00Z,2018-03-01T21:00:00Z,EXC,MarketOnClose,Filled,buy,665,19.3812893412622,12888.557411939362,3.325,
208,2018-03-01T15:00:00Z,2018-03-01T21:00:00Z,F,MarketOnClose,Filled,buy,1844,6.794068448,12528.262218112,9.22,
209,2018-03-01T15:00:00Z,2018-03-01T21:00:00Z,VZ,MarketOnClose,Filled,buy,35,30.04240778,1051.4842723,1.0,
210,2018-03-01T15:00:00Z,2018-03-01T21:00:00Z,MCK,MarketOnClose,Filled,buy,6,137.50082664,825.00495984,1.0,
211,2018-03-01T15:00:00Z,2018-03-01T21:00:00Z,GILD,MarketOnClose,Filled,buy,4,56.37865305,225.5146122,1.0,
212,2018-04-02T14:00:00Z,2018-04-02T20:00:00Z,MU,MarketOnClose,Filled,sell,-17,48.815373238,-829.861345046,1.0,
213,2018-04-02T14:00:00Z,2018-04-02T20:00:00Z,EXC,MarketOnClose,Filled,sell,-33,20.0847272534315,-662.7959993632395,1.0,
214,2018-04-02T14:00:00Z,2018-04-02T20:00:00Z,F,MarketOnClose,Filled,sell,-75,7.177391376,-538.3043532,1.0,
215,2018-04-02T14:00:00Z,2018-04-02T20:00:00Z,TGT,MarketOnClose,Filled,buy,20,54.153252554,1083.06505108,1.0,
216,2018-04-02T14:00:00Z,2018-04-02T20:00:00Z,MCK,MarketOnClose,Filled,buy,6,131.18595996,787.11575976,1.0,
217,2018-04-02T14:00:00Z,2018-04-02T20:00:00Z,GILD,MarketOnClose,Filled,buy,9,53.562769794,482.064928146,1.0,
218,2018-04-02T14:00:00Z,2018-04-02T20:00:00Z,HCA,MarketOnClose,Filled,buy,4,88.294382208,353.177528832,1.0,
219,2018-05-01T14:00:00Z,2018-05-01T20:00:00Z,VLO,MarketOnClose,Filled,sell,-31,80.002385728,-2480.073957568,1.0,
220,2018-05-01T14:00:00Z,2018-05-01T20:00:00Z,MCK,MarketOnClose,Filled,sell,-8,144.69771036,-1157.58168288,1.0,
221,2018-05-01T14:00:00Z,2018-05-01T20:00:00Z,TGT,MarketOnClose,Filled,sell,-6,55.794022311,-334.764133866,1.0,
222,2018-05-01T14:00:00Z,2018-05-01T20:00:00Z,VZ,MarketOnClose,Filled,sell,-9,30.965910868,-278.693197812,1.0,
223,2018-05-01T14:00:00Z,2018-05-01T20:00:00Z,MU,MarketOnClose,Filled,buy,41,45.626674267,1870.693644947,1.0,
224,2018-05-01T14:00:00Z,2018-05-01T20:00:00Z,GILD,MarketOnClose,Filled,buy,16,53.138017176,850.208274816,1.0,
225,2018-05-01T14:00:00Z,2018-05-01T20:00:00Z,DAL,MarketOnClose,Filled,buy,17,48.297957678,821.065280526,1.0,
226,2018-05-01T14:00:00Z,2018-05-01T20:00:00Z,HCA,MarketOnClose,Filled,buy,5,89.10952128,445.5476064,1.0,
227,2018-06-01T14:00:00Z,2018-06-01T20:00:00Z,MCK,MarketOnClose,Filled,sell,-90,133.781001424,-12040.29012816,1.0,reached implied value
228,2018-06-01T14:00:00Z,2018-06-01T20:00:00Z,MU,MarketOnClose,Filled,sell,-51,57.279565002,-2921.257815102,1.0,
229,2018-06-01T14:00:00Z,2018-06-01T20:00:00Z,VLO,MarketOnClose,Filled,sell,-10,90.060731238,-900.60731238,1.0,
230,2018-06-01T14:00:00Z,2018-06-01T20:00:00Z,HCA,MarketOnClose,Filled,sell,-6,96.954528128,-581.727168768,1.0,
231,2018-06-01T14:00:00Z,2018-06-01T20:00:00Z,MPC,MarketOnClose,Filled,buy,223,63.826255872,14233.255059456,1.115,
232,2018-06-01T14:00:00Z,2018-06-01T20:00:00Z,GILD,MarketOnClose,Filled,buy,28,50.01828243,1400.51190804,1.0,
233,2018-06-01T14:00:00Z,2018-06-01T20:00:00Z,VZ,MarketOnClose,Filled,buy,31,30.325280594,940.083698414,1.0,
234,2018-06-01T14:00:00Z,2018-06-01T20:00:00Z,TGT,MarketOnClose,Filled,buy,5,57.64240664,288.2120332,1.0,
235,2018-07-02T14:00:00Z,2018-07-02T20:00:00Z,GILD,MarketOnClose,Filled,sell,-23,52.621362288,-1210.291332624,1.0,
236,2018-07-02T14:00:00Z,2018-07-02T20:00:00Z,VZ,MarketOnClose,Filled,sell,-35,31.980770708,-1119.32697478,1.0,
237,2018-07-02T14:00:00Z,2018-07-02T20:00:00Z,TGT,MarketOnClose,Filled,sell,-16,59.994026801,-959.904428816,1.0,
238,2018-07-02T14:00:00Z,2018-07-02T20:00:00Z,EXC,MarketOnClose,Filled,sell,-39,22.7186242020263,-886.0263438790257,1.0,
239,2018-07-02T14:00:00Z,2018-07-02T20:00:00Z,MPC,MarketOnClose,Filled,buy,21,54.749401857,1149.737438997,1.0,
240,2018-07-02T14:00:00Z,2018-07-02T20:00:00Z,MU,MarketOnClose,Filled,buy,17,53.125480104,903.133161768,1.0,
241,2018-07-02T14:00:00Z,2018-07-02T20:00:00Z,VLO,MarketOnClose,Filled,buy,10,79.474338933,794.74338933,1.0,
242,2018-07-02T14:00:00Z,2018-07-02T20:00:00Z,DAL,MarketOnClose,Filled,buy,16,45.987192576,735.795081216,1.0,
243,2018-08-01T14:00:00Z,2018-08-01T20:00:00Z,HCA,MarketOnClose,Filled,sell,-20,115.784078932,-2315.68157864,1.0,
244,2018-08-01T14:00:00Z,2018-08-01T20:00:00Z,MPC,MarketOnClose,Filled,sell,-18,62.922466116,-1132.604390088,1.0,
245,2018-08-01T14:00:00Z,2018-08-01T20:00:00Z,DAL,MarketOnClose,Filled,sell,-11,49.704682128,-546.751503408,1.0,
246,2018-08-01T14:00:00Z,2018-08-01T20:00:00Z,GILD,MarketOnClose,Filled,sell,-7,57.50847534,-402.55932738,1.0,
247,2018-08-01T14:00:00Z,2018-08-01T20:00:00Z,F,MarketOnClose,Filled,buy,322,6.717134705,2162.91737501,1.61,
248,2018-08-01T14:00:00Z,2018-08-01T20:00:00Z,EXC,MarketOnClose,Filled,buy,40,22.2474152637881,889.896610551524,1.0,
249,2018-08-01T14:00:00Z,2018-08-01T20:00:00Z,MU,MarketOnClose,Filled,buy,15,50.989929417,764.848941255,1.0,
250,2018-08-01T14:00:00Z,2018-08-01T20:00:00Z,VZ,MarketOnClose,Filled,buy,11,33.192166525,365.113831775,1.0,
251,2018-09-04T14:00:00Z,2018-09-04T20:00:00Z,HCA,MarketOnClose,Filled,sell,-123,124.898562906,-15362.523237438,1.0,reached implied value
252,2018-09-04T14:00:00Z,2018-09-04T20:00:00Z,TGT,MarketOnClose,Filled,sell,-12,70.983514305,-851.80217166,1.0,
253,2018-09-04T14:00:00Z,2018-09-04T20:00:00Z,DAL,MarketOnClose,Filled,sell,-12,54.611152896,-655.333834752,1.0,
254,2018-09-04T14:00:00Z,2018-09-04T20:00:00Z,VZ,MarketOnClose,Filled,sell,-10,34.12254815,-341.2254815,1.0,
255,2018-09-04T14:00:00Z,2018-09-04T20:00:00Z,NXPI,MarketOnClose,Filled,buy,179,83.029807352,14862.335516008,1.0,
256,2018-09-04T14:00:00Z,2018-09-04T20:00:00Z,F,MarketOnClose,Filled,buy,185,6.42508537,1188.64079345,1.0,
257,2018-09-04T14:00:00Z,2018-09-04T20:00:00Z,GILD,MarketOnClose,Filled,buy,14,54.843448434,767.808278076,1.0,
258,2018-09-04T14:00:00Z,2018-09-04T20:00:00Z,MU,MarketOnClose,Filled,buy,10,50.638879989,506.38879989,1.0,
259,2018-09-04T14:00:00Z,2018-09-04T20:00:00Z,VLO,MarketOnClose,Filled,buy,4,88.095892104,352.383568416,1.0,
260,2018-10-01T14:00:00Z,2018-10-01T20:00:00Z,GILD,MarketOnClose,Filled,sell,-15,57.9997063,-869.9955945,1.0,
261,2018-10-01T14:00:00Z,2018-10-01T20:00:00Z,TGT,MarketOnClose,Filled,sell,-8,70.600466673,-564.803733384,1.0,
262,2018-10-01T14:00:00Z,2018-10-01T20:00:00Z,EXC,MarketOnClose,Filled,sell,-24,23.1626060061376,-555.9025441473024,1.0,
263,2018-10-01T14:00:00Z,2018-10-01T20:00:00Z,DAL,MarketOnClose,Filled,sell,-6,52.49645472,-314.97872832,1.0,
264,2018-10-01T14:00:00Z,2018-10-01T20:00:00Z,MU,MarketOnClose,Filled,buy,35,44.027449095,1540.960718325,1.0,
265,2018-10-01T14:00:00Z,2018-10-01T20:00:00Z,NXPI,MarketOnClose,Filled,buy,9,74.78243949,673.04195541,1.0,
266,2018-11-01T04:00:00Z,,NXPI,MarketOnOpen,Canceled,sell,-188,0.0,0.0,0.0,no valuation
267,2018-11-01T14:00:00Z,2018-11-01T20:00:00Z,NXPI,MarketOnClose,Filled,sell,-188,73.95572547,-13903.67638836,1.0,no valuation
268,2018-11-01T14:00:00Z,2018-11-01T20:00:00Z,VZ,MarketOnClose,Filled,sell,-64,36.368661518,-2327.594337152,1.0,
269,2018-11-01T14:00:00Z,2018-11-01T20:00:00Z,F,MarketOnClose,Filled,sell,-274,6.422834732,-1759.856716568,1.37,
270,2018-11-01T14:00:00Z,2018-11-01T20:00:00Z,EXC,MarketOnClose,Filled,sell,-44,23.3013681619347,-1025.2601991251267,1.0,
271,2018-11-01T14:00:00Z,2018-11-01T20:00:00Z,ETN,MarketOnClose,Filled,buy,218,62.891411375,13710.32767975,1.09,
272,2018-11-01T14:00:00Z,2018-11-01T20:00:00Z,VLO,MarketOnClose,Filled,buy,29,67.779033421,1965.591969209,1.0,
273,2018-11-01T14:00:00Z,2018-11-01T20:00:00Z,MU,MarketOnClose,Filled,buy,38,39.122508476,1486.655322088,1.0,
274,2018-11-01T14:00:00Z,2018-11-01T20:00:00Z,MPC,MarketOnClose,Filled,buy,13,55.700327996,724.104263948,1.0,
275,2018-11-01T14:00:00Z,2018-11-01T20:00:00Z,GILD,MarketOnClose,Filled,buy,13,52.308354925,680.008614025,1.0,
276,2018-12-03T15:00:00Z,2018-12-03T21:00:00Z,DAL,MarketOnClose,Filled,sell,-29,56.111637276,-1627.237481004,1.0,
277,2018-12-03T15:00:00Z,2018-12-03T21:00:00Z,ETN,MarketOnClose,Filled,sell,-15,66.524189849,-997.862847735,1.0,
278,2018-12-03T15:00:00Z,2018-12-03T21:00:00Z,EXC,MarketOnClose,Filled,sell,-30,24.9941870401163,-749.825611203489,1.0,
279,2018-12-03T15:00:00Z,2018-12-03T21:00:00Z,GILD,MarketOnClose,Filled,sell,-11,52.71753705,-579.89290755,1.0,
280,2018-12-03T15:00:00Z,2018-12-03T21:00:00Z,VZ,MarketOnClose,Filled,sell,-15,37.731026648,-565.96539972,1.0,
281,2018-12-03T15:00:00Z,2018-12-03T21:00:00Z,TGT,MarketOnClose,Filled,buy,33,58.2072959,1920.8407647,1.0,
282,2018-12-03T15:00:00Z,2018-12-03T21:00:00Z,VLO,MarketOnClose,Filled,buy,28,60.13893519,1683.89018532,1.0,
283,2018-12-03T15:00:00Z,2018-12-03T21:00:00Z,MPC,MarketOnClose,Filled,buy,20,51.0396943,1020.793886,1.0,
284,2018-12-03T15:00:00Z,2018-12-03T21:00:00Z,F,MarketOnClose,Filled,buy,53,6.63715968,351.76946304,1.0,
285,2019-01-02T15:00:00Z,2019-01-02T21:00:00Z,EXC,MarketOnClose,Filled,sell,-45,23.6982319891981,-1066.4204395139145,1.0,
286,2019-01-02T15:00:00Z,2019-01-02T21:00:00Z,VLO,MarketOnClose,Filled,sell,-12,55.892963628,-670.715563536,1.0,
287,2019-01-02T15:00:00Z,2019-01-02T21:00:00Z,TGT,MarketOnClose,Filled,sell,-11,53.4599494,-588.0594434,1.0,
288,2019-01-02T15:00:00Z,2019-01-02T21:00:00Z,VZ,MarketOnClose,Filled,sell,-15,36.336224253,-545.043363795,1.0,
289,2019-01-02T15:00:00Z,2019-01-02T21:00:00Z,F,MarketOnClose,Filled,buy,195,5.468743028,1066.40489046,1.0,
290,2019-01-02T15:00:00Z,2019-01-02T21:00:00Z,DAL,MarketOnClose,Filled,buy,20,46.750364457,935.00728914,1.0,
291,2019-01-02T15:00:00Z,2019-01-02T21:00:00Z,MU,MarketOnClose,Filled,buy,25,31.935746575,798.393664375,1.0,
292,2019-02-01T15:00:00Z,2019-02-01T21:00:00Z,MU,MarketOnClose,Filled,sell,-32,38.61543708,-1235.69398656,1.0,
293,2019-02-01T15:00:00Z,2019-02-01T21:00:00Z,F,MarketOnClose,Filled,sell,-132,6.133784032,-809.659492224,1.0,
294,2019-02-01T15:00:00Z,2019-02-01T21:00:00Z,VLO,MarketOnClose,Filled,sell,-12,63.068211738,-756.818540856,1.0,
295,2019-02-01T15:00:00Z,2019-02-01T21:00:00Z,MPC,MarketOnClose,Filled,sell,-8,51.67907185,-413.4325748,1.0,
296,2019-02-01T15:00:00Z,2019-02-01T21:00:00Z,DAL,MarketOnClose,Filled,buy,29,46.591698816,1351.159265664,1.0,
297,2019-02-01T15:00:00Z,2019-02-01T21:00:00Z,VZ,MarketOnClose,Filled,buy,37,35.75809232,1323.04941584,1.0,
298,2019-02-01T15:00:00Z,2019-02-01T21:00:00Z,EXC,MarketOnClose,Filled,buy,21,25.5104180977435,535.7187800526135,1.0,
299,2019-03-01T15:00:00Z,2019-03-01T21:00:00Z,ETN,MarketOnClose,Filled,sell,-203,68.417327927,-13888.717569181,1.015,reached implied value
300,2019-03-01T15:00:00Z,2019-03-01T21:00:00Z,EXC,MarketOnClose,Filled,sell,-511,26.3052121196597,-13441.963393146107,2.555,reached implied value
301,2019-03-01T15:00:00Z,2019-03-01T21:00:00Z,F,MarketOnClose,Filled,sell,-2118,6.19005728,-13110.54131904,10.59,no valuation
302,2019-03-01T15:00:00Z,2019-03-01T21:00:00Z,MU,MarketOnClose,Filled,sell,-23,40.546208934,-932.562805482,1.0,
303,2019-03-01T15:00:00Z,2019-03-01T21:00:00Z,VZ,MarketOnClose,Filled,sell,-12,37.337872384,-448.054468608,1.0,
304,2019-03-01T15:00:00Z,2019-03-01T21:00:00Z,COP,MarketOnClose,Filled,buy,254,52.489733169,13332.392224926,1.27,
305,2019-03-01T15:00:00Z,2019-03-01T21:00:00Z,T,MarketOnClose,Filled,buy,877,14.8174527330667,12994.906046899496,4.385,
306,2019-03-01T15:00:00Z,2019-03-01T21:00:00Z,PSX,MarketOnClose,Filled,buy,181,73.29881876,13267.08619556,1.0,
307,2019-03-01T15:00:00Z,2019-03-01T21:00:00Z,GILD,MarketOnClose,Filled,buy,20,49.523566834,990.47133668,1.0,
308,2019-03-01T15:00:00Z,2019-03-01T21:00:00Z,VLO,MarketOnClose,Filled,buy,13,61.984536903,805.798979739,1.0,
309,2019-03-01T15:00:00Z,2019-03-01T21:00:00Z,MPC,MarketOnClose,Filled,buy,14,49.882567988,698.355951832,1.0,
310,2019-04-01T14:00:00Z,2019-04-01T20:00:00Z,TGT,MarketOnClose,Filled,sell,-18,64.917046975,-1168.50684555,1.0,
311,2019-04-01T14:00:00Z,2019-04-01T20:00:00Z,DAL,MarketOnClose,Filled,sell,-9,49.041383436,-441.372450924,1.0,
312,2019-04-01T14:00:00Z,2019-04-01T20:00:00Z,VLO,MarketOnClose,Filled,sell,-5,64.631723061,-323.158615305,1.0,
313,2019-04-01T14:00:00Z,2019-04-01T20:00:00Z,MPC,MarketOnClose,Filled,buy,15,48.585366555,728.780498325,1.0,
314,2019-04-01T14:00:00Z,2019-04-01T20:00:00Z,COP,MarketOnClose,Filled,buy,8,51.545481477,412.363851816,1.0,
315,2019-04-01T14:00:00Z,2019-04-01T20:00:00Z,PSX,MarketOnClose,Filled,buy,5,71.48665059,357.43325295,1.0,
316,2019-05-01T14:00:00Z,2019-05-01T20:00:00Z,DAL,MarketOnClose,Filled,sell,-29,54.065268168,-1567.892776872,1.0,
317,2019-05-01T14:00:00Z,2019-05-01T20:00:00Z,VLO,MarketOnClose,Filled,sell,-11,67.129350679,-738.422857469,1.0,
318,2019-05-01T14:00:00Z,2019-05-01T20:00:00Z,COP,MarketOnClose,Filled,buy,18,47.722785111,859.010131998,1.0,
319,2019-05-01T14:00:00Z,2019-05-01T20:00:00Z,TGT,MarketOnClose,Filled,buy,9,61.426446725,552.838020525,1.0,
320,2019-05-01T14:00:00Z,2019-05-01T20:00:00Z,PSX,MarketOnClose,Filled,buy,4,69.05789408,276.23157632,1.0,
321,2019-06-03T14:00:00Z,2019-06-03T20:00:00Z,TGT,MarketOnClose,Filled,sell,-31,67.94275236,-2106.22532316,1.0,
322,2019-06-03T14:00:00Z,2019-06-03T20:00:00Z,T,MarketOnClose,Filled,sell,-67,15.1863799552257,-1017.4874570001219,1.0,
323,2019-06-03T14:00:00Z,2019-06-03T20:00:00Z,GILD,MarketOnClose,Filled,sell,-13,48.199826808,-626.597748504,1.0,
324,2019-06-03T14:00:00Z,2019-06-03T20:00:00Z,COP,MarketOnClose,Filled,sell,-12,45.45799434,-545.49593208,1.0,
325,2019-06-03T14:00:00Z,2019-06-03T20:00:00Z,VZ,MarketOnClose,Filled,sell,-15,37.338128592,-560.07192888,1.0,
326,2019-06-03T14:00:00Z,2019-06-03T20:00:00Z,MPC,MarketOnClose,Filled,buy,47,37.898901402,1781.248365894,1.0,
327,2019-06-03T14:00:00Z,2019-06-03T20:00:00Z,MU,MarketOnClose,Filled,buy,51,31.877238337,1625.739155187,1.0,
328,2019-06-03T14:00:00Z,2019-06-03T20:00:00Z,VLO,MarketOnClose,Filled,buy,28,54.4429512,1524.4026336,1.0,
329,2019-06-03T14:00:00Z,2019-06-03T20:00:00Z,PSX,MarketOnClose,Filled,buy,7,62.4457782,437.1204474,1.0,
330,2019-07-01T14:00:00Z,2019-07-01T20:00:00Z,VLO,MarketOnClose,Filled,sell,-18,63.698252904,-1146.568552272,1.0,
331,2019-07-01T14:00:00Z,2019-07-01T20:00:00Z,MPC,MarketOnClose,Filled,sell,-25,44.323943248,-1108.0985812,1.0,
332,2019-07-01T14:00:00Z,2019-07-01T20:00:00Z,MU,MarketOnClose,Filled,sell,-19,39.112757103,-743.142384957,1.0,
333,2019-07-01T14:00:00Z,2019-07-01T20:00:00Z,PSX,MarketOnClose,Filled,sell,-6,71.44040124,-428.64240744,1.0,
334,2019-07-01T14:00:00Z,2019-07-01T20:00:00Z,COP,MarketOnClose,Filled,buy,23,47.631406864,1095.522357872,1.0,
335,2019-07-01T14:00:00Z,2019-07-01T20:00:00Z,VZ,MarketOnClose,Filled,buy,23,37.523560944,863.041901712,1.0,
336,2019-07-01T14:00:00Z,2019-07-01T20:00:00Z,TGT,MarketOnClose,Filled,buy,8,71.210884752,569.687078016,1.0,
337,2019-07-01T14:00:00Z,2019-07-01T20:00:00Z,DAL,MarketOnClose,Filled,buy,7,54.642040004,382.494280028,1.0,
338,2019-07-01T14:00:00Z,2019-07-01T20:00:00Z,GILD,MarketOnClose,Filled,buy,7,51.870679497,363.094756479,1.0,
339,2019-07-01T14:00:00Z,2019-07-01T20:00:00Z,T,MarketOnClose,Filled,buy,20,16.3293882889416,326.587765778832,1.0,
340,2019-08-01T14:00:00Z,2019-08-01T20:00:00Z,MU,MarketOnClose,Filled,sell,-42,42.51598628,-1785.67142376,1.0,
341,2019-08-01T14:00:00Z,2019-08-01T20:00:00Z,PSX,MarketOnClose,Filled,sell,-12,77.50265562,-930.03186744,1.0,
342,2019-08-01T14:00:00Z,2019-08-01T20:00:00Z,DAL,MarketOnClose,Filled,sell,-13,57.400879952,-746.211439376,1.0,
343,2019-08-01T14:00:00Z,2019-08-01T20:00:00Z,GILD,MarketOnClose,Filled,buy,16,50.065949973,801.055199568,1.0,
344,2019-08-01T14:00:00Z,2019-08-01T20:00:00Z,COP,MarketOnClose,Filled,buy,16,45.22751352,723.64021632,1.0,
345,2019-08-01T14:00:00Z,2019-08-01T20:00:00Z,VZ,MarketOnClose,Filled,buy,19,36.974598375,702.517369125,1.0,
346,2019-08-01T14:00:00Z,2019-08-01T20:00:00Z,VLO,MarketOnClose,Filled,buy,7,63.773868114,446.417076798,1.0,
347,2019-08-01T14:00:00Z,2019-08-01T20:00:00Z,TGT,MarketOnClose,Filled,buy,6,67.672455696,406.034734176,1.0,
348,2019-08-01T14:00:00Z,2019-08-01T20:00:00Z,MPC,MarketOnClose,Filled,buy,6,44.50889439,267.05336634,1.0,
349,2019-09-03T14:00:00Z,2019-09-03T20:00:00Z,TGT,MarketOnClose,Filled,sell,-197,88.075510146,-17350.875498762,1.0,reached implied value
350,2019-09-03T14:00:00Z,2019-09-03T20:00:00Z,VZ,MarketOnClose,Filled,sell,-23,38.84173194,-893.35983462,1.0,
351,2019-09-03T14:00:00Z,2019-09-03T20:00:00Z,T,MarketOnClose,Filled,sell,-39,17.5431220175792,-684.1817586855888,1.0,
352,2019-09-03T14:00:00Z,2019-09-03T20:00:00Z,DOW,MarketOnClose,Filled,buy,474,28.58234258,13548.03038292,2.37,
353,2019-09-03T14:00:00Z,2019-09-03T20:00:00Z,COP,MarketOnClose,Filled,buy,37,40.020196062,1480.747254294,1.0,
354,2019-09-03T14:00:00Z,2019-09-03T20:00:00Z,MPC,MarketOnClose,Filled,buy,37,40.364746144,1493.495607328,1.0,
355,2019-09-03T14:00:00Z,2019-09-03T20:00:00Z,VLO,MarketOnClose,Filled,buy,24,57.011464434,1368.275146416,1.0,
356,2019-09-03T14:00:00Z,2019-09-03T20:00:00Z,DAL,MarketOnClose,Filled,buy,11,54.517513469,599.692648159,1.0,
357,2019-09-03T14:00:00Z,2019-09-03T20:00:00Z,PSX,MarketOnClose,Filled,buy,3,76.275262074,228.825786222,1.0,
358,2019-10-01T14:00:00Z,2019-10-01T20:00:00Z,MPC,MarketOnClose,Filled,sell,-46,49.097972848,-2258.506751008,1.0,
359,2019-10-01T14:00:00Z,2019-10-01T20:00:00Z,VLO,MarketOnClose,Filled,sell,-14,65.153774964,-912.152849496,1.0,
360,2019-10-01T14:00:00Z,2019-10-01T20:00:00Z,DOW,MarketOnClose,Filled,sell,-21,31.433738957,-660.108518097,1.0,
361,2019-10-01T14:00:00Z,2019-10-01T20:00:00Z,MU,MarketOnClose,Filled,buy,34,41.24830779,1402.44246486,1.0,
362,2019-10-01T14:00:00Z,2019-10-01T20:00:00Z,GILD,MarketOnClose,Filled,buy,23,48.79689437,1122.32857051,1.0,
363,2019-10-01T14:00:00Z,2019-10-01T20:00:00Z,DAL,MarketOnClose,Filled,buy,18,54.251063761,976.519147698,1.0,
364,2019-10-01T14:00:00Z,2019-10-01T20:00:00Z,PSX,MarketOnClose,Filled,buy,6,77.455922478,464.735534868,1.0,
365,2019-10-01T14:00:00Z,2019-10-01T20:00:00Z,VZ,MarketOnClose,Filled,buy,10,40.053026475,400.53026475,1.0,
366,2019-11-01T14:00:00Z,2019-11-01T20:00:00Z,PSX,MarketOnClose,Filled,sell,-15,90.77285184,-1361.5927776,1.0,
367,2019-11-01T14:00:00Z,2019-11-01T20:00:00Z,VLO,MarketOnClose,Filled,sell,-17,76.346584932,-1297.891943844,1.0,
368,2019-11-01T14:00:00Z,2019-11-01T20:00:00Z,MU,MarketOnClose,Filled,sell,-19,47.177142574,-896.365708906,1.0,
369,2019-11-01T14:00:00Z,2019-11-01T20:00:00Z,DAL,MarketOnClose,Filled,buy,24,53.704514136,1288.908339264,1.0,
370,2019-11-01T14:00:00Z,2019-11-01T20:00:00Z,COP,MarketOnClose,Filled,buy,18,44.29084995,797.2352991,1.0,
371,2019-11-01T14:00:00Z,2019-11-01T20:00:00Z,GILD,MarketOnClose,Filled,buy,13,49.90837061,648.80881793,1.0,
372,2019-11-01T14:00:00Z,2019-11-01T20:00:00Z,VZ,MarketOnClose,Filled,buy,14,40.821403153,571.499644142,1.0,
373,2019-12-02T15:00:00Z,2019-12-02T21:00:00Z,GILD,MarketOnClose,Filled,sell,-315,51.03528402,-16076.1144663,1.575,reached implied value
374,2019-12-02T15:00:00Z,2019-12-02T21:00:00Z,COP,MarketOnClose,Filled,sell,-23,46.78632741,-1076.08553043,1.0,
375,2019-12-02T15:00:00Z,2019-12-02T21:00:00Z,DOW,MarketOnClose,Filled,sell,-27,36.815601828,-994.021249356,1.0,
376,2019-12-02T15:00:00Z,2019-12-02T21:00:00Z,DAL,MarketOnClose,Filled,sell,-7,54.4043409,-380.8303863,1.0,
377,2019-12-02T15:00:00Z,2019-12-02T21:00:00Z,OXY,MarketOnClose,Filled,buy,463,34.109602144,15792.745792672,2.315,
378,2019-12-02T15:00:00Z,2019-12-02T21:00:00Z,T,MarketOnClose,Filled,buy,46,18.7754244461451,863.6695245226746,1.0,
379,2019-12-02T15:00:00Z,2019-12-02T21:00:00Z,MPC,MarketOnClose,Filled,buy,17,49.906241688,848.406108696,1.0,
380,2019-12-02T15:00:00Z,2019-12-02T21:00:00Z,PSX,MarketOnClose,Filled,buy,4,88.318027122,353.272108488,1.0,
381,2019-12-02T15:00:00Z,2019-12-02T21:00:00Z,VLO,MarketOnClose,Filled,buy,4,73.74642316,294.98569264,1.0,
382,2020-01-02T15:00:00Z,2020-01-02T21:00:00Z,MU,MarketOnClose,Filled,sell,-24,54.012855047,-1296.308521128,1.0,
383,2020-01-02T15:00:00Z,2020-01-02T21:00:00Z,OXY,MarketOnClose,Filled,sell,-25,38.325312724,-958.1328181,1.0,
384,2020-01-02T15:00:00Z,2020-01-02T21:00:00Z,COP,MarketOnClose,Filled,sell,-16,50.73104178,-811.69666848,1.0,
385,2020-01-02T15:00:00Z,2020-01-02T21:00:00Z,PSX,MarketOnClose,Filled,buy,12,86.67263748,1040.07164976,1.0,
386,2020-01-02T15:00:00Z,2020-01-02T21:00:00Z,VLO,MarketOnClose,Filled,buy,12,73.383862293,880.606347516,1.0,
387,2020-01-02T15:00:00Z,2020-01-02T21:00:00Z,MPC,MarketOnClose,Filled,buy,13,50.758919384,659.865951992,1.0,
388,2020-01-02T15:00:00Z,2020-01-02T21:00:00Z,VZ,MarketOnClose,Filled,buy,13,41.287972114,536.743637482,1.0,
389,2020-02-03T15:00:00Z,2020-02-03T21:00:00Z,MU,MarketOnClose,Filled,sell,-20,52.442883994,-1048.85767988,1.0,
390,2020-02-03T15:00:00Z,2020-02-03T21:00:00Z,T,MarketOnClose,Filled,sell,-52,18.8279932483843,-979.0556489159836,1.0,
391,2020-02-03T15:00:00Z,2020-02-03T21:00:00Z,VZ,MarketOnClose,Filled,sell,-22,39.64065648,-872.09444256,1.0,
392,2020-02-03T15:00:00Z,2020-02-03T21:00:00Z,OXY,MarketOnClose,Filled,sell,-18,36.075118224,-649.352128032,1.0,
393,2020-02-03T15:00:00Z,2020-02-03T21:00:00Z,PSX,MarketOnClose,Filled,buy,24,68.71239843,1649.09756232,1.0,
394,2020-02-03T15:00:00Z,2020-02-03T21:00:00Z,DOW,MarketOnClose,Filled,buy,45,32.369473842,1456.62632289,1.0,
395,2020-02-03T15:00:00Z,2020-02-03T21:00:00Z,VLO,MarketOnClose,Filled,buy,6,61.905339525,371.43203715,1.0,
396,2020-02-03T15:00:00Z,2020-02-03T21:00:00Z,MPC,MarketOnClose,Filled,buy,7,42.683077744,298.781544208,1.0,
397,2020-03-02T15:00:00Z,2020-03-02T21:00:00Z,OXY,MarketOnClose,Filled,sell,-420,29.675565066,-12463.73732772,2.1,no valuation
398,2020-03-02T15:00:00Z,2020-03-02T21:00:00Z,DOW,MarketOnClose,Filled,sell,-471,29.159278226,-13734.020044446,2.355,no valuation
399,2020-03-02T15:00:00Z,2020-03-02T21:00:00Z,MU,MarketOnClose,Filled,sell,-35,53.232745207,-1863.146082245,1.0,
400,2020-03-02T15:00:00Z,2020-03-02T21:00:00Z,T,MarketOnClose,Filled,sell,-54,18.9400646367676,-1022.7634903854504,1.0,
401,2020-03-02T15:00:00Z,2020-03-02T21:00:00Z,VZ,MarketOnClose,Filled,sell,-16,39.16239968,-626.59839488,1.0,
402,2020-03-02T15:00:00Z,2020-03-02T21:00:00Z,DELL,MarketOnClose,Filled,buy,704,19.5172680433947,13740.156702549868,3.52,
403,2020-03-02T15:00:00Z,2020-03-02T21:00:00Z,ET,MarketOnClose,Filled,buy,2072,6.756803872,14000.097622784,10.36,
404,2020-03-02T15:00:00Z,2020-03-02T21:00:00Z,VLO,MarketOnClose,Filled,buy,22,52.970682149,1165.355007278,1.0,
405,2020-03-02T15:00:00Z,2020-03-02T21:00:00Z,COP,MarketOnClose,Filled,buy,24,38.422946709,922.150721016,1.0,
406,2020-03-02T15:00:00Z,2020-03-02T21:00:00Z,PSX,MarketOnClose,Filled,buy,11,58.59727066,644.56997726,1.0,
407,2020-03-02T15:00:00Z,2020-03-02T21:00:00Z,DAL,MarketOnClose,Filled,buy,8,45.522765144,364.182121152,1.0,
408,2020-03-03T05:00:00Z,2020-03-03T21:00:00Z,VLO,MarketOnOpen,Filled,sell,-253,53.407746861,-13512.159955833,1.265,left universe
409,2020-04-01T04:00:00Z,,DAL,MarketOnOpen,Canceled,sell,-294,0.0,0.0,0.0,no valuation
410,2020-04-01T04:00:00Z,,ET,MarketOnOpen,Canceled,sell,-2072,0.0,0.0,0.0,no valuation
411,2020-04-01T04:00:00Z,,MPC,MarketOnOpen,Canceled,sell,-336,0.0,0.0,0.0,no valuation
412,2020-04-01T14:00:00Z,2020-04-01T20:00:00Z,MPC,MarketOnClose,Filled,sell,-336,17.282795529,-5807.019297744,1.68,no valuation
413,2020-04-01T14:00:00Z,2020-04-01T20:00:00Z,DAL,MarketOnClose,Filled,sell,-294,22.997877005,-6761.37583947,1.47,no valuation
414,2020-04-01T14:00:00Z,2020-04-01T20:00:00Z,ET,MarketOnClose,Filled,sell,-2072,2.901484672,-6011.876240384,10.36,no valuation
415,2020-04-01T14:00:00Z,2020-04-01T20:00:00Z,VZ,MarketOnClose,Filled,sell,-88,36.15621408,-3181.74683904,1.0,
416,2020-04-01T14:00:00Z,2020-04-01T20:00:00Z,DELL,MarketOnClose,Filled,sell,-168,16.9895539231249,-2854.245059084983,1.0,
417,2020-04-01T14:00:00Z,2020-04-01T20:00:00Z,T,MarketOnClose,Filled,sell,-74,14.2891020188631,-1057.3935493958695,1.0,
418,2020-04-01T14:00:00Z,2020-04-01T20:00:00Z,MU,MarketOnClose,Filled,sell,-17,38.898226897,-661.269857249,1.0,
419,2020-04-01T14:00:00Z,2020-04-01T20:00:00Z,CVS,MarketOnClose,Filled,buy,203,47.306733366,9603.266873298,1.015,
420,2020-04-01T14:00:00Z,2020-04-01T20:00:00Z,EPD,MarketOnClose,Filled,buy,1117,8.428841015,9415.015413755,5.585,
421,2020-04-01T14:00:00Z,2020-04-01T20:00:00Z,SO,MarketOnClose,Filled,buy,234,38.639398228,9041.619185352,1.17,
422,2020-04-01T14:00:00Z,2020-04-01T20:00:00Z,CI,MarketOnClose,Filled,buy,61,155.693322018,9497.292643098,1.0,
423,2020-04-01T14:00:00Z,2020-04-01T20:00:00Z,COP,MarketOnClose,Filled,buy,59,23.117767246,1363.948267514,1.0,
424,2020-04-01T14:00:00Z,2020-04-01T20:00:00Z,PSX,MarketOnClose,Filled,buy,9,38.630504266,347.674538394,1.0,
425,2020-05-01T14:00:00Z,2020-05-01T20:00:00Z,PSX,MarketOnClose,Filled,sell,-37,51.777827976,-1915.779635112,1.0,
426,2020-05-01T14:00:00Z,2020-05-01T20:00:00Z,COP,MarketOnClose,Filled,sell,-64,30.555725445,-1955.56642848,1.0,
427,2020-05-01T14:00:00Z,2020-05-01T20:00:00Z,EPD,MarketOnClose,Filled,sell,-98,10.747766268,-1053.281094264,1.0,
428,2020-05-01T14:00:00Z,2020-05-01T20:00:00Z,CVS,MarketOnClose,Filled,buy,20,48.822735353,976.45470706,1.0,
429,2020-05-01T14:00:00Z,2020-05-01T20:00:00Z,SO,MarketOnClose,Filled,buy,22,41.929989182,922.459762004,1.0,
430,2020-05-01T14:00:00Z,2020-05-01T20:00:00Z,T,MarketOnClose,Filled,buy,54,15.499464255094,836.971069775076,1.0,
431,2020-05-01T14:00:00Z,2020-05-01T20:00:00Z,DELL,MarketOnClose,Filled,buy,35,18.4168606212736,644.590121744576,1.0,
432,2020-05-01T14:00:00Z,2020-05-01T20:00:00Z,VZ,MarketOnClose,Filled,buy,17,39.2559916775,667.3518585175,1.0,
433,2020-05-01T14:00:00Z,2020-05-01T20:00:00Z,CI,MarketOnClose,Filled,buy,2,168.305677566,336.611355132,1.0,
434,2020-06-01T14:00:00Z,2020-06-01T20:00:00Z,CI,MarketOnClose,Filled,sell,-63,178.21024494,-11227.24543122,1.0,no valuation
435,2020-06-01T14:00:00Z,2020-06-01T20:00:00Z,DELL,MarketOnClose,Filled,sell,-59,22.7310102218069,-1341.1296030866072,1.0,
436,2020-06-01T14:00:00Z,2020-06-01T20:00:00Z,EPD,MarketOnClose,Filled,sell,-42,12.090452772,-507.799016424,1.0,
437,2020-06-01T14:00:00Z,2020-06-01T20:00:00Z,PSX,MarketOnClose,Filled,sell,-7,62.288951323,-436.022659261,1.0,
438,2020-06-01T14:00:00Z,2020-06-01T20:00:00Z,CVS,MarketOnClose,Filled,sell,-5,53.671484652,-268.35742326,1.0,
439,2020-06-01T14:00:00Z,2020-06-01T20:00:00Z,BIIB,MarketOnClose,Filled,buy,38,301.45,11455.1,1.0,
440,2020-06-01T14:00:00Z,2020-06-01T20:00:00Z,MU,MarketOnClose,Filled,buy,12,45.187862482,542.254349784,1.0,
441,2020-06-01T14:00:00Z,2020-06-01T20:00:00Z,VZ,MarketOnClose,Filled,buy,12,38.52052451,462.24629412,1.0,
442,2020-06-01T14:00:00Z,2020-06-01T20:00:00Z,T,MarketOnClose,Filled,buy,21,16.0333922879618,336.7012380471978,1.0,
443,2020-06-01T14:00:00Z,2020-06-01T20:00:00Z,COP,MarketOnClose,Filled,buy,10,34.203603709,342.03603709,1.0,
444,2020-06-01T14:00:00Z,2020-06-01T20:00:00Z,SO,MarketOnClose,Filled,buy,7,44.9912865,314.9390055,1.0,
445,2020-07-01T14:00:00Z,2020-07-01T20:00:00Z,DELL,MarketOnClose,Filled,sell,-59,24.9916798630683,-1474.5091119210297,1.0,
446,2020-07-01T14:00:00Z,2020-07-01T20:00:00Z,MU,MarketOnClose,Filled,sell,-22,48.46432381,-1066.21512382,1.0,
447,2020-07-01T14:00:00Z,2020-07-01T20:00:00Z,BIIB,MarketOnClose,Filled,buy,4,264.77,1059.08,1.0,
448,2020-07-01T14:00:00Z,2020-07-01T20:00:00Z,SO,MarketOnClose,Filled,buy,20,41.22511815,824.502363,1.0,
449,2020-07-01T14:00:00Z,2020-07-01T20:00:00Z,PSX,MarketOnClose,Filled,buy,12,54.608517391,655.302208692,1.0,
450,2020-07-01T14:00:00Z,2020-07-01T20:00:00Z,EPD,MarketOnClose,Filled,buy,28,11.237156676,314.640386928,1.0,
451,2020-07-01T14:00:00Z,2020-07-01T20:00:00Z,VZ,MarketOnClose,Filled,buy,6,37.753981265,226.52388759,1.0,
452,2020-08-01T04:00:00Z,,PSX,MarketOnOpen,Canceled,sell,-201,0.0,0.0,0.0,no valuation
453,2020-08-03T14:00:00Z,2020-08-03T20:00:00Z,PSX,MarketOnClose,Filled,sell,-201,48.295074272,-9707.309928672,1.005,no valuation
454,2020-08-03T14:00:00Z,2020-08-03T20:00:00Z,DELL,MarketOnClose,Filled,sell,-41,27.8462932593657,-1141.6980236339937,1.0,
455,2020-08-03T14:00:00Z,2020-08-03T20:00:00Z,SO,MarketOnClose,Filled,sell,-17,42.1218249,-716.0710233,1.0,
456,2020-08-03T14:00:00Z,2020-08-03T20:00:00Z,VZ,MarketOnClose,Filled,sell,-18,39.97266678,-719.50800204,1.0,
457,2020-08-03T14:00:00Z,2020-08-03T20:00:00Z,RTX,MarketOnClose,Filled,buy,230,49.988600658,11497.37815134,1.15,
458,2020-08-03T14:00:00Z,2020-08-03T20:00:00Z,COP,MarketOnClose,Filled,buy,29,29.233083408,847.759418832,1.0,
459,2020-08-03T14:00:00Z,2020-08-03T20:00:00Z,MU,MarketOnClose,Filled,buy,4,49.137168547,196.548674188,1.0,
460,2020-09-01T14:00:00Z,2020-09-01T20:00:00Z,DELL,MarketOnClose,Filled,sell,-34,30.5581759858482,-1038.9779835188388,1.0,
461,2020-09-01T14:00:00Z,2020-09-01T20:00:00Z,RTX,MarketOnClose,Filled,sell,-15,53.136608276,-797.04912414,1.0,
462,2020-09-01T14:00:00Z,2020-09-01T20:00:00Z,BIIB,MarketOnClose,Filled,sell,-2,279.75,-559.5,1.0,
463,2020-09-01T14:00:00Z,2020-09-01T20:00:00Z,MU,MarketOnClose,Filled,buy,27,44.622282848,1204.801636896,1.0,
464,2020-09-01T14:00:00Z,2020-09-01T20:00:00Z,SO,MarketOnClose,Filled,buy,13,40.874126535,531.363644955,1.0,
465,2020-09-01T14:00:00Z,2020-09-01T20:00:00Z,CVS,MarketOnClose,Filled,buy,6,49.673752084,298.042512504,1.0,
466,2020-10-01T14:00:00Z,2020-10-01T20:00:00Z,SO,MarketOnClose,Filled,sell,-19,43.09100157,-818.72902983,1.0,
467,2020-10-01T14:00:00Z,2020-10-01T20:00:00Z,MU,MarketOnClose,Filled,sell,-16,46.728579416,-747.657270656,1.0,
468,2020-10-01T14:00:00Z,2020-10-01T20:00:00Z,DELL,MarketOnClose,Filled,sell,-21,31.0968691590205,-653.0342523394305,1.0,
469,2020-10-01T14:00:00Z,2020-10-01T20:00:00Z,VZ,MarketOnClose,Filled,sell,-15,41.515986025,-622.739790375,1.0,
470,2020-10-01T14:00:00Z,2020-10-01T20:00:00Z,COP,MarketOnClose,Filled,buy,45,25.824813264,1162.11659688,1.0,
471,2020-10-01T14:00:00Z,2020-10-01T20:00:00Z,EPD,MarketOnClose,Filled,buy,93,10.074318216,936.911594088,1.0,
472,2020-10-01T14:00:00Z,2020-10-01T20:00:00Z,CVS,MarketOnClose,Filled,buy,7,47.663069352,333.641485464,1.0,
473,2020-10-01T14:00:00Z,2020-10-01T20:00:00Z,RTX,MarketOnClose,Filled,buy,6,50.316900322,301.901401932,1.0,
474,2020-11-02T15:00:00Z,2020-11-02T21:00:00Z,EPD,MarketOnClose,Filled,sell,-108,10.82790976,-1169.41425408,1.0,
475,2020-11-02T15:00:00Z,2020-11-02T21:00:00Z,MU,MarketOnClose,Filled,sell,-23,48.474075183,-1114.903729209,1.0,
476,2020-11-02T15:00:00Z,2020-11-02T21:00:00Z,SO,MarketOnClose,Filled,sell,-21,46.554375735,-977.641890435,1.0,
477,2020-11-02T15:00:00Z,2020-11-02T21:00:00Z,COP,MarketOnClose,Filled,buy,43,24.368904818,1047.862907174,1.0,
478,2020-11-02T15:00:00Z,2020-11-02T21:00:00Z,DELL,MarketOnClose,Filled,buy,33,27.7588131714146,916.0408346566818,1.0,
479,2020-11-02T15:00:00Z,2020-11-02T21:00:00Z,BIIB,MarketOnClose,Filled,buy,3,248.99,746.97,1.0,
480,2020-11-02T15:00:00Z,2020-11-02T21:00:00Z,RTX,MarketOnClose,Filled,buy,6,48.819477775,292.91686665,1.0,
481,2020-11-03T05:00:00Z,2020-11-03T21:00:00Z,COP,MarketOnOpen,Filled,sell,-469,24.763901952,-11614.270015488,2.345,left universe
482,2020-12-01T05:00:00Z,,BIIB,MarketOnOpen,Canceled,sell,-43,0.0,0.0,0.0,no valuation
483,2020-12-01T15:00:00Z,2020-12-01T21:00:00Z,BIIB,MarketOnClose,Filled,sell,-43,243.16,-10455.88,1.0,no valuation
484,2020-12-01T15:00:00Z,2020-12-01T21:00:00Z,MU,MarketOnClose,Filled,sell,-220,65.412210084,-14390.68621848,1.1,reached implied value
485,2020-12-01T15:00:00Z,2020-12-01T21:00:00Z,RTX,MarketOnClose,Filled,sell,-34,62.828293286,-2136.161971724,1.0,
486,2020-12-01T15:00:00Z,2020-12-01T21:00:00Z,CVS,MarketOnClose,Filled,sell,-14,56.127306928,-785.782296992,1.0,
487,2020-12-01T15:00:00Z,2020-12-01T21:00:00Z,EPD,MarketOnClose,Filled,sell,-33,12.914263104,-426.170682432,1.0,
488,2020-12-01T15:00:00Z,2020-12-01T21:00:00Z,PFE,MarketOnClose,Filled,buy,429,29.364564404,12597.398129316,2.145,
489,2020-12-01T15:00:00Z,2020-12-01T21:00:00Z,NEM,MarketOnClose,Filled,buy,247,50.747113413,12534.537013011,1.235,
490,2020-12-01T15:00:00Z,2020-12-01T21:00:00Z,INTC,MarketOnClose,Filled,buy,280,44.805149172,12545.44176816,1.4,
491,2020-12-01T15:00:00Z,2020-12-01T21:00:00Z,T,MarketOnClose,Filled,buy,62,15.5053288977729,961.3303916619197,1.0,
492,2020-12-01T15:00:00Z,2020-12-01T21:00:00Z,SO,MarketOnClose,Filled,buy,18,48.271461381,868.886304858,1.0,
493,2020-12-01T15:00:00Z,2020-12-01T21:00:00Z,VZ,MarketOnClose,Filled,buy,19,42.755177062,812.348364178,1.0,
494,2021-01-04T15:00:00Z,2021-01-04T21:00:00Z,EPD,MarketOnClose,Filled,sell,-957,12.735998736,-12188.350790352,4.785,reached implied value
495,2021-01-04T15:00:00Z,2021-01-04T21:00:00Z,PFE,MarketOnClose,Filled,sell,-429,27.427292964,-11766.308681556,2.145,reached implied value
496,2021-01-04T15:00:00Z,2021-01-04T21:00:00Z,SO,MarketOnClose,Filled,sell,-257,47.307147888,-12157.937007216,1.285,reached implied value
497,2021-01-04T15:00:00Z,2021-01-04T21:00:00Z,RTX,MarketOnClose,Filled,sell,-193,60.358558326,-11649.201756918,1.0,reached implied value
498,2021-01-04T15:00:00Z,2021-01-04T21:00:00Z,DELL,MarketOnClose,Filled,sell,-24,33.3759556609031,-801.0229358616745,1.0,
499,2021-01-04T15:00:00Z,2021-01-04T21:00:00Z,INTC,MarketOnClose,Filled,sell,-6,44.904595629,-269.427573774,1.0,
500,2021-01-04T15:00:00Z,2021-01-04T21:00:00Z,COP,MarketOnClose,Filled,buy,383,31.898033862,12216.946969146,1.915,
501,2021-01-04T15:00:00Z,2021-01-04T21:00:00Z,WMT,MarketOnClose,Filled,buy,276,45.3476260849036,12515.944799433393,1.38,
502,2021-01-04T15:00:00Z,2021-01-04T21:00:00Z,LVS,MarketOnClose,Filled,buy,220,54.379300645,11963.4461419,1.1,
503,2021-01-04T15:00:00Z,2021-01-04T21:00:00Z,LMT,MarketOnClose,Filled,buy,40,295.056367488,11802.25469952,1.0,
504,2021-01-04T15:00:00Z,2021-01-04T21:00:00Z,VZ,MarketOnClose,Filled,buy,11,41.534205515,456.876260665,1.0,
505,2021-02-01T15:00:00Z,2021-02-01T21:00:00Z,INTC,MarketOnClose,Filled,sell,-34,51.251087703,-1742.536981902,1.0,
506,2021-02-01T15:00:00Z,2021-02-01T21:00:00Z,CVS,MarketOnClose,Filled,sell,-16,59.782142574,-956.514281184,1.0,
507,2021-02-01T15:00:00Z,2021-02-01T21:00:00Z,NEM,MarketOnClose,Filled,sell,-9,50.807808744,-457.270278696,1.0,
508,2021-02-01T15:00:00Z,2021-02-01T21:00:00Z,T,MarketOnClose,Filled,sell,-24,15.6539532381344,-375.6948777152256,1.0,
509,2021-02-01T15:00:00Z,2021-02-01T21:00:00Z,COP,MarketOnClose,Filled,sell,-10,32.817006786,-328.17006786,1.0,
510,2021-02-01T15:00:00Z,2021-02-01T21:00:00Z,LVS,MarketOnClose,Filled,buy,47,46.046458717,2164.183559699,1.0,
511,2021-02-01T15:00:00Z,2021-02-01T21:00:00Z,LMT,MarketOnClose,Filled,buy,3,277.454351136,832.363053408,1.0,
512,2021-02-01T15:00:00Z,2021-02-01T21:00:00Z,VZ,MarketOnClose,Filled,buy,10,38.718645924,387.18645924,1.0,
513,2021-02-02T05:00:00Z,2021-02-02T21:00:00Z,LVS,MarketOnOpen,Filled,sell,-267,46.797165197,-12494.843107599,1.335,left universe
514,2021-03-01T15:00:00Z,2021-03-01T21:00:00Z,COP,MarketOnClose,Filled,sell,-373,42.799292461,-15964.136087953,1.865,no valuation
515,2021-03-01T15:00:00Z,2021-03-01T21:00:00Z,WMT,MarketOnClose,Filled,sell,-276,40.6559587714037,-11221.044620907422,1.38,reached implied value
516,2021-03-01T15:00:00Z,2021-03-01T21:00:00Z,DELL,MarketOnClose,Filled,sell,-31,38.2564237255406,-1185.9491354917586,1.0,
517,2021-03-01T15:00:00Z,2021-03-01T21:00:00Z,INTC,MarketOnClose,Filled,sell,-14,57.191768304,-800.684756256,1.0,
518,2021-03-01T15:00:00Z,2021-03-01T21:00:00Z,MO,MarketOnClose,Filled,buy,444,28.76842838,12773.18220072,2.22,
519,2021-03-01T15:00:00Z,2021-03-01T21:00:00Z,CI,MarketOnClose,Filled,buy,66,193.36846113,12762.31843458,1.0,
520,2021-03-01T15:00:00Z,2021-03-01T21:00:00Z,NOC,MarketOnClose,Filled,buy,46,268.284448098,12341.084612508,1.0,
521,2021-03-01T15:00:00Z,2021-03-01T21:00:00Z,NEM,MarketOnClose,Filled,buy,33,46.37018617,1530.21614361,1.0,
522,2021-03-01T15:00:00Z,2021-03-01T21:00:00Z,CVS,MarketOnClose,Filled,buy,18,57.958394032,1043.251092576,1.0,
523,2021-03-01T15:00:00Z,2021-03-01T21:00:00Z,T,MarketOnClose,Filled,buy,50,15.3533361193853,767.666805969265,1.0,
524,2021-03-01T15:00:00Z,2021-03-01T21:00:00Z,VZ,MarketOnClose,Filled,buy,9,39.489024288,355.401218592,1.0,
525,2021-04-01T14:00:00Z,2021-04-01T20:00:00Z,T,MarketOnClose,Filled,sell,-820,16.6487226129041,-13651.952542581363,4.1,reached implied value
526,2021-04-01T14:00:00Z,2021-04-01T20:00:00Z,MO,MarketOnClose,Filled,sell,-34,33.5190564,-1139.6479176,1.0,
527,2021-04-01T14:00:00Z,2021-04-01T20:00:00Z,CI,MarketOnClose,Filled,sell,-3,218.475944874,-655.427834622,1.0,
528,2021-04-01T14:00:00Z,2021-04-01T20:00:00Z,DOW,MarketOnClose,Filled,buy,290,48.12366018,13955.8614522,1.45,
529,2021-04-01T14:00:00Z,2021-04-01T20:00:00Z,VZ,MarketOnClose,Filled,buy,16,41.58616539,665.37864624,1.0,
530,2021-04-01T14:00:00Z,2021-04-01T20:00:00Z,INTC,MarketOnClose,Filled,buy,11,58.710697265,645.817669915,1.0,
531,2021-05-03T14:00:00Z,2021-05-03T20:00:00Z,DELL,MarketOnClose,Filled,sell,-26,45.0200157887033,-1170.5204105062858,1.0,
532,2021-05-03T14:00:00Z,2021-05-03T20:00:00Z,NOC,MarketOnClose,Filled,sell,-3,330.0302793,-990.0908379,1.0,
533,2021-05-03T14:00:00Z,2021-05-03T20:00:00Z,NEM,MarketOnClose,Filled,sell,-10,55.228696292,-552.28696292,1.0,
534,2021-05-03T14:00:00Z,2021-05-03T20:00:00Z,INTC,MarketOnClose,Filled,buy,30,52.080163058,1562.40489174,1.0,
535,2021-05-03T14:00:00Z,2021-05-03T20:00:00Z,MO,MarketOnClose,Filled,buy,36,31.790524668,1144.458888048,1.0,
536,2021-05-03T14:00:00Z,2021-05-03T20:00:00Z,DOW,MarketOnClose,Filled,buy,10,48.086412765,480.86412765,1.0,
537,2021-06-01T14:00:00Z,2021-06-01T20:00:00Z,CI,MarketOnClose,Filled,sell,-63,232.795275504,-14666.102356752,1.0,no valuation
538,2021-06-01T14:00:00Z,2021-06-01T20:00:00Z,NEM,MarketOnClose,Filled,sell,-28,63.35963529,-1774.06978812,1.0,
539,2021-06-01T14:00:00Z,2021-06-01T20:00:00Z,CVS,MarketOnClose,Filled,sell,-17,72.308653944,-1229.247117048,1.0,
540,2021-06-01T14:00:00Z,2021-06-01T20:00:00Z,DOW,MarketOnClose,Filled,sell,-15,52.9849332,-794.773998,1.0,
541,2021-06-01T14:00:00Z,2021-06-01T20:00:00Z,TGT,MarketOnClose,Filled,buy,75,193.797793644,14534.8345233,1.0,
542,2021-06-01T14:00:00Z,2021-06-01T20:00:00Z,VZ,MarketOnClose,Filled,buy,28,40.648931332,1138.170077296,1.0,
543,2021-06-01T14:00:00Z,2021-06-01T20:00:00Z,INTC,MarketOnClose,Filled,buy,14,52.061870858,728.866192012,1.0,
544,2021-06-01T14:00:00Z,2021-06-01T20:00:00Z,DELL,MarketOnClose,Filled,buy,15,47.3543528724497,710.3152930867456,1.0,
545,2021-06-01T14:00:00Z,2021-06-01T20:00:00Z,LMT,MarketOnClose,Filled,buy,1,331.706227776,331.706227776,1.0,
546,2021-07-01T14:00:00Z,2021-07-01T20:00:00Z,TGT,MarketOnClose,Filled,sell,-6,207.647803188,-1245.886819128,1.0,
547,2021-07-01T14:00:00Z,2021-07-01T20:00:00Z,DELL,MarketOnClose,Filled,sell,-11,45.4389993678373,-499.8289930462103,1.0,
548,2021-07-01T14:00:00Z,2021-07-01T20:00:00Z,NEM,MarketOnClose,Filled,buy,29,54.261399458,1573.580584282,1.0,
549,2021-07-01T14:00:00Z,2021-07-01T20:00:00Z,DOW,MarketOnClose,Filled,buy,16,47.78502,764.56032,1.0,
550,2021-08-02T14:00:00Z,2021-08-02T20:00:00Z,TGT,MarketOnClose,Filled,sell,-5,219.323088327,-1096.615441635,1.0,
551,2021-08-02T14:00:00Z,2021-08-02T20:00:00Z,VZ,MarketOnClose,Filled,sell,-9,40.653188544,-365.878696896,1.0,
552,2021-08-02T14:00:00Z,2021-08-02T20:00:00Z,INTC,MarketOnClose,Filled,buy,10,49.124296496,491.24296496,1.0,
553,2021-08-02T14:00:00Z,2021-08-02T20:00:00Z,DELL,MarketOnClose,Filled,buy,9,44.3339877305609,399.0058895750481,1.0,
554,2021-08-03T04:00:00Z,2021-08-03T20:00:00Z,DOW,MarketOnOpen,Filled,sell,-301,46.016598,-13850.995998,1.505,left universe
555,2021-09-01T04:00:00Z,,NEM,MarketOnOpen,Canceled,sell,-262,0.0,0.0,0.0,no valuation
556,2021-09-01T14:00:00Z,2021-09-01T20:00:00Z,NEM,MarketOnClose,Filled,sell,-262,49.962612164,-13090.204386968,1.31,no valuation
557,2021-09-01T14:00:00Z,2021-09-01T20:00:00Z,MO,MarketOnClose,Filled,sell,-22,33.493258608,-736.851689376,1.0,
558,2021-09-01T14:00:00Z,2021-09-01T20:00:00Z,CVS,MarketOnClose,Filled,sell,-8,72.61102641,-580.88821128,1.0,
559,2021-09-01T14:00:00Z,2021-09-01T20:00:00Z,NOC,MarketOnClose,Filled,sell,-1,336.529517016,-336.529517016,1.0,
560,2021-09-01T14:00:00Z,2021-09-01T20:00:00Z,CI,MarketOnClose,Filled,buy,74,191.425241385,14165.46786249,1.0,
561,2021-09-01T14:00:00Z,2021-09-01T20:00:00Z,FDX,MarketOnClose,Filled,buy,91,155.706884574738,14169.326496301159,1.0,
562,2021-09-01T14:00:00Z,2021-09-01T20:00:00Z,TGT,MarketOnClose,Filled,buy,3,210.833566563,632.500699689,1.0,
563,2021-09-01T14:00:00Z,2021-09-01T20:00:00Z,LMT,MarketOnClose,Filled,buy,1,312.147955782,312.147955782,1.0,
564,2021-10-01T14:00:00Z,2021-10-01T20:00:00Z,DELL,MarketOnClose,Filled,sell,-37,48.703387912958,-1802.025352779446,1.0,
565,2021-10-01T14:00:00Z,2021-10-01T20:00:00Z,INTC,MarketOnClose,Filled,sell,-13,49.608851744,-644.915072672,1.0,
566,2021-10-01T14:00:00Z,2021-10-01T20:00:00Z,NOC,MarketOnClose,Filled,sell,-1,332.785997264,-332.785997264,1.0,
567,2021-10-01T14:00:00Z,2021-10-01T20:00:00Z,CVS,MarketOnClose,Filled,sell,-4,71.22166597,-284.88666388,1.0,
568,2021-10-01T14:00:00Z,2021-10-01T20:00:00Z,FDX,MarketOnClose,Filled,buy,15,130.663900265755,1959.958503986325,1.0,
569,2021-10-01T14:00:00Z,2021-10-01T20:00:00Z,MO,MarketOnClose,Filled,buy,17,31.232228412,530.947883004,1.0,
570,2021-10-01T14:00:00Z,2021-10-01T20:00:00Z,TGT,MarketOnClose,Filled,buy,2,195.45556116,390.91112232,1.0,
571,2021-11-01T14:00:00Z,2021-11-01T20:00:00Z,TGT,MarketOnClose,Filled,sell,-7,220.683363012,-1544.783541084,1.0,
572,2021-11-01T14:00:00Z,2021-11-01T20:00:00Z,FDX,MarketOnClose,Filled,sell,-5,138.361755532389,-691.808777661945,1.0,
573,2021-11-01T14:00:00Z,2021-11-01T20:00:00Z,CI,MarketOnClose,Filled,sell,-3,196.940768272,-590.822304816,1.0,
574,2021-11-01T14:00:00Z,2021-11-01T20:00:00Z,CVS,MarketOnClose,Filled,sell,-7,77.242275775,-540.695930425,1.0,
575,2021-11-01T14:00:00Z,2021-11-01T20:00:00Z,DELL,MarketOnClose,Filled,sell,-9,51.3416031969555,-462.0744287725995,1.0,
576,2021-11-01T14:00:00Z,2021-11-01T20:00:00Z,INTC,MarketOnClose,Filled,buy,31,45.63903832,1414.81018792,1.0,
577,2021-11-01T14:00:00Z,2021-11-01T20:00:00Z,LMT,MarketOnClose,Filled,buy,3,289.429267335,868.287802005,1.0,
578,2021-11-01T14:00:00Z,2021-11-01T20:00:00Z,MO,MarketOnClose,Filled,buy,24,29.99955651,719.98935624,1.0,
579,2021-11-01T14:00:00Z,2021-11-01T20:00:00Z,NOC,MarketOnClose,Filled,buy,1,327.18915862,327.18915862,1.0,
580,2021-12-01T05:00:00Z,,DELL,MarketOnOpen,Canceled,sell,-276,0.0,0.0,0.0,no valuation
581,2021-12-01T15:00:00Z,2021-12-01T21:00:00Z,CI,MarketOnClose,Filled,sell,-71,177.431667968,-12597.648425728,1.0,no valuation
582,2021-12-01T15:00:00Z,2021-12-01T21:00:00Z,DELL,MarketOnClose,Filled,sell,-276,50.59852612,-13965.19320912,1.38,no valuation
583,2021-12-01T15:00:00Z,2021-12-01T21:00:00Z,LMT,MarketOnClose,Filled,sell,-2,289.654035092,-579.308070184,1.0,
584,2021-12-01T15:00:00Z,2021-12-01T21:00:00Z,INTC,MarketOnClose,Filled,sell,-11,45.07486704,-495.82353744,1.0,
585,2021-12-01T15:00:00Z,2021-12-01T21:00:00Z,MU,MarketOnClose,Filled,buy,166,83.149000545,13802.73409047,1.0,
586,2021-12-01T15:00:00Z,2021-12-01T21:00:00Z,MMM,MarketOnClose,Filled,buy,135,100.999476624354,13634.92934428779,1.0,
587,2021-12-01T15:00:00Z,2021-12-01T21:00:00Z,TGT,MarketOnClose,Filled,buy,3,206.290148064,618.870444192,1.0,
588,2021-12-01T15:00:00Z,2021-12-01T21:00:00Z,VZ,MarketOnClose,Filled,buy,15,36.716966433,550.754496495,1.0,
589,2022-01-03T15:00:00Z,2022-01-03T21:00:00Z,LMT,MarketOnClose,Filled,sell,-46,312.543045752,-14376.980104592,1.0,reached implied value
590,2022-01-03T15:00:00Z,2022-01-03T21:00:00Z,MO,MarketOnClose,Filled,sell,-465,33.296523858,-15482.88359397,2.325,reached implied value
591,2022-01-03T15:00:00Z,2022-01-03T21:00:00Z,CVS,MarketOnClose,Filled,sell,-17,88.75405896,-1508.81900232,1.0,
592,2022-01-03T15:00:00Z,2022-01-03T21:00:00Z,FDX,MarketOnClose,Filled,sell,-5,152.279600775576,-761.39800387788,1.0,
593,2022-01-03T15:00:00Z,2022-01-03T21:00:00Z,NOC,MarketOnClose,Filled,sell,-2,357.028769478,-714.057538956,1.0,
594,2022-01-03T15:00:00Z,2022-01-03T21:00:00Z,MU,MarketOnClose,Filled,sell,-5,93.599598625,-467.997993125,1.0,
595,2022-01-03T15:00:00Z,2022-01-03T21:00:00Z,T,MarketOnClose,Filled,buy,1032,14.6753032574311,15144.912961668895,5.16,
596,2022-01-03T15:00:00Z,2022-01-03T21:00:00Z,HCA,MarketOnClose,Filled,buy,59,244.136807872,14404.071664448,1.0,
597,2022-01-03T15:00:00Z,2022-01-03T21:00:00Z,TGT,MarketOnClose,Filled,buy,8,199.163074184,1593.304593472,1.0,
598,2022-01-03T15:00:00Z,2022-01-03T21:00:00Z,VZ,MarketOnClose,Filled,buy,15,38.686713276,580.30069914,1.0,
599,2022-01-03T15:00:00Z,2022-01-03T21:00:00Z,INTC,MarketOnClose,Filled,buy,9,49.350487144,444.154384296,1.0,
600,2022-01-03T15:00:00Z,2022-01-03T21:00:00Z,MMM,MarketOnClose,Filled,buy,4,105.140254042478,420.561016169912,1.0,
601,2022-02-01T15:00:00Z,2022-02-01T21:00:00Z,T,MarketOnClose,Filled,sell,-87,14.3788112217141,-1250.9565762891266,1.0,
602,2022-02-01T15:00:00Z,2022-02-01T21:00:00Z,CVS,MarketOnClose,Filled,sell,-11,91.03598296,-1001.39581256,1.0,
603,2022-02-01T15:00:00Z,2022-02-01T21:00:00Z,VZ,MarketOnClose,Filled,sell,-25,39.72024784,-993.006196,1.0,
604,2022-02-01T15:00:00Z,2022-02-01T21:00:00Z,MU,MarketOnClose,Filled,buy,15,79.620755175,1194.311327625,1.0,
605,2022-02-01T15:00:00Z,2022-02-01T21:00:00Z,MMM,MarketOnClose,Filled,buy,5,99.0592266341474,495.296133170737,1.0,
606,2022-02-01T15:00:00Z,2022-02-01T21:00:00Z,HCA,MarketOnClose,Filled,buy,2,228.042304047,456.084608094,1.0,
607,2022-02-01T15:00:00Z,2022-02-01T21:00:00Z,NOC,MarketOnClose,Filled,buy,1,343.183984108,343.183984108,1.0,
608,2022-02-01T15:00:00Z,2022-02-01T21:00:00Z,FDX,MarketOnClose,Filled,buy,2,148.421811624232,296.843623248464,1.0,
609,2022-02-01T15:00:00Z,2022-02-01T21:00:00Z,INTC,MarketOnClose,Filled,buy,6,45.39948028,272.39688168,1.0,
610,2022-02-01T15:00:00Z,2022-02-01T21:00:00Z,TGT,MarketOnClose,Filled,buy,1,188.30931348,188.30931348,1.0,
611,2022-03-01T15:00:00Z,2022-03-01T21:00:00Z,VZ,MarketOnClose,Filled,sell,-357,40.026362532,-14289.411423924,1.785,no valuation
612,2022-03-01T15:00:00Z,2022-03-01T21:00:00Z,NOC,MarketOnClose,Filled,sell,-7,424.06517796,-2968.45624572,1.0,
613,2022-03-01T15:00:00Z,2022-03-01T21:00:00Z,MU,MarketOnClose,Filled,sell,-14,84.32272979,-1180.51821706,1.0,
614,2022-03-01T15:00:00Z,2022-03-01T21:00:00Z,HCA,MarketOnClose,Filled,sell,-3,242.541770478,-727.625311434,1.0,
615,2022-03-01T15:00:00Z,2022-03-01T21:00:00Z,F,MarketOnClose,Filled,buy,1060,12.64980244,13408.7905864,5.3,
616,2022-03-01T15:00:00Z,2022-03-01T21:00:00Z,MMM,MarketOnClose,Filled,buy,14,86.4411177705571,1210.1756487877994,1.0,
617,2022-03-01T15:00:00Z,2022-03-01T21:00:00Z,TGT,MarketOnClose,Filled,buy,7,189.32376965,1325.26638755,1.0,
618,2022-03-01T15:00:00Z,2022-03-01T21:00:00Z,FDX,MarketOnClose,Filled,buy,9,126.576712445094,1139.190412005846,1.0,
619,2022-03-01T15:00:00Z,2022-03-01T21:00:00Z,T,MarketOnClose,Filled,buy,65,13.8547677332896,900.559902663824,1.0,
620,2022-03-01T15:00:00Z,2022-03-01T21:00:00Z,CVS,MarketOnClose,Filled,buy,3,87.4209284,262.2627852,1.0,
621,2022-04-01T14:00:00Z,2022-04-01T20:00:00Z,TGT,MarketOnClose,Filled,sell,-4,181.51038035,-726.0415214,1.0,
622,2022-04-01T14:00:00Z,2022-04-01T20:00:00Z,FDX,MarketOnClose,Filled,sell,-4,130.753940761143,-523.015763044572,1.0,
623,2022-04-01T14:00:00Z,2022-04-01T20:00:00Z,INTC,MarketOnClose,Filled,sell,-8,44.960310465,-359.68248372,1.0,
624,2022-04-01T14:00:00Z,2022-04-01T20:00:00Z,MU,MarketOnClose,Filled,buy,23,74.46911147,1712.78956381,1.0,
625,2022-04-01T14:00:00Z,2022-04-01T20:00:00Z,F,MarketOnClose,Filled,buy,43,12.61192878,542.31293754,1.0,
626,2022-04-01T14:00:00Z,2022-04-01T20:00:00Z,CVS,MarketOnClose,Filled,buy,4,86.59854632,346.39418528,1.0,
627,2022-05-02T14:00:00Z,2022-05-02T20:00:00Z,TGT,MarketOnClose,Filled,sell,-10,198.2496614,-1982.496614,1.0,
628,2022-05-02T14:00:00Z,2022-05-02T20:00:00Z,T,MarketOnClose,Filled,sell,-123,15.1202394,-1859.7894462,1.0,
629,2022-05-02T14:00:00Z,2022-05-02T20:00:00Z,NOC,MarketOnClose,Filled,sell,-2,407.812910232,-815.625820464,1.0,
630,2022-05-02T14:00:00Z,2022-05-02T20:00:00Z,MMM,MarketOnClose,Filled,sell,-5,87.175744833763,-435.878724168815,1.0,
631,2022-05-02T14:00:00Z,2022-05-02T20:00:00Z,F,MarketOnClose,Filled,buy,124,10.888684212,1350.196842288,1.0,
632,2022-05-02T14:00:00Z,2022-05-02T20:00:00Z,HCA,MarketOnClose,Filled,buy,6,202.995247044,1217.971482264,1.0,
633,2022-05-02T14:00:00Z,2022-05-02T20:00:00Z,FDX,MarketOnClose,Filled,buy,9,116.428627658092,1047.857648922828,1.0,
634,2022-05-02T14:00:00Z,2022-05-02T20:00:00Z,MU,MarketOnClose,Filled,buy,13,69.10873738,898.41358594,1.0,
635,2022-05-02T14:00:00Z,2022-05-02T20:00:00Z,INTC,MarketOnClose,Filled,buy,20,42.01653624,840.3307248,1.0,
636,2022-06-01T14:00:00Z,2022-06-01T20:00:00Z,T,MarketOnClose,Filled,sell,-90,16.78093515,-1510.2841635,1.0,
637,2022-06-01T14:00:00Z,2022-06-01T20:00:00Z,FDX,MarketOnClose,Filled,sell,-11,129.229216841759,-1421.521385259349,1.0,
638,2022-06-01T14:00:00Z,2022-06-01T20:00:00Z,MU,MarketOnClose,Filled,sell,-13,71.996425415,-935.953530395,1.0,
639,2022-06-01T14:00:00Z,2022-06-01T20:00:00Z,NOC,MarketOnClose,Filled,sell,-2,433.246224375,-866.49244875,1.0,
640,2022-06-01T14:00:00Z,2022-06-01T20:00:00Z,MMM,MarketOnClose,Filled,sell,-4,88.3342431880966,-353.3369727523864,1.0,
641,2022-06-01T14:00:00Z,2022-06-01T20:00:00Z,TGT,MarketOnClose,Filled,buy,28,135.56597538,3795.84731064,1.0,
642,2022-06-01T14:00:00Z,2022-06-01T20:00:00Z,F,MarketOnClose,Filled,buy,61,10.332049795,630.255037495,1.0,
643,2022-06-01T14:00:00Z,2022-06-01T20:00:00Z,HCA,MarketOnClose,Filled,buy,2,199.26888519,398.53777038,1.0,
644,2022-07-01T14:00:00Z,2022-07-01T20:00:00Z,NOC,MarketOnClose,Filled,sell,-4,453.888995475,-1815.5559819,1.0,
645,2022-07-01T14:00:00Z,2022-07-01T20:00:00Z,FDX,MarketOnClose,Filled,sell,-12,132.818182150818,-1593.818185809816,1.0,
646,2022-07-01T14:00:00Z,2022-07-01T20:00:00Z,T,MarketOnClose,Filled,sell,-74,16.8560618625,-1247.348577825,1.0,
647,2022-07-01T14:00:00Z,2022-07-01T20:00:00Z,CVS,MarketOnClose,Filled,sell,-12,80.890710054,-970.688520648,1.0,
648,2022-07-01T14:00:00Z,2022-07-01T20:00:00Z,MU,MarketOnClose,Filled,buy,36,52.516767145,1890.60361722,1.0,
649,2022-07-01T14:00:00Z,2022-07-01T20:00:00Z,HCA,MarketOnClose,Filled,buy,7,169.090681578,1183.634771046,1.0,
650,2022-07-01T14:00:00Z,2022-07-01T20:00:00Z,F,MarketOnClose,Filled,buy,125,8.6278334635,1078.4791829375,1.0,
651,2022-07-01T14:00:00Z,2022-07-01T20:00:00Z,INTC,MarketOnClose,Filled,buy,15,34.229325558,513.43988337,1.0,
652,2022-07-01T14:00:00Z,2022-07-01T20:00:00Z,TGT,MarketOnClose,Filled,buy,3,123.295327848,369.885983544,1.0,
653,2022-07-01T14:00:00Z,2022-07-01T20:00:00Z,MMM,MarketOnClose,Filled,buy,4,77.5111567054136,310.0446268216544,1.0,
654,2022-08-01T14:00:00Z,2022-08-01T20:00:00Z,FDX,MarketOnClose,Filled,sell,-89,141.187254135546,-12565.665618063595,1.0,no valuation
655,2022-08-01T14:00:00Z,2022-08-01T20:00:00Z,F,MarketOnClose,Filled,sell,-244,11.689322757,-2852.194752708,1.22,
656,2022-08-01T14:00:00Z,2022-08-01T20:00:00Z,HCA,MarketOnClose,Filled,sell,-10,203.718243183,-2037.18243183,1.0,
657,2022-08-01T14:00:00Z,2022-08-01T20:00:00Z,TGT,MarketOnClose,Filled,sell,-6,143.35961178,-860.15767068,1.0,
658,2022-08-01T14:00:00Z,2022-08-01T20:00:00Z,MU,MarketOnClose,Filled,sell,-6,61.338850506,-368.033103036,1.0,
659,2022-08-01T14:00:00Z,2022-08-01T20:00:00Z,FCX,MarketOnClose,Filled,buy,436,28.490917384,12422.039979424,2.18,
660,2022-08-01T14:00:00Z,2022-08-01T20:00:00Z,T,MarketOnClose,Filled,buy,146,15.000734736,2190.107271456,1.0,
661,2022-08-01T14:00:00Z,2022-08-01T20:00:00Z,INTC,MarketOnClose,Filled,buy,42,34.813315152,1462.159236384,1.0,
662,2022-08-01T14:00:00Z,2022-08-01T20:00:00Z,NOC,MarketOnClose,Filled,buy,3,443.866239525,1331.598718575,1.0,
663,2022-08-01T14:00:00Z,2022-08-01T20:00:00Z,CVS,MarketOnClose,Filled,buy,8,83.162480308,665.299842464,1.0,
664,2022-09-01T14:00:00Z,2022-09-01T20:00:00Z,F,MarketOnClose,Filled,sell,-96,11.694238793,-1122.646924128,1.0,
665,2022-09-01T14:00:00Z,2022-09-01T20:00:00Z,CVS,MarketOnClose,Filled,sell,-10,86.548913322,-865.48913322,1.0,
666,2022-09-01T14:00:00Z,2022-09-01T20:00:00Z,NOC,MarketOnClose,Filled,sell,-1,449.816750048,-449.816750048,1.0,
667,2022-09-01T14:00:00Z,2022-09-01T20:00:00Z,MMM,MarketOnClose,Filled,buy,13,76.5695731166191,995.4044505160483,1.0,
668,2022-09-01T14:00:00Z,2022-09-01T20:00:00Z,INTC,MarketOnClose,Filled,buy,32,30.217346928,966.955101696,1.0,
669,2022-09-01T14:00:00Z,2022-09-01T20:00:00Z,MU,MarketOnClose,Filled,buy,12,56.209298409,674.511580908,1.0,
670,2022-09-01T14:00:00Z,2022-09-01T20:00:00Z,HCA,MarketOnClose,Filled,buy,2,192.649014285,385.29802857,1.0,
671,2022-09-01T14:00:00Z,2022-09-01T20:00:00Z,T,MarketOnClose,Filled,buy,27,14.02312275,378.62431425,1.0,
672,2022-09-01T14:00:00Z,2022-09-01T20:00:00Z,FCX,MarketOnClose,Filled,buy,12,26.685288864,320.223466368,1.0,
673,2022-10-03T14:00:00Z,2022-10-03T20:00:00Z,NOC,MarketOnClose,Filled,sell,-3,454.864452169,-1364.593356507,1.0,
674,2022-10-03T14:00:00Z,2022-10-03T20:00:00Z,CVS,MarketOnClose,Filled,sell,-12,84.669486304,-1016.033835648,1.0,
675,2022-10-03T14:00:00Z,2022-10-03T20:00:00Z,TGT,MarketOnClose,Filled,sell,-5,132.224308902,-661.12154451,1.0,
676,2022-10-03T14:00:00Z,2022-10-03T20:00:00Z,FCX,MarketOnClose,Filled,sell,-15,27.882705672,-418.24058508,1.0,
677,2022-10-03T14:00:00Z,2022-10-03T20:00:00Z,HCA,MarketOnClose,Filled,sell,-2,187.172174718,-374.344349436,1.0,
678,2022-10-03T14:00:00Z,2022-10-03T20:00:00Z,F,MarketOnClose,Filled,buy,229,8.829400577,2021.932732133,1.145,
679,2022-10-03T14:00:00Z,2022-10-03T20:00:00Z,INTC,MarketOnClose,Filled,buy,45,25.660007766,1154.70034947,1.0,
680,2022-10-03T14:00:00Z,2022-10-03T20:00:00Z,T,MarketOnClose,Filled,buy,18,12.74100867,229.33815606,1.0,
681,2022-11-01T14:00:00Z,2022-11-01T20:00:00Z,T,MarketOnClose,Filled,sell,-57,14.960857491,-852.768876987,1.0,
682,2022-11-01T14:00:00Z,2022-11-01T20:00:00Z,F,MarketOnClose,Filled,sell,-65,10.311877342,-670.27202723,1.0,
683,2022-11-01T14:00:00Z,2022-11-01T20:00:00Z,HCA,MarketOnClose,Filled,sell,-3,214.164250209,-642.492750627,1.0,
684,2022-11-01T14:00:00Z,2022-11-01T20:00:00Z,FCX,MarketOnClose,Filled,sell,-11,31.34740294,-344.82143234,1.0,
685,2022-11-01T14:00:00Z,2022-11-01T20:00:00Z,CVS,MarketOnClose,Filled,buy,18,82.444648494,1484.003672892,1.0,
686,2022-11-01T14:00:00Z,2022-11-01T20:00:00Z,MU,MarketOnClose,Filled,buy,13,53.919880638,700.958448294,1.0,
687,2022-11-01T14:00:00Z,2022-11-01T20:00:00Z,INTC,MarketOnClose,Filled,buy,12,26.92540674,323.10488088,1.0,
688,2022-11-01T14:00:00Z,2022-11-01T20:00:00Z,TGT,MarketOnClose,Filled,buy,2,143.456491199,286.912982398,1.0,
689,2022-12-01T15:00:00Z,2022-12-01T21:00:00Z,FCX,MarketOnClose,Filled,sell,-63,37.702636302,-2375.266087026,1.0,
690,2022-12-01T15:00:00Z,2022-12-01T21:00:00Z,HCA,MarketOnClose,Filled,sell,-2,230.958028071,-461.916056142,1.0,
691,2022-12-01T15:00:00Z,2022-12-01T21:00:00Z,NOC,MarketOnClose,Filled,buy,2,498.27300877,996.54601754,1.0,
692,2022-12-01T15:00:00Z,2022-12-01T21:00:00Z,MMM,MarketOnClose,Filled,buy,9,77.7004630796926,699.3041677172334,1.0,
693,2022-12-01T15:00:00Z,2022-12-01T21:00:00Z,TGT,MarketOnClose,Filled,buy,4,144.750909748,579.003638992,1.0,
694,2023-01-03T15:00:00Z,2023-01-03T21:00:00Z,NOC,MarketOnClose,Filled,sell,-3,507.697255947,-1523.091767841,1.0,
695,2023-01-03T15:00:00Z,2023-01-03T21:00:00Z,HCA,MarketOnClose,Filled,sell,-4,236.093383548,-944.373534192,1.0,
696,2023-01-03T15:00:00Z,2023-01-03T21:00:00Z,FCX,MarketOnClose,Filled,sell,-10,36.130502112,-361.30502112,1.0,
697,2023-01-03T15:00:00Z,2023-01-03T21:00:00Z,MMM,MarketOnClose,Filled,sell,-4,75.5176233106099,-302.0704932424396,1.0,
698,2023-01-03T15:00:00Z,2023-01-03T21:00:00Z,F,MarketOnClose,Filled,buy,161,9.085109065,1462.702559465,1.0,
699,2023-01-03T15:00:00Z,2023-01-03T21:00:00Z,MU,MarketOnClose,Filled,buy,17,49.619481963,843.531193371,1.0,
700,2023-01-03T15:00:00Z,2023-01-03T21:00:00Z,INTC,MarketOnClose,Filled,buy,25,25.775145594,644.37863985,1.0,
701,2023-01-03T15:00:00Z,2023-01-03T21:00:00Z,TGT,MarketOnClose,Filled,buy,3,133.01861527,399.05584581,1.0,
702,2023-02-01T15:00:00Z,2023-02-01T21:00:00Z,INTC,MarketOnClose,Filled,sell,-496,28.031555646,-13903.651600416,2.48,no valuation
703,2023-02-01T15:00:00Z,2023-02-01T21:00:00Z,NOC,MarketOnClose,Filled,sell,-24,415.860175281,-9980.644206744,1.0,reached implied value
704,2023-02-01T15:00:00Z,2023-02-01T21:00:00Z,MU,MarketOnClose,Filled,sell,-30,61.66725374,-1850.0176122,1.0,
705,2023-02-01T15:00:00Z,2023-02-01T21:00:00Z,FCX,MarketOnClose,Filled,sell,-32,42.8514762775,-1371.24724088,1.0,
706,2023-02-01T15:00:00Z,2023-02-01T21:00:00Z,F,MarketOnClose,Filled,sell,-111,10.73871564,-1191.99743604,1.0,
707,2023-02-01T15:00:00Z,2023-02-01T21:00:00Z,TGT,MarketOnClose,Filled,sell,-7,155.273146948,-1086.912028636,1.0,
708,2023-02-01T15:00:00Z,2023-02-01T21:00:00Z,T,MarketOnClose,Filled,sell,-54,16.702835694,-901.953127476,1.0,
709,2023-02-01T15:00:00Z,2023-02-01T21:00:00Z,PFE,MarketOnClose,Filled,buy,380,35.480517558,13482.59667204,1.9,
710,2023-02-01T15:00:00Z,2023-02-01T21:00:00Z,OXY,MarketOnClose,Filled,buy,222,59.5862791,13228.1539602,1.11,
711,2023-02-01T15:00:00Z,2023-02-01T21:00:00Z,CVS,MarketOnClose,Filled,buy,20,76.758634082,1535.17268164,1.0,
712,2023-02-01T15:00:00Z,2023-02-01T21:00:00Z,MMM,MarketOnClose,Filled,buy,19,71.4602544742924,1357.7448350115556,1.0,
713,2023-03-01T15:00:00Z,2023-03-01T21:00:00Z,CVS,MarketOnClose,Filled,sell,-174,72.354378246,-12589.661814804,1.0,reached implied value
714,2023-03-01T15:00:00Z,2023-03-01T21:00:00Z,F,MarketOnClose,Filled,sell,-1287,9.702696474,-12487.370362038,6.435,no valuation
715,2023-03-01T15:00:00Z,2023-03-01T21:00:00Z,T,MarketOnClose,Filled,sell,-803,15.437093316,-12395.985932748,4.015,no valuation
716,2023-03-01T15:00:00Z,2023-03-01T21:00:00Z,TGT,MarketOnClose,Filled,sell,-4,143.329128928,-573.316515712,1.0,
717,2023-03-01T15:00:00Z,2023-03-01T21:00:00Z,PSX,MarketOnClose,Filled,buy,140,95.189677128,13326.55479792,1.0,
718,2023-03-01T15:00:00Z,2023-03-01T21:00:00Z,MPC,MarketOnClose,Filled,buy,110,120.332113488,13236.53248368,1.0,
719,2023-03-01T15:00:00Z,2023-03-01T21:00:00Z,VLO,MarketOnClose,Filled,buy,106,126.08321865,13364.8211769,1.0,
720,2023-03-01T15:00:00Z,2023-03-01T21:00:00Z,OXY,MarketOnClose,Filled,buy,10,56.029869686,560.29869686,1.0,
721,2023-03-01T15:00:00Z,2023-03-01T21:00:00Z,FCX,MarketOnClose,Filled,buy,8,41.1068261,328.8546088,1.0,
722,2023-03-01T15:00:00Z,2023-03-01T21:00:00Z,PFE,MarketOnClose,Filled,buy,9,32.422964999,291.806684991,1.0,
723,2023-04-03T14:00:00Z,2023-04-03T20:00:00Z,TGT,MarketOnClose,Filled,sell,-85,146.51441676,-12453.7254246,1.0,no valuation
724,2023-04-03T14:00:00Z,2023-04-03T20:00:00Z,HCA,MarketOnClose,Filled,sell,-4,257.053620512,-1028.214482048,1.0,
725,2023-04-03T14:00:00Z,2023-04-03T20:00:00Z,MPC,MarketOnClose,Filled,sell,-8,126.339870528,-1010.718964224,1.0,
726,2023-04-03T14:00:00Z,2023-04-03T20:00:00Z,OXY,MarketOnClose,Filled,sell,-12,61.340389596,-736.084675152,1.0,
727,2023-04-03T14:00:00Z,2023-04-03T20:00:00Z,MU,MarketOnClose,Filled,sell,-10,58.721805039,-587.21805039,1.0,
728,2023-04-03T14:00:00Z,2023-04-03T20:00:00Z,VLO,MarketOnClose,Filled,sell,-4,125.39527805,-501.5811122,1.0,
729,2023-04-03T14:00:00Z,2023-04-03T20:00:00Z,COP,MarketOnClose,Filled,buy,145,97.22883339,14098.18084155,1.0,
730,2023-04-03T14:00:00Z,2023-04-03T20:00:00Z,MMM,MarketOnClose,Filled,buy,6,65.3150972182383,391.8905833094298,1.0,
731,2023-04-03T14:00:00Z,2023-04-03T20:00:00Z,PSX,MarketOnClose,Filled,buy,3,91.346229702,274.038689106,1.0,
732,2023-05-01T14:00:00Z,2023-05-01T20:00:00Z,HCA,MarketOnClose,Filled,sell,-6,276.369619782,-1658.217718692,1.0,
733,2023-05-01T14:00:00Z,2023-05-01T20:00:00Z,MU,MarketOnClose,Filled,sell,-20,61.545105145,-1230.9021029,1.0,
734,2023-05-01T14:00:00Z,2023-05-01T20:00:00Z,COP,MarketOnClose,Filled,sell,-10,91.946802135,-919.46802135,1.0,
735,2023-05-01T14:00:00Z,2023-05-01T20:00:00Z,MMM,MarketOnClose,Filled,sell,-8,66.1273186299822,-529.0185490398576,1.0,
736,2023-05-01T14:00:00Z,2023-05-01T20:00:00Z,VLO,MarketOnClose,Filled,buy,18,104.46740085,1880.4132153,1.0,
737,2023-05-01T14:00:00Z,2023-05-01T20:00:00Z,MPC,MarketOnClose,Filled,buy,8,114.063554592,912.508436736,1.0,
738,2023-05-01T14:00:00Z,2023-05-01T20:00:00Z,FCX,MarketOnClose,Filled,buy,19,36.095362974,685.811896506,1.0,
739,2023-05-01T14:00:00Z,2023-05-01T20:00:00Z,PFE,MarketOnClose,Filled,buy,10,31.608155478,316.08155478,1.0,
740,2023-05-02T04:00:00Z,2023-05-02T20:00:00Z,VLO,MarketOnOpen,Filled,sell,-120,103.3540233,-12402.482796,1.0,left universe
741,2023-06-01T04:00:00Z,,PSX,MarketOnOpen,Canceled,sell,-143,0.0,0.0,0.0,no valuation
742,2023-06-01T14:00:00Z,2023-06-01T20:00:00Z,PSX,MarketOnClose,Filled,sell,-143,83.50485656,-11941.19448808,1.0,no valuation
743,2023-06-01T14:00:00Z,2023-06-01T20:00:00Z,MU,MarketOnClose,Filled,sell,-21,68.198096463,-1432.160025723,1.0,
744,2023-06-01T14:00:00Z,2023-06-01T20:00:00Z,PFE,MarketOnClose,Filled,sell,-17,31.020543468,-527.349238956,1.0,
745,2023-06-01T14:00:00Z,2023-06-01T20:00:00Z,XOM,MarketOnClose,Filled,buy,129,92.907043655,11985.008631495,1.0,
746,2023-06-01T14:00:00Z,2023-06-01T20:00:00Z,CVX,MarketOnClose,Filled,buy,90,132.97589196,11967.8302764,1.0,
747,2023-06-01T14:00:00Z,2023-06-01T20:00:00Z,MPC,MarketOnClose,Filled,buy,10,99.284123736,992.84123736,1.0,
748,2023-06-01T14:00:00Z,2023-06-01T20:00:00Z,MMM,MarketOnClose,Filled,buy,12,59.8192163867307,717.8305966407684,1.0,
749,2023-06-01T14:00:00Z,2023-06-01T20:00:00Z,FCX,MarketOnClose,Filled,buy,16,34.032496669,544.519946704,1.0,
750,2023-06-01T14:00:00Z,2023-06-01T20:00:00Z,HCA,MarketOnClose,Filled,buy,2,260.663814834,521.327629668,1.0,
751,2023-07-03T14:00:00Z,2023-07-03T17:00:00Z,HCA,MarketOnClose,Filled,sell,-46,290.557749924,-13365.656496504,1.0,reached implied value
752,2023-07-03T14:00:00Z,2023-07-03T17:00:00Z,FCX,MarketOnClose,Filled,sell,-34,39.117701979,-1330.001867286,1.0,
753,2023-07-03T14:00:00Z,2023-07-03T17:00:00Z,MPC,MarketOnClose,Filled,sell,-6,110.218787784,-661.312726704,1.0,
754,2023-07-03T14:00:00Z,2023-07-03T17:00:00Z,EOG,MarketOnClose,Filled,buy,122,102.396999085,12492.43388837,1.0,
755,2023-07-03T14:00:00Z,2023-07-03T17:00:00Z,MU,MarketOnClose,Filled,buy,24,63.084966637,1514.039199288,1.0,
756,2023-07-03T14:00:00Z,2023-07-03T17:00:00Z,PFE,MarketOnClose,Filled,buy,36,29.870728371,1075.346221356,1.0,
757,2023-07-03T14:00:00Z,2023-07-03T17:00:00Z,OXY,MarketOnClose,Filled,buy,5,55.861309878,279.30654939,1.0,
758,2023-08-01T14:00:00Z,2023-08-01T20:00:00Z,EOG,MarketOnClose,Filled,sell,-8,118.466846425,-947.7347714,1.0,
759,2023-08-01T14:00:00Z,2023-08-01T20:00:00Z,COP,MarketOnClose,Filled,sell,-8,106.44241422,-851.53931376,1.0,
760,2023-08-01T14:00:00Z,2023-08-01T20:00:00Z,MPC,MarketOnClose,Filled,sell,-5,126.545760432,-632.72880216,1.0,
761,2023-08-01T14:00:00Z,2023-08-01T20:00:00Z,MMM,MarketOnClose,Filled,sell,-8,70.1263128376307,-561.0105027010457,1.0,
762,2023-08-01T14:00:00Z,2023-08-01T20:00:00Z,MU,MarketOnClose,Filled,sell,-7,69.977967556,-489.845772892,1.0,
763,2023-08-01T14:00:00Z,2023-08-01T20:00:00Z,FCX,MarketOnClose,Filled,sell,-10,42.122503548,-421.22503548,1.0,
764,2023-08-01T14:00:00Z,2023-08-01T20:00:00Z,PFE,MarketOnClose,Filled,buy,40,29.378969473,1175.15877892,1.0,
765,2023-08-01T14:00:00Z,2023-08-01T20:00:00Z,XOM,MarketOnClose,Filled,buy,12,95.8101079,1149.7212948,1.0,
766,2023-08-01T14:00:00Z,2023-08-01T20:00:00Z,CVX,MarketOnClose,Filled,buy,5,141.852600648,709.26300324,1.0,
767,2023-09-01T14:00:00Z,2023-09-01T20:00:00Z,MPC,MarketOnClose,Filled,sell,-9,137.574875324,-1238.173877916,1.0,
768,2023-09-01T14:00:00Z,2023-09-01T20:00:00Z,XOM,MarketOnClose,Filled,sell,-7,102.866068536,-720.062479752,1.0,
769,2023-09-01T14:00:00Z,2023-09-01T20:00:00Z,FCX,MarketOnClose,Filled,buy,35,39.955708098,1398.44978343,1.0,
770,2023-09-01T14:00:00Z,2023-09-01T20:00:00Z,EOG,MarketOnClose,Filled,buy,3,117.774478518,353.323435554,1.0,
771,2023-09-01T14:00:00Z,2023-09-01T20:00:00Z,MMM,MarketOnClose,Filled,buy,5,68.8510565244537,344.2552826222685,1.0,
772,2023-10-02T14:00:00Z,2023-10-02T20:00:00Z,XOM,MarketOnClose,Filled,sell,-9,104.778043559,-943.002392031,1.0,
773,2023-10-02T14:00:00Z,2023-10-02T20:00:00Z,MPC,MarketOnClose,Filled,sell,-6,141.401636038,-848.409816228,1.0,
774,2023-10-02T14:00:00Z,2023-10-02T20:00:00Z,CVX,MarketOnClose,Filled,sell,-5,146.903002136,-734.51501068,1.0,
775,2023-10-02T14:00:00Z,2023-10-02T20:00:00Z,COP,MarketOnClose,Filled,sell,-5,107.18597441,-535.92987205,1.0,
776,2023-10-02T14:00:00Z,2023-10-02T20:00:00Z,OXY,MarketOnClose,Filled,sell,-7,58.96822715,-412.77759005,1.0,
777,2023-10-02T14:00:00Z,2023-10-02T20:00:00Z,MMM,MarketOnClose,Filled,buy,25,58.0872447891674,1452.181119729185,1.0,
778,2023-10-02T14:00:00Z,2023-10-02T20:00:00Z,PFE,MarketOnClose,Filled,buy,32,27.985467974,895.534975168,1.0,
779,2023-10-02T14:00:00Z,2023-10-02T20:00:00Z,FCX,MarketOnClose,Filled,buy,22,35.285060128,776.271322816,1.0,
780,2023-10-02T14:00:00Z,2023-10-02T20:00:00Z,MU,MarketOnClose,Filled,buy,6,67.208912876,403.253477256,1.0,
781,2023-11-01T14:00:00Z,2023-11-01T20:00:00Z,MU,MarketOnClose,Filled,sell,-199,68.74749426,-13680.75135774,1.0,no valuation
782,2023-11-01T14:00:00Z,2023-11-01T20:00:00Z,MPC,MarketOnClose,Filled,sell,-5,146.293480399,-731.467401995,1.0,
783,2023-11-01T14:00:00Z,2023-11-01T20:00:00Z,EOG,MarketOnClose,Filled,sell,-6,112.388802742,-674.332816452,1.0,
784,2023-11-01T14:00:00Z,2023-11-01T20:00:00Z,COP,MarketOnClose,Filled,sell,-5,106.792379457,-533.961897285,1.0,
785,2023-11-01T14:00:00Z,2023-11-01T20:00:00Z,VLO,MarketOnClose,Filled,buy,109,117.620630328,12820.648705752,1.0,
786,2023-11-01T14:00:00Z,2023-11-01T20:00:00Z,CVX,MarketOnClose,Filled,buy,9,127.003087832,1143.027790488,1.0,
787,2023-11-01T14:00:00Z,2023-11-01T20:00:00Z,XOM,MarketOnClose,Filled,buy,7,95.725612052,670.079284364,1.0,
788,2023-11-01T14:00:00Z,2023-11-01T20:00:00Z,FCX,MarketOnClose,Filled,buy,17,32.595018153,554.115308601,1.0,
789,2023-11-01T14:00:00Z,2023-11-01T20:00:00Z,PFE,MarketOnClose,Filled,buy,15,25.157237121,377.358556815,1.0,
790,2023-12-01T05:00:00Z,,VLO,MarketOnOpen,Canceled,sell,-109,0.0,0.0,0.0,no valuation
791,2023-12-01T15:00:00Z,2023-12-01T21:00:00Z,VLO,MarketOnClose,Filled,sell,-109,117.321978898,-12788.095699882,1.0,no valuation
792,2023-12-01T15:00:00Z,2023-12-01T21:00:00Z,MMM,MarketOnClose,Filled,sell,-23,65.2918397575732,-1501.7123144241837,1.0,
793,2023-12-01T15:00:00Z,2023-12-01T21:00:00Z,FCX,MarketOnClose,Filled,sell,-33,37.942109532,-1252.089614556,1.0,
794,2023-12-01T15:00:00Z,2023-12-01T21:00:00Z,PSX,MarketOnClose,Filled,buy,109,118.5622719,12923.2876371,1.0,
795,2023-12-01T15:00:00Z,2023-12-01T21:00:00Z,OXY,MarketOnClose,Filled,buy,12,55.683801015,668.20561218,1.0,
796,2023-12-01T15:00:00Z,2023-12-01T21:00:00Z,XOM,MarketOnClose,Filled,buy,5,94.168557492,470.84278746,1.0,
797,2023-12-01T15:00:00Z,2023-12-01T21:00:00Z,EOG,MarketOnClose,Filled,buy,4,111.82785396,447.31141584,1.0,
798,2023-12-01T15:00:00Z,2023-12-01T21:00:00Z,COP,MarketOnClose,Filled,buy,4,106.006115052,424.024460208,1.0,
799,2023-12-01T15:00:00Z,2023-12-01T21:00:00Z,MPC,MarketOnClose,Filled,buy,2,143.506987646,287.013975292,1.0,
800,2024-01-02T15:00:00Z,2024-01-02T21:00:00Z,FCX,MarketOnClose,Filled,sell,-36,40.697843787,-1465.122376332,1.0,
801,2024-01-02T15:00:00Z,2024-01-02T21:00:00Z,MMM,MarketOnClose,Filled,sell,-14,71.928917108994,-1007.004839525916,1.0,
802,2024-01-02T15:00:00Z,2024-01-02T21:00:00Z,PFE,MarketOnClose,Filled,buy,44,24.844590993,1093.162003692,1.0,
803,2024-01-02T15:00:00Z,2024-01-02T21:00:00Z,XOM,MarketOnClose,Filled,buy,7,93.629040606,655.403284242,1.0,
804,2024-01-02T15:00:00Z,2024-01-02T21:00:00Z,EOG,MarketOnClose,Filled,buy,4,111.429072,445.716288,1.0,
805,2024-01-02T15:00:00Z,2024-01-02T21:00:00Z,MPC,MarketOnClose,Filled,buy,3,144.397864468,433.193593404,1.0,
806,2024-01-02T15:00:00Z,2024-01-02T21:00:00Z,COP,MarketOnClose,Filled,buy,2,108.177202716,216.354405432,1.0,
807,2024-02-01T15:00:00Z,2024-02-01T21:00:00Z,MPC,MarketOnClose,Filled,sell,-12,158.775099989,-1905.301199868,1.0,
808,2024-02-01T15:00:00Z,2024-02-01T21:00:00Z,PSX,MarketOnClose,Filled,sell,-11,133.05118485,-1463.56303335,1.0,
809,2024-02-01T15:00:00Z,2024-02-01T21:00:00Z,XOM,MarketOnClose,Filled,sell,-6,93.656473668,-561.938842008,1.0,
810,2024-02-01T15:00:00Z,2024-02-01T21:00:00Z,MMM,MarketOnClose,Filled,buy,26,62.7154767265783,1630.6023948910358,1.0,
811,2024-02-01T15:00:00Z,2024-02-01T21:00:00Z,FCX,MarketOnClose,Filled,buy,17,38.99264082,662.87489394,1.0,
812,2024-02-01T15:00:00Z,2024-02-01T21:00:00Z,OXY,MarketOnClose,Filled,buy,8,54.428011112,435.424088896,1.0,
813,2024-02-01T15:00:00Z,2024-02-01T21:00:00Z,EOG,MarketOnClose,Filled,buy,4,103.99734874,415.98939496,1.0,
814,2024-02-01T15:00:00Z,2024-02-01T21:00:00Z,PFE,MarketOnClose,Filled,buy,17,23.148734313,393.528483321,1.0,
815,2024-02-01T15:00:00Z,2024-02-01T21:00:00Z,COP,MarketOnClose,Filled,buy,3,102.464298312,307.392894936,1.0,
816,2024-03-01T15:00:00Z,2024-03-01T21:00:00Z,FCX,MarketOnClose,Filled,sell,-338,36.80913057,-12441.48613266,1.69,no valuation
817,2024-03-01T15:00:00Z,2024-03-01T21:00:00Z,MMM,MarketOnClose,Filled,sell,-211,61.064894977547,-12884.692840262416,1.055,no valuation
818,2024-03-01T15:00:00Z,2024-03-01T21:00:00Z,PFE,MarketOnClose,Filled,sell,-566,22.554959523,-12766.107090018,2.83,reached implied value
819,2024-03-01T15:00:00Z,2024-03-01T21:00:00Z,OXY,MarketOnClose,Filled,sell,-10,58.264179376,-582.64179376,1.0,
820,2024-03-01T15:00:00Z,2024-03-01T21:00:00Z,CVX,MarketOnClose,Filled,sell,-4,137.691116129,-550.764464516,1.0,
821,2024-03-01T15:00:00Z,2024-03-01T21:00:00Z,T,MarketOnClose,Filled,buy,878,15.016743534,13184.700822852,4.39,
822,2024-03-01T15:00:00Z,2024-03-01T21:00:00Z,MO,MarketOnClose,Filled,buy,391,33.489109332,13094.241748812,1.955,
823,2024-03-01T15:00:00Z,2024-03-01T21:00:00Z,CVS,MarketOnClose,Filled,buy,194,67.019502576,13001.783499744,1.0,
824,2024-03-01T15:00:00Z,2024-03-01T21:00:00Z,PSX,MarketOnClose,Filled,buy,2,132.7695544,265.5391088,1.0,
825,2024-04-01T14:00:00Z,2024-04-01T20:00:00Z,MPC,MarketOnClose,Filled,sell,-7,194.672479948,-1362.707359636,1.0,
826,2024-04-01T14:00:00Z,2024-04-01T20:00:00Z,PSX,MarketOnClose,Filled,sell,-4,150.39236488,-601.56945952,1.0,
827,2024-04-01T14:00:00Z,2024-04-01T20:00:00Z,COP,MarketOnClose,Filled,sell,-4,119.2239502,-476.8958008,1.0,
828,2024-04-01T14:00:00Z,2024-04-01T20:00:00Z,XOM,MarketOnClose,Filled,sell,-4,107.946337248,-431.785348992,1.0,
829,2024-04-01T14:00:00Z,2024-04-01T20:00:00Z,CVX,MarketOnClose,Filled,buy,6,143.304725536,859.828353216,1.0,
830,2024-04-01T14:00:00Z,2024-04-01T20:00:00Z,T,MarketOnClose,Filled,buy,51,15.47662025,789.30763275,1.0,
831,2024-04-01T14:00:00Z,2024-04-01T20:00:00Z,CVS,MarketOnClose,Filled,buy,5,72.211154184,361.05577092,1.0,
832,2024-04-01T14:00:00Z,2024-04-01T20:00:00Z,OXY,MarketOnClose,Filled,buy,5,63.258719468,316.29359734,1.0,
833,2024-05-01T14:00:00Z,2024-05-01T20:00:00Z,EOG,MarketOnClose,Filled,sell,-9,120.834566285,-1087.511096565,1.0,
834,2024-05-01T14:00:00Z,2024-05-01T20:00:00Z,CVX,MarketOnClose,Filled,sell,-5,143.773277204,-718.86638602,1.0,
835,2024-05-01T14:00:00Z,2024-05-01T20:00:00Z,OXY,MarketOnClose,Filled,sell,-11,61.41947077,-675.61417847,1.0,
836,2024-05-01T14:00:00Z,2024-05-01T20:00:00Z,XOM,MarketOnClose,Filled,sell,-6,107.023403448,-642.140420688,1.0,
837,2024-05-01T14:00:00Z,2024-05-01T20:00:00Z,MO,MarketOnClose,Filled,sell,-9,36.71561677,-330.44055093,1.0,
838,2024-05-01T14:00:00Z,2024-05-01T20:00:00Z,CVS,MarketOnClose,Filled,buy,27,51.603266709,1393.288201143,1.0,
839,2024-05-01T14:00:00Z,2024-05-01T20:00:00Z,PSX,MarketOnClose,Filled,buy,10,129.09583372,1290.9583372,1.0,
840,2024-05-01T14:00:00Z,2024-05-01T20:00:00Z,MPC,MarketOnClose,Filled,buy,6,170.444370316,1022.666221896,1.0,
841,2024-06-03T14:00:00Z,2024-06-03T20:00:00Z,T,MarketOnClose,Filled,sell,-85,16.188070579,-1375.985999215,1.0,
842,2024-06-03T14:00:00Z,2024-06-03T20:00:00Z,MO,MarketOnClose,Filled,sell,-26,39.003011425,-1014.07829705,1.0,
843,2024-06-03T14:00:00Z,2024-06-03T20:00:00Z,CVX,MarketOnClose,Filled,sell,-3,143.313746362,-429.941239086,1.0,
844,2024-06-03T14:00:00Z,2024-06-03T20:00:00Z,CVS,MarketOnClose,Filled,buy,27,55.177280919,1489.786584813,1.0,
845,2024-06-03T14:00:00Z,2024-06-03T20:00:00Z,OXY,MarketOnClose,Filled,buy,10,57.721913802,577.21913802,1.0,
846,2024-06-03T14:00:00Z,2024-06-03T20:00:00Z,EOG,MarketOnClose,Filled,buy,5,111.247768452,556.23884226,1.0,
847,2024-06-03T14:00:00Z,2024-06-03T20:00:00Z,COP,MarketOnClose,Filled,buy,5,106.173435604,530.86717802,1.0,
848,2024-07-01T14:00:00Z,2024-07-01T20:00:00Z,T,MarketOnClose,Filled,sell,-42,17.059943342,-716.517620364,1.0,
849,2024-07-01T14:00:00Z,2024-07-01T20:00:00Z,CVX,MarketOnClose,Filled,buy,3,142.458196244,427.374588732,1.0,
850,2024-07-01T14:00:00Z,2024-07-01T20:00:00Z,MPC,MarketOnClose,Filled,buy,2,167.254191335,334.50838267,1.0,
851,2024-08-01T14:00:00Z,2024-08-01T20:00:00Z,MO,MarketOnClose,Filled,sell,-22,42.827839286,-942.212464292,1.0,
852,2024-08-01T14:00:00Z,2024-08-01T20:00:00Z,COP,MarketOnClose,Filled,buy,8,101.063833188,808.510665504,1.0,
853,2024-08-01T14:00:00Z,2024-08-01T20:00:00Z,OXY,MarketOnClose,Filled,buy,9,56.797943832,511.181494488,1.0,
854,2024-09-03T14:00:00Z,2024-09-03T20:00:00Z,MO,MarketOnClose,Filled,sell,-30,46.295507201,-1388.86521603,1.0,
855,2024-09-03T14:00:00Z,2024-09-03T20:00:00Z,T,MarketOnClose,Filled,sell,-30,18.647495804,-559.42487412,1.0,
856,2024-09-03T14:00:00Z,2024-09-03T20:00:00Z,COP,MarketOnClose,Filled,sell,-4,103.166055915,-412.66422366,1.0,
857,2024-09-03T14:00:00Z,2024-09-03T20:00:00Z,EOG,MarketOnClose,Filled,sell,-3,115.758836427,-347.276509281,1.0,
858,2024-09-03T14:00:00Z,2024-09-03T20:00:00Z,OXY,MarketOnClose,Filled,buy,16,52.99100856,847.85613696,1.0,
859,2024-09-03T14:00:00Z,2024-09-03T20:00:00Z,CVX,MarketOnClose,Filled,buy,6,133.137281292,798.823687752,1.0,
860,2024-09-03T14:00:00Z,2024-09-03T20:00:00Z,CVS,MarketOnClose,Filled,buy,11,53.177465848,584.952124328,1.0,
861,2024-10-01T04:00:00Z,,MPC,MarketOnOpen,Canceled,sell,-83,0.0,0.0,0.0,no valuation
862,2024-10-01T04:00:00Z,,OXY,MarketOnOpen,Canceled,sell,-257,0.0,0.0,0.0,no valuation
863,2024-10-01T14:00:00Z,2024-10-01T20:00:00Z,OXY,MarketOnClose,Filled,sell,-257,51.1501608,-13145.5913256,1.285,no valuation
864,2024-10-01T14:00:00Z,2024-10-01T20:00:00Z,MPC,MarketOnClose,Filled,sell,-83,159.437405798,-13233.304681234,1.0,no valuation
865,2024-10-01T14:00:00Z,2024-10-01T20:00:00Z,T,MarketOnClose,Filled,sell,-87,20.189289733,-1756.468206771,1.0,
866,2024-10-01T14:00:00Z,2024-10-01T20:00:00Z,CVS,MarketOnClose,Filled,sell,-29,57.032785784,-1653.950787736,1.0,
867,2024-10-01T14:00:00Z,2024-10-01T20:00:00Z,XOM,MarketOnClose,Filled,sell,-3,112.484877523,-337.454632569,1.0,
868,2024-10-01T14:00:00Z,2024-10-01T20:00:00Z,SLB,MarketOnClose,Filled,buy,345,40.881521778,14104.12501341,1.725,
869,2024-10-01T14:00:00Z,2024-10-01T20:00:00Z,DE,MarketOnClose,Filled,buy,33,407.004010972,13431.132362076,1.0,
870,2024-10-01T14:00:00Z,2024-10-01T20:00:00Z,COP,MarketOnClose,Filled,buy,8,102.715262043,821.722096344,1.0,
871,2024-10-01T14:00:00Z,2024-10-01T20:00:00Z,PSX,MarketOnClose,Filled,buy,5,124.448398074,622.24199037,1.0,
872,2024-10-01T14:00:00Z,2024-10-01T20:00:00Z,EOG,MarketOnClose,Filled,buy,3,118.876824984,356.630474952,1.0,
873,2024-11-01T04:00:00Z,,PSX,MarketOnOpen,Canceled,sell,-111,0.0,0.0,0.0,no valuation
874,2024-11-01T14:00:00Z,2024-11-01T20:00:00Z,DE,MarketOnClose,Filled,sell,-33,391.347003346,-12914.451110418,1.0,reached implied value
875,2024-11-01T14:00:00Z,2024-11-01T20:00:00Z,PSX,MarketOnClose,Filled,sell,-111,112.302069726,-12465.529739586,1.0,no valuation
876,2024-11-01T14:00:00Z,2024-11-01T20:00:00Z,MO,MarketOnClose,Filled,sell,-17,47.030056069,-799.510953173,1.0,
877,2024-11-01T14:00:00Z,2024-11-01T20:00:00Z,COP,MarketOnClose,Filled,sell,-7,101.278356576,-708.948496032,1.0,
878,2024-11-01T14:00:00Z,2024-11-01T20:00:00Z,T,MarketOnClose,Filled,sell,-30,20.438798156,-613.16394468,1.0,
879,2024-11-01T14:00:00Z,2024-11-01T20:00:00Z,CVX,MarketOnClose,Filled,sell,-3,140.840578986,-422.521736958,1.0,
880,2024-11-01T14:00:00Z,2024-11-01T20:00:00Z,TGT,MarketOnClose,Filled,buy,98,139.584967812,13679.326845576,1.0,
881,2024-11-01T14:00:00Z,2024-11-01T20:00:00Z,WMB,MarketOnClose,Filled,buy,277,48.343965624,13391.278477848,1.385,
882,2024-11-01T14:00:00Z,2024-11-01T20:00:00Z,CVS,MarketOnClose,Filled,buy,22,52.298831051,1150.574283122,1.0,
883,2024-11-01T14:00:00Z,2024-11-01T20:00:00Z,SLB,MarketOnClose,Filled,buy,14,37.678472552,527.498615728,1.0,
884,2024-12-02T15:00:00Z,2024-12-02T21:00:00Z,WMB,MarketOnClose,Filled,sell,-18,52.92895383,-952.72116894,1.0,
885,2024-12-02T15:00:00Z,2024-12-02T21:00:00Z,EOG,MarketOnClose,Filled,sell,-6,123.768677412,-742.612064472,1.0,
886,2024-12-02T15:00:00Z,2024-12-02T21:00:00Z,CVX,MarketOnClose,Filled,sell,-5,150.812233245,-754.061166225,1.0,
887,2024-12-02T15:00:00Z,2024-12-02T21:00:00Z,SLB,MarketOnClose,Filled,sell,-17,41.345869151,-702.879775567,1.0,
888,2024-12-02T15:00:00Z,2024-12-02T21:00:00Z,TGT,MarketOnClose,Filled,buy,17,121.841000864,2071.297014688,1.0,
889,2024-12-02T15:00:00Z,2024-12-02T21:00:00Z,COP,MarketOnClose,Filled,buy,7,100.378370538,702.648593766,1.0,
890,2024-12-02T15:00:00Z,2024-12-02T21:00:00Z,XOM,MarketOnClose,Filled,buy,2,111.442271585,222.88454317,1.0,
891,2024-12-03T05:00:00Z,2024-12-03T21:00:00Z,TGT,MarketOnOpen,Filled,sell,-115,121.710510196,-13996.70867254,1.0,left universe
