symbol,direction,quantity,entry_time,entry_price,exit_time,exit_price,profit_loss,total_fees,mae,mfe,end_trade_drawdown,duration,is_win,order_ids
HPQ,long,1483,2016-02-01T21:00:00Z,6.902331697,2016-02-02T21:00:00Z,6.805408283,-143.74,14.83,-143.74,0.0,143.74,1.00:00:00,False,4 11
MPC,long,330,2016-02-01T21:00:00Z,30.149807381,2016-03-01T21:00:00Z,25.243699899,-1619.02,3.3,-2629.68,0.0,2629.68,29.00:00:00,False,8 13
DOW,long,28,2016-02-01T21:00:00Z,52.4968856582607,2016-03-01T21:00:00Z,61.73130730176405,258.56,2.0,0.0,258.56,88.72,29.00:00:00,True,10 14
EMR,long,22,2016-02-01T21:00:00Z,34.656258,2016-03-01T21:00:00Z,38.450290975,83.47,2.42,0.0,83.47,19.53,29.00:00:00,True,9 15
GILD,long,11,2016-02-01T21:00:00Z,58.045930195,2016-03-01T21:00:00Z,61.940981311,42.85,2.0,-10.18,53.94,29.63,29.00:00:00,True,1 16
VZ,long,9,2016-02-01T21:00:00Z,29.034775836,2016-03-01T21:00:00Z,29.435176606,3.6,2.745,-7.05,3.6,8.13,29.00:00:00,True,6 17
HPE,long,182,2016-02-01T21:00:00Z,10.335336095,2016-04-01T20:00:00Z,13.83974032,637.8,5.835,-204.61,637.8,212.79,59.23:00:00,True,3 22
AAPL,long,17,2016-02-01T21:00:00Z,21.655612962,2016-04-01T20:00:00Z,24.83486208,54.05,3.28,-8.48,54.05,13.17,59.23:00:00,True,5 23
DOW,long,12,2016-02-01T21:00:00Z,52.4968856582607,2016-05-02T20:00:00Z,65.49651194197995,156.0,1.0,0.0,171.22,38.02,90.23:00:00,True,10 29
EMR,long,16,2016-02-01T21:00:00Z,34.656258,2016-05-02T20:00:00Z,42.482300675,125.22,1.0,0.0,138.51,30.04,90.23:00:00,True,9 30
GM,long,19,2016-02-01T21:00:00Z,24.06538739,2016-05-02T20:00:00Z,25.69440505,30.95,3.105,-48.75,44.94,48.75,90.23:00:00,True,2 31
F,long,60,2016-03-01T21:00:00Z,7.726182695,2016-05-02T20:00:00Z,8.12767371,24.09,7.69,-20.19,40.92,40.37,61.23:00:00,True,18 32
HPE,long,62,2016-02-01T21:00:00Z,10.335336095,2016-06-01T20:00:00Z,13.757002742,212.14,1.0,-69.7,220.54,127.31,120.23:00:00,True,3 36
AAPL,long,29,2016-02-01T21:00:00Z,21.655612962,2016-06-01T20:00:00Z,22.3668357435,20.63,1.0,-32.87,106.01,138.88,120.23:00:00,True,5 37
DAL,long,11,2016-03-01T21:00:00Z,43.04467977,2016-06-01T20:00:00Z,38.423467801,-50.83,2.16,-74.54,11.81,86.35,91.23:00:00,False,19 38
VZ,long,40,2016-02-01T21:00:00Z,29.034775836,2016-07-01T20:00:00Z,32.508918984,138.97,1.0,-31.35,138.97,108.71,150.23:00:00,True,6 43
EMR,long,10,2016-02-01T21:00:00Z,34.656258,2016-07-01T20:00:00Z,40.510485672,58.54,1.0,0.0,86.57,50.93,150.23:00:00,True,9 44
HPE,long,24,2016-02-01T21:00:00Z,10.335336095,2016-07-01T20:00:00Z,13.953058777,86.83,1.0,-26.98,109.83,49.28,150.23:00:00,True,3 45
HPE,long,59,2016-02-01T21:00:00Z,10.335336095,2016-08-01T20:00:00Z,15.907543484,328.76,1.0,-66.33,328.76,121.15,181.23:00:00,True,3 50
GM,long,23,2016-02-01T21:00:00Z,24.06538739,2016-08-01T20:00:00Z,25.65269437,36.51,1.0,-59.01,54.41,89.34,181.23:00:00,True,2 51
DOW,long,6,2016-02-01T21:00:00Z,52.4968856582607,2016-08-01T20:00:00Z,67.32281086269732,88.96,1.0,0.0,89.33,38.39,181.23:00:00,True,10 52
AAPL,long,13,2016-02-01T21:00:00Z,21.655612962,2016-08-01T20:00:00Z,24.09103118625,31.66,1.0,-14.73,47.52,62.26,181.23:00:00,True,5 53
VLO,long,21,2016-02-01T21:00:00Z,45.37488669,2016-09-01T20:00:00Z,37.010008755,-175.66,2.11,-284.08,0.0,284.08,212.23:00:00,False,7 58
AAPL,long,12,2016-02-01T21:00:00Z,21.655612962,2016-09-01T20:00:00Z,24.37684649725,32.65,1.0,-13.6,43.87,57.47,212.23:00:00,True,5 59
HPE,long,17,2016-02-01T21:00:00Z,10.335336095,2016-09-01T20:00:00Z,16.722540968,108.58,1.0,-19.11,108.58,34.91,212.23:00:00,True,3 60
DAL,long,17,2016-03-01T21:00:00Z,43.04467977,2016-10-03T20:00:00Z,35.497246498,-128.31,1.0,-230.94,18.26,249.2,215.23:00:00,False,19 64
AAPL,long,21,2016-02-01T21:00:00Z,21.655612962,2016-10-03T20:00:00Z,25.699267009,84.92,1.0,-23.8,99.55,100.57,244.23:00:00,True,5 65
HPE,long,28,2016-02-01T21:00:00Z,10.335336095,2016-10-03T20:00:00Z,17.092308345,189.2,1.0,-31.48,201.66,57.5,244.23:00:00,True,3 66
EMR,long,6,2016-02-01T21:00:00Z,34.656258,2016-10-03T20:00:00Z,42.14049628,44.91,1.0,0.0,54.5,30.56,244.23:00:00,True,9 67
AAPL,long,364,2016-02-01T21:00:00Z,21.655612962,2016-11-01T20:00:00Z,25.46401776425,1386.26,2.065,-412.55,1948.26,1743.21,273.23:00:00,True,5 72
AAPL,long,49,2016-05-02T20:00:00Z,21.14316288,2016-11-01T20:00:00Z,25.46401776425,211.72,1.0,-30.43,287.38,93.17,183.00:00:00,True,34 72
VLO,long,32,2016-02-01T21:00:00Z,45.37488669,2016-11-01T20:00:00Z,40.554898155,-154.24,1.0,-432.88,0.0,432.88,273.23:00:00,False,7 73
DAL,long,18,2016-03-01T21:00:00Z,43.04467977,2016-11-01T20:00:00Z,37.184209188,-105.49,1.0,-244.52,19.33,263.85,244.23:00:00,False,19 74
DOW,long,6,2016-02-01T21:00:00Z,52.4968856582607,2016-11-01T20:00:00Z,68.11977312693413,93.74,1.0,0.0,99.67,38.39,273.23:00:00,True,10 75
EMR,long,230,2016-02-01T21:00:00Z,34.656258,2016-12-01T21:00:00Z,44.894488072,2354.79,1.34,0.0,2354.79,1171.41,304.00:00:00,True,9 80
EMR,long,11,2016-06-01T20:00:00Z,40.494958464,2016-12-01T21:00:00Z,44.894488072,48.39,1.0,-64.23,48.39,55.42,183.01:00:00,True,40 80
EMR,long,8,2016-09-01T20:00:00Z,41.247556396,2016-12-01T21:00:00Z,44.894488072,29.18,1.0,-52.73,29.18,31.96,91.01:00:00,True,63 80
EMR,long,19,2016-11-01T20:00:00Z,39.9473106,2016-12-01T21:00:00Z,44.894488072,94.0,1.0,-100.53,94.0,23.74,30.01:00:00,True,78 80
DAL,long,22,2016-03-01T21:00:00Z,43.04467977,2016-12-01T21:00:00Z,42.606535923,-9.64,1.0,-298.86,23.63,322.49,275.00:00:00,False,19 81
TGT,long,12,2016-11-01T20:00:00Z,50.204198652,2016-12-01T21:00:00Z,58.129586718,95.1,2.045,-11.11,102.19,15.38,30.01:00:00,True,76 82
GM,long,10,2016-02-01T21:00:00Z,24.06538739,2016-12-01T21:00:00Z,30.214572053,61.49,1.0,-25.66,61.49,38.84,304.00:00:00,True,2 83
VLO,long,22,2016-02-01T21:00:00Z,45.37488669,2017-01-03T21:00:00Z,48.45554427,67.77,1.0,-297.6,67.77,297.6,337.00:00:00,True,7 90
VZ,long,17,2016-02-01T21:00:00Z,29.034775836,2017-01-03T21:00:00Z,32.235701204,54.42,1.0,-29.92,64.89,94.82,337.00:00:00,True,6 91
MPC,long,14,2016-12-01T21:00:00Z,35.735858158,2017-01-03T21:00:00Z,39.620841481,54.39,2.615,-5.34,54.39,17.19,33.00:00:00,True,84 92
F,long,1278,2016-03-01T21:00:00Z,7.726182695,2017-02-01T21:00:00Z,7.64648808,-101.85,7.8,-1021.96,871.55,1893.51,337.00:00:00,False,18 96
F,long,55,2016-07-01T20:00:00Z,7.59060276,2017-02-01T21:00:00Z,7.64648808,3.07,1.0,-36.52,44.96,78.93,215.01:00:00,True,48 96
F,long,50,2016-08-01T20:00:00Z,7.529042976,2017-02-01T21:00:00Z,7.64648808,5.87,1.0,-30.13,43.96,37.67,184.01:00:00,True,56 96
F,long,81,2016-10-03T20:00:00Z,7.29979327,2017-02-01T21:00:00Z,7.64648808,28.08,1.0,-30.23,89.78,51.45,121.01:00:00,True,69 96
F,long,96,2016-12-01T21:00:00Z,7.592303664,2017-02-01T21:00:00Z,7.64648808,5.2,1.0,-63.91,78.32,60.98,62.00:00:00,True,86 96
DOW,long,11,2016-02-01T21:00:00Z,52.4968856582607,2017-02-01T21:00:00Z,76.9809881889297,269.33,1.0,0.0,285.05,70.38,366.00:00:00,True,10 97
GM,long,26,2016-02-01T21:00:00Z,24.06538739,2017-02-01T21:00:00Z,30.299201374,162.08,1.0,-66.71,208.73,100.99,366.00:00:00,True,2 98
GILD,long,7,2016-02-01T21:00:00Z,58.045930195,2017-02-01T21:00:00Z,51.454116824,-46.14,1.0,-58.85,90.56,149.41,366.00:00:00,False,1 99
MPC,long,309,2016-12-01T21:00:00Z,35.735858158,2017-03-01T21:00:00Z,38.443905401,836.79,1.59,-117.96,1200.46,1207.4,90.00:00:00,True,84 106
MPC,long,9,2017-02-01T21:00:00Z,35.713401607,2017-03-01T21:00:00Z,38.443905401,24.57,1.0,-3.23,35.17,9.23,28.00:00:00,True,103 106
DOW,long,129,2016-02-01T21:00:00Z,52.4968856582607,2017-03-01T21:00:00Z,81.01514942735454,3678.86,1.0,0.0,3713.44,825.34,394.00:00:00,True,10 107
DOW,long,6,2016-04-01T20:00:00Z,63.61807446748062,2017-03-01T21:00:00Z,81.01514942735454,104.38,1.0,-66.73,105.99,38.39,334.01:00:00,True,26 107
DOW,long,4,2016-06-01T20:00:00Z,64.16543373157315,2017-03-01T21:00:00Z,81.01514942735454,67.4,1.0,-46.67,68.47,25.59,273.01:00:00,True,41 107
DOW,long,6,2016-10-03T20:00:00Z,66.39714591509646,2017-03-01T21:00:00Z,81.01514942735454,87.71,1.0,-83.4,89.32,13.71,149.01:00:00,True,70 107
DOW,long,5,2016-12-01T21:00:00Z,71.07103886486193,2017-03-01T21:00:00Z,81.01514942735454,49.72,1.0,-92.87,51.06,11.43,90.00:00:00,True,88 107
GM,long,343,2016-02-01T21:00:00Z,24.06538739,2017-03-01T21:00:00Z,31.380716863,2509.16,1.86,-880.0,2753.59,1332.33,394.00:00:00,True,2 108
GM,long,9,2016-06-01T20:00:00Z,24.456217972,2017-03-01T21:00:00Z,31.380716863,62.32,1.0,-26.61,68.73,24.15,273.01:00:00,True,42 108
GM,long,20,2016-07-01T20:00:00Z,23.677518861,2017-03-01T21:00:00Z,31.380716863,154.06,1.0,-43.55,168.32,53.66,243.01:00:00,True,47 108
HCA,long,10,2017-02-01T21:00:00Z,75.6574809,2017-03-01T21:00:00Z,81.2699441,56.12,2.0,0.0,56.12,11.17,28.00:00:00,True,100 109
DAL,long,11,2016-03-01T21:00:00Z,43.04467977,2017-03-01T21:00:00Z,45.692614107,29.13,1.0,-149.43,34.52,161.24,365.00:00:00,True,19 110
VLO,long,6,2016-02-01T21:00:00Z,45.37488669,2017-03-01T21:00:00Z,47.614643904,13.44,1.0,-81.16,18.48,81.16,394.00:00:00,True,7 111
GLW,long,535,2017-03-01T21:00:00Z,22.18168008,2017-04-03T20:00:00Z,21.111925296,-572.32,5.35,-572.32,0.0,572.32,32.23:00:00,False,112 118
HPE,long,25,2016-02-01T21:00:00Z,10.335336095,2017-04-03T20:00:00Z,13.37387989,75.96,1.0,-28.11,211.69,135.73,426.23:00:00,True,3 119
BAX,long,8,2017-03-01T21:00:00Z,44.151848604,2017-04-03T20:00:00Z,45.082994796,7.45,2.325,-3.66,7.52,7.66,32.23:00:00,True,113 120
HCA,long,4,2017-02-01T21:00:00Z,75.6574809,2017-04-03T20:00:00Z,82.460746325,27.21,1.0,0.0,31.5,22.01,60.23:00:00,True,100 121
BAX,long,24,2017-03-01T21:00:00Z,44.151848604,2017-05-01T20:00:00Z,47.928163716,90.63,1.0,-10.97,92.49,22.97,60.23:00:00,True,113 126
TGT,long,11,2016-11-01T20:00:00Z,50.204198652,2017-05-01T20:00:00Z,42.042504504,-89.78,1.0,-114.82,93.67,208.49,181.00:00:00,False,76 127
GILD,long,9,2016-02-01T21:00:00Z,58.045930195,2017-05-01T20:00:00Z,48.496376922,-85.95,1.0,-105.3,116.44,221.74,454.23:00:00,False,1 128
MO,long,10,2017-04-03T20:00:00Z,36.61801684,2017-05-01T20:00:00Z,36.1987656,-4.19,2.575,-4.19,4.75,8.95,28.00:00:00,False,122 129
LBTYA,long,9,2017-03-01T21:00:00Z,35.2,2017-05-01T20:00:00Z,35.69,4.41,2.625,-9.72,19.44,29.16,60.23:00:00,True,114 130
DAL,long,28,2016-03-01T21:00:00Z,43.04467977,2017-06-01T20:00:00Z,44.819352355,49.69,1.0,-380.37,87.88,410.44,456.23:00:00,True,19 134
BAX,long,16,2017-03-01T21:00:00Z,44.151848604,2017-06-01T20:00:00Z,51.870174,123.49,1.0,-7.31,123.49,15.31,91.23:00:00,True,113 135
MO,long,16,2017-04-03T20:00:00Z,36.61801684,2017-06-01T20:00:00Z,38.5506628,30.92,1.0,-11.45,31.25,19.06,59.00:00:00,True,122 136
GILD,long,17,2016-02-01T21:00:00Z,58.045930195,2017-07-03T17:00:00Z,50.7455613,-124.11,1.0,-210.64,219.93,430.57,517.20:00:00,False,1 141
VLO,long,18,2016-02-01T21:00:00Z,45.37488669,2017-07-03T17:00:00Z,47.791524732,43.5,1.0,-243.49,55.45,243.49,517.20:00:00,True,7 142
DAL,long,17,2016-03-01T21:00:00Z,43.04467977,2017-07-03T17:00:00Z,48.604497258,94.52,1.0,-230.94,94.52,249.2,488.20:00:00,True,19 143
HCA,long,6,2017-02-01T21:00:00Z,75.6574809,2017-07-03T17:00:00Z,80.503769025,29.08,1.0,-3.88,47.24,51.12,151.20:00:00,True,100 144
LBTYA,long,11,2017-03-01T21:00:00Z,35.2,2017-07-03T17:00:00Z,31.94,-35.86,1.0,-71.61,23.76,95.37,123.20:00:00,False,114 145
VZ,long,34,2016-02-01T21:00:00Z,29.034775836,2017-08-01T20:00:00Z,29.92126668,30.14,1.0,-94.71,129.78,224.49,546.23:00:00,True,6 150
TGT,long,20,2016-11-01T20:00:00Z,50.204198652,2017-08-01T20:00:00Z,43.330123198,-137.48,1.0,-239.29,170.31,409.6,273.00:00:00,False,76 151
GILD,long,14,2016-02-01T21:00:00Z,58.045930195,2017-08-01T20:00:00Z,54.3343563,-51.96,1.0,-173.47,181.12,354.59,546.23:00:00,False,1 152
HPE,long,39,2016-02-01T21:00:00Z,10.335336095,2017-08-01T20:00:00Z,13.409960265,119.91,1.0,-43.84,330.24,242.21,546.23:00:00,True,3 153
LBTYA,long,14,2017-03-01T21:00:00Z,35.2,2017-08-01T20:00:00Z,34.4,-11.2,1.0,-91.14,30.24,121.38,152.23:00:00,False,114 154
GILD,long,18,2016-02-01T21:00:00Z,58.045930195,2017-09-01T20:00:00Z,60.11231625,37.19,1.0,-223.03,232.87,455.9,577.23:00:00,True,1 158
HPE,long,23,2016-02-01T21:00:00Z,10.335336095,2017-09-01T20:00:00Z,10.934275293,13.78,1.0,-25.86,194.76,180.98,577.23:00:00,True,3 159
VLO,long,27,2016-02-01T21:00:00Z,45.37488669,2017-10-02T20:00:00Z,54.70281866,251.85,1.0,-365.24,251.85,365.24,608.23:00:00,True,7 164
TGT,long,19,2016-11-01T20:00:00Z,50.204198652,2017-10-02T20:00:00Z,45.3904015,-91.46,1.0,-227.33,161.79,389.12,335.00:00:00,False,76 165
HPE,long,508,2016-02-01T21:00:00Z,10.335336095,2017-10-03T20:00:00Z,11.494548333,588.88,5.155,-571.1,4301.55,4459.2,609.23:00:00,True,3 168
HPE,long,26,2016-03-01T21:00:00Z,9.95310104,2017-10-03T20:00:00Z,11.494548333,40.08,1.0,-19.29,230.1,228.23,580.23:00:00,True,21 168
HPE,long,42,2017-01-03T21:00:00Z,17.60404864,2017-10-03T20:00:00Z,11.494548333,-256.6,1.0,-352.5,50.35,368.67,272.23:00:00,False,94 168
HPE,long,151,2017-05-01T20:00:00Z,14.27206875,2017-10-03T20:00:00Z,11.494548333,-419.41,1.0,-764.2,684.16,682.69,155.00:00:00,False,131 168
HPE,long,110,2017-07-03T17:00:00Z,12.737552001,2017-10-03T20:00:00Z,11.494548333,-136.73,1.0,-387.91,667.19,415.21,92.03:00:00,False,146 168
HPE,long,194,2017-10-02T20:00:00Z,11.502226722,2017-10-03T20:00:00Z,11.494548333,-1.49,1.0,-444.48,1416.34,43.2,1.00:00:00,False,166 168
LBTYA,long,291,2017-03-01T21:00:00Z,35.2,2017-11-01T20:00:00Z,31.34,-1123.26,1.7,-1894.41,628.56,2522.97,244.23:00:00,False,114 170
LBTYA,long,49,2017-06-01T20:00:00Z,31.35,2017-11-01T20:00:00Z,31.34,-0.49,1.0,-130.34,294.49,201.88,153.00:00:00,False,137 170
DAL,long,16,2016-03-01T21:00:00Z,43.04467977,2017-11-01T20:00:00Z,45.561256815,40.27,1.0,-217.35,109.38,234.54,609.23:00:00,True,19 171
BAX,long,11,2017-03-01T21:00:00Z,44.151848604,2017-11-01T20:00:00Z,55.64606904,126.44,1.0,-5.03,140.55,33.66,244.23:00:00,True,113 172
VLO,long,8,2016-02-01T21:00:00Z,45.37488669,2017-11-01T20:00:00Z,57.301291292,95.41,1.0,-108.22,95.41,108.22,638.23:00:00,True,7 173
MO,long,9,2017-04-03T20:00:00Z,36.61801684,2017-11-01T20:00:00Z,33.70562675,-26.21,1.0,-42.53,30.94,73.47,212.00:00:00,False,122 174
HCA,long,10,2017-02-01T21:00:00Z,75.6574809,2017-12-01T21:00:00Z,77.586765125,19.29,1.0,-71.45,78.74,150.19,303.00:00:00,True,100 179
VLO,long,7,2016-02-01T21:00:00Z,45.37488669,2017-12-01T21:00:00Z,60.266780542,104.24,1.0,-94.69,111.51,94.69,669.00:00:00,True,7 180
VLO,long,7,2016-02-01T21:00:00Z,45.37488669,2018-01-02T21:00:00Z,66.44596928,147.5,1.0,-94.69,147.5,94.69,701.00:00:00,True,7 183
TGT,long,9,2016-11-01T20:00:00Z,50.204198652,2018-01-02T21:00:00Z,52.658577825,22.09,1.0,-107.68,76.64,184.32,427.01:00:00,True,76 184
MCK,long,3,2017-11-01T20:00:00Z,130.464615673,2018-01-02T21:00:00Z,148.862319,55.19,2.0,-12.5,65.3,18.68,62.01:00:00,True,176 185
DAL,long,8,2016-03-01T21:00:00Z,43.04467977,2018-01-02T21:00:00Z,51.662938844,68.95,1.0,-108.68,68.95,117.27,672.00:00:00,True,19 186
MO,long,10,2017-04-03T20:00:00Z,36.61801684,2018-01-02T21:00:00Z,37.184275854,5.66,1.0,-47.25,34.38,81.63,274.01:00:00,True,122 187
GLW,long,462,2017-11-01T20:00:00Z,25.14629282,2018-02-01T21:00:00Z,25.317787476,79.23,4.765,-94.25,1245.59,1339.84,92.01:00:00,True,175 192
GLW,long,29,2018-01-02T21:00:00Z,26.060783448,2018-02-01T21:00:00Z,25.317787476,-21.55,1.0,-32.44,51.67,84.1,30.00:00:00,False,189 192
GILD,long,20,2016-02-01T21:00:00Z,58.045930195,2018-02-01T21:00:00Z,60.71267565,53.33,1.0,-247.81,258.74,506.56,731.00:00:00,True,1 193
TGT,long,17,2016-11-01T20:00:00Z,50.204198652,2018-02-01T21:00:00Z,58.373703675,138.88,1.0,-203.4,186.67,348.16,457.01:00:00,True,76 194
HCA,long,10,2017-02-01T21:00:00Z,75.6574809,2018-02-01T21:00:00Z,94.3779996,187.21,1.0,-71.45,187.21,150.19,365.00:00:00,True,100 195
BAX,long,8,2017-03-01T21:00:00Z,44.151848604,2018-02-01T21:00:00Z,60.779142295,133.02,1.0,-3.66,149.08,24.48,337.00:00:00,True,113 196
BAX,long,198,2017-03-01T21:00:00Z,44.151848604,2018-03-01T21:00:00Z,57.752681238,2692.96,1.075,-90.48,3689.62,1668.8,365.00:00:00,True,113 202
BAX,long,7,2017-12-01T21:00:00Z,56.903874609,2018-03-01T21:00:00Z,57.752681238,5.94,1.0,-92.46,41.18,59.0,90.00:00:00,True,182 202
BAX,long,10,2018-01-02T21:00:00Z,58.363616697,2018-03-01T21:00:00Z,57.752681238,-6.11,1.0,-146.69,44.23,84.28,58.00:00:00,False,190 202
MO,long,270,2017-04-03T20:00:00Z,36.61801684,2018-03-01T21:00:00Z,32.816148453,-1026.5,1.82,-1275.83,928.2,2204.03,332.01:00:00,False,122 203
MO,long,8,2017-07-03T17:00:00Z,38.416645013,2018-03-01T21:00:00Z,32.816148453,-44.8,1.0,-52.19,13.11,52.44,241.04:00:00,False,149 203
MO,long,46,2017-08-01T20:00:00Z,33.76211255,2018-03-01T21:00:00Z,32.816148453,-43.51,1.0,-85.99,289.51,261.38,212.01:00:00,False,155 203
MO,long,10,2017-09-01T20:00:00Z,32.751826434,2018-03-01T21:00:00Z,32.816148453,0.64,1.0,-8.59,73.04,56.82,181.01:00:00,True,162 203
MO,long,30,2018-02-01T21:00:00Z,36.758501703,2018-03-01T21:00:00Z,32.816148453,-118.27,1.0,-145.97,98.92,118.27,28.00:00:00,False,198 203
MU,long,44,2018-02-01T21:00:00Z,41.433583877,2018-03-01T21:00:00Z,46.436038226,220.11,2.575,-132.58,271.17,166.48,28.00:00:00,True,197 204
TGT,long,12,2016-11-01T20:00:00Z,50.204198652,2018-03-01T21:00:00Z,58.196297649,95.91,1.0,-143.57,131.76,245.76,485.01:00:00,True,76 205
HCA,long,4,2017-02-01T21:00:00Z,75.6574809,2018-03-01T21:00:00Z,92.101452192,65.78,1.0,-28.58,74.88,60.08,393.00:00:00,True,100 206
MU,long,17,2018-02-01T21:00:00Z,41.433583877,2018-04-02T20:00:00Z,48.815373238,125.49,1.0,-51.22,309.33,183.84,59.23:00:00,True,197 212
EXC,long,33,2018-03-01T21:00:00Z,19.38128934126216,2018-04-02T20:00:00Z,20.08472725343148,23.21,4.325,-1.73,36.03,14.9,31.23:00:00,True,207 213
F,long,75,2018-03-01T21:00:00Z,6.794068448,2018-04-02T20:00:00Z,7.177391376,28.75,10.22,0.0,43.12,29.24,31.23:00:00,True,208 214
VLO,long,31,2016-02-01T21:00:00Z,45.37488669,2018-05-01T20:00:00Z,80.002385728,1073.45,1.0,-419.35,1091.82,419.35,819.23:00:00,True,7 219
MCK,long,8,2017-11-01T20:00:00Z,130.464615673,2018-05-01T20:00:00Z,144.69771036,113.86,1.0,-33.33,279.9,282.09,181.00:00:00,True,176 220
TGT,long,6,2016-11-01T20:00:00Z,50.204198652,2018-05-01T20:00:00Z,55.794022311,33.54,1.0,-71.79,65.88,122.88,546.00:00:00,True,76 221
VZ,long,9,2016-02-01T21:00:00Z,29.034775836,2018-05-01T20:00:00Z,30.965910868,17.38,1.0,-25.07,47.12,59.42,819.23:00:00,True,6 222
MCK,long,78,2017-11-01T20:00:00Z,130.464615673,2018-06-01T20:00:00Z,133.781001424,258.68,1.0,-324.95,2729.06,2750.37,212.00:00:00,True,176 227
MCK,long,6,2018-03-01T21:00:00Z,137.50082664,2018-06-01T20:00:00Z,133.781001424,-22.32,1.0,-67.21,167.71,107.25,91.23:00:00,False,210 227
MCK,long,6,2018-04-02T20:00:00Z,131.18595996,2018-06-01T20:00:00Z,133.781001424,15.57,1.0,-29.32,205.6,95.2,60.00:00:00,True,216 227
MU,long,51,2018-02-01T21:00:00Z,41.433583877,2018-06-01T20:00:00Z,57.279565002,808.15,1.0,-153.67,1001.11,758.91,119.23:00:00,True,197 228
VLO,long,10,2016-02-01T21:00:00Z,45.37488669,2018-06-01T20:00:00Z,90.060731238,446.86,1.0,-135.27,446.86,135.27,850.23:00:00,True,7 229
HCA,long,6,2017-02-01T21:00:00Z,75.6574809,2018-06-01T20:00:00Z,96.954528128,127.78,1.0,-42.87,129.06,90.11,484.23:00:00,True,100 230
GILD,long,23,2016-02-01T21:00:00Z,58.045930195,2018-07-02T20:00:00Z,52.621362288,-124.77,1.0,-284.98,297.56,582.54,881.23:00:00,False,1 235
VZ,long,35,2016-02-01T21:00:00Z,29.034775836,2018-07-02T20:00:00Z,31.980770708,103.11,1.0,-97.5,183.26,231.1,881.23:00:00,True,6 236
TGT,long,16,2016-11-01T20:00:00Z,50.204198652,2018-07-02T20:00:00Z,59.994026801,156.64,1.0,-191.43,198.44,327.68,608.00:00:00,True,76 237
EXC,long,39,2018-03-01T21:00:00Z,19.38128934126216,2018-07-02T20:00:00Z,22.718624202026323,130.16,1.0,-2.05,130.16,34.9,122.23:00:00,True,207 238
HCA,long,20,2017-02-01T21:00:00Z,75.6574809,2018-08-01T20:00:00Z,115.784078932,802.53,1.0,-142.9,802.53,300.38,545.23:00:00,True,100 243
MPC,long,18,2018-06-01T20:00:00Z,63.826255872,2018-08-01T20:00:00Z,62.922466116,-16.27,2.115,-178.39,0.14,178.53,61.00:00:00,False,231 244
DAL,long,11,2016-03-01T21:00:00Z,43.04467977,2018-08-01T20:00:00Z,49.704682128,73.26,1.0,-149.43,128.75,161.24,882.23:00:00,True,19 245
GILD,long,7,2016-02-01T21:00:00Z,58.045930195,2018-08-01T20:00:00Z,57.50847534,-3.76,1.0,-86.73,90.56,177.29,911.23:00:00,False,1 246
HCA,long,84,2017-02-01T21:00:00Z,75.6574809,2018-09-04T20:00:00Z,124.898562906,4136.25,1.0,-600.16,4142.51,1261.59,579.23:00:00,True,100 251
HCA,long,4,2017-05-01T20:00:00Z,77.4298377,2018-09-04T20:00:00Z,124.898562906,189.87,1.0,-35.67,190.17,48.08,491.00:00:00,True,133 251
HCA,long,3,2017-06-01T20:00:00Z,77.309834375,2018-09-04T20:00:00Z,124.898562906,142.77,1.0,-26.39,142.99,36.06,460.00:00:00,True,140 251
HCA,long,14,2017-08-01T20:00:00Z,73.1835662,2018-09-04T20:00:00Z,124.898562906,724.01,1.0,-65.39,725.05,111.27,399.00:00:00,True,157 251
HCA,long,4,2017-09-01T20:00:00Z,72.620473675,2018-09-04T20:00:00Z,124.898562906,209.11,1.0,-16.43,209.41,31.79,368.00:00:00,True,163 251
HCA,long,5,2017-11-01T20:00:00Z,70.921965075,2018-09-04T20:00:00Z,124.898562906,269.88,1.0,-12.05,270.26,39.74,307.00:00:00,True,178 251
HCA,long,4,2018-04-02T20:00:00Z,88.294382208,2018-09-04T20:00:00Z,124.898562906,146.42,1.0,-79.13,146.71,19.33,155.00:00:00,True,218 251
HCA,long,5,2018-05-01T20:00:00Z,89.10952128,2018-09-04T20:00:00Z,124.898562906,178.95,1.0,-102.98,179.32,24.16,126.00:00:00,True,226 251
TGT,long,12,2016-11-01T20:00:00Z,50.204198652,2018-09-04T20:00:00Z,70.983514305,249.35,1.0,-143.57,249.35,245.76,672.00:00:00,True,76 252
DAL,long,12,2016-03-01T21:00:00Z,43.04467977,2018-09-04T20:00:00Z,54.611152896,138.8,1.0,-163.02,140.46,175.9,916.23:00:00,True,19 253
VZ,long,10,2016-02-01T21:00:00Z,29.034775836,2018-09-04T20:00:00Z,34.12254815,50.88,1.0,-27.86,62.11,66.03,945.23:00:00,True,6 254
GILD,long,15,2016-02-01T21:00:00Z,58.045930195,2018-10-01T20:00:00Z,57.9997063,-0.69,1.0,-185.86,194.06,379.92,972.23:00:00,False,1 260
TGT,long,8,2016-11-01T20:00:00Z,50.204198652,2018-10-01T20:00:00Z,70.600466673,163.17,1.0,-95.72,168.21,163.84,699.00:00:00,True,76 261
EXC,long,24,2018-03-01T21:00:00Z,19.38128934126216,2018-10-01T20:00:00Z,23.162606006137583,90.75,1.0,-1.26,106.38,31.0,213.23:00:00,True,207 262
DAL,long,6,2016-03-01T21:00:00Z,43.04467977,2018-10-01T20:00:00Z,52.49645472,56.71,1.0,-81.51,73.46,87.95,943.23:00:00,True,19 263
NXPI,long,179,2018-09-04T20:00:00Z,83.029807352,2018-11-01T20:00:00Z,73.95572547,-1624.26,2.0,-3729.07,0.0,3729.07,58.00:00:00,False,255 267
NXPI,long,9,2018-10-01T20:00:00Z,74.78243949,2018-11-01T20:00:00Z,73.95572547,-7.44,1.0,-113.27,74.23,121.9,31.00:00:00,False,265 267
VZ,long,64,2016-02-01T21:00:00Z,29.034775836,2018-11-01T20:00:00Z,36.368661518,469.37,1.0,-178.28,557.39,422.58,1003.23:00:00,True,6 268
F,long,274,2018-03-01T21:00:00Z,6.794068448,2018-11-01T20:00:00Z,6.422834732,-101.72,1.37,-310.1,360.81,670.91,244.23:00:00,False,208 269
EXC,long,44,2018-03-01T21:00:00Z,19.38128934126216,2018-11-01T20:00:00Z,23.30136816193472,172.48,1.0,-2.31,195.03,56.83,244.23:00:00,True,207 270
DAL,long,29,2016-03-01T21:00:00Z,43.04467977,2018-12-03T21:00:00Z,56.111637276,378.94,1.0,-393.95,394.91,425.1,1007.00:00:00,True,19 276
ETN,long,15,2018-11-01T20:00:00Z,62.891411375,2018-12-03T21:00:00Z,66.524189849,54.49,2.09,-18.42,54.49,39.78,32.01:00:00,True,271 277
EXC,long,30,2018-03-01T21:00:00Z,19.38128934126216,2018-12-03T21:00:00Z,24.994187040116312,168.39,1.0,-1.57,168.39,38.75,277.00:00:00,True,207 278
GILD,long,11,2016-02-01T21:00:00Z,58.045930195,2018-12-03T21:00:00Z,52.71753705,-58.61,1.0,-136.3,142.31,278.61,1036.00:00:00,False,1 279
VZ,long,15,2016-02-01T21:00:00Z,29.034775836,2018-12-03T21:00:00Z,37.731026648,130.44,1.0,-41.78,154.67,99.04,1036.00:00:00,True,6 280
EXC,long,45,2018-03-01T21:00:00Z,19.38128934126216,2019-01-02T21:00:00Z,23.698231989198064,194.26,1.0,-2.36,267.34,78.16,307.00:00:00,True,207 285
VLO,long,12,2016-02-01T21:00:00Z,45.37488669,2019-01-02T21:00:00Z,55.892963628,126.22,1.0,-162.33,541.99,474.54,1066.00:00:00,True,7 286
TGT,long,11,2016-11-01T20:00:00Z,50.204198652,2019-01-02T21:00:00Z,53.4599494,35.81,1.0,-131.61,231.29,242.48,792.01:00:00,True,76 287
VZ,long,15,2016-02-01T21:00:00Z,29.034775836,2019-01-02T21:00:00Z,36.336224253,109.52,1.0,-41.78,154.67,99.04,1066.00:00:00,True,6 288
MU,long,32,2018-02-01T21:00:00Z,41.433583877,2019-02-01T21:00:00Z,38.61543708,-90.18,1.0,-420.32,628.14,1048.47,365.00:00:00,False,197 292
F,long,132,2018-03-01T21:00:00Z,6.794068448,2019-02-01T21:00:00Z,6.133784032,-87.16,1.0,-200.5,173.82,374.32,337.00:00:00,False,208 293
VLO,long,12,2016-02-01T21:00:00Z,45.37488669,2019-02-01T21:00:00Z,63.068211738,212.32,1.0,-162.33,541.99,474.54,1096.00:00:00,True,7 294
MPC,long,8,2018-06-01T20:00:00Z,63.826255872,2019-02-01T21:00:00Z,51.67907185,-97.18,1.0,-167.59,30.97,198.56,245.01:00:00,False,231 295
ETN,long,203,2018-11-01T20:00:00Z,62.891411375,2019-03-01T21:00:00Z,68.417327927,1121.76,1.015,-1538.96,1241.21,2276.41,120.01:00:00,True,271 299
EXC,long,450,2018-03-01T21:00:00Z,19.38128934126216,2019-03-01T21:00:00Z,26.30521211965972,3115.77,2.555,-23.62,3159.65,781.61,365.00:00:00,True,207 300
EXC,long,40,2018-08-01T20:00:00Z,22.24741526378807,2019-03-01T21:00:00Z,26.30521211965972,162.31,1.0,-116.74,166.21,69.48,212.01:00:00,True,248 300
EXC,long,21,2019-02-01T21:00:00Z,25.5104180977435,2019-03-01T21:00:00Z,26.30521211965972,16.69,1.0,-129.81,18.74,4.78,28.00:00:00,True,298 300
F,long,1363,2018-03-01T21:00:00Z,6.794068448,2019-03-01T21:00:00Z,6.19005728,-823.27,10.59,-2070.27,1794.84,3865.11,365.00:00:00,False,208 301
F,long,322,2018-08-01T20:00:00Z,6.717134705,2019-03-01T21:00:00Z,6.19005728,-169.72,1.61,-464.32,448.79,505.87,212.01:00:00,False,247 301
F,long,185,2018-09-04T20:00:00Z,6.42508537,2019-03-01T21:00:00Z,6.19005728,-43.48,1.0,-212.74,311.88,259.23,178.01:00:00,False,256 301
F,long,53,2018-12-03T21:00:00Z,6.63715968,2019-03-01T21:00:00Z,6.19005728,-23.7,1.0,-72.19,78.11,72.19,88.00:00:00,False,284 301
F,long,195,2019-01-02T21:00:00Z,5.468743028,2019-03-01T21:00:00Z,6.19005728,140.66,1.0,-37.75,515.22,94.37,58.00:00:00,True,289 301
MU,long,23,2018-02-01T21:00:00Z,41.433583877,2019-03-01T21:00:00Z,40.546208934,-20.41,1.0,-302.11,451.48,753.59,393.00:00:00,False,197 302
VZ,long,12,2016-02-01T21:00:00Z,29.034775836,2019-03-01T21:00:00Z,37.337872384,99.64,1.0,-33.43,123.74,79.23,1124.00:00:00,True,6 303
TGT,long,18,2016-11-01T20:00:00Z,50.204198652,2019-04-01T20:00:00Z,64.917046975,264.83,1.0,-215.36,378.48,396.78,881.00:00:00,True,76 310
DAL,long,9,2016-03-01T21:00:00Z,43.04467977,2019-04-01T20:00:00Z,49.041383436,53.97,1.0,-122.26,122.56,131.93,1125.23:00:00,True,19 311
VLO,long,5,2016-02-01T21:00:00Z,45.37488669,2019-04-01T20:00:00Z,64.631723061,96.28,1.0,-67.64,225.83,197.72,1154.23:00:00,True,7 312
DAL,long,17,2016-03-01T21:00:00Z,43.04467977,2019-05-01T20:00:00Z,54.065268168,187.35,1.0,-230.94,231.5,249.2,1155.23:00:00,True,19 316
DAL,long,12,2016-04-01T20:00:00Z,41.380989693,2019-05-01T20:00:00Z,54.065268168,152.21,1.0,-143.05,183.38,169.12,1125.00:00:00,True,24 316
VLO,long,4,2016-02-01T21:00:00Z,45.37488669,2019-05-01T20:00:00Z,67.129350679,87.02,1.0,-54.11,180.66,158.18,1184.23:00:00,True,7 317
VLO,long,7,2016-03-01T21:00:00Z,41.077764609,2019-05-01T20:00:00Z,67.129350679,182.36,1.0,-64.61,346.24,276.81,1155.23:00:00,True,20 317
TGT,long,31,2016-11-01T20:00:00Z,50.204198652,2019-06-03T20:00:00Z,67.94275236,549.9,1.0,-370.9,651.83,683.35,944.00:00:00,True,76 321
T,long,67,2019-03-01T21:00:00Z,14.817452733066698,2019-06-03T20:00:00Z,15.186379955225673,24.72,5.385,-32.53,68.25,63.49,93.23:00:00,True,305 322
GILD,long,13,2016-02-01T21:00:00Z,58.045930195,2019-06-03T20:00:00Z,48.199826808,-128.0,1.0,-164.14,168.18,332.32,1217.23:00:00,False,1 323
COP,long,12,2019-03-01T21:00:00Z,52.489733169,2019-06-03T20:00:00Z,45.45799434,-84.38,2.27,-88.51,8.86,97.38,93.23:00:00,False,304 324
VZ,long,15,2016-02-01T21:00:00Z,29.034775836,2019-06-03T20:00:00Z,37.338128592,124.55,1.0,-41.78,163.09,99.04,1217.23:00:00,True,6 325
VLO,long,17,2016-03-01T21:00:00Z,41.077764609,2019-07-01T20:00:00Z,63.698252904,384.55,1.0,-156.92,840.87,672.26,1216.23:00:00,True,20 330
VLO,long,1,2016-04-01T20:00:00Z,41.958145341,2019-07-01T20:00:00Z,63.698252904,21.74,1.0,-10.11,48.58,39.54,1186.00:00:00,True,28 330
MPC,long,25,2018-06-01T20:00:00Z,63.826255872,2019-07-01T20:00:00Z,44.323943248,-487.56,1.0,-670.9,96.79,767.69,395.00:00:00,False,231 331
MU,long,19,2018-02-01T21:00:00Z,41.433583877,2019-07-01T20:00:00Z,39.112757103,-44.1,1.0,-249.57,372.96,622.53,514.23:00:00,False,197 332
PSX,long,6,2019-03-01T21:00:00Z,73.29881876,2019-07-01T20:00:00Z,71.44040124,-11.15,2.0,-71.5,6.36,77.86,121.23:00:00,False,306 333
MU,long,42,2018-02-01T21:00:00Z,41.433583877,2019-08-01T20:00:00Z,42.51598628,45.46,1.0,-551.67,824.44,1376.11,545.23:00:00,True,197 340
PSX,long,12,2019-03-01T21:00:00Z,73.29881876,2019-08-01T20:00:00Z,77.50265562,50.45,1.0,-143.0,64.94,155.72,152.23:00:00,True,306 341
DAL,long,8,2016-04-01T20:00:00Z,41.380989693,2019-08-01T20:00:00Z,57.400879952,128.16,1.0,-95.37,149.78,112.75,1217.00:00:00,True,24 342
DAL,long,5,2016-05-02T20:00:00Z,37.120534681,2019-08-01T20:00:00Z,57.400879952,101.4,1.0,-38.3,114.91,70.47,1186.00:00:00,True,33 342
TGT,long,7,2016-11-01T20:00:00Z,50.204198652,2019-09-03T20:00:00Z,88.075510146,265.1,1.0,-83.75,272.15,154.3,1036.00:00:00,True,76 349
TGT,long,18,2017-01-03T21:00:00Z,54.342423975,2019-09-03T20:00:00Z,88.075510146,607.2,1.0,-289.85,625.32,396.78,972.23:00:00,True,93 349
TGT,long,22,2017-02-01T21:00:00Z,47.559891883,2019-09-03T20:00:00Z,88.075510146,891.34,1.0,-205.05,913.5,484.96,943.23:00:00,True,101 349
TGT,long,25,2017-03-01T21:00:00Z,43.595446216,2019-09-03T20:00:00Z,88.075510146,1112.0,1.0,-133.9,1137.18,551.09,915.23:00:00,True,115 349
TGT,long,15,2017-04-03T20:00:00Z,40.730796456,2019-09-03T20:00:00Z,88.075510146,710.17,1.0,-37.37,725.28,330.65,883.00:00:00,True,124 349
TGT,long,20,2017-07-03T17:00:00Z,40.091413673,2019-09-03T20:00:00Z,88.075510146,959.68,1.0,-37.04,979.82,440.87,792.03:00:00,True,147 349
TGT,long,9,2017-09-01T20:00:00Z,43.3250997,2019-09-03T20:00:00Z,88.075510146,402.75,1.0,-45.77,411.82,198.39,732.00:00:00,True,161 349
TGT,long,20,2018-04-02T20:00:00Z,54.153252554,2019-09-03T20:00:00Z,88.075510146,678.45,1.0,-318.27,698.58,440.87,519.00:00:00,True,215 349
TGT,long,5,2018-06-01T20:00:00Z,57.64240664,2019-09-03T20:00:00Z,88.075510146,152.17,1.0,-97.01,157.2,110.22,459.00:00:00,True,234 349
TGT,long,33,2018-12-03T21:00:00Z,58.2072959,2019-09-03T20:00:00Z,88.075510146,985.65,1.0,-658.93,1018.88,317.78,273.23:00:00,True,281 349
TGT,long,9,2019-05-01T20:00:00Z,61.426446725,2019-09-03T20:00:00Z,88.075510146,239.84,1.0,-208.68,248.9,61.26,125.00:00:00,True,319 349
TGT,long,8,2019-07-01T20:00:00Z,71.210884752,2019-09-03T20:00:00Z,88.075510146,134.92,1.0,-263.77,142.97,54.45,64.00:00:00,True,336 349
TGT,long,6,2019-08-01T20:00:00Z,67.672455696,2019-09-03T20:00:00Z,88.075510146,122.42,1.0,-176.6,128.46,13.52,33.00:00:00,True,347 349
VZ,long,23,2016-02-01T21:00:00Z,29.034775836,2019-09-03T20:00:00Z,38.84173194,225.56,1.0,-64.07,250.07,151.86,1309.23:00:00,True,6 350
T,long,39,2019-03-01T21:00:00Z,14.817452733066698,2019-09-03T20:00:00Z,17.54312201757921,106.3,1.0,-18.94,106.49,36.96,185.23:00:00,True,305 351
MPC,long,46,2018-06-01T20:00:00Z,63.826255872,2019-10-01T20:00:00Z,49.097972848,-677.5,1.0,-1285.13,178.09,1463.22,487.00:00:00,False,231 358
VLO,long,5,2016-04-01T20:00:00Z,41.958145341,2019-10-01T20:00:00Z,65.153774964,115.98,1.0,-50.55,242.91,197.72,1278.00:00:00,True,28 359
VLO,long,9,2016-05-02T20:00:00Z,39.897254082,2019-10-01T20:00:00Z,65.153774964,227.31,1.0,-72.45,455.79,355.9,1247.00:00:00,True,35 359
DOW,long,21,2019-09-03T20:00:00Z,28.58234258,2019-10-01T20:00:00Z,31.433738957,59.88,3.37,0.0,103.53,43.65,28.00:00:00,True,352 360
PSX,long,15,2019-03-01T21:00:00Z,73.29881876,2019-11-01T20:00:00Z,90.77285184,262.11,1.0,-178.75,268.55,194.65,244.23:00:00,True,306 366
VLO,long,2,2016-05-02T20:00:00Z,39.897254082,2019-11-01T20:00:00Z,76.346584932,72.9,1.0,-16.1,101.29,79.09,1278.00:00:00,True,35 367
VLO,long,15,2016-06-01T20:00:00Z,37.57776201,2019-11-01T20:00:00Z,76.346584932,581.53,1.0,-85.96,794.45,593.17,1248.00:00:00,True,39 367
MU,long,19,2018-02-01T21:00:00Z,41.433583877,2019-11-01T20:00:00Z,47.177142574,109.13,1.0,-249.57,372.96,622.53,637.23:00:00,True,197 368
GILD,long,9,2016-02-01T21:00:00Z,58.045930195,2019-12-02T21:00:00Z,51.03528402,-63.1,1.575,-113.64,116.44,230.07,1400.00:00:00,False,1 373
GILD,long,6,2016-04-01T20:00:00Z,65.313661036,2019-12-02T21:00:00Z,51.03528402,-85.67,1.0,-119.36,34.02,153.38,1340.01:00:00,False,25 373
GILD,long,21,2016-08-01T20:00:00Z,56.148681114,2019-12-02T21:00:00Z,51.03528402,-107.38,1.0,-225.31,311.52,402.24,1218.01:00:00,False,54 373
GILD,long,16,2016-11-01T20:00:00Z,52.00254711,2019-12-02T21:00:00Z,51.03528402,-15.48,1.0,-105.32,303.69,306.47,1126.01:00:00,False,77 373
GILD,long,14,2016-12-01T21:00:00Z,51.13899732,2019-12-02T21:00:00Z,51.03528402,-1.45,1.0,-80.07,277.82,268.16,1096.00:00:00,False,85 373
GILD,long,10,2017-01-03T21:00:00Z,52.400951712,2019-12-02T21:00:00Z,51.03528402,-13.66,1.0,-69.81,185.82,191.54,1063.00:00:00,False,95 373
GILD,long,10,2017-03-01T21:00:00Z,49.595776708,2019-12-02T21:00:00Z,51.03528402,14.4,1.0,-41.76,213.87,191.54,1006.00:00:00,True,116 373
GILD,long,5,2017-04-03T20:00:00Z,47.77722642,2019-12-02T21:00:00Z,51.03528402,16.29,1.0,-11.79,116.03,95.77,973.01:00:00,True,125 373
GILD,long,12,2017-06-01T20:00:00Z,46.011391524,2019-12-02T21:00:00Z,51.03528402,60.29,1.0,-7.1,299.66,229.85,914.01:00:00,True,138 373
GILD,long,7,2017-10-02T20:00:00Z,60.322086144,2019-12-02T21:00:00Z,51.03528402,-65.01,1.0,-104.32,74.63,134.08,791.01:00:00,False,167 373
GILD,long,13,2017-11-01T20:00:00Z,54.052980448,2019-12-02T21:00:00Z,51.03528402,-39.23,1.0,-112.23,220.09,249.01,761.01:00:00,False,177 373
GILD,long,12,2017-12-01T21:00:00Z,54.414104048,2019-12-02T21:00:00Z,51.03528402,-40.55,1.0,-107.93,198.83,229.85,731.00:00:00,False,181 373
GILD,long,17,2018-01-02T21:00:00Z,53.8844085,2019-12-02T21:00:00Z,51.03528402,-48.44,1.0,-143.9,290.68,325.62,699.00:00:00,False,188 373
GILD,long,4,2018-03-01T21:00:00Z,56.37865305,2019-12-02T21:00:00Z,51.03528402,-21.37,1.0,-43.84,58.42,56.02,641.00:00:00,False,211 373
GILD,long,9,2018-04-02T20:00:00Z,53.562769794,2019-12-02T21:00:00Z,51.03528402,-22.75,1.0,-73.29,156.78,120.18,609.01:00:00,False,217 373
GILD,long,16,2018-05-01T20:00:00Z,53.138017176,2019-12-02T21:00:00Z,51.03528402,-33.64,1.0,-123.49,285.52,213.66,580.01:00:00,False,224 373
GILD,long,28,2018-06-01T20:00:00Z,50.01828243,2019-12-02T21:00:00Z,51.03528402,28.48,1.0,-128.76,587.02,373.9,549.01:00:00,True,232 373
GILD,long,14,2018-09-04T20:00:00Z,54.843448434,2019-12-02T21:00:00Z,51.03528402,-53.31,1.0,-131.93,225.96,186.95,454.01:00:00,False,257 373
GILD,long,13,2018-11-01T20:00:00Z,52.308354925,2019-12-02T21:00:00Z,51.03528402,-16.55,1.0,-89.55,242.77,110.54,396.01:00:00,False,275 373
GILD,long,20,2019-03-01T21:00:00Z,49.523566834,2019-12-02T21:00:00Z,51.03528402,30.23,1.0,-82.08,429.19,109.88,276.00:00:00,True,307 373
GILD,long,7,2019-07-01T20:00:00Z,51.870679497,2019-12-02T21:00:00Z,51.03528402,-5.85,1.0,-45.16,133.79,36.42,154.01:00:00,False,338 373
GILD,long,16,2019-08-01T20:00:00Z,50.065949973,2019-12-02T21:00:00Z,51.03528402,15.51,1.0,-74.34,334.68,72.0,123.01:00:00,True,343 373
GILD,long,23,2019-10-01T20:00:00Z,48.79689437,2019-12-02T21:00:00Z,51.03528402,51.48,1.0,-77.67,510.28,60.89,62.01:00:00,True,362 373
GILD,long,13,2019-11-01T20:00:00Z,49.90837061,2019-12-02T21:00:00Z,51.03528402,14.65,1.0,-58.35,273.97,20.87,31.01:00:00,True,371 373
COP,long,23,2019-03-01T21:00:00Z,52.489733169,2019-12-02T21:00:00Z,46.78632741,-131.18,1.0,-315.11,16.99,332.09,276.00:00:00,False,304 374
DOW,long,27,2019-09-03T20:00:00Z,28.58234258,2019-12-02T21:00:00Z,36.815601828,222.3,1.0,0.0,261.98,95.27,90.01:00:00,True,352 375
DAL,long,7,2016-05-02T20:00:00Z,37.120534681,2019-12-02T21:00:00Z,54.4043409,120.99,1.0,-53.62,160.88,98.65,1309.01:00:00,True,33 376
MU,long,24,2018-02-01T21:00:00Z,41.433583877,2020-01-02T21:00:00Z,54.012855047,301.9,1.0,-315.24,471.11,786.35,700.00:00:00,True,197 382
OXY,long,25,2019-12-02T21:00:00Z,34.109602144,2020-01-02T21:00:00Z,38.325312724,105.39,3.315,-15.43,105.39,19.35,31.00:00:00,True,377 383
COP,long,16,2019-03-01T21:00:00Z,52.489733169,2020-01-02T21:00:00Z,50.73104178,-28.14,1.0,-219.2,11.82,231.02,307.00:00:00,False,304 384
MU,long,20,2018-02-01T21:00:00Z,41.433583877,2020-02-03T21:00:00Z,52.442883994,220.19,1.0,-262.7,392.59,655.29,732.00:00:00,True,197 389
T,long,52,2019-03-01T21:00:00Z,14.817452733066698,2020-02-03T21:00:00Z,18.82799324838432,208.55,1.0,-25.25,264.89,63.52,339.00:00:00,True,305 390
VZ,long,22,2016-02-01T21:00:00Z,29.034775836,2020-02-03T21:00:00Z,39.64065648,233.33,1.0,-61.28,284.6,145.26,1463.00:00:00,True,6 391
OXY,long,18,2019-12-02T21:00:00Z,34.109602144,2020-02-03T21:00:00Z,36.075118224,35.38,1.0,-11.11,151.71,122.16,63.00:00:00,True,377 392
OXY,long,420,2019-12-02T21:00:00Z,34.109602144,2020-03-02T21:00:00Z,29.675565066,-1862.3,2.1,-2300.81,3539.79,5840.6,91.00:00:00,False,377 397
DOW,long,426,2019-09-03T20:00:00Z,28.58234258,2020-03-02T21:00:00Z,29.159278226,245.77,2.355,-330.03,4133.46,4463.49,181.01:00:00,True,352 398
DOW,long,45,2020-02-03T21:00:00Z,32.369473842,2020-03-02T21:00:00Z,29.159278226,-144.46,1.0,-205.28,266.21,294.73,28.00:00:00,False,394 398
MU,long,24,2018-02-01T21:00:00Z,41.433583877,2020-03-02T21:00:00Z,53.232745207,283.18,1.0,-315.24,471.11,786.35,760.00:00:00,True,197 399
MU,long,11,2018-05-01T20:00:00Z,45.626674267,2020-03-02T21:00:00Z,53.232745207,83.67,1.0,-190.61,169.8,360.41,671.01:00:00,True,223 399
T,long,54,2019-03-01T21:00:00Z,14.817452733066698,2020-03-02T21:00:00Z,18.94006463676756,222.62,1.0,-26.22,275.08,106.92,367.00:00:00,True,305 400
VZ,long,16,2016-02-01T21:00:00Z,29.034775836,2020-03-02T21:00:00Z,39.16239968,162.04,1.0,-44.57,206.98,105.64,1491.00:00:00,True,6 401
VLO,long,4,2016-06-01T20:00:00Z,37.57776201,2020-03-03T21:00:00Z,53.407746861,63.32,1.265,-22.92,211.85,160.99,1371.01:00:00,True,39 408
VLO,long,8,2016-07-01T20:00:00Z,34.672125945,2020-03-03T21:00:00Z,53.407746861,149.88,1.0,-22.6,446.95,321.98,1341.01:00:00,True,49 408
VLO,long,9,2016-08-01T20:00:00Z,34.80021663,2020-03-03T21:00:00Z,53.407746861,167.47,1.0,-26.58,501.67,362.23,1310.01:00:00,True,57 408
VLO,long,17,2016-10-03T20:00:00Z,36.06243255,2020-03-03T21:00:00Z,53.407746861,294.87,1.0,-71.66,926.13,684.2,1247.01:00:00,True,68 408
VLO,long,6,2016-12-01T21:00:00Z,41.650299555,2020-03-03T21:00:00Z,53.407746861,70.54,1.0,-58.82,293.34,241.48,1188.00:00:00,True,89 408
VLO,long,5,2017-02-01T21:00:00Z,44.980672095,2020-03-03T21:00:00Z,53.407746861,42.14,1.0,-65.67,227.8,201.24,1126.00:00:00,True,105 408
VLO,long,12,2017-06-01T20:00:00Z,43.652543984,2020-03-03T21:00:00Z,53.407746861,117.06,1.0,-141.66,562.66,482.97,1006.01:00:00,True,139 408
VLO,long,5,2018-02-01T21:00:00Z,67.799233094,2020-03-03T21:00:00Z,53.407746861,-71.96,1.0,-179.76,113.71,201.24,761.00:00:00,False,200 408
VLO,long,10,2018-07-02T20:00:00Z,79.474338933,2020-03-03T21:00:00Z,53.407746861,-260.67,1.0,-476.27,110.67,385.13,610.01:00:00,False,241 408
VLO,long,4,2018-09-04T20:00:00Z,88.095892104,2020-03-03T21:00:00Z,53.407746861,-138.75,1.0,-224.99,9.78,151.21,546.01:00:00,False,259 408
VLO,long,29,2018-11-01T20:00:00Z,67.779033421,2020-03-03T21:00:00Z,53.407746861,-416.77,1.0,-1042.02,660.1,789.68,488.01:00:00,False,272 408
VLO,long,28,2018-12-03T21:00:00Z,60.13893519,2020-03-03T21:00:00Z,53.407746861,-188.47,1.0,-792.16,851.26,762.45,456.00:00:00,False,282 408
VLO,long,13,2019-03-01T21:00:00Z,61.984536903,2020-03-03T21:00:00Z,53.407746861,-111.5,1.0,-391.78,371.23,353.99,368.00:00:00,False,308 408
VLO,long,28,2019-06-03T20:00:00Z,54.4429512,2020-03-03T21:00:00Z,53.407746861,-28.99,1.0,-632.68,1010.74,762.45,274.01:00:00,False,328 408
VLO,long,7,2019-08-01T20:00:00Z,63.773868114,2020-03-03T21:00:00Z,53.407746861,-72.56,1.0,-223.49,187.37,190.61,215.01:00:00,False,346 408
VLO,long,24,2019-09-03T20:00:00Z,57.011464434,2020-03-03T21:00:00Z,53.407746861,-86.49,1.0,-603.94,804.71,653.53,182.01:00:00,False,355 408
VLO,long,4,2019-12-02T21:00:00Z,73.74642316,2020-03-03T21:00:00Z,53.407746861,-81.35,1.0,-167.6,67.18,97.79,92.00:00:00,False,381 408
VLO,long,12,2020-01-02T21:00:00Z,73.383862293,2020-03-03T21:00:00Z,53.407746861,-239.71,1.0,-498.44,205.88,293.37,61.00:00:00,False,386 408
VLO,long,6,2020-02-03T21:00:00Z,61.905339525,2020-03-03T21:00:00Z,53.407746861,-50.99,1.0,-180.35,171.81,96.47,29.00:00:00,False,395 408
VLO,long,22,2020-03-02T21:00:00Z,52.970682149,2020-03-03T21:00:00Z,53.407746861,9.62,1.0,-464.71,826.55,58.89,1.00:00:00,True,404 408
MPC,long,126,2018-06-01T20:00:00Z,63.826255872,2020-04-01T20:00:00Z,17.282795529,-5864.48,1.68,-6307.93,487.8,6795.73,670.00:00:00,False,231 412
MPC,long,21,2018-07-02T20:00:00Z,54.749401857,2020-04-01T20:00:00Z,17.282795529,-786.8,1.0,-860.71,271.91,1132.62,639.00:00:00,False,239 412
MPC,long,13,2018-11-01T20:00:00Z,55.700327996,2020-04-01T20:00:00Z,17.282795529,-499.43,1.0,-545.18,155.97,545.18,517.00:00:00,False,274 412
MPC,long,20,2018-12-03T21:00:00Z,51.0396943,2020-04-01T20:00:00Z,17.282795529,-675.14,1.0,-745.53,333.16,830.94,484.23:00:00,False,283 412
MPC,long,14,2019-03-01T21:00:00Z,49.882567988,2020-04-01T20:00:00Z,17.282795529,-456.4,1.0,-505.67,249.41,581.66,396.23:00:00,False,309 412
MPC,long,15,2019-04-01T20:00:00Z,48.585366555,2020-04-01T20:00:00Z,17.282795529,-469.54,1.0,-522.33,286.68,623.21,366.00:00:00,False,313 412
MPC,long,47,2019-06-03T20:00:00Z,37.898901402,2020-04-01T20:00:00Z,17.282795529,-968.96,1.0,-1134.37,1400.54,1952.72,303.00:00:00,False,326 412
MPC,long,6,2019-08-01T20:00:00Z,44.50889439,2020-04-01T20:00:00Z,17.282795529,-163.36,1.0,-184.47,139.13,249.28,244.00:00:00,False,348 412
MPC,long,37,2019-09-03T20:00:00Z,40.364746144,2020-04-01T20:00:00Z,17.282795529,-854.03,1.0,-984.25,1011.32,1537.24,211.00:00:00,False,354 412
MPC,long,17,2019-12-02T21:00:00Z,49.906241688,2020-04-01T20:00:00Z,17.282795529,-554.6,1.0,-614.43,302.45,628.93,120.23:00:00,False,379 412
MPC,long,13,2020-01-02T21:00:00Z,50.758919384,2020-04-01T20:00:00Z,17.282795529,-435.19,1.0,-480.94,220.2,480.94,89.23:00:00,False,387 412
MPC,long,7,2020-02-03T21:00:00Z,42.683077744,2020-04-01T20:00:00Z,17.282795529,-177.8,1.0,-202.44,175.1,252.97,57.23:00:00,False,396 412
DAL,long,18,2016-05-02T20:00:00Z,37.120534681,2020-04-01T20:00:00Z,22.997877005,-254.21,1.47,-297.21,413.69,710.9,1430.00:00:00,False,33 413
DAL,long,39,2016-07-01T20:00:00Z,32.471406827,2020-04-01T20:00:00Z,22.997877005,-369.47,1.0,-462.64,1077.65,1540.29,1370.00:00:00,False,46 413
DAL,long,12,2016-09-01T20:00:00Z,32.691561182,2020-04-01T20:00:00Z,22.997877005,-116.32,1.0,-144.99,328.94,473.94,1308.00:00:00,False,62 413
DAL,long,6,2017-02-01T21:00:00Z,42.151661874,2020-04-01T20:00:00Z,22.997877005,-114.92,1.0,-129.26,107.71,236.97,1154.23:00:00,False,104 413
DAL,long,20,2017-04-03T20:00:00Z,41.466293539,2020-04-01T20:00:00Z,22.997877005,-369.37,1.0,-417.15,372.74,789.89,1094.00:00:00,False,123 413
DAL,long,24,2017-08-01T20:00:00Z,45.017150901,2020-04-01T20:00:00Z,22.997877005,-528.46,1.0,-585.8,362.07,947.87,974.00:00:00,False,156 413
DAL,long,11,2017-09-01T20:00:00Z,43.000415568,2020-04-01T20:00:00Z,22.997877005,-220.03,1.0,-246.31,188.13,434.44,943.00:00:00,False,160 413
DAL,long,14,2018-02-01T21:00:00Z,51.371572252,2020-04-01T20:00:00Z,22.997877005,-397.23,1.0,-430.68,122.25,552.92,789.23:00:00,False,199 413
DAL,long,17,2018-05-01T20:00:00Z,48.297957678,2020-04-01T20:00:00Z,22.997877005,-430.1,1.0,-470.72,200.69,671.41,701.00:00:00,False,225 413
DAL,long,16,2018-07-02T20:00:00Z,45.987192576,2020-04-01T20:00:00Z,22.997877005,-367.83,1.0,-406.05,225.86,631.91,639.00:00:00,False,242 413
DAL,long,20,2019-01-02T21:00:00Z,46.750364457,2020-04-01T20:00:00Z,22.997877005,-475.05,1.0,-522.83,267.06,789.89,454.23:00:00,False,290 413
DAL,long,29,2019-02-01T21:00:00Z,46.591698816,2020-04-01T20:00:00Z,22.997877005,-684.22,1.0,-753.5,391.84,1145.34,424.23:00:00,False,296 413
DAL,long,7,2019-07-01T20:00:00Z,54.642040004,2020-04-01T20:00:00Z,22.997877005,-221.51,1.0,-238.23,38.23,276.46,275.00:00:00,False,337 413
DAL,long,11,2019-09-03T20:00:00Z,54.517513469,2020-04-01T20:00:00Z,22.997877005,-346.72,1.0,-373.0,61.45,427.43,211.00:00:00,False,356 413
DAL,long,18,2019-10-01T20:00:00Z,54.251063761,2020-04-01T20:00:00Z,22.997877005,-562.56,1.0,-605.56,105.34,699.43,183.00:00:00,False,363 413
DAL,long,24,2019-11-01T20:00:00Z,53.704514136,2020-04-01T20:00:00Z,22.997877005,-736.96,1.0,-794.3,153.57,932.58,152.00:00:00,False,369 413
DAL,long,8,2020-03-02T21:00:00Z,45.522765144,2020-04-01T20:00:00Z,22.997877005,-180.2,1.0,-199.31,116.65,209.66,29.23:00:00,False,407 413
ET,long,2072,2020-03-02T21:00:00Z,6.756803872,2020-04-01T20:00:00Z,2.901484672,-7988.22,20.72,-8639.11,0.0,8639.11,29.23:00:00,False,403 414
VZ,long,13,2016-02-01T21:00:00Z,29.034775836,2020-04-01T20:00:00Z,36.15621408,92.58,1.0,-36.21,168.17,101.62,1520.23:00:00,True,6 415
VZ,long,9,2016-04-01T20:00:00Z,30.893779411,2020-04-01T20:00:00Z,36.15621408,47.36,1.0,-41.8,99.69,70.35,1461.00:00:00,True,27 415
VZ,long,17,2016-08-01T20:00:00Z,31.82424495,2020-04-01T20:00:00Z,36.15621408,73.64,1.0,-94.78,172.49,132.88,1339.00:00:00,True,55 415
VZ,long,18,2016-09-01T20:00:00Z,30.691418616,2020-04-01T20:00:00Z,36.15621408,98.37,1.0,-79.96,203.03,140.7,1308.00:00:00,True,61 415
VZ,long,7,2016-10-03T20:00:00Z,30.294345468,2020-04-01T20:00:00Z,36.15621408,41.03,1.0,-28.32,81.74,54.72,1276.00:00:00,True,71 415
VZ,long,23,2016-11-01T20:00:00Z,28.148653708,2020-04-01T20:00:00Z,36.15621408,184.17,1.0,-43.69,317.91,179.78,1247.00:00:00,True,79 415
VZ,long,1,2016-12-01T21:00:00Z,29.453910206,2020-04-01T20:00:00Z,36.15621408,6.7,1.0,-3.2,12.52,7.82,1216.23:00:00,True,87 415
DELL,long,168,2020-03-02T21:00:00Z,19.517268043394697,2020-04-01T20:00:00Z,16.989553923124895,-424.66,4.52,-1045.01,76.58,1121.59,29.23:00:00,False,402 416
T,long,74,2019-03-01T21:00:00Z,14.817452733066698,2020-04-01T20:00:00Z,14.2891020188631,-39.1,1.0,-86.22,376.96,463.18,396.23:00:00,False,305 417
MU,long,17,2018-05-01T20:00:00Z,45.626674267,2020-04-01T20:00:00Z,38.898226897,-114.38,1.0,-294.58,262.42,557.0,701.00:00:00,False,223 418
PSX,long,37,2019-03-01T21:00:00Z,73.29881876,2020-05-01T20:00:00Z,51.777827976,-796.28,1.0,-1496.94,683.42,2180.35,426.23:00:00,False,306 425
COP,long,64,2019-03-01T21:00:00Z,52.489733169,2020-05-01T20:00:00Z,30.555725445,-1403.78,1.0,-2226.96,47.27,2274.24,426.23:00:00,False,304 426
EPD,long,98,2020-04-01T20:00:00Z,8.428841015,2020-05-01T20:00:00Z,10.747766268,227.25,6.585,0.0,302.27,91.05,30.00:00:00,True,420 427
CI,long,61,2020-04-01T20:00:00Z,155.693322018,2020-06-01T20:00:00Z,178.21024494,1373.53,2.0,-506.5,1509.07,957.03,61.00:00:00,True,422 434
CI,long,2,2020-05-01T20:00:00Z,168.305677566,2020-06-01T20:00:00Z,178.21024494,19.81,1.0,-41.83,24.25,16.88,31.00:00:00,True,433 434
DELL,long,59,2020-03-02T21:00:00Z,19.517268043394697,2020-06-01T20:00:00Z,22.73101022180694,189.61,1.0,-367.0,196.95,393.89,90.23:00:00,True,402 435
EPD,long,42,2020-04-01T20:00:00Z,8.428841015,2020-06-01T20:00:00Z,12.090452772,153.79,1.0,0.0,157.21,39.79,61.00:00:00,True,420 436
PSX,long,7,2019-03-01T21:00:00Z,73.29881876,2020-06-01T20:00:00Z,62.288951323,-77.07,1.0,-283.2,129.29,412.5,457.23:00:00,False,306 437
CVS,long,5,2020-04-01T20:00:00Z,47.306733366,2020-06-01T20:00:00Z,53.671484652,31.82,2.015,-11.88,35.59,15.33,61.00:00:00,True,419 438
DELL,long,59,2020-03-02T21:00:00Z,19.517268043394697,2020-07-01T20:00:00Z,24.991679863068274,322.99,1.0,-367.0,340.92,393.89,120.23:00:00,True,402 445
MU,long,13,2018-05-01T20:00:00Z,45.626674267,2020-07-01T20:00:00Z,48.46432381,36.89,1.0,-225.27,200.67,425.94,792.00:00:00,True,223 446
MU,long,9,2018-07-02T20:00:00Z,53.125480104,2020-07-01T20:00:00Z,48.46432381,-41.95,1.0,-223.44,71.44,249.51,730.00:00:00,False,240 446
PSX,long,104,2019-03-01T21:00:00Z,73.29881876,2020-08-03T20:00:00Z,48.295074272,-2600.39,1.005,-4207.61,1920.95,6128.57,520.23:00:00,False,306 453
PSX,long,5,2019-04-01T20:00:00Z,71.48665059,2020-08-03T20:00:00Z,48.295074272,-115.96,1.0,-193.23,101.41,294.64,490.00:00:00,False,315 453
PSX,long,4,2019-05-01T20:00:00Z,69.05789408,2020-08-03T20:00:00Z,48.295074272,-83.05,1.0,-144.87,90.85,235.71,460.00:00:00,False,320 453
PSX,long,7,2019-06-03T20:00:00Z,62.4457782,2020-08-03T20:00:00Z,48.295074272,-99.05,1.0,-207.23,205.27,412.5,427.00:00:00,False,329 453
PSX,long,3,2019-09-03T20:00:00Z,76.275262074,2020-08-03T20:00:00Z,48.295074272,-83.94,1.0,-130.3,46.48,176.79,335.00:00:00,False,357 453
PSX,long,6,2019-10-01T20:00:00Z,77.455922478,2020-08-03T20:00:00Z,48.295074272,-174.97,1.0,-267.69,85.88,353.57,307.00:00:00,False,364 453
PSX,long,4,2019-12-02T21:00:00Z,88.318027122,2020-08-03T20:00:00Z,48.295074272,-160.09,1.0,-221.91,13.81,221.91,244.23:00:00,False,380 453
PSX,long,12,2020-01-02T21:00:00Z,86.67263748,2020-08-03T20:00:00Z,48.295074272,-460.53,1.0,-645.98,61.16,645.98,213.23:00:00,False,385 453
PSX,long,24,2020-02-03T21:00:00Z,68.71239843,2020-08-03T20:00:00Z,48.295074272,-490.02,1.0,-860.91,553.37,929.32,181.23:00:00,False,393 453
PSX,long,11,2020-03-02T21:00:00Z,58.59727066,2020-08-03T20:00:00Z,48.295074272,-113.32,1.0,-283.32,364.89,283.32,153.23:00:00,False,406 453
PSX,long,9,2020-04-01T20:00:00Z,38.630504266,2020-08-03T20:00:00Z,48.295074272,86.98,1.0,-52.11,478.25,218.68,124.00:00:00,True,424 453
PSX,long,12,2020-07-01T20:00:00Z,54.608517391,2020-08-03T20:00:00Z,48.295074272,-75.76,1.0,-261.21,445.93,96.05,33.00:00:00,False,449 453
DELL,long,41,2020-03-02T21:00:00Z,19.517268043394697,2020-08-03T20:00:00Z,27.846293259365684,341.49,1.0,-255.03,365.65,273.72,153.23:00:00,True,402 454
SO,long,17,2020-04-01T20:00:00Z,38.639398228,2020-08-03T20:00:00Z,42.1218249,59.2,2.17,0.0,142.05,124.34,124.00:00:00,True,421 455
VZ,long,11,2016-12-01T21:00:00Z,29.453910206,2020-08-03T20:00:00Z,39.97266678,115.71,1.0,-35.25,137.69,85.98,1340.23:00:00,True,87 456
VZ,long,7,2017-02-01T21:00:00Z,28.886429856,2020-08-03T20:00:00Z,39.97266678,77.6,1.0,-18.46,91.59,54.72,1278.23:00:00,True,102 456
DELL,long,34,2020-03-02T21:00:00Z,19.517268043394697,2020-09-01T20:00:00Z,30.55817598584822,375.39,1.0,-211.49,375.39,226.99,182.23:00:00,True,402 460
UTX,long,15,2020-08-03T20:00:00Z,49.988600658,2020-09-01T20:00:00Z,53.136608276,47.22,2.15,0.0,88.4,46.56,29.00:00:00,True,457 461
BIIB,long,2,2020-06-01T20:00:00Z,301.45,2020-09-01T20:00:00Z,279.75,-43.4,2.0,-85.58,10.54,96.12,92.00:00:00,False,439 462
SO,long,19,2020-04-01T20:00:00Z,38.639398228,2020-10-01T20:00:00Z,43.09100157,84.58,1.0,0.0,158.76,138.97,183.00:00:00,True,421 466
MU,long,8,2018-07-02T20:00:00Z,53.125480104,2020-10-01T20:00:00Z,46.728579416,-51.18,1.0,-198.62,63.5,221.79,822.00:00:00,False,240 467
MU,long,8,2018-08-01T20:00:00Z,50.989929417,2020-10-01T20:00:00Z,46.728579416,-34.09,1.0,-181.53,80.59,199.08,792.00:00:00,False,249 467
DELL,long,21,2020-03-02T21:00:00Z,19.517268043394697,2020-10-01T20:00:00Z,31.096869159020475,243.17,1.0,-130.63,252.16,140.2,212.23:00:00,True,402 468
VZ,long,15,2017-02-01T21:00:00Z,28.886429856,2020-10-01T20:00:00Z,41.515986025,189.44,1.0,-39.56,201.59,117.25,1337.23:00:00,True,102 469
EPD,long,108,2020-04-01T20:00:00Z,8.428841015,2020-11-02T21:00:00Z,10.82790976,259.1,1.0,0.0,601.45,447.35,215.01:00:00,True,420 474
MU,long,7,2018-08-01T20:00:00Z,50.989929417,2020-11-02T21:00:00Z,48.474075183,-17.61,1.0,-158.84,70.51,174.2,824.01:00:00,False,249 475
MU,long,10,2018-09-04T20:00:00Z,50.638879989,2020-11-02T21:00:00Z,48.474075183,-21.65,1.0,-223.4,104.24,248.86,790.01:00:00,False,258 475
MU,long,6,2018-10-01T20:00:00Z,44.027449095,2020-11-02T21:00:00Z,48.474075183,26.68,1.0,-94.37,102.21,149.31,763.01:00:00,True,264 475
SO,long,21,2020-04-01T20:00:00Z,38.639398228,2020-11-02T21:00:00Z,46.554375735,166.21,1.0,0.0,196.7,153.59,215.01:00:00,True,421 476
COP,long,139,2019-03-01T21:00:00Z,52.489733169,2020-11-03T21:00:00Z,24.763901952,-3853.89,2.345,-4836.68,102.67,4939.36,613.00:00:00,False,304 481
COP,long,8,2019-04-01T20:00:00Z,51.545481477,2020-11-03T21:00:00Z,24.763901952,-214.25,1.0,-270.82,13.46,270.82,582.01:00:00,False,314 481
COP,long,18,2019-05-01T20:00:00Z,47.722785111,2020-11-03T21:00:00Z,24.763901952,-413.26,1.0,-540.53,99.1,608.91,552.01:00:00,False,318 481
COP,long,23,2019-07-01T20:00:00Z,47.631406864,2020-11-03T21:00:00Z,24.763901952,-525.95,1.0,-688.57,128.73,778.05,491.01:00:00,False,334 481
COP,long,16,2019-08-01T20:00:00Z,45.22751352,2020-11-03T21:00:00Z,24.763901952,-327.42,1.0,-440.55,128.01,541.25,460.01:00:00,False,344 481
COP,long,37,2019-09-03T20:00:00Z,40.020196062,2020-11-03T21:00:00Z,24.763901952,-564.48,1.0,-826.09,488.7,1251.64,427.01:00:00,False,353 481
COP,long,18,2019-11-01T20:00:00Z,44.29084995,2020-11-03T21:00:00Z,24.763901952,-351.49,1.0,-478.75,160.88,608.91,368.01:00:00,False,370 481
COP,long,24,2020-03-02T21:00:00Z,38.422946709,2020-11-03T21:00:00Z,24.763901952,-327.82,1.0,-497.51,355.33,501.25,246.00:00:00,False,405 481
COP,long,59,2020-04-01T20:00:00Z,23.117767246,2020-11-03T21:00:00Z,24.763901952,97.12,1.0,-320.04,1776.53,978.66,216.01:00:00,True,423 481
COP,long,10,2020-06-01T20:00:00Z,34.203603709,2020-11-03T21:00:00Z,24.763901952,-94.4,1.0,-165.1,190.25,165.87,155.01:00:00,False,443 481
COP,long,29,2020-08-03T20:00:00Z,29.233083408,2020-11-03T21:00:00Z,24.763901952,-129.61,1.0,-334.65,695.86,293.01,92.01:00:00,False,458 481
COP,long,45,2020-10-01T20:00:00Z,25.824813264,2020-11-03T21:00:00Z,24.763901952,-47.74,1.0,-365.91,1233.16,237.16,33.01:00:00,False,470 481
COP,long,43,2020-11-02T21:00:00Z,24.368904818,2020-11-03T21:00:00Z,24.763901952,16.98,1.0,-287.04,1240.96,31.89,1.00:00:00,True,477 481
BIIB,long,36,2020-06-01T20:00:00Z,301.45,2020-12-01T21:00:00Z,243.16,-2098.44,1.0,-2346.84,1950.48,4297.32,183.01:00:00,False,439 483
BIIB,long,4,2020-07-01T20:00:00Z,264.77,2020-12-01T21:00:00Z,243.16,-86.44,1.0,-114.04,363.44,477.48,153.01:00:00,False,447 483
BIIB,long,3,2020-11-02T21:00:00Z,248.99,2020-12-01T21:00:00Z,243.16,-17.49,1.0,-38.19,319.92,358.11,29.00:00:00,False,479 483
MU,long,29,2018-10-01T20:00:00Z,44.027449095,2020-12-01T21:00:00Z,65.412210084,620.16,1.1,-456.14,620.16,721.68,792.01:00:00,True,264 484
MU,long,38,2018-11-01T20:00:00Z,39.122508476,2020-12-01T21:00:00Z,65.412210084,999.01,1.0,-411.31,999.01,945.65,761.01:00:00,True,273 484
MU,long,25,2019-01-02T21:00:00Z,31.935746575,2020-12-01T21:00:00Z,65.412210084,836.91,1.0,-90.93,836.91,622.14,699.00:00:00,True,291 484
MU,long,51,2019-06-03T20:00:00Z,31.877238337,2020-12-01T21:00:00Z,65.412210084,1710.28,1.0,-182.52,1710.28,1269.16,547.01:00:00,True,327 484
MU,long,34,2019-10-01T20:00:00Z,41.24830779,2020-12-01T21:00:00Z,65.412210084,821.57,1.0,-440.29,821.57,846.11,427.01:00:00,True,361 484
MU,long,12,2020-06-01T20:00:00Z,45.187862482,2020-12-01T21:00:00Z,65.412210084,242.69,1.0,-202.67,242.69,129.42,183.01:00:00,True,440 484
MU,long,4,2020-08-03T20:00:00Z,49.137168547,2020-12-01T21:00:00Z,65.412210084,65.1,1.0,-83.35,65.1,33.7,120.01:00:00,True,459 484
MU,long,27,2020-09-01T20:00:00Z,44.622282848,2020-12-01T21:00:00Z,65.412210084,561.33,1.0,-440.74,561.33,122.96,91.01:00:00,True,463 484
UTX,long,34,2020-08-03T20:00:00Z,49.988600658,2020-12-01T21:00:00Z,62.828293286,436.55,1.0,-141.28,530.42,341.65,120.01:00:00,True,457 485
CVS,long,14,2020-04-01T20:00:00Z,47.306733366,2020-12-01T21:00:00Z,56.127306928,123.49,1.0,-33.26,192.48,157.7,244.01:00:00,True,419 486
EPD,long,33,2020-04-01T20:00:00Z,8.428841015,2020-12-01T21:00:00Z,12.914263104,148.02,1.0,0.0,183.78,136.69,244.01:00:00,True,420 487
EPD,long,836,2020-04-01T20:00:00Z,8.428841015,2021-01-04T21:00:00Z,12.735998736,3600.78,4.785,0.0,4881.33,3462.79,278.01:00:00,True,420 494
EPD,long,28,2020-07-01T20:00:00Z,11.237156676,2021-01-04T21:00:00Z,12.735998736,41.97,1.0,-78.63,84.86,64.08,187.01:00:00,True,450 494
EPD,long,93,2020-10-01T20:00:00Z,10.074318216,2021-01-04T21:00:00Z,12.735998736,247.54,1.0,-153.03,389.99,142.45,95.01:00:00,True,471 494
PFE,long,429,2020-12-01T21:00:00Z,29.364564404,2021-01-04T21:00:00Z,27.427292964,-831.09,4.29,-853.46,1003.7,1857.17,34.00:00:00,False,488 495
SO,long,177,2020-04-01T20:00:00Z,38.639398228,2021-01-04T21:00:00Z,47.307147888,1534.19,1.285,0.0,2207.05,1294.58,278.01:00:00,True,421 496
SO,long,22,2020-05-01T20:00:00Z,41.929989182,2021-01-04T21:00:00Z,47.307147888,118.3,1.0,-72.39,201.93,160.91,248.01:00:00,True,429 496
SO,long,7,2020-06-01T20:00:00Z,44.9912865,2021-01-04T21:00:00Z,47.307147888,16.21,1.0,-44.46,42.82,51.2,217.01:00:00,True,444 496
SO,long,20,2020-07-01T20:00:00Z,41.22511815,2021-01-04T21:00:00Z,47.307147888,121.64,1.0,-51.71,197.67,76.03,187.01:00:00,True,448 496
SO,long,13,2020-09-01T20:00:00Z,40.874126535,2021-01-04T21:00:00Z,47.307147888,83.63,1.0,-29.05,133.05,49.42,125.01:00:00,True,464 496
SO,long,18,2020-12-01T21:00:00Z,48.271461381,2021-01-04T21:00:00Z,47.307147888,-17.36,1.0,-173.38,51.07,36.15,34.00:00:00,False,492 496
UTX,long,181,2020-08-03T20:00:00Z,49.988600658,2021-01-04T21:00:00Z,60.358558326,1876.96,1.0,-752.09,2842.85,1818.78,154.01:00:00,True,457 497
UTX,long,6,2020-10-01T20:00:00Z,50.316900322,2021-01-04T21:00:00Z,60.358558326,60.25,1.0,-26.9,92.27,54.96,95.01:00:00,True,473 497
UTX,long,6,2020-11-02T21:00:00Z,48.819477775,2021-01-04T21:00:00Z,60.358558326,69.23,1.0,-17.92,101.25,32.02,63.00:00:00,True,480 497
DELL,long,24,2020-03-02T21:00:00Z,19.517268043394697,2021-01-04T21:00:00Z,33.37595566090308,332.61,1.0,-149.29,357.14,160.23,308.00:00:00,True,402 498
INTC,long,6,2020-12-01T21:00:00Z,44.805149172,2021-01-04T21:00:00Z,44.904595629,0.6,2.4,-18.39,13.15,31.54,34.00:00:00,True,490 499
INTC,long,34,2020-12-01T21:00:00Z,44.805149172,2021-02-01T21:00:00Z,51.251087703,219.16,1.0,-104.2,396.52,272.65,62.00:00:00,True,490 505
CVS,long,16,2020-04-01T20:00:00Z,47.306733366,2021-02-01T21:00:00Z,59.782142574,199.61,1.0,-38.01,257.07,180.23,306.01:00:00,True,419 506
NEM,long,9,2020-12-01T21:00:00Z,50.747113413,2021-02-01T21:00:00Z,50.807808744,0.55,2.235,-17.17,41.48,48.49,62.00:00:00,True,489 507
T,long,24,2019-03-01T21:00:00Z,14.817452733066698,2021-02-01T21:00:00Z,15.653953238134433,20.08,1.0,-27.96,122.26,150.22,703.00:00:00,True,305 508
COP,long,10,2021-01-04T21:00:00Z,31.898033862,2021-02-01T21:00:00Z,32.817006786,9.19,2.915,0.0,66.91,63.2,28.00:00:00,True,500 509
LVS,long,220,2021-01-04T21:00:00Z,54.379300645,2021-02-02T21:00:00Z,46.797165197,-1668.07,2.435,-2035.54,307.6,2343.14,29.00:00:00,False,502 513
LVS,long,47,2021-02-01T21:00:00Z,46.046458717,2021-02-02T21:00:00Z,46.797165197,35.28,1.0,-43.22,457.36,101.0,1.00:00:00,True,510 513
COP,long,373,2021-01-04T21:00:00Z,31.898033862,2021-03-01T21:00:00Z,42.799292461,4066.17,1.865,0.0,4691.26,2357.34,56.00:00:00,True,500 514
WMT,long,276,2021-01-04T21:00:00Z,45.3476260849036,2021-03-01T21:00:00Z,40.65595877140372,-1294.9,2.76,-1418.75,208.41,1627.17,56.00:00:00,False,501 515
DELL,long,31,2020-03-02T21:00:00Z,19.517268043394697,2021-03-01T21:00:00Z,38.256423725540586,580.91,1.0,-192.83,580.91,206.96,364.00:00:00,True,402 516
INTC,long,14,2020-12-01T21:00:00Z,44.805149172,2021-03-01T21:00:00Z,57.191768304,173.41,1.0,-42.91,177.36,112.27,90.00:00:00,True,490 517
T,long,567,2019-03-01T21:00:00Z,14.817452733066698,2021-04-01T20:00:00Z,16.648722612904148,1038.33,4.1,-660.62,2888.33,3548.95,761.23:00:00,True,305 525
T,long,20,2019-07-01T20:00:00Z,16.329388288941598,2021-04-01T20:00:00Z,16.648722612904148,6.39,1.0,-53.54,71.64,125.18,640.00:00:00,True,339 525
T,long,46,2019-12-02T21:00:00Z,18.775424446145056,2021-04-01T20:00:00Z,16.648722612904148,-97.83,1.0,-235.66,52.26,287.06,485.23:00:00,False,378 525
T,long,54,2020-05-01T20:00:00Z,15.49946425509404,2021-04-01T20:00:00Z,16.648722612904148,62.06,1.0,-99.75,238.25,161.34,335.00:00:00,True,430 525
T,long,21,2020-06-01T20:00:00Z,16.033392287961828,2021-04-01T20:00:00Z,16.648722612904148,12.92,1.0,-50.0,81.44,62.74,304.00:00:00,True,442 525
T,long,62,2020-12-01T21:00:00Z,15.505328897772909,2021-04-01T20:00:00Z,16.648722612904148,70.89,1.0,-114.89,273.18,101.89,120.23:00:00,True,491 525
T,long,50,2021-03-01T21:00:00Z,15.353336119385341,2021-04-01T20:00:00Z,16.648722612904148,64.77,1.0,-85.05,227.91,12.84,30.23:00:00,True,523 525
MO,long,34,2021-03-01T21:00:00Z,28.76842838,2021-04-01T20:00:00Z,33.5190564,161.52,3.22,-5.93,195.04,33.52,30.23:00:00,True,518 526
CI,long,3,2021-03-01T21:00:00Z,193.36846113,2021-04-01T20:00:00Z,218.475944874,75.32,2.0,0.0,90.83,19.11,30.23:00:00,True,519 527
DELL,long,26,2020-03-02T21:00:00Z,19.517268043394697,2021-05-03T20:00:00Z,45.02001578870332,663.07,1.0,-161.73,730.59,173.58,426.23:00:00,True,402 531
NOC,long,3,2021-03-01T21:00:00Z,268.284448098,2021-05-03T20:00:00Z,330.0302793,185.24,2.0,0.0,185.24,23.67,62.23:00:00,True,520 532
NEM,long,10,2020-12-01T21:00:00Z,50.747113413,2021-05-03T20:00:00Z,55.228696292,44.82,1.0,-46.06,65.04,92.15,152.23:00:00,True,489 533
CI,long,63,2021-03-01T21:00:00Z,193.36846113,2021-06-01T20:00:00Z,232.795275504,2483.89,1.0,0.0,3009.22,529.32,91.23:00:00,True,519 537
NEM,long,28,2020-12-01T21:00:00Z,50.747113413,2021-06-01T20:00:00Z,63.35963529,353.15,1.0,-128.97,363.47,258.01,181.23:00:00,True,489 538
CVS,long,17,2020-04-01T20:00:00Z,47.306733366,2021-06-01T20:00:00Z,72.308653944,425.03,1.0,-40.39,481.43,191.49,426.00:00:00,True,419 539
DOW,long,15,2021-04-01T20:00:00Z,48.12366018,2021-06-01T20:00:00Z,52.9849332,72.92,2.45,-41.01,72.92,43.47,61.00:00:00,True,528 540
TGT,long,6,2021-06-01T20:00:00Z,193.797793644,2021-07-01T20:00:00Z,207.647803188,83.1,2.0,0.0,83.1,23.23,30.00:00:00,True,541 546
DELL,long,11,2020-03-02T21:00:00Z,19.517268043394697,2021-07-01T20:00:00Z,45.43899936783729,285.14,1.0,-68.42,311.93,73.44,485.23:00:00,True,402 547
TGT,long,5,2021-06-01T20:00:00Z,193.797793644,2021-08-02T20:00:00Z,219.323088327,127.63,1.0,0.0,146.77,19.36,62.00:00:00,True,541 550
VZ,long,9,2017-05-01T20:00:00Z,27.71601624,2021-08-02T20:00:00Z,40.653188544,116.43,2.0,-13.2,142.72,70.35,1554.00:00:00,True,132 551
DOW,long,275,2021-04-01T20:00:00Z,48.12366018,2021-08-03T20:00:00Z,46.016598,-579.44,1.505,-1274.77,1378.24,2653.01,124.00:00:00,False,528 554
DOW,long,10,2021-05-03T20:00:00Z,48.086412765,2021-08-03T20:00:00Z,46.016598,-20.7,1.0,-45.98,50.49,96.47,92.00:00:00,False,536 554
DOW,long,16,2021-07-01T20:00:00Z,47.78502,2021-08-03T20:00:00Z,46.016598,-28.29,1.0,-68.75,85.61,68.87,33.00:00:00,False,549 554
NEM,long,200,2020-12-01T21:00:00Z,50.747113413,2021-09-01T20:00:00Z,49.962612164,-156.9,1.31,-921.2,2596.19,3017.23,273.23:00:00,False,489 556
NEM,long,33,2021-03-01T21:00:00Z,46.37018617,2021-09-01T20:00:00Z,49.962612164,118.55,1.0,-7.56,572.81,497.84,183.23:00:00,True,521 556
NEM,long,29,2021-07-01T20:00:00Z,54.261399458,2021-09-01T20:00:00Z,49.962612164,-124.66,1.0,-235.49,274.53,191.0,62.00:00:00,False,548 556
MO,long,22,2021-03-01T21:00:00Z,28.76842838,2021-09-01T20:00:00Z,33.493258608,103.95,1.0,-3.84,126.2,86.76,183.23:00:00,True,518 557
CVS,long,8,2020-04-01T20:00:00Z,47.306733366,2021-09-01T20:00:00Z,72.61102641,202.43,1.0,-19.01,226.56,90.11,518.00:00:00,True,419 558
NOC,long,1,2021-03-01T21:00:00Z,268.284448098,2021-09-01T20:00:00Z,336.529517016,68.25,1.0,0.0,78.31,20.67,183.23:00:00,True,520 559
DELL,long,37,2020-03-02T21:00:00Z,19.517268043394697,2021-10-01T20:00:00Z,48.703387912958036,1079.89,1.0,-230.15,1079.89,247.02,577.23:00:00,True,402 564
INTC,long,13,2020-12-01T21:00:00Z,44.805149172,2021-10-01T20:00:00Z,49.608851744,62.45,1.0,-39.84,224.64,184.34,303.23:00:00,True,490 565
NOC,long,1,2021-03-01T21:00:00Z,268.284448098,2021-10-01T20:00:00Z,332.785997264,64.5,1.0,0.0,78.31,28.36,213.23:00:00,True,520 566
CVS,long,4,2020-04-01T20:00:00Z,47.306733366,2021-10-01T20:00:00Z,71.22166597,95.66,1.0,-9.5,113.28,45.06,548.00:00:00,True,419 567
TGT,long,7,2021-06-01T20:00:00Z,193.797793644,2021-11-01T20:00:00Z,220.683363012,188.2,1.0,-3.43,219.45,222.88,153.00:00:00,True,541 571
FDX,long,5,2021-09-01T20:00:00Z,155.7068845747378,2021-11-01T20:00:00Z,138.36175553238866,-86.73,2.0,-138.9,5.61,144.5,61.00:00:00,False,561 572
CI,long,3,2021-09-01T20:00:00Z,191.425241385,2021-11-01T20:00:00Z,196.940768272,16.55,2.0,-29.05,19.48,48.53,61.00:00:00,True,560 573
CVS,long,7,2020-04-01T20:00:00Z,47.306733366,2021-11-01T20:00:00Z,77.242275775,209.55,1.0,-16.63,209.55,78.85,579.00:00:00,True,419 574
DELL,long,9,2020-03-02T21:00:00Z,19.517268043394697,2021-11-01T20:00:00Z,51.341603196955475,286.42,1.0,-55.98,298.97,60.09,608.23:00:00,True,402 575
CI,long,71,2021-09-01T20:00:00Z,191.425241385,2021-12-01T21:00:00Z,177.431667968,-993.54,1.0,-1175.99,561.11,1737.09,91.01:00:00,False,560 581
DELL,long,184,2020-03-02T21:00:00Z,19.517268043394697,2021-12-01T21:00:00Z,50.59852612,5718.95,1.38,-1144.53,6112.37,1228.4,639.00:00:00,True,402 582
DELL,long,35,2020-05-01T20:00:00Z,18.4168606212736,2021-12-01T21:00:00Z,50.59852612,1126.36,1.0,-179.2,1201.19,188.38,579.01:00:00,True,431 582
DELL,long,33,2020-11-02T21:00:00Z,27.758813171414634,2021-12-01T21:00:00Z,50.59852612,753.71,1.0,-477.24,824.27,177.62,394.00:00:00,True,478 582
DELL,long,15,2021-06-01T20:00:00Z,47.354352872449745,2021-12-01T21:00:00Z,50.59852612,48.66,1.0,-510.86,80.73,80.73,183.01:00:00,True,544 582
DELL,long,9,2021-08-02T20:00:00Z,44.33398773056087,2021-12-01T21:00:00Z,50.59852612,56.38,1.0,-279.33,75.62,29.71,121.01:00:00,True,553 582
LMT,long,2,2021-01-04T21:00:00Z,295.056367488,2021-12-01T21:00:00Z,289.654035092,-10.8,2.0,-39.14,94.39,113.6,331.00:00:00,False,503 583
INTC,long,11,2020-12-01T21:00:00Z,44.805149172,2021-12-01T21:00:00Z,45.07486704,2.97,1.0,-33.71,190.08,197.73,365.00:00:00,True,490 584
LMT,long,38,2021-01-04T21:00:00Z,295.056367488,2022-01-03T21:00:00Z,312.543045752,664.49,1.0,-743.7,1793.36,2158.45,364.00:00:00,True,503 589
LMT,long,3,2021-02-01T21:00:00Z,277.454351136,2022-01-03T21:00:00Z,312.543045752,105.27,1.0,-5.91,194.39,170.4,336.00:00:00,True,511 589
LMT,long,1,2021-06-01T20:00:00Z,331.706227776,2022-01-03T21:00:00Z,312.543045752,-19.16,1.0,-56.22,10.54,56.8,216.01:00:00,False,545 589
LMT,long,1,2021-09-01T20:00:00Z,312.147955782,2022-01-03T21:00:00Z,312.543045752,0.4,1.0,-36.66,30.1,43.81,124.01:00:00,True,563 589
LMT,long,3,2021-11-01T20:00:00Z,289.429267335,2022-01-03T21:00:00Z,312.543045752,69.34,1.0,-41.83,158.46,36.85,63.01:00:00,True,577 589
MO,long,388,2021-03-01T21:00:00Z,28.76842838,2022-01-03T21:00:00Z,33.296523858,1756.9,2.325,-67.68,2225.76,2120.66,308.00:00:00,True,518 590
MO,long,36,2021-05-03T20:00:00Z,31.790524668,2022-01-03T21:00:00Z,33.296523858,54.22,1.0,-115.08,97.72,183.94,245.01:00:00,True,535 590
MO,long,17,2021-10-01T20:00:00Z,31.232228412,2022-01-03T21:00:00Z,33.296523858,35.09,1.0,-44.85,55.64,70.16,94.01:00:00,True,569 590
MO,long,24,2021-11-01T20:00:00Z,29.99955651,2022-01-03T21:00:00Z,33.296523858,79.13,1.0,-33.73,108.13,41.84,63.01:00:00,True,578 590
CVS,long,17,2020-04-01T20:00:00Z,47.306733366,2022-01-03T21:00:00Z,88.75405896,704.6,1.0,-40.39,704.6,191.49,642.01:00:00,True,419 591
FDX,long,5,2021-09-01T20:00:00Z,155.7068845747378,2022-01-03T21:00:00Z,152.27960077557572,-17.14,1.0,-138.9,5.61,144.5,124.01:00:00,False,561 592
NOC,long,2,2021-03-01T21:00:00Z,268.284448098,2022-01-03T21:00:00Z,357.028769478,177.49,1.0,0.0,213.28,109.04,308.00:00:00,True,520 593
MU,long,5,2021-12-01T21:00:00Z,83.149000545,2022-01-03T21:00:00Z,93.599598625,52.25,2.0,-17.24,53.81,19.48,33.00:00:00,True,585 594
T,long,87,2022-01-03T21:00:00Z,14.675303257431102,2022-02-01T21:00:00Z,14.378811221714082,-25.79,6.16,-41.42,122.76,164.18,29.00:00:00,False,595 601
CVS,long,11,2020-04-01T20:00:00Z,47.306733366,2022-02-01T21:00:00Z,91.03598296,481.02,1.0,-26.13,509.29,123.91,671.01:00:00,True,419 602
VZ,long,3,2017-05-01T20:00:00Z,27.71601624,2022-02-01T21:00:00Z,39.72024784,36.01,1.0,-4.4,47.57,23.45,1737.01:00:00,True,132 603
VZ,long,19,2017-07-03T17:00:00Z,27.18441,2022-02-01T21:00:00Z,39.72024784,238.18,1.0,-17.77,311.4,148.51,1674.04:00:00,True,148 603
VZ,long,3,2018-02-01T21:00:00Z,34.01381865,2022-02-01T21:00:00Z,39.72024784,17.12,1.0,-23.29,28.68,23.45,1461.00:00:00,True,201 603
VZ,long,6,2018-02-01T21:00:00Z,34.01381865,2022-03-01T21:00:00Z,40.026362532,36.08,1.785,-46.59,57.36,46.9,1489.00:00:00,True,201 611
VZ,long,35,2018-03-01T21:00:00Z,30.04240778,2022-03-01T21:00:00Z,40.026362532,349.44,1.0,-132.76,473.6,273.58,1461.00:00:00,True,209 611
VZ,long,31,2018-06-01T20:00:00Z,30.325280594,2022-03-01T21:00:00Z,40.026362532,300.73,1.0,-126.36,410.71,242.31,1369.01:00:00,True,233 611
VZ,long,11,2018-08-01T20:00:00Z,33.192166525,2022-03-01T21:00:00Z,40.026362532,75.18,1.0,-76.37,114.2,85.98,1308.01:00:00,True,250 611
VZ,long,37,2019-02-01T21:00:00Z,35.75809232,2022-03-01T21:00:00Z,40.026362532,157.93,1.0,-351.83,289.18,289.21,1124.00:00:00,True,297 611
VZ,long,23,2019-07-01T20:00:00Z,37.523560944,2022-03-01T21:00:00Z,40.026362532,57.56,1.0,-259.31,139.16,179.78,974.01:00:00,True,335 611
VZ,long,19,2019-08-01T20:00:00Z,36.974598375,2022-03-01T21:00:00Z,40.026362532,57.98,1.0,-203.78,125.39,148.51,943.01:00:00,True,345 611
VZ,long,10,2019-10-01T20:00:00Z,40.053026475,2022-03-01T21:00:00Z,40.026362532,-0.27,1.0,-138.04,35.21,78.17,882.01:00:00,False,365 611
VZ,long,14,2019-11-01T20:00:00Z,40.821403153,2022-03-01T21:00:00Z,40.026362532,-11.13,1.0,-204.01,38.53,109.43,851.01:00:00,False,372 611
VZ,long,13,2020-01-02T21:00:00Z,41.287972114,2022-03-01T21:00:00Z,40.026362532,-16.4,1.0,-195.5,29.72,95.13,789.00:00:00,False,388 611
VZ,long,17,2020-05-01T20:00:00Z,39.2559916775,2022-03-01T21:00:00Z,40.026362532,13.1,1.0,-221.12,73.4,116.57,669.01:00:00,True,432 611
VZ,long,12,2020-06-01T20:00:00Z,38.52052451,2022-03-01T21:00:00Z,40.026362532,18.07,1.0,-147.26,60.64,82.28,638.01:00:00,True,441 611
VZ,long,6,2020-07-01T20:00:00Z,37.753981265,2022-03-01T21:00:00Z,40.026362532,13.63,1.0,-69.03,34.92,41.14,608.01:00:00,True,451 611
VZ,long,19,2020-12-01T21:00:00Z,42.755177062,2022-03-01T21:00:00Z,40.026362532,-51.85,1.0,-313.61,15.56,130.28,455.00:00:00,False,493 611
VZ,long,11,2021-01-04T21:00:00Z,41.534205515,2022-03-01T21:00:00Z,40.026362532,-16.59,1.0,-168.14,22.44,68.15,421.00:00:00,False,504 611
VZ,long,10,2021-02-01T21:00:00Z,38.718645924,2022-03-01T21:00:00Z,40.026362532,13.08,1.0,-124.69,48.55,61.96,393.00:00:00,True,512 611
VZ,long,9,2021-03-01T21:00:00Z,39.489024288,2022-03-01T21:00:00Z,40.026362532,4.84,1.0,-119.16,36.76,55.76,365.00:00:00,True,524 611
VZ,long,16,2021-04-01T20:00:00Z,41.58616539,2022-03-01T21:00:00Z,40.026362532,-24.96,1.0,-245.39,31.8,99.13,334.01:00:00,False,529 611
VZ,long,28,2021-06-01T20:00:00Z,40.648931332,2022-03-01T21:00:00Z,40.026362532,-17.43,1.0,-403.19,81.9,129.47,273.01:00:00,False,542 611
VZ,long,15,2021-12-01T21:00:00Z,36.716966433,2022-03-01T21:00:00Z,40.026362532,49.64,1.0,-157.02,102.85,36.06,90.00:00:00,True,588 611
VZ,long,15,2022-01-03T21:00:00Z,38.686713276,2022-03-01T21:00:00Z,40.026362532,20.09,1.0,-186.56,73.31,36.06,57.00:00:00,True,598 611
NOC,long,7,2021-03-01T21:00:00Z,268.284448098,2022-03-01T21:00:00Z,424.06517796,1090.47,1.0,0.0,1090.47,381.65,365.00:00:00,True,520 612
MU,long,14,2021-12-01T21:00:00Z,83.149000545,2022-03-01T21:00:00Z,84.32272979,16.43,1.0,-86.76,168.34,255.1,90.00:00:00,True,585 613
HCA,long,3,2022-01-03T21:00:00Z,244.136807872,2022-03-01T21:00:00Z,242.541770478,-4.79,2.0,-72.73,17.84,90.57,57.00:00:00,False,596 614
TGT,long,4,2021-06-01T20:00:00Z,193.797793644,2022-04-01T20:00:00Z,181.51038035,-49.15,1.0,-120.25,139.86,260.1,304.00:00:00,False,541 621
FDX,long,4,2021-09-01T20:00:00Z,155.7068845747378,2022-04-01T20:00:00Z,130.753940761143,-99.81,1.0,-147.47,4.49,151.95,212.00:00:00,False,561 622
INTC,long,8,2020-12-01T21:00:00Z,44.805149172,2022-04-01T20:00:00Z,44.960310465,1.24,1.0,-26.5,138.24,164.74,485.23:00:00,True,490 623
TGT,long,10,2021-06-01T20:00:00Z,193.797793644,2022-05-02T20:00:00Z,198.2496614,44.52,1.0,-300.62,349.64,650.26,335.00:00:00,True,541 627
T,long,123,2022-01-03T21:00:00Z,14.675303257431102,2022-05-02T20:00:00Z,15.1202394,54.73,1.0,-148.0,173.56,321.56,118.23:00:00,True,595 628
NOC,long,2,2021-03-01T21:00:00Z,268.284448098,2022-05-02T20:00:00Z,407.812910232,279.06,1.0,0.0,352.19,109.04,426.23:00:00,True,520 629
MMM,long,5,2021-12-01T21:00:00Z,100.99947662435402,2022-05-02T20:00:00Z,87.17574483376295,-69.12,2.0,-84.05,30.41,114.46,151.23:00:00,False,586 630
T,long,90,2022-01-03T21:00:00Z,14.675303257431102,2022-06-01T20:00:00Z,16.78093515,189.51,1.0,-108.29,196.62,235.29,148.23:00:00,True,595 636
FDX,long,11,2021-09-01T20:00:00Z,155.7068845747378,2022-06-01T20:00:00Z,129.2292168417588,-291.25,1.0,-432.06,12.34,444.4,273.00:00:00,False,561 637
MU,long,13,2021-12-01T21:00:00Z,83.149000545,2022-06-01T20:00:00Z,71.996425415,-144.98,1.0,-235.08,156.32,391.4,181.23:00:00,False,585 638
NOC,long,2,2021-03-01T21:00:00Z,268.284448098,2022-06-01T20:00:00Z,433.246224375,329.92,1.0,0.0,352.19,109.04,456.23:00:00,True,520 639
MMM,long,4,2021-12-01T21:00:00Z,100.99947662435402,2022-06-01T20:00:00Z,88.33424318809665,-50.66,1.0,-67.24,24.32,91.56,181.23:00:00,False,586 640
NOC,long,4,2021-03-01T21:00:00Z,268.284448098,2022-07-01T20:00:00Z,453.888995475,742.42,1.0,0.0,763.66,218.08,486.23:00:00,True,520 644
FDX,long,12,2021-09-01T20:00:00Z,155.7068845747378,2022-07-01T20:00:00Z,132.81818215081765,-274.66,1.0,-471.34,13.46,484.8,303.00:00:00,False,561 645
T,long,74,2022-01-03T21:00:00Z,14.675303257431102,2022-07-01T20:00:00Z,16.8560618625,161.38,1.0,-89.04,161.67,193.46,178.23:00:00,True,595 646
CVS,long,12,2020-04-01T20:00:00Z,47.306733366,2022-07-01T20:00:00Z,80.890710054,403.01,1.0,-28.51,571.63,223.18,821.00:00:00,True,419 647
FDX,long,54,2021-09-01T20:00:00Z,155.7068845747378,2022-08-01T20:00:00Z,141.18725413554563,-784.06,1.0,-2121.03,60.56,2181.59,334.00:00:00,False,561 654
FDX,long,15,2021-10-01T20:00:00Z,130.66390026575476,2022-08-01T20:00:00Z,141.18725413554563,157.85,1.0,-213.53,392.47,593.95,304.00:00:00,True,568 654
FDX,long,2,2022-02-01T21:00:00Z,148.4218116242316,2022-08-01T20:00:00Z,141.18725413554563,-14.47,1.0,-63.99,16.81,63.99,180.23:00:00,False,608 654
FDX,long,9,2022-03-01T21:00:00Z,126.5767124450937,2022-08-01T20:00:00Z,141.18725413554563,131.49,1.0,-91.33,272.27,221.05,152.23:00:00,True,618 654
FDX,long,9,2022-05-02T20:00:00Z,116.42862765809167,2022-08-01T20:00:00Z,141.18725413554563,222.83,1.0,0.0,363.6,154.76,91.00:00:00,True,633 654
F,long,244,2022-03-01T21:00:00Z,12.64980244,2022-08-01T20:00:00Z,11.689322757,-234.36,6.52,-1026.94,257.83,1284.77,152.23:00:00,False,615 655
HCA,long,10,2022-01-03T21:00:00Z,244.136807872,2022-08-01T20:00:00Z,203.718243183,-404.19,1.0,-838.07,208.1,1046.17,209.23:00:00,False,596 656
TGT,long,6,2021-06-01T20:00:00Z,193.797793644,2022-08-01T20:00:00Z,143.35961178,-302.63,1.0,-438.81,209.78,648.59,426.00:00:00,False,541 657
MU,long,6,2021-12-01T21:00:00Z,83.149000545,2022-08-01T20:00:00Z,61.338850506,-130.86,1.0,-183.79,72.15,255.94,242.23:00:00,False,585 658
F,long,96,2022-03-01T21:00:00Z,12.64980244,2022-09-01T20:00:00Z,11.694238793,-91.73,1.0,-404.04,101.44,505.48,183.23:00:00,False,615 664
CVS,long,10,2020-04-01T20:00:00Z,47.306733366,2022-09-01T20:00:00Z,86.548913322,392.42,1.0,-23.76,476.36,185.98,883.00:00:00,True,419 665
NOC,long,1,2021-03-01T21:00:00Z,268.284448098,2022-09-01T20:00:00Z,449.816750048,181.53,1.0,0.0,193.17,54.52,548.23:00:00,True,520 666
NOC,long,3,2021-03-01T21:00:00Z,268.284448098,2022-10-03T20:00:00Z,454.864452169,559.74,1.0,0.0,589.94,163.56,580.23:00:00,True,520 673
CVS,long,12,2020-04-01T20:00:00Z,47.306733366,2022-10-03T20:00:00Z,84.669486304,448.35,1.0,-28.51,571.63,223.18,915.00:00:00,True,419 674
TGT,long,5,2021-06-01T20:00:00Z,193.797793644,2022-10-03T20:00:00Z,132.224308902,-307.87,1.0,-365.67,174.82,540.5,489.00:00:00,False,541 675
FCX,long,15,2022-08-01T20:00:00Z,28.490917384,2022-10-03T20:00:00Z,27.882705672,-9.12,3.18,-49.68,46.47,96.15,63.00:00:00,False,659 676
HCA,long,2,2022-01-03T21:00:00Z,244.136807872,2022-10-03T20:00:00Z,187.172174718,-113.93,1.0,-167.61,41.62,209.23,272.23:00:00,False,596 677
T,long,57,2022-01-03T21:00:00Z,14.675303257431102,2022-11-01T20:00:00Z,14.960857491,16.28,1.0,-156.65,124.53,281.18,301.23:00:00,True,595 681
F,long,65,2022-03-01T21:00:00Z,12.64980244,2022-11-01T20:00:00Z,10.311877342,-151.97,1.0,-273.57,68.68,342.25,244.23:00:00,False,615 682
HCA,long,3,2022-01-03T21:00:00Z,244.136807872,2022-11-01T20:00:00Z,214.164250209,-89.92,1.0,-251.42,62.43,313.85,301.23:00:00,False,596 683
FCX,long,11,2022-08-01T20:00:00Z,28.490917384,2022-11-01T20:00:00Z,31.34740294,31.42,1.0,-36.43,36.14,70.51,92.00:00:00,True,659 684
FCX,long,63,2022-08-01T20:00:00Z,28.490917384,2022-12-01T21:00:00Z,37.702636302,580.34,1.0,-208.65,592.94,403.83,122.01:00:00,True,659 689
HCA,long,2,2022-01-03T21:00:00Z,244.136807872,2022-12-01T21:00:00Z,230.958028071,-26.36,1.0,-167.61,41.62,209.23,332.00:00:00,False,596 690
NOC,long,3,2021-03-01T21:00:00Z,268.284448098,2023-01-03T21:00:00Z,507.697255947,718.24,1.0,0.0,737.58,188.99,673.00:00:00,True,520 694
HCA,long,4,2022-01-03T21:00:00Z,244.136807872,2023-01-03T21:00:00Z,236.093383548,-32.17,1.0,-335.23,83.24,418.47,365.00:00:00,False,596 695
FCX,long,10,2022-08-01T20:00:00Z,28.490917384,2023-01-03T21:00:00Z,36.130502112,76.4,1.0,-33.12,98.31,64.1,155.01:00:00,True,659 696
MMM,long,4,2021-12-01T21:00:00Z,100.99947662435402,2023-01-03T21:00:00Z,75.51762331060993,-101.93,1.0,-141.77,24.32,166.1,398.00:00:00,False,586 697
INTC,long,194,2020-12-01T21:00:00Z,44.805149172,2023-02-01T21:00:00Z,28.031555646,-3254.08,2.48,-4070.39,3352.31,7422.7,792.00:00:00,False,490 702
INTC,long,11,2021-04-01T20:00:00Z,58.710697265,2023-02-01T21:00:00Z,28.031555646,-337.47,1.0,-383.76,37.12,420.87,671.01:00:00,False,530 702
INTC,long,30,2021-05-03T20:00:00Z,52.080163058,2023-02-01T21:00:00Z,28.031555646,-721.46,1.0,-847.69,300.15,882.83,639.01:00:00,False,534 702
INTC,long,14,2021-06-01T20:00:00Z,52.061870858,2023-02-01T21:00:00Z,28.031555646,-336.42,1.0,-395.33,140.32,411.99,610.01:00:00,False,543 702
INTC,long,10,2021-08-02T20:00:00Z,49.124296496,2023-02-01T21:00:00Z,28.031555646,-210.93,1.0,-253.01,129.61,280.31,548.01:00:00,False,552 702
INTC,long,31,2021-11-01T20:00:00Z,45.63903832,2023-02-01T21:00:00Z,28.031555646,-545.83,1.0,-676.27,509.83,868.96,457.01:00:00,False,576 702
INTC,long,9,2022-01-03T21:00:00Z,49.350487144,2023-02-01T21:00:00Z,28.031555646,-191.87,1.0,-229.74,114.61,252.28,394.00:00:00,False,599 702
INTC,long,6,2022-02-01T21:00:00Z,45.39948028,2023-02-01T21:00:00Z,28.031555646,-104.21,1.0,-129.45,100.11,150.03,365.00:00:00,False,609 702
INTC,long,20,2022-05-02T20:00:00Z,42.01653624,2023-02-01T21:00:00Z,28.031555646,-279.7,1.0,-363.86,401.37,393.39,275.01:00:00,False,635 702
INTC,long,15,2022-07-01T20:00:00Z,34.229325558,2023-02-01T21:00:00Z,28.031555646,-92.97,1.0,-156.08,417.84,216.41,215.01:00:00,False,651 702
INTC,long,42,2022-08-01T20:00:00Z,34.813315152,2023-02-01T21:00:00Z,28.031555646,-284.83,1.0,-461.56,1145.41,461.56,184.01:00:00,False,661 702
INTC,long,32,2022-09-01T20:00:00Z,30.217346928,2023-02-01T21:00:00Z,28.031555646,-69.95,1.0,-204.6,1019.77,204.6,153.01:00:00,False,668 702
INTC,long,45,2022-10-03T20:00:00Z,25.660007766,2023-02-01T21:00:00Z,28.031555646,106.72,1.0,-82.63,1639.13,224.34,121.01:00:00,True,679 702
INTC,long,12,2022-11-01T20:00:00Z,26.92540674,2023-02-01T21:00:00Z,28.031555646,13.27,1.0,-37.22,421.92,59.82,92.01:00:00,True,687 702
INTC,long,25,2023-01-03T21:00:00Z,25.775145594,2023-02-01T21:00:00Z,28.031555646,56.41,1.0,-48.78,907.75,56.41,29.00:00:00,True,700 702
NOC,long,17,2021-03-01T21:00:00Z,268.284448098,2023-02-01T21:00:00Z,415.860175281,2508.79,1.0,0.0,4179.62,1749.74,702.00:00:00,True,520 703
NOC,long,1,2021-11-01T20:00:00Z,327.18915862,2023-02-01T21:00:00Z,415.860175281,88.67,1.0,-58.9,186.96,102.93,457.01:00:00,True,579 703
NOC,long,1,2022-02-01T21:00:00Z,343.183984108,2023-02-01T21:00:00Z,415.860175281,72.68,1.0,-74.9,170.96,102.93,365.00:00:00,True,607 703
NOC,long,3,2022-08-01T20:00:00Z,443.866239525,2023-02-01T21:00:00Z,415.860175281,-84.02,1.0,-526.75,210.83,308.78,184.01:00:00,False,662 703
NOC,long,2,2022-12-01T21:00:00Z,498.27300877,2023-02-01T21:00:00Z,415.860175281,-164.83,1.0,-459.98,31.74,202.88,62.00:00:00,False,691 703
MU,long,30,2021-12-01T21:00:00Z,83.149000545,2023-02-01T21:00:00Z,61.66725374,-644.45,1.0,-1056.23,360.73,1416.97,427.00:00:00,False,585 704
FCX,long,32,2022-08-01T20:00:00Z,28.490917384,2023-02-01T21:00:00Z,42.8514762775,459.54,1.0,-105.98,515.67,205.12,184.01:00:00,True,659 705
F,long,111,2022-03-01T21:00:00Z,12.64980244,2023-02-01T21:00:00Z,10.73871564,-212.13,1.0,-467.18,117.29,584.47,337.00:00:00,False,615 706
TGT,long,7,2021-06-01T20:00:00Z,193.797793644,2023-02-01T21:00:00Z,155.273146948,-269.67,1.0,-511.94,244.75,756.69,610.01:00:00,False,541 707
T,long,54,2022-01-03T21:00:00Z,14.675303257431102,2023-02-01T21:00:00Z,16.702835694,109.49,1.0,-148.4,119.76,266.38,394.00:00:00,True,595 708
CVS,long,70,2020-04-01T20:00:00Z,47.306733366,2023-03-01T21:00:00Z,72.354378246,1753.34,1.0,-166.31,3334.49,1581.15,1064.01:00:00,True,419 713
CVS,long,20,2020-05-01T20:00:00Z,48.822735353,2023-03-01T21:00:00Z,72.354378246,470.63,1.0,-77.84,922.39,451.76,1034.01:00:00,True,428 713
CVS,long,6,2020-09-01T20:00:00Z,49.673752084,2023-03-01T21:00:00Z,72.354378246,136.08,1.0,-28.46,271.61,135.53,911.01:00:00,True,465 713
CVS,long,7,2020-10-01T20:00:00Z,47.663069352,2023-03-01T21:00:00Z,72.354378246,172.84,1.0,-19.13,330.95,158.12,881.01:00:00,True,472 713
CVS,long,18,2021-03-01T21:00:00Z,57.958394032,2023-03-01T21:00:00Z,72.354378246,259.13,1.0,-234.5,665.71,406.58,730.00:00:00,True,522 713
CVS,long,3,2022-03-01T21:00:00Z,87.4209284,2023-03-01T21:00:00Z,72.354378246,-45.2,1.0,-127.47,22.56,61.93,365.00:00:00,False,620 713
CVS,long,4,2022-04-01T20:00:00Z,86.59854632,2023-03-01T21:00:00Z,72.354378246,-56.98,1.0,-166.67,33.38,79.3,334.01:00:00,False,626 713
CVS,long,8,2022-08-01T20:00:00Z,83.162480308,2023-03-01T21:00:00Z,72.354378246,-86.46,1.0,-305.85,94.24,158.59,212.01:00:00,False,663 713
CVS,long,18,2022-11-01T20:00:00Z,82.444648494,2023-03-01T21:00:00Z,72.354378246,-181.62,1.0,-675.25,224.96,325.45,120.01:00:00,False,685 713
CVS,long,20,2023-02-01T21:00:00Z,76.758634082,2023-03-01T21:00:00Z,72.354378246,-88.09,1.0,-636.56,363.67,133.36,28.00:00:00,False,711 713
F,long,544,2022-03-01T21:00:00Z,12.64980244,2023-03-01T21:00:00Z,9.702696474,-1603.23,6.435,-2289.58,574.83,2864.41,365.00:00:00,False,615 714
F,long,43,2022-04-01T20:00:00Z,12.61192878,2023-03-01T21:00:00Z,9.702696474,-125.1,1.0,-179.35,47.07,179.35,334.01:00:00,False,625 714
F,long,124,2022-05-02T20:00:00Z,10.888684212,2023-03-01T21:00:00Z,9.702696474,-147.06,1.0,-303.51,349.41,512.87,303.01:00:00,False,631 714
F,long,61,2022-06-01T20:00:00Z,10.332049795,2023-03-01T21:00:00Z,9.702696474,-38.39,1.0,-115.35,205.84,252.3,273.01:00:00,False,642 714
F,long,125,2022-07-01T20:00:00Z,8.6278334635,2023-03-01T21:00:00Z,9.702696474,134.36,1.0,-23.35,634.83,517.0,243.01:00:00,True,650 714
F,long,229,2022-10-03T20:00:00Z,8.829400577,2023-03-01T21:00:00Z,9.702696474,199.98,1.145,-88.94,1116.85,609.43,149.01:00:00,True,678 714
F,long,161,2023-01-03T21:00:00Z,9.085109065,2023-03-01T21:00:00Z,9.702696474,99.43,1.0,-103.7,744.04,290.84,57.00:00:00,True,698 714
T,long,547,2022-01-03T21:00:00Z,14.675303257431102,2023-03-01T21:00:00Z,15.437093316,416.7,4.015,-1503.27,1213.14,2698.31,422.00:00:00,True,595 715
T,long,65,2022-03-01T21:00:00Z,13.854767733289613,2023-03-01T21:00:00Z,15.437093316,102.85,1.0,-125.3,197.49,320.64,365.00:00:00,True,619 715
T,long,146,2022-08-01T20:00:00Z,15.000734736,2023-03-01T21:00:00Z,15.437093316,63.71,1.0,-448.75,276.29,448.75,212.01:00:00,True,660 715
T,long,27,2022-09-01T20:00:00Z,14.02312275,2023-03-01T21:00:00Z,15.437093316,38.18,1.0,-56.59,77.49,56.59,181.01:00:00,True,671 715
T,long,18,2022-10-03T20:00:00Z,12.74100867,2023-03-01T21:00:00Z,15.437093316,48.53,1.0,-14.65,74.74,26.21,149.01:00:00,True,680 715
TGT,long,4,2021-06-01T20:00:00Z,193.797793644,2023-03-01T21:00:00Z,143.329128928,-201.87,1.0,-292.54,139.86,432.4,638.01:00:00,False,541 716
TGT,long,21,2021-06-01T20:00:00Z,193.797793644,2023-04-03T20:00:00Z,146.51441676,-992.95,1.0,-1535.83,734.25,2270.08,671.00:00:00,False,541 723
TGT,long,3,2021-09-01T20:00:00Z,210.833566563,2023-04-03T20:00:00Z,146.51441676,-192.96,1.0,-270.51,53.78,324.3,579.00:00:00,False,562 723
TGT,long,2,2021-10-01T20:00:00Z,195.45556116,2023-04-03T20:00:00Z,146.51441676,-97.88,1.0,-149.59,66.61,216.2,549.00:00:00,False,570 723
TGT,long,3,2021-12-01T21:00:00Z,206.290148064,2023-04-03T20:00:00Z,146.51441676,-179.33,1.0,-256.88,67.42,283.03,487.23:00:00,False,587 723
TGT,long,8,2022-01-03T21:00:00Z,199.163074184,2023-04-03T20:00:00Z,146.51441676,-421.19,1.0,-628.0,236.79,754.75,454.23:00:00,False,597 723
TGT,long,1,2022-02-01T21:00:00Z,188.30931348,2023-04-03T20:00:00Z,146.51441676,-41.79,1.0,-67.65,40.45,94.34,425.23:00:00,False,610 723
TGT,long,7,2022-03-01T21:00:00Z,189.32376965,2023-04-03T20:00:00Z,146.51441676,-299.67,1.0,-480.63,276.07,660.4,397.23:00:00,False,617 723
TGT,long,28,2022-06-01T20:00:00Z,135.56597538,2023-04-03T20:00:00Z,146.51441676,306.56,1.0,-417.29,2609.49,924.31,306.00:00:00,True,641 723
TGT,long,3,2022-07-01T20:00:00Z,123.295327848,2023-04-03T20:00:00Z,146.51441676,69.66,1.0,-7.9,316.4,99.03,276.00:00:00,True,652 723
TGT,long,2,2022-11-01T20:00:00Z,143.456491199,2023-04-03T20:00:00Z,146.51441676,6.12,1.0,-45.59,170.61,65.82,153.00:00:00,True,688 723
TGT,long,4,2022-12-01T21:00:00Z,144.750909748,2023-04-03T20:00:00Z,146.51441676,7.05,1.0,-96.35,336.04,84.04,122.23:00:00,True,693 723
TGT,long,3,2023-01-03T21:00:00Z,133.01861527,2023-04-03T20:00:00Z,146.51441676,40.49,1.0,-37.07,287.23,63.03,89.23:00:00,True,701 723
HCA,long,4,2022-01-03T21:00:00Z,244.136807872,2023-04-03T20:00:00Z,257.053620512,51.67,1.0,-335.23,83.24,418.47,454.23:00:00,True,596 724
MPC,long,8,2023-03-01T21:00:00Z,120.332113488,2023-04-03T20:00:00Z,126.339870528,48.06,2.0,-48.43,48.06,80.55,32.23:00:00,True,718 725
OXY,long,12,2023-02-01T21:00:00Z,59.5862791,2023-04-03T20:00:00Z,61.340389596,21.05,2.11,-73.59,31.98,105.57,60.23:00:00,True,710 726
MU,long,10,2021-12-01T21:00:00Z,83.149000545,2023-04-03T20:00:00Z,58.721805039,-244.27,1.0,-352.08,120.24,472.32,487.23:00:00,False,585 727
VLO,long,4,2023-03-01T21:00:00Z,126.08321865,2023-04-03T20:00:00Z,125.39527805,-2.75,2.0,-54.17,6.81,60.97,32.23:00:00,False,719 728
HCA,long,6,2022-01-03T21:00:00Z,244.136807872,2023-05-01T20:00:00Z,276.369619782,193.4,1.0,-502.84,212.78,627.7,482.23:00:00,True,596 732
MU,long,20,2021-12-01T21:00:00Z,83.149000545,2023-05-01T20:00:00Z,61.545105145,-432.08,1.0,-704.16,240.49,944.64,515.23:00:00,False,585 733
COP,long,10,2023-04-03T20:00:00Z,97.22883339,2023-05-01T20:00:00Z,91.946802135,-52.82,2.0,-71.29,5.56,76.85,28.00:00:00,False,729 734
MMM,long,8,2021-12-01T21:00:00Z,100.99947662435402,2023-05-01T20:00:00Z,66.12731862998224,-278.98,1.0,-303.22,48.65,351.87,515.23:00:00,False,586 735
VLO,long,102,2023-03-01T21:00:00Z,126.08321865,2023-05-02T20:00:00Z,103.3540233,-2318.38,1.0,-2632.3,173.58,2805.87,61.23:00:00,False,719 740
VLO,long,18,2023-05-01T20:00:00Z,104.46740085,2023-05-02T20:00:00Z,103.3540233,-20.04,1.0,-75.44,419.72,75.44,1.00:00:00,False,736 740
PSX,long,140,2023-03-01T21:00:00Z,95.189677128,2023-06-01T20:00:00Z,83.50485656,-1635.87,2.0,-1907.52,0.0,1907.52,91.23:00:00,False,717 742
PSX,long,3,2023-04-03T20:00:00Z,91.346229702,2023-06-01T20:00:00Z,83.50485656,-23.52,1.0,-29.35,11.53,38.8,59.00:00:00,False,731 742
MU,long,21,2021-12-01T21:00:00Z,83.149000545,2023-06-01T20:00:00Z,68.198096463,-313.97,1.0,-739.36,252.51,991.88,546.23:00:00,False,585 743
PFE,long,17,2023-02-01T21:00:00Z,35.480517558,2023-06-01T20:00:00Z,31.020543468,-75.82,2.9,-97.31,5.07,102.38,119.23:00:00,False,709 744
HCA,long,25,2022-01-03T21:00:00Z,244.136807872,2023-07-03T17:00:00Z,290.557749924,1160.52,1.0,-2095.17,1295.1,2615.43,545.20:00:00,True,596 751
HCA,long,2,2022-02-01T21:00:00Z,228.042304047,2023-07-03T17:00:00Z,290.557749924,125.03,1.0,-135.42,135.8,209.23,516.20:00:00,True,606 751
HCA,long,6,2022-05-02T20:00:00Z,202.995247044,2023-07-03T17:00:00Z,290.557749924,525.38,1.0,-255.99,557.67,351.49,426.21:00:00,True,632 751
HCA,long,2,2022-06-01T20:00:00Z,199.26888519,2023-07-03T17:00:00Z,290.557749924,182.58,1.0,-77.88,193.34,86.02,396.21:00:00,True,643 751
HCA,long,7,2022-07-01T20:00:00Z,169.090681578,2023-07-03T17:00:00Z,290.557749924,850.27,1.0,-61.33,887.95,257.44,366.21:00:00,True,649 751
HCA,long,2,2022-09-01T20:00:00Z,192.649014285,2023-07-03T17:00:00Z,290.557749924,195.82,1.0,-64.64,206.58,73.55,304.21:00:00,True,670 751
HCA,long,2,2023-06-01T20:00:00Z,260.663814834,2023-07-03T17:00:00Z,290.557749924,59.79,1.0,-200.67,70.55,10.77,31.21:00:00,True,750 751
FCX,long,34,2022-08-01T20:00:00Z,28.490917384,2023-07-03T17:00:00Z,39.117701979,361.31,1.0,-112.6,547.9,432.89,335.21:00:00,True,659 752
MPC,long,6,2023-03-01T21:00:00Z,120.332113488,2023-07-03T17:00:00Z,110.218787784,-60.68,1.0,-134.85,36.05,170.9,123.20:00:00,False,718 753
EOG,long,8,2023-07-03T17:00:00Z,102.396999085,2023-08-01T20:00:00Z,118.466846425,128.56,2.0,-17.15,134.17,22.05,29.03:00:00,True,754 758
COP,long,8,2023-04-03T20:00:00Z,97.22883339,2023-08-01T20:00:00Z,106.44241422,73.71,1.0,-88.46,76.18,92.91,120.00:00:00,True,729 759
MPC,long,5,2023-03-01T21:00:00Z,120.332113488,2023-08-01T20:00:00Z,126.545760432,31.07,1.0,-112.38,31.07,142.42,152.23:00:00,True,718 760
MMM,long,8,2021-12-01T21:00:00Z,100.99947662435402,2023-08-01T20:00:00Z,70.12631283763068,-246.99,1.0,-334.36,48.65,383.01,607.23:00:00,False,586 761
MU,long,7,2021-12-01T21:00:00Z,83.149000545,2023-08-01T20:00:00Z,69.977967556,-92.2,1.0,-246.45,84.17,330.63,607.23:00:00,False,585 762
FCX,long,10,2022-08-01T20:00:00Z,28.490917384,2023-08-01T20:00:00Z,42.122503548,136.32,1.0,-33.12,161.15,127.32,365.00:00:00,True,659 763
MPC,long,9,2023-03-01T21:00:00Z,120.332113488,2023-09-01T20:00:00Z,137.574875324,155.18,1.0,-202.28,180.92,256.35,183.23:00:00,True,718 767
XOM,long,7,2023-06-01T20:00:00Z,92.907043655,2023-09-01T20:00:00Z,102.866068536,69.71,2.0,-15.35,69.71,47.88,92.00:00:00,True,745 768
XOM,long,9,2023-06-01T20:00:00Z,92.907043655,2023-10-02T20:00:00Z,104.778043559,106.84,1.0,-19.74,144.11,61.56,123.00:00:00,True,745 772
MPC,long,6,2023-03-01T21:00:00Z,120.332113488,2023-10-02T20:00:00Z,141.401636038,126.42,1.0,-134.85,162.16,170.9,214.23:00:00,True,718 773
CVX,long,5,2023-06-01T20:00:00Z,132.97589196,2023-10-02T20:00:00Z,146.903002136,69.64,2.0,-3.58,89.66,37.18,123.00:00:00,True,746 774
COP,long,5,2023-04-03T20:00:00Z,97.22883339,2023-10-02T20:00:00Z,107.18597441,49.79,1.0,-55.29,80.81,58.07,182.00:00:00,True,729 775
OXY,long,7,2023-02-01T21:00:00Z,59.5862791,2023-10-02T20:00:00Z,58.96822715,-4.33,1.0,-46.62,28.8,65.28,242.23:00:00,False,710 776
MU,long,40,2021-12-01T21:00:00Z,83.149000545,2023-11-01T20:00:00Z,68.74749426,-576.06,1.0,-1408.31,480.98,1889.29,699.23:00:00,False,585 781
MU,long,15,2022-02-01T21:00:00Z,79.620755175,2023-11-01T20:00:00Z,68.74749426,-163.1,1.0,-475.19,233.29,689.42,637.23:00:00,False,604 781
MU,long,23,2022-04-01T20:00:00Z,74.46911147,2023-11-01T20:00:00Z,68.74749426,-131.6,1.0,-610.14,476.2,643.64,579.00:00:00,False,624 781
MU,long,13,2022-05-02T20:00:00Z,69.10873738,2023-11-01T20:00:00Z,68.74749426,-4.7,1.0,-275.18,338.84,335.88,548.00:00:00,False,634 781
MU,long,36,2022-07-01T20:00:00Z,52.516767145,2023-11-01T20:00:00Z,68.74749426,584.31,1.0,-164.72,1535.64,570.59,488.00:00:00,True,648 781
MU,long,12,2022-09-01T20:00:00Z,56.209298409,2023-11-01T20:00:00Z,68.74749426,150.46,1.0,-99.22,467.57,164.89,426.00:00:00,True,669 781
MU,long,13,2022-11-01T20:00:00Z,53.919880638,2023-11-01T20:00:00Z,68.74749426,192.76,1.0,-77.72,536.3,178.63,365.00:00:00,True,686 781
MU,long,17,2023-01-03T21:00:00Z,49.619481963,2023-11-01T20:00:00Z,68.74749426,325.18,1.0,-28.53,774.42,220.93,301.23:00:00,True,699 781
MU,long,24,2023-07-03T17:00:00Z,63.084966637,2023-11-01T20:00:00Z,68.74749426,135.9,1.0,-363.45,770.12,189.4,121.03:00:00,True,755 781
MU,long,6,2023-10-02T20:00:00Z,67.208912876,2023-11-01T20:00:00Z,68.74749426,9.23,1.0,-115.61,167.79,33.76,30.00:00:00,True,780 781
MPC,long,5,2023-03-01T21:00:00Z,120.332113488,2023-11-01T20:00:00Z,146.293480399,129.81,1.0,-112.38,135.13,142.42,244.23:00:00,True,718 782
EOG,long,6,2023-07-03T17:00:00Z,102.396999085,2023-11-01T20:00:00Z,112.388802742,59.95,1.0,-12.86,125.15,87.4,121.03:00:00,True,754 783
COP,long,5,2023-04-03T20:00:00Z,97.22883339,2023-11-01T20:00:00Z,106.792379457,47.82,1.0,-55.29,93.22,58.07,212.00:00:00,True,729 784
VLO,long,109,2023-11-01T20:00:00Z,117.620630328,2023-12-01T21:00:00Z,117.321978898,-32.55,2.0,-783.91,123.46,907.37,30.01:00:00,False,785 791
MMM,long,23,2021-12-01T21:00:00Z,100.99947662435402,2023-12-01T21:00:00Z,65.29183975757319,-821.28,1.0,-1055.54,139.86,1195.4,730.00:00:00,False,586 792
FCX,long,33,2022-08-01T20:00:00Z,28.490917384,2023-12-01T21:00:00Z,37.942109532,311.89,1.0,-109.29,531.79,420.16,487.01:00:00,True,659 793
FCX,long,36,2022-08-01T20:00:00Z,28.490917384,2024-01-02T21:00:00Z,40.697843787,439.45,1.0,-119.23,580.13,458.35,519.01:00:00,True,659 800
MMM,long,14,2021-12-01T21:00:00Z,100.99947662435402,2024-01-02T21:00:00Z,71.928917108994,-406.99,1.0,-642.5,85.13,727.63,762.00:00:00,False,586 801
MPC,long,12,2023-03-01T21:00:00Z,120.332113488,2024-02-01T21:00:00Z,158.775099989,461.32,1.0,-269.71,488.16,341.8,337.00:00:00,True,718 807
PSX,long,11,2023-12-01T21:00:00Z,118.5622719,2024-02-01T21:00:00Z,133.05118485,159.38,2.0,-51.08,159.38,81.25,62.00:00:00,True,794 808
XOM,long,6,2023-06-01T20:00:00Z,92.907043655,2024-02-01T21:00:00Z,93.656473668,4.5,1.0,-26.34,96.07,122.41,245.01:00:00,True,745 809
FCX,long,192,2022-08-01T20:00:00Z,28.490917384,2024-03-01T21:00:00Z,36.80913057,1597.1,1.69,-635.89,3094.04,2444.54,578.01:00:00,True,659 816
FCX,long,12,2022-09-01T20:00:00Z,26.685288864,2024-03-01T21:00:00Z,36.80913057,121.49,1.0,-18.08,215.04,152.78,547.01:00:00,True,672 816
FCX,long,8,2023-03-01T21:00:00Z,41.1068261,2024-03-01T21:00:00Z,36.80913057,-34.38,1.0,-127.42,27.99,87.02,366.00:00:00,False,721 816
FCX,long,19,2023-05-01T20:00:00Z,36.095362974,2024-03-01T21:00:00Z,36.80913057,13.56,1.0,-207.41,161.7,206.67,305.01:00:00,True,738 816
FCX,long,16,2023-06-01T20:00:00Z,34.032496669,2024-03-01T21:00:00Z,36.80913057,44.43,1.0,-141.66,169.17,174.04,274.01:00:00,True,749 816
FCX,long,35,2023-09-01T20:00:00Z,39.955708098,2024-03-01T21:00:00Z,36.80913057,-110.13,1.0,-517.18,162.75,273.53,182.01:00:00,False,769 816
FCX,long,22,2023-10-02T20:00:00Z,35.285060128,2024-03-01T21:00:00Z,36.80913057,33.53,1.0,-222.33,205.05,136.28,151.01:00:00,True,779 816
FCX,long,17,2023-11-01T20:00:00Z,32.595018153,2024-03-01T21:00:00Z,36.80913057,71.64,1.0,-126.07,204.18,105.31,121.01:00:00,True,788 816
FCX,long,17,2024-02-01T21:00:00Z,38.99264082,2024-03-01T21:00:00Z,36.80913057,-37.12,1.0,-234.83,95.42,58.07,29.00:00:00,False,811 816
MMM,long,69,2021-12-01T21:00:00Z,100.99947662435402,2024-03-01T21:00:00Z,61.064894977547006,-2755.49,1.055,-3166.61,419.59,3586.2,821.00:00:00,False,586 817
MMM,long,4,2022-01-03T21:00:00Z,105.14025404247793,2024-03-01T21:00:00Z,61.064894977547006,-176.3,1.0,-200.13,7.76,207.9,788.00:00:00,False,600 817
MMM,long,5,2022-02-01T21:00:00Z,99.05922663414738,2024-03-01T21:00:00Z,61.064894977547006,-189.97,1.0,-219.76,40.11,219.76,759.00:00:00,False,605 817
MMM,long,14,2022-03-01T21:00:00Z,86.44111777055709,2024-03-01T21:00:00Z,61.064894977547006,-355.27,1.0,-438.68,288.95,518.45,731.00:00:00,False,616 817
MMM,long,4,2022-07-01T20:00:00Z,77.51115670541358,2024-03-01T21:00:00Z,61.064894977547006,-65.79,1.0,-89.62,118.28,146.93,609.01:00:00,False,653 817
MMM,long,13,2022-09-01T20:00:00Z,76.56957311661911,2024-03-01T21:00:00Z,61.064894977547006,-201.56,1.0,-279.02,396.64,337.25,547.01:00:00,False,667 817
MMM,long,9,2022-12-01T21:00:00Z,77.70046307969264,2024-03-01T21:00:00Z,61.064894977547006,-149.72,1.0,-203.34,264.42,222.77,456.00:00:00,False,692 817
MMM,long,19,2023-02-01T21:00:00Z,71.46025447429236,2024-03-01T21:00:00Z,61.064894977547006,-197.51,1.0,-310.72,676.78,362.5,394.00:00:00,False,712 817
MMM,long,6,2023-04-03T20:00:00Z,65.31509721823832,2024-03-01T21:00:00Z,61.064894977547006,-25.5,1.0,-61.25,250.59,98.26,333.01:00:00,False,730 817
MMM,long,12,2023-06-01T20:00:00Z,59.81921638673072,2024-03-01T21:00:00Z,61.064894977547006,14.95,1.0,-56.55,567.14,196.52,274.01:00:00,True,748 817
MMM,long,5,2023-09-01T20:00:00Z,68.8510565244537,2024-03-01T21:00:00Z,61.064894977547006,-38.93,1.0,-68.72,191.15,71.81,182.01:00:00,False,771 817
MMM,long,25,2023-10-02T20:00:00Z,58.08724478916743,2024-03-01T21:00:00Z,61.064894977547006,74.44,1.0,-74.52,1224.83,287.39,151.01:00:00,True,777 817
MMM,long,26,2024-02-01T21:00:00Z,62.715476726578316,2024-03-01T21:00:00Z,61.064894977547006,-42.92,1.0,-197.83,1153.49,59.33,29.00:00:00,False,810 817
PFE,long,363,2023-02-01T21:00:00Z,35.480517558,2024-03-01T21:00:00Z,22.554959523,-4691.98,2.83,-4952.9,108.35,5061.25,394.00:00:00,False,709 818
PFE,long,9,2023-03-01T21:00:00Z,32.422964999,2024-03-01T21:00:00Z,22.554959523,-88.81,1.0,-95.28,30.2,106.97,366.00:00:00,False,722 818
PFE,long,10,2023-05-01T20:00:00Z,31.608155478,2024-03-01T21:00:00Z,22.554959523,-90.53,1.0,-97.72,41.71,110.19,305.01:00:00,False,739 818
PFE,long,36,2023-07-03T17:00:00Z,29.870728371,2024-03-01T21:00:00Z,22.554959523,-263.37,1.0,-289.24,212.7,315.08,242.04:00:00,False,756 818
PFE,long,40,2023-08-01T20:00:00Z,29.378969473,2024-03-01T21:00:00Z,22.554959523,-272.96,1.0,-301.71,256.0,347.89,213.01:00:00,False,764 818
PFE,long,32,2023-10-02T20:00:00Z,27.985467974,2024-03-01T21:00:00Z,22.554959523,-173.78,1.0,-196.78,249.39,196.78,151.01:00:00,False,778 818
PFE,long,15,2023-11-01T20:00:00Z,25.157237121,2024-03-01T21:00:00Z,22.554959523,-39.03,1.0,-49.82,159.33,59.09,121.01:00:00,False,789 818
PFE,long,44,2024-01-02T21:00:00Z,24.844590993,2024-03-01T21:00:00Z,22.554959523,-100.74,1.0,-132.37,481.11,101.86,59.00:00:00,False,802 818
PFE,long,17,2024-02-01T21:00:00Z,23.148734313,2024-03-01T21:00:00Z,22.554959523,-10.09,1.0,-22.31,214.71,17.3,29.00:00:00,False,814 818
OXY,long,10,2023-02-01T21:00:00Z,59.5862791,2024-03-01T21:00:00Z,58.264179376,-13.22,1.0,-68.39,41.15,109.54,394.00:00:00,False,710 819
CVX,long,4,2023-06-01T20:00:00Z,132.97589196,2024-03-01T21:00:00Z,137.691116129,18.86,1.0,-31.16,71.73,102.89,274.01:00:00,True,746 820
MPC,long,7,2023-03-01T21:00:00Z,120.332113488,2024-04-01T20:00:00Z,194.672479948,520.38,1.0,-157.33,520.38,199.38,396.23:00:00,True,718 825
PSX,long,4,2023-12-01T21:00:00Z,118.5622719,2024-04-01T20:00:00Z,150.39236488,127.32,1.0,-18.58,127.32,29.54,121.23:00:00,True,794 826
COP,long,4,2023-04-03T20:00:00Z,97.22883339,2024-04-01T20:00:00Z,119.2239502,87.98,1.0,-44.23,87.98,70.01,364.00:00:00,True,729 827
XOM,long,4,2023-06-01T20:00:00Z,92.907043655,2024-04-01T20:00:00Z,107.946337248,60.16,1.0,-17.56,64.05,81.61,305.00:00:00,True,745 828
EOG,long,9,2023-07-03T17:00:00Z,102.396999085,2024-05-01T20:00:00Z,120.834566285,165.94,1.0,-19.29,225.12,197.84,303.03:00:00,True,754 833
CVX,long,5,2023-06-01T20:00:00Z,132.97589196,2024-05-01T20:00:00Z,143.773277204,53.99,1.0,-38.95,89.66,128.61,335.00:00:00,True,746 834
OXY,long,11,2023-02-01T21:00:00Z,59.5862791,2024-05-01T20:00:00Z,61.41947077,20.17,1.0,-75.23,70.59,120.49,454.23:00:00,True,710 835
XOM,long,6,2023-06-01T20:00:00Z,92.907043655,2024-05-01T20:00:00Z,107.023403448,84.7,1.0,-26.34,119.25,122.41,335.00:00:00,True,745 836
MO,long,9,2024-03-01T21:00:00Z,33.489109332,2024-05-01T20:00:00Z,36.71561677,29.04,2.955,-8.34,30.17,24.28,60.23:00:00,True,822 837
T,long,85,2024-03-01T21:00:00Z,15.016743534,2024-06-03T20:00:00Z,16.188070579,99.56,5.39,-46.36,115.61,93.72,93.23:00:00,True,821 841
MO,long,26,2024-03-01T21:00:00Z,33.489109332,2024-06-03T20:00:00Z,39.003011425,143.36,1.0,-24.08,143.36,70.15,93.23:00:00,True,822 842
CVX,long,3,2023-06-01T20:00:00Z,132.97589196,2024-06-03T20:00:00Z,143.313746362,31.01,1.0,-23.37,53.8,77.17,368.00:00:00,True,746 843
T,long,42,2024-03-01T21:00:00Z,15.016743534,2024-07-01T20:00:00Z,17.059943342,85.81,1.0,-22.91,91.29,46.31,121.23:00:00,True,821 848
MO,long,22,2024-03-01T21:00:00Z,33.489109332,2024-08-01T20:00:00Z,42.827839286,205.45,1.0,-20.38,215.44,59.35,152.23:00:00,True,822 851
MO,long,30,2024-03-01T21:00:00Z,33.489109332,2024-09-03T20:00:00Z,46.295507201,384.19,1.0,-27.78,384.19,80.94,185.23:00:00,True,822 854
T,long,30,2024-03-01T21:00:00Z,15.016743534,2024-09-03T20:00:00Z,18.647495804,108.92,1.0,-16.36,108.92,33.08,185.23:00:00,True,821 855
COP,long,4,2023-04-03T20:00:00Z,97.22883339,2024-09-03T20:00:00Z,103.166055915,23.75,1.0,-44.23,105.92,104.83,519.00:00:00,True,729 856
EOG,long,3,2023-07-03T17:00:00Z,102.396999085,2024-09-03T20:00:00Z,115.758836427,40.09,1.0,-6.43,75.04,65.95,428.03:00:00,True,754 857
OXY,long,182,2023-02-01T21:00:00Z,59.5862791,2024-10-01T20:00:00Z,51.1501608,-1535.37,1.285,-2119.28,1167.9,3287.18,607.23:00:00,False,710 863
OXY,long,10,2023-03-01T21:00:00Z,56.029869686,2024-10-01T20:00:00Z,51.1501608,-48.8,1.0,-80.88,99.73,180.61,579.23:00:00,False,720 863
OXY,long,5,2023-07-03T17:00:00Z,55.861309878,2024-10-01T20:00:00Z,51.1501608,-23.56,1.0,-39.6,50.71,90.31,456.03:00:00,False,757 863
OXY,long,12,2023-12-01T21:00:00Z,55.683801015,2024-10-01T20:00:00Z,51.1501608,-54.4,1.0,-92.9,123.83,216.74,304.23:00:00,False,795 863
OXY,long,8,2024-02-01T21:00:00Z,54.428011112,2024-10-01T20:00:00Z,51.1501608,-26.22,1.0,-51.89,92.6,144.49,242.23:00:00,False,812 863
OXY,long,5,2024-04-01T20:00:00Z,63.258719468,2024-10-01T20:00:00Z,51.1501608,-60.54,1.0,-76.58,13.72,90.31,183.00:00:00,False,832 863
OXY,long,10,2024-06-03T20:00:00Z,57.721913802,2024-10-01T20:00:00Z,51.1501608,-65.72,1.0,-97.8,82.81,130.17,120.00:00:00,False,845 863
OXY,long,9,2024-08-01T20:00:00Z,56.797943832,2024-10-01T20:00:00Z,51.1501608,-50.83,1.0,-79.7,82.85,79.7,61.00:00:00,False,853 863
OXY,long,16,2024-09-03T20:00:00Z,52.99100856,2024-10-01T20:00:00Z,51.1501608,-29.45,1.0,-80.79,208.2,80.79,28.00:00:00,False,858 863
MPC,long,52,2023-03-01T21:00:00Z,120.332113488,2024-10-01T20:00:00Z,159.437405798,2033.48,1.0,-1168.73,4594.68,2921.69,579.23:00:00,True,718 864
MPC,long,8,2023-05-01T20:00:00Z,114.063554592,2024-10-01T20:00:00Z,159.437405798,362.99,1.0,-129.66,757.02,449.49,519.00:00:00,True,737 864
MPC,long,10,2023-06-01T20:00:00Z,99.284123736,2024-10-01T20:00:00Z,159.437405798,601.53,1.0,-14.28,1094.07,561.86,488.00:00:00,True,747 864
MPC,long,2,2023-12-01T21:00:00Z,143.506987646,2024-10-01T20:00:00Z,159.437405798,31.86,1.0,-91.3,130.37,112.37,304.23:00:00,True,799 864
MPC,long,3,2024-01-02T21:00:00Z,144.397864468,2024-10-01T20:00:00Z,159.437405798,45.12,1.0,-139.62,192.88,168.56,272.23:00:00,True,805 864
MPC,long,6,2024-05-01T20:00:00Z,170.444370316,2024-10-01T20:00:00Z,159.437405798,-66.04,1.0,-435.53,229.48,130.38,153.00:00:00,False,840 864
MPC,long,2,2024-07-01T20:00:00Z,167.254191335,2024-10-01T20:00:00Z,159.437405798,-15.63,1.0,-138.8,82.87,40.9,92.00:00:00,False,850 864
T,long,87,2024-03-01T21:00:00Z,15.016743534,2024-10-01T20:00:00Z,20.189289733,450.01,1.0,-47.45,461.12,95.93,213.23:00:00,True,821 865
CVS,long,29,2024-03-01T21:00:00Z,67.019502576,2024-10-01T20:00:00Z,57.032785784,-289.61,2.0,-518.29,155.82,674.12,213.23:00:00,False,823 866
XOM,long,3,2023-06-01T20:00:00Z,92.907043655,2024-10-01T20:00:00Z,112.484877523,58.73,1.0,-13.17,59.63,61.21,488.00:00:00,True,745 867
DE,long,33,2024-10-01T20:00:00Z,407.004010972,2024-11-01T20:00:00Z,391.347003346,-516.68,2.0,-521.2,1.61,522.81,31.00:00:00,False,869 874
PSX,long,94,2023-12-01T21:00:00Z,118.5622719,2024-11-01T20:00:00Z,112.302069726,-588.46,1.0,-588.46,3802.99,4391.45,335.23:00:00,False,794 875
PSX,long,2,2024-03-01T21:00:00Z,132.7695544,2024-11-01T20:00:00Z,112.302069726,-40.93,1.0,-40.93,52.5,93.44,244.23:00:00,False,824 875
PSX,long,10,2024-05-01T20:00:00Z,129.09583372,2024-11-01T20:00:00Z,112.302069726,-167.94,1.0,-167.94,299.24,242.79,184.00:00:00,False,839 875
PSX,long,5,2024-10-01T20:00:00Z,124.448398074,2024-11-01T20:00:00Z,112.302069726,-60.73,1.0,-60.73,172.86,88.52,31.00:00:00,False,871 875
MO,long,17,2024-03-01T21:00:00Z,33.489109332,2024-11-01T20:00:00Z,47.030056069,230.2,1.0,-15.74,238.8,68.22,244.23:00:00,True,822 876
COP,long,7,2023-04-03T20:00:00Z,97.22883339,2024-11-01T20:00:00Z,101.278356576,28.35,1.0,-77.4,185.36,193.36,578.00:00:00,True,729 877
T,long,30,2024-03-01T21:00:00Z,15.016743534,2024-11-01T20:00:00Z,20.438798156,162.66,1.0,-16.36,174.03,33.08,244.23:00:00,True,821 878
CVX,long,3,2023-06-01T20:00:00Z,132.97589196,2024-11-01T20:00:00Z,140.840578986,23.59,1.0,-23.37,53.8,77.17,519.00:00:00,True,746 879
WMB,long,18,2024-11-01T20:00:00Z,48.343965624,2024-12-02T21:00:00Z,52.92895383,82.53,2.385,0.0,138.06,55.53,31.01:00:00,True,881 884
EOG,long,6,2023-07-03T17:00:00Z,102.396999085,2024-12-02T21:00:00Z,123.768677412,128.23,1.0,-12.86,158.22,131.89,518.04:00:00,True,754 885
CVX,long,5,2023-06-01T20:00:00Z,132.97589196,2024-12-02T21:00:00Z,150.812233245,89.18,1.0,-38.95,90.76,128.61,550.01:00:00,True,746 886
SLB,long,17,2024-10-01T20:00:00Z,40.881521778,2024-12-02T21:00:00Z,41.345869151,7.89,2.725,-54.45,39.47,93.92,62.01:00:00,True,868 887
TGT,long,98,2024-11-01T20:00:00Z,139.584967812,2024-12-03T21:00:00Z,121.710510196,-1751.7,2.0,-2572.87,518.73,3091.61,32.01:00:00,False,880 891
TGT,long,17,2024-12-02T21:00:00Z,121.841000864,2024-12-03T21:00:00Z,121.710510196,-2.22,1.0,-144.67,391.63,13.79,1.00:00:00,False,888 891
