id,time,last_fill_time,symbol,type,status,direction,quantity,price,value,fee,tag
1,2016-02-01T15:00:00Z,2016-02-01T21:00:00Z,ADM,MarketOnClose,Filled,buy,97,25.783153938,2500.965931986,1.0,
2,2016-02-01T15:00:00Z,2016-02-01T21:00:00Z,AAPL,MarketOnClose,Filled,buy,114,21.655612962,2468.739877668,1.0,
3,2016-02-01T15:00:00Z,2016-02-01T21:00:00Z,WMT,MarketOnClose,Filled,buy,136,18.6350516364946,2534.3670225632654,1.0,
4,2016-02-01T15:00:00Z,2016-02-01T21:00:00Z,CSX,MarketOnClose,Filled,buy,380,6.50729418327052,2472.7717896427976,1.9,
5,2016-02-01T15:00:00Z,2016-02-01T21:00:00Z,AMAT,MarketOnClose,Filled,buy,159,15.65587123,2489.28352557,1.0,
6,2016-02-01T15:00:00Z,2016-02-01T21:00:00Z,NFLX,MarketOnClose,Filled,buy,271,9.409,2549.839,1.355,
7,2016-02-01T15:00:00Z,2016-02-01T21:00:00Z,F,MarketOnClose,Filled,buy,353,7.124142485,2514.822297205,1.765,
8,2016-02-01T15:00:00Z,2016-02-01T21:00:00Z,GM,MarketOnClose,Filled,buy,105,24.06538739,2526.86567595,1.0,
9,2016-02-01T15:00:00Z,2016-02-01T21:00:00Z,HPQ,MarketOnClose,Filled,buy,370,6.902331697,2553.86272789,1.85,
10,2016-02-01T15:00:00Z,2016-02-01T21:00:00Z,HLT,MarketOnClose,Filled,buy,49,51.1763755578432,2507.642402334317,1.0,
11,2016-02-01T15:00:00Z,2016-02-01T21:00:00Z,EMR,MarketOnClose,Filled,buy,71,34.656258,2460.594318,1.0,
12,2016-02-01T15:00:00Z,2016-02-01T21:00:00Z,ETN,MarketOnClose,Filled,buy,64,38.619325638,2471.636840832,1.0,
13,2016-02-01T15:00:00Z,2016-02-01T21:00:00Z,HPE,MarketOnClose,Filled,buy,241,10.335336095,2490.815998895,1.205,
14,2016-02-01T15:00:00Z,2016-02-01T21:00:00Z,VZ,MarketOnClose,Filled,buy,87,29.034775836,2526.025497732,1.0,
15,2016-02-01T15:00:00Z,2016-02-01T21:00:00Z,CSCO,MarketOnClose,Filled,buy,143,17.133940652,2450.153513236,1.0,
16,2016-02-01T15:00:00Z,2016-02-01T21:00:00Z,DD,MarketOnClose,Filled,buy,48,52.4968856582607,2519.8505115965136,1.0,
17,2016-02-01T15:00:00Z,2016-02-01T21:00:00Z,HAL,MarketOnClose,Filled,buy,96,25.700701218,2467.267316928,1.0,
18,2016-02-01T15:00:00Z,2016-02-01T21:00:00Z,CCL,MarketOnClose,Filled,buy,60,42.047428335,2522.8457001,1.0,
19,2016-02-01T15:00:00Z,2016-02-01T21:00:00Z,CRH,MarketOnClose,Filled,buy,119,20.69899845,2463.18081555,1.0,
20,2016-02-01T15:00:00Z,2016-02-01T21:00:00Z,LUV,MarketOnClose,Filled,buy,75,33.61498697,2521.12402275,1.0,
21,2016-02-01T15:00:00Z,2016-02-01T21:00:00Z,LOW,MarketOnClose,Filled,buy,42,59.751936468,2509.581331656,1.0,
22,2016-02-01T15:00:00Z,2016-02-01T21:00:00Z,NEE,MarketOnClose,Filled,buy,117,21.4017590325,2504.0058068025,1.0,
23,2016-02-01T15:00:00Z,2016-02-01T21:00:00Z,MPC,MarketOnClose,Filled,buy,82,30.149807381,2472.284205242,1.0,
24,2016-02-01T15:00:00Z,2016-02-01T21:00:00Z,UPS,MarketOnClose,Filled,buy,40,62.30226912,2492.0907648,1.0,
25,2016-02-01T15:00:00Z,2016-02-01T21:00:00Z,GILD,MarketOnClose,Filled,buy,43,58.045930195,2495.974998385,1.0,
26,2016-02-01T15:00:00Z,2016-02-01T21:00:00Z,VLO,MarketOnClose,Filled,buy,55,45.37488669,2495.61876795,1.0,
27,2016-02-01T15:00:00Z,2016-02-01T21:00:00Z,KR,MarketOnClose,Filled,buy,79,32.23295754,2546.40364566,1.0,
28,2016-02-01T15:00:00Z,2016-02-01T21:00:00Z,APD,MarketOnClose,Filled,buy,27,94.468688316,2550.654584532,1.0,
29,2016-02-01T15:00:00Z,2016-02-01T21:00:00Z,GD,MarketOnClose,Filled,buy,23,106.95490952,2459.96291896,1.0,
30,2016-02-01T15:00:00Z,2016-02-01T21:00:00Z,CVS,MarketOnClose,Filled,buy,35,70.84790524,2479.6766834,1.0,
31,2016-02-01T15:00:00Z,2016-02-01T21:00:00Z,TGT,MarketOnClose,Filled,buy,47,52.667742226,2475.383884622,1.0,
32,2016-02-01T15:00:00Z,2016-02-01T21:00:00Z,BIIB,MarketOnClose,Filled,buy,9,273.45,2461.05,1.0,
33,2016-02-01T15:00:00Z,2016-02-01T21:00:00Z,DIS,MarketOnClose,Filled,buy,28,87.03612181,2437.01141068,1.0,
34,2016-02-01T15:00:00Z,2016-02-01T21:00:00Z,PSX,MarketOnClose,Filled,buy,45,53.984556612,2429.30504754,1.0,
35,2016-02-01T15:00:00Z,2016-02-01T21:00:00Z,AMGN,MarketOnClose,Filled,buy,22,111.1960733,2446.3136126,1.0,
36,2016-02-01T15:00:00Z,2016-02-01T21:00:00Z,IBM,MarketOnClose,Filled,buy,32,76.4973057239443,2447.9137831662174,1.0,
37,2016-02-01T15:00:00Z,2016-02-01T21:00:00Z,HCA,MarketOnClose,Filled,buy,38,65.55873955,2491.2321029,1.0,
38,2016-02-01T15:00:00Z,2016-02-01T21:00:00Z,HD,MarketOnClose,Filled,buy,25,97.580098032,2439.5024508,1.0,
39,2016-02-01T15:00:00Z,2016-02-01T21:00:00Z,UNH,MarketOnClose,Filled,buy,25,96.805072554,2420.12681385,1.0,
40,2016-02-01T15:00:00Z,2016-02-01T21:00:00Z,MCK,MarketOnClose,Filled,buy,16,146.859883067,2349.758129072,1.0,
41,2016-02-02T05:00:00Z,2016-02-02T21:00:00Z,AMAT,MarketOnOpen,Filled,sell,-159,15.43411668,-2454.02455212,1.0,left universe
42,2016-02-02T05:00:00Z,2016-02-02T21:00:00Z,HLT,MarketOnOpen,Filled,sell,-49,50.3785256048256,-2468.5477546364546,1.0,left universe
43,2016-02-02T05:00:00Z,2016-02-02T21:00:00Z,HPQ,MarketOnOpen,Filled,sell,-370,6.805408283,-2518.00106471,1.85,left universe
44,2016-03-01T05:00:00Z,,MPC,MarketOnOpen,Canceled,sell,-82,0.0,0.0,0.0,no valuation
45,2016-03-01T15:00:00Z,2016-03-01T21:00:00Z,HAL,MarketOnClose,Filled,sell,-96,26.986671452,-2590.720459392,1.0,reached implied value
46,2016-03-01T15:00:00Z,2016-03-01T21:00:00Z,MPC,MarketOnClose,Filled,sell,-82,25.243699899,-2069.983391718,1.0,no valuation
47,2016-03-01T15:00:00Z,2016-03-01T21:00:00Z,PSX,MarketOnClose,Filled,sell,-45,57.078614058,-2568.53763261,1.0,no valuation
48,2016-03-01T15:00:00Z,2016-03-01T21:00:00Z,DD,MarketOnClose,Filled,sell,-7,61.731307301764,-432.119151112348,1.0,
49,2016-03-01T15:00:00Z,2016-03-01T21:00:00Z,ETN,MarketOnClose,Filled,sell,-7,44.648308374,-312.538158618,1.0,
50,2016-03-01T15:00:00Z,2016-03-01T21:00:00Z,LUV,MarketOnClose,Filled,sell,-7,37.3680315,-261.5762205,1.0,
51,2016-03-01T15:00:00Z,2016-03-01T21:00:00Z,CSCO,MarketOnClose,Filled,sell,-12,19.578519067,-234.942228804,1.0,
52,2016-03-01T15:00:00Z,2016-03-01T21:00:00Z,DAL,MarketOnClose,Filled,buy,59,43.04467977,2539.63610643,1.0,
53,2016-03-01T15:00:00Z,2016-03-01T21:00:00Z,MDLZ,MarketOnClose,Filled,buy,79,32.338737027,2554.760225133,1.0,
54,2016-03-01T15:00:00Z,2016-03-01T21:00:00Z,T,MarketOnClose,Filled,buy,165,15.3437488007693,2531.7185521269344,1.0,
55,2016-03-01T15:00:00Z,2016-03-01T21:00:00Z,NXPI,MarketOnClose,Filled,buy,40,65.109894356,2604.39577424,1.0,
56,2016-03-01T15:00:00Z,2016-03-01T21:00:00Z,AAL,MarketOnClose,Filled,buy,63,40.08372299,2525.27454837,1.0,
57,2016-03-01T15:00:00Z,2016-03-01T21:00:00Z,PPG,MarketOnClose,Filled,buy,31,81.784516268,2535.320004308,1.0,
58,2016-03-01T15:00:00Z,2016-03-01T21:00:00Z,VLO,MarketOnClose,Filled,buy,7,41.077764609,287.544352263,1.0,
59,2016-03-01T15:00:00Z,2016-03-01T21:00:00Z,AMGN,MarketOnClose,Filled,buy,2,108.773297809,217.546595618,1.0,
60,2016-03-01T15:00:00Z,2016-03-01T21:00:00Z,MCK,MarketOnClose,Filled,buy,1,144.741138035,144.741138035,1.0,
61,2016-04-01T04:00:00Z,,ADM,MarketOnOpen,Canceled,sell,-97,0.0,0.0,0.0,no valuation
62,2016-04-01T14:00:00Z,2016-04-01T20:00:00Z,ADM,MarketOnClose,Filled,sell,-97,26.759475918,-2595.669164046,1.0,no valuation
63,2016-04-01T14:00:00Z,2016-04-01T20:00:00Z,IBM,MarketOnClose,Filled,sell,-32,94.4132147093306,-3021.2228706985793,1.0,reached implied value
64,2016-04-01T14:00:00Z,2016-04-01T20:00:00Z,LOW,MarketOnClose,Filled,sell,-42,62.9097597,-2642.2099074,1.0,reached implied value
65,2016-04-01T14:00:00Z,2016-04-01T20:00:00Z,HPE,MarketOnClose,Filled,sell,-40,13.83974032,-553.5896128,1.0,
66,2016-04-01T14:00:00Z,2016-04-01T20:00:00Z,EMR,MarketOnClose,Filled,sell,-7,42.128345625,-294.898419375,1.0,
67,2016-04-01T14:00:00Z,2016-04-01T20:00:00Z,ABBV,MarketOnClose,Filled,buy,72,37.400729454,2692.852520688,1.0,
68,2016-04-01T14:00:00Z,2016-04-01T20:00:00Z,TSN,MarketOnClose,Filled,buy,52,52.244067964,2716.691534128,1.0,
69,2016-04-01T14:00:00Z,2016-04-01T20:00:00Z,BBWI,MarketOnClose,Filled,buy,41,64.803635688,2656.949063208,1.0,
70,2016-04-01T14:00:00Z,2016-04-01T20:00:00Z,BIIB,MarketOnClose,Filled,buy,1,260.54,260.54,1.0,
71,2016-04-01T14:00:00Z,2016-04-01T20:00:00Z,KR,MarketOnClose,Filled,buy,8,30.882770096,247.062160768,1.0,
72,2016-04-01T14:00:00Z,2016-04-01T20:00:00Z,GD,MarketOnClose,Filled,buy,2,105.946203038,211.892406076,1.0,
73,2016-04-01T14:00:00Z,2016-04-01T20:00:00Z,AAL,MarketOnClose,Filled,buy,5,37.87015856,189.3507928,1.0,
74,2016-04-01T14:00:00Z,2016-04-01T20:00:00Z,MCK,MarketOnClose,Filled,buy,1,145.443361239,145.443361239,1.0,
75,2016-05-02T14:00:00Z,2016-05-02T20:00:00Z,NXPI,MarketOnClose,Filled,sell,-5,75.732025848,-378.66012924,1.0,
76,2016-05-02T14:00:00Z,2016-05-02T20:00:00Z,CSX,MarketOnClose,Filled,sell,-40,7.8516595961673,-314.066383846692,1.0,
77,2016-05-02T14:00:00Z,2016-05-02T20:00:00Z,ABBV,MarketOnClose,Filled,sell,-6,40.403712,-242.422272,1.0,
78,2016-05-02T14:00:00Z,2016-05-02T20:00:00Z,DAL,MarketOnClose,Filled,buy,13,37.120534681,482.566950853,1.0,
79,2016-05-02T14:00:00Z,2016-05-02T20:00:00Z,AAL,MarketOnClose,Filled,buy,12,33.088032219,397.056386628,1.0,
80,2016-05-02T14:00:00Z,2016-05-02T20:00:00Z,BBWI,MarketOnClose,Filled,buy,5,58.520449394,292.60224697,1.0,
81,2016-05-02T14:00:00Z,2016-05-02T20:00:00Z,AAPL,MarketOnClose,Filled,buy,11,21.14316288,232.57479168,1.0,
82,2016-05-02T14:00:00Z,2016-05-02T20:00:00Z,NFLX,MarketOnClose,Filled,buy,24,9.311,223.464,1.0,
83,2016-05-02T14:00:00Z,2016-05-02T20:00:00Z,VLO,MarketOnClose,Filled,buy,5,39.897254082,199.48627041,1.0,
84,2016-05-03T04:00:00Z,2016-05-03T20:00:00Z,AAL,MarketOnOpen,Filled,sell,-80,33.385949442,-2670.87595536,1.0,left universe
85,2016-06-01T04:00:00Z,,BBWI,MarketOnOpen,Canceled,sell,-46,0.0,0.0,0.0,no valuation
86,2016-06-01T14:00:00Z,2016-06-01T20:00:00Z,BBWI,MarketOnClose,Filled,sell,-46,50.775940618,-2335.693268428,1.0,no valuation
87,2016-06-01T14:00:00Z,2016-06-01T20:00:00Z,MCK,MarketOnClose,Filled,sell,-3,170.760355699,-512.281067097,1.0,
88,2016-06-01T14:00:00Z,2016-06-01T20:00:00Z,NFLX,MarketOnClose,Filled,sell,-35,10.151,-355.285,1.0,
89,2016-06-01T14:00:00Z,2016-06-01T20:00:00Z,BIIB,MarketOnClose,Filled,sell,-1,286.82,-286.82,1.0,
90,2016-06-01T14:00:00Z,2016-06-01T20:00:00Z,NXPI,MarketOnClose,Filled,sell,-3,82.749123448,-248.247370344,1.0,
91,2016-06-01T14:00:00Z,2016-06-01T20:00:00Z,ABT,MarketOnClose,Filled,buy,82,32.522447097,2666.840661954,1.0,
92,2016-06-01T14:00:00Z,2016-06-01T20:00:00Z,CAH,MarketOnClose,Filled,buy,44,59.414581248,2614.241574912,1.0,
93,2016-06-01T14:00:00Z,2016-06-01T20:00:00Z,TGT,MarketOnClose,Filled,buy,5,50.269692936,251.34846468,1.0,
94,2016-07-01T04:00:00Z,,CRH,MarketOnOpen,Canceled,sell,-119,0.0,0.0,0.0,no valuation
95,2016-07-01T14:00:00Z,2016-07-01T20:00:00Z,CRH,MarketOnClose,Filled,sell,-119,23.183773842,-2758.869087198,1.0,no valuation
96,2016-07-01T14:00:00Z,2016-07-01T20:00:00Z,WMT,MarketOnClose,Filled,sell,-136,20.3980810831917,-2774.1390273140714,1.0,reached implied value
97,2016-07-01T14:00:00Z,2016-07-01T20:00:00Z,UNH,MarketOnClose,Filled,sell,-3,118.690917932,-356.072753796,1.0,
98,2016-07-01T14:00:00Z,2016-07-01T20:00:00Z,T,MarketOnClose,Filled,sell,-19,18.0600019879628,-343.1400377712932,1.0,
99,2016-07-01T14:00:00Z,2016-07-01T20:00:00Z,NEE,MarketOnClose,Filled,sell,-13,24.9424152065,-324.2513976845,1.0,
100,2016-07-01T14:00:00Z,2016-07-01T20:00:00Z,UPS,MarketOnClose,Filled,sell,-4,72.887747184,-291.550988736,1.0,
101,2016-07-01T14:00:00Z,2016-07-01T20:00:00Z,MDLZ,MarketOnClose,Filled,sell,-6,35.595439399,-213.572636394,1.0,
102,2016-07-01T14:00:00Z,2016-07-01T20:00:00Z,LBTYA,MarketOnClose,Filled,buy,90,29.7,2673.0,1.0,
103,2016-07-01T14:00:00Z,2016-07-01T20:00:00Z,CTSH,MarketOnClose,Filled,buy,52,49.80889628,2590.06260656,1.0,
104,2016-07-01T14:00:00Z,2016-07-01T20:00:00Z,NXPI,MarketOnClose,Filled,buy,6,68.390387484,410.342324904,1.0,
105,2016-07-01T14:00:00Z,2016-07-01T20:00:00Z,VLO,MarketOnClose,Filled,buy,9,34.672125945,312.049133505,1.0,
106,2016-07-01T14:00:00Z,2016-07-01T20:00:00Z,CCL,MarketOnClose,Filled,buy,8,39.035458003,312.283664024,1.0,
107,2016-07-01T14:00:00Z,2016-07-01T20:00:00Z,DAL,MarketOnClose,Filled,buy,9,32.471406827,292.242661443,1.0,
108,2016-07-01T14:00:00Z,2016-07-01T20:00:00Z,LUV,MarketOnClose,Filled,buy,7,34.90193124,244.31351868,1.0,
109,2016-07-01T14:00:00Z,2016-07-01T20:00:00Z,BIIB,MarketOnClose,Filled,buy,1,245.06,245.06,1.0,
110,2016-07-01T14:00:00Z,2016-07-01T20:00:00Z,NFLX,MarketOnClose,Filled,buy,26,9.667,251.342,1.0,
111,2016-08-01T14:00:00Z,2016-08-01T20:00:00Z,HPE,MarketOnClose,Filled,sell,-28,15.907543484,-445.411217552,1.0,
112,2016-08-01T14:00:00Z,2016-08-01T20:00:00Z,AMGN,MarketOnClose,Filled,sell,-3,128.503747008,-385.511241024,1.0,
113,2016-08-01T14:00:00Z,2016-08-01T20:00:00Z,ABT,MarketOnClose,Filled,sell,-8,37.50985735,-300.0788588,1.0,
114,2016-08-01T14:00:00Z,2016-08-01T20:00:00Z,CSCO,MarketOnClose,Filled,sell,-11,22.83567811,-251.19245921,1.0,
115,2016-08-01T14:00:00Z,2016-08-01T20:00:00Z,GD,MarketOnClose,Filled,sell,-2,120.738016879,-241.476033758,1.0,
116,2016-08-01T14:00:00Z,2016-08-01T20:00:00Z,CVS,MarketOnClose,Filled,buy,5,68.659261678,343.29630839,1.0,
117,2016-08-01T14:00:00Z,2016-08-01T20:00:00Z,GILD,MarketOnClose,Filled,buy,6,56.148681114,336.892086684,1.0,
118,2016-08-01T14:00:00Z,2016-08-01T20:00:00Z,KR,MarketOnClose,Filled,buy,12,27.491177463,329.894129556,1.0,
119,2016-08-01T14:00:00Z,2016-08-01T20:00:00Z,LUV,MarketOnClose,Filled,buy,9,32.645644776,293.810802984,1.0,
120,2016-08-01T14:00:00Z,2016-08-01T20:00:00Z,DIS,MarketOnClose,Filled,buy,3,88.027708908,264.083126724,1.0,
121,2016-08-02T04:00:00Z,2016-08-02T20:00:00Z,LUV,MarketOnOpen,Filled,sell,-84,32.478186015,-2728.16762526,1.0,left universe
122,2016-09-01T14:00:00Z,2016-09-01T20:00:00Z,BIIB,MarketOnClose,Filled,sell,-2,306.03,-612.06,1.0,
123,2016-09-01T14:00:00Z,2016-09-01T20:00:00Z,TSN,MarketOnClose,Filled,sell,-6,58.162683984,-348.976103904,1.0,
124,2016-09-01T14:00:00Z,2016-09-01T20:00:00Z,APD,MarketOnClose,Filled,sell,-3,113.87749164,-341.63247492,1.0,
125,2016-09-01T14:00:00Z,2016-09-01T20:00:00Z,AAPL,MarketOnClose,Filled,sell,-13,24.37684649725,-316.89900446425,1.0,
126,2016-09-01T14:00:00Z,2016-09-01T20:00:00Z,ETN,MarketOnClose,Filled,sell,-5,52.916427872,-264.58213936,1.0,
127,2016-09-01T14:00:00Z,2016-09-01T20:00:00Z,HPQ,MarketOnClose,Filled,buy,269,10.24212575,2755.13182675,1.345,
128,2016-09-01T14:00:00Z,2016-09-01T20:00:00Z,NEE,MarketOnClose,Filled,buy,12,23.427647925,281.1317751,1.0,
129,2016-09-01T14:00:00Z,2016-09-01T20:00:00Z,T,MarketOnClose,Filled,buy,13,17.2077350926008,223.7005562038104,1.0,
130,2016-10-03T14:00:00Z,2016-10-03T20:00:00Z,NXPI,MarketOnClose,Filled,sell,-8,90.134618672,-721.076949376,1.0,
131,2016-10-03T14:00:00Z,2016-10-03T20:00:00Z,LBTYA,MarketOnClose,Filled,sell,-10,34.03,-340.3,1.0,
132,2016-10-03T14:00:00Z,2016-10-03T20:00:00Z,CSX,MarketOnClose,Filled,sell,-31,8.84400492193275,-274.16415257991525,1.0,
133,2016-10-03T14:00:00Z,2016-10-03T20:00:00Z,HPQ,MarketOnClose,Filled,sell,-22,11.149524805,-245.28954571,1.0,
134,2016-10-03T14:00:00Z,2016-10-03T20:00:00Z,HPE,MarketOnClose,Filled,sell,-14,17.092308345,-239.29231683,1.0,
135,2016-10-03T14:00:00Z,2016-10-03T20:00:00Z,CTSH,MarketOnClose,Filled,buy,13,43.88755896,570.53826648,1.0,
136,2016-10-03T14:00:00Z,2016-10-03T20:00:00Z,KR,MarketOnClose,Filled,buy,14,23.755505232,332.577073248,1.0,
137,2016-10-03T14:00:00Z,2016-10-03T20:00:00Z,MCK,MarketOnClose,Filled,buy,2,153.22635603,306.45271206,1.0,
138,2016-10-03T14:00:00Z,2016-10-03T20:00:00Z,HD,MarketOnClose,Filled,buy,2,100.68983725,201.3796745,1.0,
139,2016-11-01T04:00:00Z,,CAH,MarketOnOpen,Canceled,sell,-44,0.0,0.0,0.0,no valuation
140,2016-11-01T14:00:00Z,2016-11-01T20:00:00Z,AAPL,MarketOnClose,Filled,sell,-112,25.46401776425,-2851.969989596,1.0,reached implied value
141,2016-11-01T14:00:00Z,2016-11-01T20:00:00Z,CAH,MarketOnClose,Filled,sell,-44,51.082515066,-2247.630662904,1.0,no valuation
142,2016-11-01T14:00:00Z,2016-11-01T20:00:00Z,NFLX,MarketOnClose,Filled,sell,-72,12.33,-887.76,1.0,
143,2016-11-01T14:00:00Z,2016-11-01T20:00:00Z,VLO,MarketOnClose,Filled,sell,-10,40.554898155,-405.54898155,1.0,
144,2016-11-01T14:00:00Z,2016-11-01T20:00:00Z,DAL,MarketOnClose,Filled,sell,-9,37.184209188,-334.657882692,1.0,
145,2016-11-01T14:00:00Z,2016-11-01T20:00:00Z,CTSH,MarketOnClose,Filled,sell,-6,44.84542235,-269.0725341,1.0,
146,2016-11-01T14:00:00Z,2016-11-01T20:00:00Z,CCL,MarketOnClose,Filled,sell,-6,42.472484244,-254.834905464,1.0,
147,2016-11-01T14:00:00Z,2016-11-01T20:00:00Z,LUV,MarketOnClose,Filled,buy,75,35.067525376,2630.0644032,1.0,
148,2016-11-01T14:00:00Z,2016-11-01T20:00:00Z,ACN,MarketOnClose,Filled,buy,27,97.504280126,2632.615563402,1.0,
149,2016-11-01T14:00:00Z,2016-11-01T20:00:00Z,MCK,MarketOnClose,Filled,buy,5,119.80627257,599.03136285,1.0,
150,2016-11-01T14:00:00Z,2016-11-01T20:00:00Z,AMGN,MarketOnClose,Filled,buy,4,104.463358956,417.853435824,1.0,
151,2016-11-01T14:00:00Z,2016-11-01T20:00:00Z,BIIB,MarketOnClose,Filled,buy,1,282.56,282.56,1.0,
152,2016-11-01T14:00:00Z,2016-11-01T20:00:00Z,ABT,MarketOnClose,Filled,buy,8,32.547390095,260.37912076,1.0,
153,2016-11-01T14:00:00Z,2016-11-01T20:00:00Z,PPG,MarketOnClose,Filled,buy,3,76.74244274,230.22732822,1.0,
154,2016-11-01T14:00:00Z,2016-11-01T20:00:00Z,ABBV,MarketOnClose,Filled,buy,5,37.793393545,188.966967725,1.0,
155,2016-12-01T05:00:00Z,,TSN,MarketOnOpen,Canceled,sell,-46,0.0,0.0,0.0,no valuation
156,2016-12-01T15:00:00Z,2016-12-01T21:00:00Z,TSN,MarketOnClose,Filled,sell,-46,43.454274719,-1998.896637074,1.0,no valuation
157,2016-12-01T15:00:00Z,2016-12-01T21:00:00Z,EMR,MarketOnClose,Filled,sell,-64,44.894488072,-2873.247236608,1.0,reached implied value
158,2016-12-01T15:00:00Z,2016-12-01T21:00:00Z,GD,MarketOnClose,Filled,sell,-4,143.56515096,-574.26060384,1.0,
159,2016-12-01T15:00:00Z,2016-12-01T21:00:00Z,CSX,MarketOnClose,Filled,sell,-43,10.6977519242247,-460.0033327416621,1.0,
160,2016-12-01T15:00:00Z,2016-12-01T21:00:00Z,DAL,MarketOnClose,Filled,sell,-8,42.606535923,-340.852287384,1.0,
161,2016-12-01T15:00:00Z,2016-12-01T21:00:00Z,LUV,MarketOnClose,Filled,sell,-8,41.598498474,-332.787987792,1.0,
162,2016-12-01T15:00:00Z,2016-12-01T21:00:00Z,MPC,MarketOnClose,Filled,buy,79,35.735858158,2823.132794482,1.0,
163,2016-12-01T15:00:00Z,2016-12-01T21:00:00Z,YUM,MarketOnClose,Filled,buy,52,52.476852381,2728.796323812,1.0,
164,2016-12-01T15:00:00Z,2016-12-01T21:00:00Z,CVS,MarketOnClose,Filled,buy,9,56.65467538,509.89207842,1.0,
165,2016-12-01T15:00:00Z,2016-12-01T21:00:00Z,MDLZ,MarketOnClose,Filled,buy,12,32.3685588,388.4227056,1.0,
166,2016-12-01T15:00:00Z,2016-12-01T21:00:00Z,LBTYA,MarketOnClose,Filled,buy,9,30.07,270.63,1.0,
167,2016-12-01T15:00:00Z,2016-12-01T21:00:00Z,NFLX,MarketOnClose,Filled,buy,24,11.722,281.328,1.0,
168,2016-12-01T15:00:00Z,2016-12-01T21:00:00Z,HCA,MarketOnClose,Filled,buy,4,65.74336005,262.9734402,1.0,
169,2016-12-01T15:00:00Z,2016-12-01T21:00:00Z,GILD,MarketOnClose,Filled,buy,4,51.13899732,204.55598928,1.0,
170,2016-12-01T15:00:00Z,2016-12-01T21:00:00Z,VZ,MarketOnClose,Filled,buy,7,29.453910206,206.177371442,1.0,
171,2017-01-03T15:00:00Z,2017-01-03T21:00:00Z,KR,MarketOnClose,Filled,sell,-12,27.459824676,-329.517896112,1.0,
172,2017-01-03T15:00:00Z,2017-01-03T21:00:00Z,VLO,MarketOnClose,Filled,sell,-6,48.45554427,-290.73326562,1.0,
173,2017-01-03T15:00:00Z,2017-01-03T21:00:00Z,BIIB,MarketOnClose,Filled,buy,1,291.71,291.71,1.0,
174,2017-01-03T15:00:00Z,2017-01-03T21:00:00Z,NXPI,MarketOnClose,Filled,buy,3,85.661218952,256.983656856,1.0,
175,2017-02-01T05:00:00Z,,YUM,MarketOnOpen,Canceled,sell,-52,0.0,0.0,0.0,no valuation
176,2017-02-01T15:00:00Z,2017-02-01T21:00:00Z,ABT,MarketOnClose,Filled,sell,-82,35.51343078,-2912.10132396,1.0,reached implied value
177,2017-02-01T15:00:00Z,2017-02-01T21:00:00Z,CSX,MarketOnClose,Filled,sell,-266,13.756339107366,-3659.186202559356,1.33,reached implied value
178,2017-02-01T15:00:00Z,2017-02-01T21:00:00Z,ETN,MarketOnClose,Filled,sell,-52,56.92071165,-2959.8770058,1.0,reached implied value
179,2017-02-01T15:00:00Z,2017-02-01T21:00:00Z,F,MarketOnClose,Filled,sell,-353,7.64648808,-2699.21029224,1.765,reached implied value
180,2017-02-01T15:00:00Z,2017-02-01T21:00:00Z,GD,MarketOnClose,Filled,sell,-19,147.972401348,-2811.475625612,1.0,reached implied value
181,2017-02-01T15:00:00Z,2017-02-01T21:00:00Z,NXPI,MarketOnClose,Filled,sell,-33,85.7401613,-2829.4253229,1.0,reached implied value
182,2017-02-01T15:00:00Z,2017-02-01T21:00:00Z,PPG,MarketOnClose,Filled,sell,-34,83.567783496,-2841.304638864,1.0,reached implied value
183,2017-02-01T15:00:00Z,2017-02-01T21:00:00Z,UPS,MarketOnClose,Filled,sell,-36,71.865376905,-2587.15356858,1.0,reached implied value
184,2017-02-01T15:00:00Z,2017-02-01T21:00:00Z,YUM,MarketOnClose,Filled,sell,-52,54.536742375,-2835.9106035,1.0,no valuation
185,2017-02-01T15:00:00Z,2017-02-01T21:00:00Z,NFLX,MarketOnClose,Filled,sell,-32,14.078,-450.496,1.0,
186,2017-02-01T15:00:00Z,2017-02-01T21:00:00Z,LBTYA,MarketOnClose,Filled,sell,-10,36.23,-362.3,1.0,
187,2017-02-01T15:00:00Z,2017-02-01T21:00:00Z,GM,MarketOnClose,Filled,sell,-11,30.299201374,-333.291215114,1.0,
188,2017-02-01T15:00:00Z,2017-02-01T21:00:00Z,DIS,MarketOnClose,Filled,sell,-3,103.33881117,-310.01643351,1.0,
189,2017-02-01T15:00:00Z,2017-02-01T21:00:00Z,EIX,MarketOnClose,Filled,buy,60,47.531643575,2851.8986145,1.0,
190,2017-02-01T15:00:00Z,2017-02-01T21:00:00Z,AMAT,MarketOnClose,Filled,buy,94,31.586081598,2969.091670212,1.0,
191,2017-02-01T15:00:00Z,2017-02-01T21:00:00Z,RTX,MarketOnClose,Filled,buy,62,46.1226674454255,2859.605381616381,1.0,
192,2017-02-01T15:00:00Z,2017-02-01T21:00:00Z,CRH,MarketOnClose,Filled,buy,106,28.142093112,2983.061869872,1.0,
193,2017-02-01T15:00:00Z,2017-02-01T21:00:00Z,EBAY,MarketOnClose,Filled,buy,103,28.378386738,2922.973834014,1.0,
194,2017-02-01T15:00:00Z,2017-02-01T21:00:00Z,SYY,MarketOnClose,Filled,buy,70,40.974002761,2868.18019327,1.0,
195,2017-02-01T15:00:00Z,2017-02-01T21:00:00Z,QCOM,MarketOnClose,Filled,buy,70,40.895135405,2862.65947835,1.0,
196,2017-02-01T15:00:00Z,2017-02-01T21:00:00Z,LOW,MarketOnClose,Filled,buy,47,60.561291,2846.380677,1.0,
197,2017-02-01T15:00:00Z,2017-02-01T21:00:00Z,GIS,MarketOnClose,Filled,buy,66,42.715643402,2819.232464532,1.0,
198,2017-02-01T15:00:00Z,2017-02-01T21:00:00Z,TGT,MarketOnClose,Filled,buy,8,47.559891883,380.479135064,1.0,
199,2017-02-01T15:00:00Z,2017-02-01T21:00:00Z,ACN,MarketOnClose,Filled,buy,3,95.027634471,285.082903413,1.0,
200,2017-02-01T15:00:00Z,2017-02-01T21:00:00Z,HPQ,MarketOnClose,Filled,buy,21,10.775214,226.279494,1.0,
201,2017-03-01T15:00:00Z,2017-03-01T21:00:00Z,DD,MarketOnClose,Filled,sell,-41,81.0151494273546,-3321.621126521539,1.0,reached implied value
202,2017-03-01T15:00:00Z,2017-03-01T21:00:00Z,GM,MarketOnClose,Filled,sell,-94,31.380716863,-2949.787385122,1.0,no valuation
203,2017-03-01T15:00:00Z,2017-03-01T21:00:00Z,MPC,MarketOnClose,Filled,sell,-79,38.443905401,-3037.068526679,1.0,reached implied value
204,2017-03-01T15:00:00Z,2017-03-01T21:00:00Z,MDLZ,MarketOnClose,Filled,sell,-85,35.052651504,-2979.47537784,1.0,reached implied value
205,2017-03-01T15:00:00Z,2017-03-01T21:00:00Z,LUV,MarketOnClose,Filled,sell,-9,52.146465536,-469.318189824,1.0,
206,2017-03-01T15:00:00Z,2017-03-01T21:00:00Z,HCA,MarketOnClose,Filled,sell,-5,81.2699441,-406.3497205,1.0,
207,2017-03-01T15:00:00Z,2017-03-01T21:00:00Z,AMGN,MarketOnClose,Filled,sell,-3,134.090718432,-402.272155296,1.0,
208,2017-03-01T15:00:00Z,2017-03-01T21:00:00Z,HPQ,MarketOnClose,Filled,sell,-27,12.664468188,-341.940641076,1.0,
209,2017-03-01T15:00:00Z,2017-03-01T21:00:00Z,MO,MarketOnClose,Filled,buy,79,38.344509,3029.216211,1.0,
210,2017-03-01T15:00:00Z,2017-03-01T21:00:00Z,GLW,MarketOnClose,Filled,buy,138,22.18168008,3061.07185104,1.0,
211,2017-03-01T15:00:00Z,2017-03-01T21:00:00Z,PPL,MarketOnClose,Filled,buy,124,24.029493254,2979.657163496,1.0,
212,2017-03-01T15:00:00Z,2017-03-01T21:00:00Z,BAX,MarketOnClose,Filled,buy,68,44.151848604,3002.325705072,1.0,
213,2017-03-01T15:00:00Z,2017-03-01T21:00:00Z,KR,MarketOnClose,Filled,buy,14,26.201919856,366.826877984,1.0,
214,2017-03-01T15:00:00Z,2017-03-01T21:00:00Z,GILD,MarketOnClose,Filled,buy,7,49.595776708,347.170436956,1.0,
215,2017-03-01T15:00:00Z,2017-03-01T21:00:00Z,TGT,MarketOnClose,Filled,buy,7,43.595446216,305.168123512,1.0,
216,2017-03-01T15:00:00Z,2017-03-01T21:00:00Z,HPE,MarketOnClose,Filled,buy,14,17.588872736,246.244218304,1.0,
217,2017-03-01T15:00:00Z,2017-03-01T21:00:00Z,APD,MarketOnClose,Filled,buy,2,114.633884709,229.267769418,1.0,
218,2017-04-01T04:00:00Z,,GLW,MarketOnOpen,Canceled,sell,-138,0.0,0.0,0.0,no valuation
219,2017-04-03T14:00:00Z,2017-04-03T20:00:00Z,GLW,MarketOnClose,Filled,sell,-138,21.111925296,-2913.445690848,1.0,no valuation
220,2017-04-03T14:00:00Z,2017-04-03T20:00:00Z,KR,MarketOnClose,Filled,sell,-115,24.02796144,-2763.2155656,1.0,no valuation
221,2017-04-03T14:00:00Z,2017-04-03T20:00:00Z,AMAT,MarketOnClose,Filled,sell,-9,35.16655473,-316.49899257,1.0,
222,2017-04-03T14:00:00Z,2017-04-03T20:00:00Z,CCL,MarketOnClose,Filled,sell,-5,52.197133212,-260.98566606,1.0,
223,2017-04-03T14:00:00Z,2017-04-03T20:00:00Z,DISH,MarketOnClose,Filled,buy,47,63.07,2964.29,1.0,
224,2017-04-03T14:00:00Z,2017-04-03T20:00:00Z,CAH,MarketOnClose,Filled,buy,47,62.931465144,2957.778861768,1.0,
225,2017-04-03T14:00:00Z,2017-04-03T20:00:00Z,DAL,MarketOnClose,Filled,buy,8,41.466293539,331.730348312,1.0,
226,2017-04-03T14:00:00Z,2017-04-03T20:00:00Z,GIS,MarketOnClose,Filled,buy,7,40.75282583,285.26978081,1.0,
227,2017-04-03T14:00:00Z,2017-04-03T20:00:00Z,VZ,MarketOnClose,Filled,buy,9,29.358020672,264.222186048,1.0,
228,2017-04-03T14:00:00Z,2017-04-03T20:00:00Z,AMGN,MarketOnClose,Filled,buy,2,123.295151727,246.590303454,1.0,
229,2017-05-01T14:00:00Z,2017-05-01T20:00:00Z,HD,MarketOnClose,Filled,sell,-3,122.240320768,-366.720962304,1.0,
230,2017-05-01T14:00:00Z,2017-05-01T20:00:00Z,LOW,MarketOnClose,Filled,sell,-5,70.962194142,-354.81097071,1.0,
231,2017-05-01T14:00:00Z,2017-05-01T20:00:00Z,UNH,MarketOnClose,Filled,sell,-2,149.024713464,-298.049426928,1.0,
232,2017-05-01T14:00:00Z,2017-05-01T20:00:00Z,BAX,MarketOnClose,Filled,sell,-6,47.928163716,-287.568982296,1.0,
233,2017-05-01T14:00:00Z,2017-05-01T20:00:00Z,HPQ,MarketOnClose,Filled,sell,-20,13.708217058,-274.16434116,1.0,
234,2017-05-01T14:00:00Z,2017-05-01T20:00:00Z,HPE,MarketOnClose,Filled,buy,39,14.27206875,556.61068125,1.0,
235,2017-05-01T14:00:00Z,2017-05-01T20:00:00Z,CAH,MarketOnClose,Filled,buy,6,56.128273644,336.769641864,1.0,
236,2017-05-01T14:00:00Z,2017-05-01T20:00:00Z,VLO,MarketOnClose,Filled,buy,7,44.749977828,313.249844796,1.0,
237,2017-05-01T14:00:00Z,2017-05-01T20:00:00Z,BIIB,MarketOnClose,Filled,buy,1,271.03,271.03,1.0,
238,2017-05-01T14:00:00Z,2017-05-01T20:00:00Z,T,MarketOnClose,Filled,buy,15,17.0292549013891,255.4388235208365,1.0,
239,2017-05-02T04:00:00Z,2017-05-02T20:00:00Z,CAH,MarketOnOpen,Filled,sell,-53,56.40817638,-2989.63334814,1.0,left universe
240,2017-06-01T14:00:00Z,2017-06-01T20:00:00Z,GIS,MarketOnClose,Filled,sell,-73,40.38961439,-2948.44185047,1.0,reached implied value
241,2017-06-01T14:00:00Z,2017-06-01T20:00:00Z,AMAT,MarketOnClose,Filled,sell,-12,41.6890226,-500.2682712,1.0,
242,2017-06-01T14:00:00Z,2017-06-01T20:00:00Z,CTSH,MarketOnClose,Filled,sell,-7,58.818982633,-411.732878431,1.0,
243,2017-06-01T14:00:00Z,2017-06-01T20:00:00Z,NFLX,MarketOnClose,Filled,sell,-19,16.299,-309.681,1.0,
244,2017-06-01T14:00:00Z,2017-06-01T20:00:00Z,MCK,MarketOnClose,Filled,sell,-2,154.626605424,-309.253210848,1.0,
245,2017-06-01T14:00:00Z,2017-06-01T20:00:00Z,GLW,MarketOnClose,Filled,buy,132,23.460938331,3096.843859692,1.0,
246,2017-06-01T14:00:00Z,2017-06-01T20:00:00Z,WM,MarketOnClose,Filled,buy,49,62.19116254,3047.36696446,1.0,
247,2017-06-01T14:00:00Z,2017-06-01T20:00:00Z,LBTYA,MarketOnClose,Filled,buy,20,31.35,627.0,1.0,
248,2017-06-01T14:00:00Z,2017-06-01T20:00:00Z,GILD,MarketOnClose,Filled,buy,6,46.011391524,276.068349144,1.0,
249,2017-06-01T14:00:00Z,2017-06-01T20:00:00Z,LOW,MarketOnClose,Filled,buy,4,67.608259593,270.433038372,1.0,
250,2017-06-01T14:00:00Z,2017-06-01T20:00:00Z,BIIB,MarketOnClose,Filled,buy,1,252.38,252.38,1.0,
251,2017-06-01T14:00:00Z,2017-06-01T20:00:00Z,HCA,MarketOnClose,Filled,buy,3,77.309834375,231.929503125,1.0,
252,2017-06-01T14:00:00Z,2017-06-01T20:00:00Z,DIS,MarketOnClose,Filled,buy,2,100.469836089,200.939672178,1.0,
253,2017-07-03T14:00:00Z,2017-07-03T17:00:00Z,ABBV,MarketOnClose,Filled,sell,-10,49.461708522,-494.61708522,1.0,
254,2017-07-03T14:00:00Z,2017-07-03T17:00:00Z,DAL,MarketOnClose,Filled,sell,-9,48.604497258,-437.440475322,1.0,
255,2017-07-03T14:00:00Z,2017-07-03T17:00:00Z,GILD,MarketOnClose,Filled,sell,-6,50.7455613,-304.4733678,1.0,
256,2017-07-03T14:00:00Z,2017-07-03T17:00:00Z,CCL,MarketOnClose,Filled,sell,-5,58.395773568,-291.97886784,1.0,
257,2017-07-03T14:00:00Z,2017-07-03T17:00:00Z,HPE,MarketOnClose,Filled,buy,29,12.737552001,369.389008029,1.0,
258,2017-07-03T14:00:00Z,2017-07-03T17:00:00Z,TGT,MarketOnClose,Filled,buy,9,40.091413673,360.822723057,1.0,
259,2017-07-03T14:00:00Z,2017-07-03T17:00:00Z,AMAT,MarketOnClose,Filled,buy,8,37.166669931,297.333359448,1.0,
260,2017-07-03T14:00:00Z,2017-07-03T17:00:00Z,VZ,MarketOnClose,Filled,buy,10,27.18441,271.8441,1.0,
261,2017-07-03T14:00:00Z,2017-07-03T17:00:00Z,NFLX,MarketOnClose,Filled,buy,18,14.617,263.106,1.0,
262,2017-07-03T14:00:00Z,2017-07-03T17:00:00Z,HPQ,MarketOnClose,Filled,buy,19,12.81216699,243.43117281,1.0,
263,2017-07-03T14:00:00Z,2017-07-03T17:00:00Z,SYY,MarketOnClose,Filled,buy,6,40.025971748,240.155830488,1.0,
264,2017-08-01T04:00:00Z,,EIX,MarketOnOpen,Canceled,sell,-60,0.0,0.0,0.0,no valuation
265,2017-08-01T14:00:00Z,2017-08-01T20:00:00Z,CSCO,MarketOnClose,Filled,sell,-120,24.351082725,-2922.129927,1.0,reached implied value
266,2017-08-01T14:00:00Z,2017-08-01T20:00:00Z,EIX,MarketOnClose,Filled,sell,-60,53.087991136,-3185.27946816,1.0,no valuation
267,2017-08-01T14:00:00Z,2017-08-01T20:00:00Z,NFLX,MarketOnClose,Filled,sell,-34,18.203,-618.902,1.0,
268,2017-08-01T14:00:00Z,2017-08-01T20:00:00Z,BIIB,MarketOnClose,Filled,sell,-2,291.15,-582.3,1.0,
269,2017-08-01T14:00:00Z,2017-08-01T20:00:00Z,SO,MarketOnClose,Filled,buy,96,32.867005589,3155.232536544,1.0,
270,2017-08-01T14:00:00Z,2017-08-01T20:00:00Z,KMB,MarketOnClose,Filled,buy,35,87.114512356,3049.00793246,1.0,
271,2017-08-01T14:00:00Z,2017-08-01T20:00:00Z,MO,MarketOnClose,Filled,buy,14,33.76211255,472.6695757,1.0,
272,2017-08-01T14:00:00Z,2017-08-01T20:00:00Z,DAL,MarketOnClose,Filled,buy,7,45.017150901,315.120056307,1.0,
273,2017-08-01T14:00:00Z,2017-08-01T20:00:00Z,LUV,MarketOnClose,Filled,buy,5,49.515761876,247.57880938,1.0,
274,2017-08-01T14:00:00Z,2017-08-01T20:00:00Z,HD,MarketOnClose,Filled,buy,2,119.447398035,238.89479607,1.0,
275,2017-09-01T04:00:00Z,,GLW,MarketOnOpen,Canceled,sell,-132,0.0,0.0,0.0,no valuation
276,2017-09-01T14:00:00Z,2017-09-01T20:00:00Z,ACN,MarketOnClose,Filled,sell,-30,110.35744209,-3310.7232627,1.0,reached implied value
277,2017-09-01T14:00:00Z,2017-09-01T20:00:00Z,GLW,MarketOnClose,Filled,sell,-132,22.9759046,-3032.8194072,1.0,no valuation
278,2017-09-01T14:00:00Z,2017-09-01T20:00:00Z,GILD,MarketOnClose,Filled,sell,-9,60.11231625,-541.01084625,1.0,
279,2017-09-01T14:00:00Z,2017-09-01T20:00:00Z,NEE,MarketOnClose,Filled,sell,-12,29.92373464,-359.08481568,1.0,
280,2017-09-01T14:00:00Z,2017-09-01T20:00:00Z,UNH,MarketOnClose,Filled,sell,-2,171.11643675,-342.2328735,1.0,
281,2017-09-01T14:00:00Z,2017-09-01T20:00:00Z,MU,MarketOnClose,Filled,buy,100,31.78947598,3178.947598,1.0,
282,2017-09-01T14:00:00Z,2017-09-01T20:00:00Z,LRCX,MarketOnClose,Filled,buy,212,14.7663557928,3130.4674280736,1.06,
283,2017-09-01T14:00:00Z,2017-09-01T20:00:00Z,DISH,MarketOnClose,Filled,buy,7,58.47,409.29,1.0,
284,2017-09-01T14:00:00Z,2017-09-01T20:00:00Z,MCK,MarketOnClose,Filled,buy,2,139.562670779,279.125341558,1.0,
285,2017-09-01T14:00:00Z,2017-09-01T20:00:00Z,CVS,MarketOnClose,Filled,buy,4,58.609288992,234.437155968,1.0,
286,2017-09-01T14:00:00Z,2017-09-01T20:00:00Z,DIS,MarketOnClose,Filled,buy,2,94.95022078,189.90044156,1.0,
287,2017-10-02T14:00:00Z,2017-10-02T20:00:00Z,MU,MarketOnClose,Filled,sell,-17,39.015243373,-663.259137341,1.0,
288,2017-10-02T14:00:00Z,2017-10-02T20:00:00Z,AMAT,MarketOnClose,Filled,sell,-13,47.30845644,-615.00993372,1.0,
289,2017-10-02T14:00:00Z,2017-10-02T20:00:00Z,ABBV,MarketOnClose,Filled,sell,-9,62.289855087,-560.608695783,1.0,
290,2017-10-02T14:00:00Z,2017-10-02T20:00:00Z,VLO,MarketOnClose,Filled,sell,-9,54.70281866,-492.32536794,1.0,
291,2017-10-02T14:00:00Z,2017-10-02T20:00:00Z,HPQ,MarketOnClose,Filled,sell,-21,14.780456526,-310.389587046,1.0,
292,2017-10-02T14:00:00Z,2017-10-02T20:00:00Z,EBAY,MarketOnClose,Filled,sell,-9,34.154596593,-307.391369337,1.0,
293,2017-10-02T14:00:00Z,2017-10-02T20:00:00Z,LRCX,MarketOnClose,Filled,sell,-16,16.4994197395,-263.990715832,1.0,
294,2017-10-02T14:00:00Z,2017-10-02T20:00:00Z,HPE,MarketOnClose,Filled,buy,44,11.502226722,506.097975768,1.0,
295,2017-10-02T14:00:00Z,2017-10-02T20:00:00Z,QCOM,MarketOnClose,Filled,buy,8,41.138629912,329.109039296,1.0,
296,2017-10-02T14:00:00Z,2017-10-02T20:00:00Z,DISH,MarketOnClose,Filled,buy,5,53.83,269.15,1.0,
297,2017-10-02T14:00:00Z,2017-10-02T20:00:00Z,HCA,MarketOnClose,Filled,buy,3,73.783582825,221.350748475,1.0,
298,2017-10-02T14:00:00Z,2017-10-02T20:00:00Z,DIS,MarketOnClose,Filled,buy,2,93.41620086,186.83240172,1.0,
299,2017-10-03T04:00:00Z,2017-10-03T20:00:00Z,DISH,MarketOnOpen,Filled,sell,-59,53.85,-3177.15,1.0,left universe
300,2017-10-03T04:00:00Z,2017-10-03T20:00:00Z,HPE,MarketOnOpen,Filled,sell,-285,11.494548333,-3275.946274905,1.425,left universe
301,2017-11-01T04:00:00Z,,LBTYA,MarketOnOpen,Canceled,sell,-99,0.0,0.0,0.0,no valuation
302,2017-11-01T04:00:00Z,,PPL,MarketOnOpen,Canceled,sell,-124,0.0,0.0,0.0,no valuation
303,2017-11-01T14:00:00Z,2017-11-01T20:00:00Z,APD,MarketOnClose,Filled,sell,-26,130.128839032,-3383.349814832,1.0,reached implied value
304,2017-11-01T14:00:00Z,2017-11-01T20:00:00Z,DIS,MarketOnClose,Filled,sell,-34,92.63983712,-3149.75446208,1.0,reached implied value
305,2017-11-01T14:00:00Z,2017-11-01T20:00:00Z,LBTYA,MarketOnClose,Filled,sell,-99,31.34,-3102.66,1.0,no valuation
306,2017-11-01T14:00:00Z,2017-11-01T20:00:00Z,PPL,MarketOnClose,Filled,sell,-124,24.928523108,-3091.136865392,1.0,no valuation
307,2017-11-01T14:00:00Z,2017-11-01T20:00:00Z,AMAT,MarketOnClose,Filled,sell,-68,50.605877655,-3441.19968054,1.0,reached implied value
308,2017-11-01T14:00:00Z,2017-11-01T20:00:00Z,LRCX,MarketOnClose,Filled,sell,-21,18.0051747972,-378.1086707412,1.0,
309,2017-11-01T14:00:00Z,2017-11-01T20:00:00Z,MU,MarketOnClose,Filled,sell,-8,43.276593374,-346.212746992,1.0,
310,2017-11-01T14:00:00Z,2017-11-01T20:00:00Z,GLW,MarketOnClose,Filled,buy,130,25.14629282,3269.0180666,1.0,
311,2017-11-01T14:00:00Z,2017-11-01T20:00:00Z,CL,MarketOnClose,Filled,buy,56,57.287007792,3208.072436352,1.0,
312,2017-11-01T14:00:00Z,2017-11-01T20:00:00Z,FIS,MarketOnClose,Filled,buy,41,77.861701185,3192.329748585,1.0,
313,2017-11-01T14:00:00Z,2017-11-01T20:00:00Z,PEP,MarketOnClose,Filled,buy,38,83.078237242,3156.973015196,1.0,
314,2017-11-01T14:00:00Z,2017-11-01T20:00:00Z,DE,MarketOnClose,Filled,buy,27,118.072311696,3187.952415792,1.0,
315,2017-11-01T14:00:00Z,2017-11-01T20:00:00Z,COST,MarketOnClose,Filled,buy,22,144.694842831,3183.286542282,1.0,
316,2017-11-01T14:00:00Z,2017-11-01T20:00:00Z,RCL,MarketOnClose,Filled,buy,28,109.809117556,3074.655291568,1.0,
317,2017-11-01T14:00:00Z,2017-11-01T20:00:00Z,T,MarketOnClose,Filled,buy,41,14.9805486759736,614.2024957149176,1.0,
318,2017-11-01T14:00:00Z,2017-11-01T20:00:00Z,CVS,MarketOnClose,Filled,buy,9,52.2414042,470.1726378,1.0,
319,2017-11-01T14:00:00Z,2017-11-01T20:00:00Z,GILD,MarketOnClose,Filled,buy,8,54.052980448,432.423843584,1.0,
320,2017-11-01T14:00:00Z,2017-11-01T20:00:00Z,MCK,MarketOnClose,Filled,buy,3,130.464615673,391.393847019,1.0,
321,2017-11-01T14:00:00Z,2017-11-01T20:00:00Z,KMB,MarketOnClose,Filled,buy,4,80.86547655,323.4619062,1.0,
322,2017-12-01T05:00:00Z,,RCL,MarketOnOpen,Canceled,sell,-28,0.0,0.0,0.0,no valuation
323,2017-12-01T15:00:00Z,2017-12-01T21:00:00Z,CCL,MarketOnClose,Filled,sell,-52,59.789268,-3109.041936,1.0,reached implied value
324,2017-12-01T15:00:00Z,2017-12-01T21:00:00Z,RCL,MarketOnClose,Filled,sell,-28,113.779544858,-3185.827256024,1.0,no valuation
325,2017-12-01T15:00:00Z,2017-12-01T21:00:00Z,QCOM,MarketOnClose,Filled,sell,-78,52.368849285,-4084.77024423,1.0,reached implied value
326,2017-12-01T15:00:00Z,2017-12-01T21:00:00Z,HD,MarketOnClose,Filled,sell,-3,145.39849338,-436.19548014,1.0,
327,2017-12-01T15:00:00Z,2017-12-01T21:00:00Z,JCI,MarketOnClose,Filled,buy,109,30.574961468,3332.670800012,1.0,
328,2017-12-01T15:00:00Z,2017-12-01T21:00:00Z,ED,MarketOnClose,Filled,buy,51,64.89686592,3309.74016192,1.0,
329,2017-12-01T15:00:00Z,2017-12-01T21:00:00Z,TEL,MarketOnClose,Filled,buy,41,79.801731373,3271.870986293,1.0,
330,2017-12-01T15:00:00Z,2017-12-01T21:00:00Z,EBAY,MarketOnClose,Filled,buy,16,31.04161632,496.66586112,1.0,
331,2017-12-01T15:00:00Z,2017-12-01T21:00:00Z,CRH,MarketOnClose,Filled,buy,14,28.05216706,392.73033884,1.0,
332,2017-12-01T15:00:00Z,2017-12-01T21:00:00Z,LRCX,MarketOnClose,Filled,buy,22,16.6644583021,366.6180826462,1.0,
333,2017-12-01T15:00:00Z,2017-12-01T21:00:00Z,MU,MarketOnClose,Filled,buy,6,40.946015227,245.676091362,1.0,
334,2018-01-02T15:00:00Z,2018-01-02T21:00:00Z,TGT,MarketOnClose,Filled,sell,-9,52.658577825,-473.927200425,1.0,
335,2018-01-02T15:00:00Z,2018-01-02T21:00:00Z,DE,MarketOnClose,Filled,sell,-3,139.476153846,-418.428461538,1.0,
336,2018-01-02T15:00:00Z,2018-01-02T21:00:00Z,VLO,MarketOnClose,Filled,sell,-6,66.44596928,-398.67581568,1.0,
337,2018-01-02T15:00:00Z,2018-01-02T21:00:00Z,T,MarketOnClose,Filled,sell,-17,17.208654127333,-292.547120164661,1.0,
338,2018-01-02T15:00:00Z,2018-01-02T21:00:00Z,GILD,MarketOnClose,Filled,buy,7,53.8844085,377.1908595,1.0,
339,2018-01-02T15:00:00Z,2018-01-02T21:00:00Z,ED,MarketOnClose,Filled,buy,4,61.06822848,244.27291392,1.0,
340,2018-01-03T05:00:00Z,2018-01-03T21:00:00Z,ED,MarketOnOpen,Filled,sell,-55,60.9367104,-3351.519072,1.0,left universe
341,2018-02-01T05:00:00Z,,GLW,MarketOnOpen,Canceled,sell,-130,0.0,0.0,0.0,no valuation
342,2018-02-01T15:00:00Z,2018-02-01T21:00:00Z,ABBV,MarketOnClose,Filled,sell,-52,81.307803906,-4228.005803112,1.0,reached implied value
343,2018-02-01T15:00:00Z,2018-02-01T21:00:00Z,GLW,MarketOnClose,Filled,sell,-130,25.317787476,-3291.31237188,1.0,no valuation
344,2018-02-01T15:00:00Z,2018-02-01T21:00:00Z,CL,MarketOnClose,Filled,sell,-56,59.844818324,-3351.309826144,1.0,reached implied value
345,2018-02-01T15:00:00Z,2018-02-01T21:00:00Z,EBAY,MarketOnClose,Filled,sell,-110,40.733302779,-4480.66330569,1.0,reached implied value
346,2018-02-01T15:00:00Z,2018-02-01T21:00:00Z,KMB,MarketOnClose,Filled,sell,-39,85.76840646,-3344.96785194,1.0,reached implied value
347,2018-02-01T15:00:00Z,2018-02-01T21:00:00Z,LOW,MarketOnClose,Filled,sell,-46,88.579784448,-4074.670084608,1.0,reached implied value
348,2018-02-01T15:00:00Z,2018-02-01T21:00:00Z,HPQ,MarketOnClose,Filled,sell,-219,17.22065021,-3771.32239599,1.095,reached implied value
349,2018-02-01T15:00:00Z,2018-02-01T21:00:00Z,NEE,MarketOnClose,Filled,sell,-104,31.3524509595,-3260.654899788,1.0,reached implied value
350,2018-02-01T15:00:00Z,2018-02-01T21:00:00Z,SO,MarketOnClose,Filled,sell,-96,30.760004338,-2952.960416448,1.0,reached implied value
351,2018-02-01T15:00:00Z,2018-02-01T21:00:00Z,NFLX,MarketOnClose,Filled,sell,-36,26.507,-954.252,1.0,
352,2018-02-01T15:00:00Z,2018-02-01T21:00:00Z,GILD,MarketOnClose,Filled,sell,-7,60.71267565,-424.98872955,1.0,
353,2018-02-01T15:00:00Z,2018-02-01T21:00:00Z,HCA,MarketOnClose,Filled,sell,-4,94.3779996,-377.5119984,1.0,
354,2018-02-01T15:00:00Z,2018-02-01T21:00:00Z,MCK,MarketOnClose,Filled,sell,-2,155.66879107,-311.33758214,1.0,
355,2018-02-01T15:00:00Z,2018-02-01T21:00:00Z,F,MarketOnClose,Filled,buy,503,7.217045472,3630.173872416,2.515,
356,2018-02-01T15:00:00Z,2018-02-01T21:00:00Z,AVGO,MarketOnClose,Filled,buy,184,19.058641786,3506.790088624,1.0,
357,2018-02-01T15:00:00Z,2018-02-01T21:00:00Z,INTC,MarketOnClose,Filled,buy,90,40.004619445,3600.41575005,1.0,
358,2018-02-01T15:00:00Z,2018-02-01T21:00:00Z,MPC,MarketOnClose,Filled,buy,68,52.843842079,3593.381261372,1.0,
359,2018-02-01T15:00:00Z,2018-02-01T21:00:00Z,CMI,MarketOnClose,Filled,buy,24,151.863103288,3644.714478912,1.0,
360,2018-02-01T15:00:00Z,2018-02-01T21:00:00Z,XOM,MarketOnClose,Filled,buy,61,60.557918091,3694.033003551,1.0,
361,2018-02-01T15:00:00Z,2018-02-01T21:00:00Z,AMAT,MarketOnClose,Filled,buy,74,48.48096384,3587.59132416,1.0,
362,2018-02-01T15:00:00Z,2018-02-01T21:00:00Z,PPG,MarketOnClose,Filled,buy,36,99.2959802,3574.6552872,1.0,
363,2018-02-01T15:00:00Z,2018-02-01T21:00:00Z,ETN,MarketOnClose,Filled,buy,52,72.37823333,3763.66813316,1.0,
364,2018-02-01T15:00:00Z,2018-02-01T21:00:00Z,NSC,MarketOnClose,Filled,buy,28,125.25701244,3507.19634832,1.0,
365,2018-02-01T15:00:00Z,2018-02-01T21:00:00Z,LRCX,MarketOnClose,Filled,buy,17,16.8263553705,286.0480412985,1.0,
366,2018-02-01T15:00:00Z,2018-02-01T21:00:00Z,T,MarketOnClose,Filled,buy,17,17.7172112345234,301.1925909868978,1.0,
367,2018-03-01T15:00:00Z,2018-03-01T21:00:00Z,MO,MarketOnClose,Filled,sell,-93,32.816148453,-3051.901806129,1.0,reached implied value
368,2018-03-01T15:00:00Z,2018-03-01T21:00:00Z,BAX,MarketOnClose,Filled,sell,-62,57.752681238,-3580.666236756,1.0,reached implied value
369,2018-03-01T15:00:00Z,2018-03-01T21:00:00Z,TGT,MarketOnClose,Filled,sell,-8,58.196297649,-465.570381192,1.0,
370,2018-03-01T15:00:00Z,2018-03-01T21:00:00Z,NFLX,MarketOnClose,Filled,sell,-15,29.039,-435.585,1.0,
371,2018-03-01T15:00:00Z,2018-03-01T21:00:00Z,MU,MarketOnClose,Filled,sell,-8,46.436038226,-371.488305808,1.0,
372,2018-03-01T15:00:00Z,2018-03-01T21:00:00Z,AMAT,MarketOnClose,Filled,sell,-7,52.024127415,-364.168891905,1.0,
373,2018-03-01T15:00:00Z,2018-03-01T21:00:00Z,EXC,MarketOnClose,Filled,buy,181,19.3812893412622,3508.013370768458,1.0,
374,2018-03-01T15:00:00Z,2018-03-01T21:00:00Z,PSX,MarketOnClose,Filled,buy,53,66.290055741,3513.372954273,1.0,
375,2018-03-01T15:00:00Z,2018-03-01T21:00:00Z,BIIB,MarketOnClose,Filled,buy,2,282.35,564.7,1.0,
376,2018-03-01T15:00:00Z,2018-03-01T21:00:00Z,PEP,MarketOnClose,Filled,buy,4,82.749739308,330.998957232,1.0,
377,2018-03-01T15:00:00Z,2018-03-01T21:00:00Z,XOM,MarketOnClose,Filled,buy,6,51.65064624,309.90387744,1.0,
378,2018-03-01T15:00:00Z,2018-03-01T21:00:00Z,CVS,MarketOnClose,Filled,buy,6,51.156703195,306.94021917,1.0,
379,2018-03-01T15:00:00Z,2018-03-01T21:00:00Z,CRH,MarketOnClose,Filled,buy,11,27.106315894,298.169474834,1.0,
380,2018-03-01T15:00:00Z,2018-03-01T21:00:00Z,MCK,MarketOnClose,Filled,buy,2,137.50082664,275.00165328,1.0,
381,2018-04-02T14:00:00Z,2018-04-02T20:00:00Z,INTC,MarketOnClose,Filled,sell,-11,41.34948324,-454.84431564,1.0,
382,2018-04-02T14:00:00Z,2018-04-02T20:00:00Z,LRCX,MarketOnClose,Filled,sell,-22,17.2934017474,-380.4548384428,1.0,
383,2018-04-02T14:00:00Z,2018-04-02T20:00:00Z,MPC,MarketOnClose,Filled,sell,-7,55.61298438,-389.29089066,1.0,
384,2018-04-02T14:00:00Z,2018-04-02T20:00:00Z,JCI,MarketOnClose,Filled,buy,10,28.114689798,281.14689798,1.0,
385,2018-04-02T14:00:00Z,2018-04-02T20:00:00Z,TGT,MarketOnClose,Filled,buy,5,54.153252554,270.76626277,1.0,
386,2018-04-02T14:00:00Z,2018-04-02T20:00:00Z,AMGN,MarketOnClose,Filled,buy,2,128.50181091,257.00362182,1.0,
387,2018-04-02T14:00:00Z,2018-04-02T20:00:00Z,CMI,MarketOnClose,Filled,buy,2,128.259347931,256.518695862,1.0,
388,2018-04-02T14:00:00Z,2018-04-02T20:00:00Z,NSC,MarketOnClose,Filled,buy,2,112.06229516,224.12459032,1.0,
389,2018-04-03T04:00:00Z,2018-04-03T20:00:00Z,CMI,MarketOnOpen,Filled,sell,-26,128.865373956,-3350.499722856,1.0,left universe
390,2018-05-01T14:00:00Z,2018-05-01T20:00:00Z,PSX,MarketOnClose,Filled,sell,-10,81.595055955,-815.95055955,1.0,
391,2018-05-01T14:00:00Z,2018-05-01T20:00:00Z,VLO,MarketOnClose,Filled,sell,-9,80.002385728,-720.021471552,1.0,
392,2018-05-01T14:00:00Z,2018-05-01T20:00:00Z,COST,MarketOnClose,Filled,sell,-3,175.797484455,-527.392453365,1.0,
393,2018-05-01T14:00:00Z,2018-05-01T20:00:00Z,SYY,MarketOnClose,Filled,sell,-8,51.204903912,-409.639231296,1.0,
394,2018-05-01T14:00:00Z,2018-05-01T20:00:00Z,CRH,MarketOnClose,Filled,sell,-11,29.032885376,-319.361739136,1.0,
395,2018-05-01T14:00:00Z,2018-05-01T20:00:00Z,F,MarketOnClose,Filled,sell,-39,7.541596688,-294.122270832,1.0,
396,2018-05-01T14:00:00Z,2018-05-01T20:00:00Z,NXPI,MarketOnClose,Filled,buy,38,91.213497428,3466.112902264,1.0,
397,2018-05-01T14:00:00Z,2018-05-01T20:00:00Z,DE,MarketOnClose,Filled,buy,5,119.96475863,599.82379315,1.0,
398,2018-05-01T14:00:00Z,2018-05-01T20:00:00Z,LUV,MarketOnClose,Filled,buy,11,47.352484758,520.877332338,1.0,
399,2018-05-01T14:00:00Z,2018-05-01T20:00:00Z,AMAT,MarketOnClose,Filled,buy,10,46.408766895,464.08766895,1.0,
400,2018-05-01T14:00:00Z,2018-05-01T20:00:00Z,GILD,MarketOnClose,Filled,buy,7,53.138017176,371.966120232,1.0,
401,2018-05-01T14:00:00Z,2018-05-01T20:00:00Z,LRCX,MarketOnClose,Filled,buy,20,16.9829821978,339.659643956,1.0,
402,2018-05-01T14:00:00Z,2018-05-01T20:00:00Z,TEL,MarketOnClose,Filled,buy,3,78.4657287,235.3971861,1.0,
403,2018-06-01T04:00:00Z,,PPG,MarketOnOpen,Canceled,sell,-36,0.0,0.0,0.0,no valuation
404,2018-06-01T14:00:00Z,2018-06-01T20:00:00Z,MCK,MarketOnClose,Filled,sell,-25,133.781001424,-3344.5250356,1.0,reached implied value
405,2018-06-01T14:00:00Z,2018-06-01T20:00:00Z,PPG,MarketOnClose,Filled,sell,-36,86.818538187,-3125.467374732,1.0,no valuation
406,2018-06-01T14:00:00Z,2018-06-01T20:00:00Z,NFLX,MarketOnClose,Filled,sell,-18,35.993,-647.874,1.0,
407,2018-06-01T14:00:00Z,2018-06-01T20:00:00Z,MU,MarketOnClose,Filled,sell,-9,57.279565002,-515.516085018,1.0,
408,2018-06-01T14:00:00Z,2018-06-01T20:00:00Z,EXC,MarketOnClose,Filled,sell,-17,21.7020835712202,-368.9354207107434,1.0,
409,2018-06-01T14:00:00Z,2018-06-01T20:00:00Z,PEG,MarketOnClose,Filled,buy,90,39.457824375,3551.20419375,1.0,
410,2018-06-01T14:00:00Z,2018-06-01T20:00:00Z,CVX,MarketOnClose,Filled,buy,41,86.905185835,3563.112619235,1.0,
411,2018-06-01T14:00:00Z,2018-06-01T20:00:00Z,T,MarketOnClose,Filled,buy,28,14.8995337358582,417.1869446040296,1.0,
412,2018-06-01T14:00:00Z,2018-06-01T20:00:00Z,GILD,MarketOnClose,Filled,buy,7,50.01828243,350.12797701,1.0,
413,2018-06-01T14:00:00Z,2018-06-01T20:00:00Z,PEP,MarketOnClose,Filled,buy,4,77.431706525,309.7268261,1.0,
414,2018-06-01T14:00:00Z,2018-06-01T20:00:00Z,JCI,MarketOnClose,Filled,buy,11,27.948968078,307.438648858,1.0,
415,2018-06-01T14:00:00Z,2018-06-01T20:00:00Z,CVS,MarketOnClose,Filled,buy,6,49.183675071,295.102050426,1.0,
416,2018-07-02T14:00:00Z,2018-07-02T20:00:00Z,NFLX,MarketOnClose,Filled,sell,-102,39.818,-4061.436,1.0,reached implied value
417,2018-07-02T14:00:00Z,2018-07-02T20:00:00Z,YUM,MarketOnClose,Filled,buy,53,67.095662046,3556.070088438,1.0,
418,2018-07-02T14:00:00Z,2018-07-02T20:00:00Z,DAL,MarketOnClose,Filled,buy,8,45.987192576,367.897540608,1.0,
419,2018-07-02T14:00:00Z,2018-07-02T20:00:00Z,ETN,MarketOnClose,Filled,buy,5,62.801972567,314.009862835,1.0,
420,2018-07-02T14:00:00Z,2018-07-02T20:00:00Z,MU,MarketOnClose,Filled,buy,6,53.125480104,318.752880624,1.0,
421,2018-07-02T14:00:00Z,2018-07-02T20:00:00Z,AMAT,MarketOnClose,Filled,buy,7,41.807578496,292.653049472,1.0,
422,2018-07-02T14:00:00Z,2018-07-02T20:00:00Z,LRCX,MarketOnClose,Filled,buy,19,15.5196794905,294.8739103195,1.0,
423,2018-07-03T04:00:00Z,2018-07-03T17:00:00Z,YUM,MarketOnOpen,Filled,sell,-53,67.207359268,-3561.990041204,1.0,left universe
424,2018-08-01T04:00:00Z,,PEG,MarketOnOpen,Canceled,sell,-90,0.0,0.0,0.0,no valuation
425,2018-08-01T14:00:00Z,2018-08-01T20:00:00Z,PEG,MarketOnClose,Filled,sell,-90,38.286278814,-3445.76509326,1.0,no valuation
426,2018-08-01T14:00:00Z,2018-08-01T20:00:00Z,SYY,MarketOnClose,Filled,sell,-68,54.722734936,-3721.145975648,1.0,reached implied value
427,2018-08-01T14:00:00Z,2018-08-01T20:00:00Z,HCA,MarketOnClose,Filled,sell,-7,115.784078932,-810.488552524,1.0,
428,2018-08-01T14:00:00Z,2018-08-01T20:00:00Z,NSC,MarketOnClose,Filled,sell,-4,142.394446649,-569.577786596,1.0,
429,2018-08-01T14:00:00Z,2018-08-01T20:00:00Z,GILD,MarketOnClose,Filled,sell,-8,57.50847534,-460.06780272,1.0,
430,2018-08-01T14:00:00Z,2018-08-01T20:00:00Z,TGT,MarketOnClose,Filled,sell,-6,62.511923135,-375.07153881,1.0,
431,2018-08-01T14:00:00Z,2018-08-01T20:00:00Z,PEP,MarketOnClose,Filled,sell,-4,87.750784821,-351.003139284,1.0,
432,2018-08-01T14:00:00Z,2018-08-01T20:00:00Z,JCI,MarketOnClose,Filled,sell,-11,31.46023776,-346.06261536,1.0,
433,2018-08-01T14:00:00Z,2018-08-01T20:00:00Z,TMUS,MarketOnClose,Filled,buy,66,56.104365184,3702.888102144,1.0,
434,2018-08-01T14:00:00Z,2018-08-01T20:00:00Z,PFE,MarketOnClose,Filled,buy,145,25.9554077092171,3763.5341178364797,1.0,
435,2018-08-01T14:00:00Z,2018-08-01T20:00:00Z,ORCL,MarketOnClose,Filled,buy,88,41.863427655,3683.98163364,1.0,
436,2018-08-01T14:00:00Z,2018-08-01T20:00:00Z,F,MarketOnClose,Filled,buy,85,6.717134705,570.956449925,1.0,
437,2018-08-01T14:00:00Z,2018-08-01T20:00:00Z,NXPI,MarketOnClose,Filled,buy,6,83.67888888,502.07333328,1.0,
438,2018-08-01T14:00:00Z,2018-08-01T20:00:00Z,INTC,MarketOnClose,Filled,buy,12,41.494615893,497.935390716,1.0,
439,2018-08-01T14:00:00Z,2018-08-01T20:00:00Z,AVGO,MarketOnClose,Filled,buy,24,17.54548308,421.09159392,1.0,
440,2018-08-01T14:00:00Z,2018-08-01T20:00:00Z,CRH,MarketOnClose,Filled,buy,12,27.338134912,328.057618944,1.0,
441,2018-09-01T04:00:00Z,,CRH,MarketOnOpen,Canceled,sell,-132,0.0,0.0,0.0,no valuation
442,2018-09-01T04:00:00Z,,LRCX,MarketOnOpen,Canceled,sell,-231,0.0,0.0,0.0,no valuation
443,2018-09-04T14:00:00Z,2018-09-04T20:00:00Z,COST,MarketOnClose,Filled,sell,-19,211.03622468,-4009.68826892,1.0,reached implied value
444,2018-09-04T14:00:00Z,2018-09-04T20:00:00Z,HCA,MarketOnClose,Filled,sell,-32,124.898562906,-3996.754012992,1.0,reached implied value
445,2018-09-04T14:00:00Z,2018-09-04T20:00:00Z,LRCX,MarketOnClose,Filled,sell,-231,15.4219247916,-3562.4646268596,1.155,no valuation
446,2018-09-04T14:00:00Z,2018-09-04T20:00:00Z,CRH,MarketOnClose,Filled,sell,-132,27.165369088,-3585.828719616,1.0,no valuation
447,2018-09-04T14:00:00Z,2018-09-04T20:00:00Z,BIIB,MarketOnClose,Filled,sell,-2,346.72,-693.44,1.0,
448,2018-09-04T14:00:00Z,2018-09-04T20:00:00Z,CVS,MarketOnClose,Filled,sell,-9,57.23789,-515.14101,1.0,
449,2018-09-04T14:00:00Z,2018-09-04T20:00:00Z,UNH,MarketOnClose,Filled,sell,-2,233.261671962,-466.523343924,1.0,
450,2018-09-04T14:00:00Z,2018-09-04T20:00:00Z,DAL,MarketOnClose,Filled,sell,-8,54.611152896,-436.889223168,1.0,
451,2018-09-04T14:00:00Z,2018-09-04T20:00:00Z,TMUS,MarketOnClose,Filled,sell,-6,62.162804888,-372.976829328,1.0,
452,2018-09-04T14:00:00Z,2018-09-04T20:00:00Z,SCCO,MarketOnClose,Filled,buy,130,28.3221359843139,3681.877677960807,1.0,
453,2018-09-04T14:00:00Z,2018-09-04T20:00:00Z,LVS,MarketOnClose,Filled,buy,68,54.95551575,3736.975071,1.0,
454,2018-09-04T14:00:00Z,2018-09-04T20:00:00Z,CAT,MarketOnClose,Filled,buy,32,117.191397888,3750.124732416,1.0,
455,2018-09-04T14:00:00Z,2018-09-04T20:00:00Z,MCD,MarketOnClose,Filled,buy,28,133.973165924,3751.248645872,1.0,
456,2018-09-04T14:00:00Z,2018-09-04T20:00:00Z,AMAT,MarketOnClose,Filled,buy,11,39.186076766,431.046844426,1.0,
457,2018-09-04T14:00:00Z,2018-09-04T20:00:00Z,CVX,MarketOnClose,Filled,buy,4,84.210432202,336.841728808,1.0,
458,2018-09-04T14:00:00Z,2018-09-04T20:00:00Z,TEL,MarketOnClose,Filled,buy,3,77.949408266,233.848224798,1.0,
459,2018-10-01T14:00:00Z,2018-10-01T20:00:00Z,AMGN,MarketOnClose,Filled,sell,-3,162.456441741,-487.369325223,1.0,
460,2018-10-01T14:00:00Z,2018-10-01T20:00:00Z,CAT,MarketOnClose,Filled,sell,-3,129.093649236,-387.280947708,1.0,
461,2018-10-01T14:00:00Z,2018-10-01T20:00:00Z,ETN,MarketOnClose,Filled,sell,-5,73.887545655,-369.437728275,1.0,
462,2018-10-01T14:00:00Z,2018-10-01T20:00:00Z,AVGO,MarketOnClose,Filled,sell,-18,20.3442918798,-366.1972538364,1.0,
463,2018-10-01T14:00:00Z,2018-10-01T20:00:00Z,PFE,MarketOnClose,Filled,sell,-12,28.7757990159517,-345.3095881914204,1.0,
464,2018-10-01T14:00:00Z,2018-10-01T20:00:00Z,LUV,MarketOnClose,Filled,sell,-6,55.50352453,-333.02114718,1.0,
465,2018-10-01T14:00:00Z,2018-10-01T20:00:00Z,MU,MarketOnClose,Filled,buy,16,44.027449095,704.43918552,1.0,
466,2018-10-01T14:00:00Z,2018-10-01T20:00:00Z,NXPI,MarketOnClose,Filled,buy,6,74.78243949,448.69463694,1.0,
467,2018-10-01T14:00:00Z,2018-10-01T20:00:00Z,AMAT,MarketOnClose,Filled,buy,12,35.250919362,423.011032344,1.0,
468,2018-10-01T14:00:00Z,2018-10-01T20:00:00Z,F,MarketOnClose,Filled,buy,59,6.32999954,373.46997286,1.0,
469,2018-10-01T14:00:00Z,2018-10-01T20:00:00Z,LVS,MarketOnClose,Filled,buy,6,51.539710675,309.23826405,1.0,
470,2018-10-01T14:00:00Z,2018-10-01T20:00:00Z,JCI,MarketOnClose,Filled,buy,10,29.578700206,295.78700206,1.0,
471,2018-11-01T04:00:00Z,,NXPI,MarketOnOpen,Canceled,sell,-50,0.0,0.0,0.0,no valuation
472,2018-11-01T04:00:00Z,,TEL,MarketOnOpen,Canceled,sell,-47,0.0,0.0,0.0,no valuation
473,2018-11-01T14:00:00Z,2018-11-01T20:00:00Z,TEL,MarketOnClose,Filled,sell,-47,66.654768525,-3132.774120675,1.0,no valuation
474,2018-11-01T14:00:00Z,2018-11-01T20:00:00Z,NXPI,MarketOnClose,Filled,sell,-50,73.95572547,-3697.7862735,1.0,no valuation
475,2018-11-01T14:00:00Z,2018-11-01T20:00:00Z,VZ,MarketOnClose,Filled,sell,-18,36.368661518,-654.635907324,1.0,
476,2018-11-01T14:00:00Z,2018-11-01T20:00:00Z,MCD,MarketOnClose,Filled,sell,-4,144.875261296,-579.501045184,1.0,
477,2018-11-01T14:00:00Z,2018-11-01T20:00:00Z,F,MarketOnClose,Filled,sell,-76,6.422834732,-488.135439632,1.0,
478,2018-11-01T14:00:00Z,2018-11-01T20:00:00Z,TGT,MarketOnClose,Filled,sell,-6,67.184958621,-403.109751726,1.0,
479,2018-11-01T14:00:00Z,2018-11-01T20:00:00Z,WM,MarketOnClose,Filled,sell,-5,77.054833565,-385.274167825,1.0,
480,2018-11-01T14:00:00Z,2018-11-01T20:00:00Z,TMUS,MarketOnClose,Filled,sell,-6,65.102235072,-390.613410432,1.0,
481,2018-11-01T14:00:00Z,2018-11-01T20:00:00Z,EXC,MarketOnClose,Filled,sell,-14,23.3013681619347,-326.2191542670858,1.0,
482,2018-11-01T14:00:00Z,2018-11-01T20:00:00Z,ORCL,MarketOnClose,Filled,sell,-7,43.132750202,-301.929251414,1.0,
483,2018-11-01T14:00:00Z,2018-11-01T20:00:00Z,OXY,MarketOnClose,Filled,buy,62,56.927505205,3529.50532271,1.0,
484,2018-11-01T14:00:00Z,2018-11-01T20:00:00Z,UPS,MarketOnClose,Filled,buy,45,77.43063552,3484.3785984,1.0,
485,2018-11-01T14:00:00Z,2018-11-01T20:00:00Z,VLO,MarketOnClose,Filled,buy,9,67.779033421,610.011300789,1.0,
486,2018-11-01T14:00:00Z,2018-11-01T20:00:00Z,LUV,MarketOnClose,Filled,buy,11,45.833137355,504.164510905,1.0,
487,2018-11-01T14:00:00Z,2018-11-01T20:00:00Z,CAT,MarketOnClose,Filled,buy,4,106.38674505,425.5469802,1.0,
488,2018-11-01T14:00:00Z,2018-11-01T20:00:00Z,ETN,MarketOnClose,Filled,buy,6,62.891411375,377.34846825,1.0,
489,2018-11-01T14:00:00Z,2018-11-01T20:00:00Z,MU,MarketOnClose,Filled,buy,9,39.122508476,352.102576284,1.0,
490,2018-11-01T14:00:00Z,2018-11-01T20:00:00Z,CTSH,MarketOnClose,Filled,buy,5,60.750120706,303.75060353,1.0,
491,2018-11-01T14:00:00Z,2018-11-01T20:00:00Z,BIIB,MarketOnClose,Filled,buy,1,315.33,315.33,1.0,
492,2018-11-01T14:00:00Z,2018-11-01T20:00:00Z,AMAT,MarketOnClose,Filled,buy,9,32.501825755,292.516431795,1.0,
493,2018-12-01T05:00:00Z,,SCCO,MarketOnOpen,Canceled,sell,-130,0.0,0.0,0.0,no valuation
494,2018-12-03T15:00:00Z,2018-12-03T21:00:00Z,SCCO,MarketOnClose,Filled,sell,-130,22.7672452118668,-2959.741877542684,1.0,no valuation
495,2018-12-03T15:00:00Z,2018-12-03T21:00:00Z,PEP,MarketOnClose,Filled,sell,-42,92.658221172,-3891.645289224,1.0,reached implied value
496,2018-12-03T15:00:00Z,2018-12-03T21:00:00Z,CVS,MarketOnClose,Filled,sell,-7,61.932712688,-433.528988816,1.0,
497,2018-12-03T15:00:00Z,2018-12-03T21:00:00Z,DE,MarketOnClose,Filled,sell,-3,145.122912147,-435.368736441,1.0,
498,2018-12-03T15:00:00Z,2018-12-03T21:00:00Z,PFE,MarketOnClose,Filled,sell,-12,30.1241866088205,-361.490239305846,1.0,
499,2018-12-03T15:00:00Z,2018-12-03T21:00:00Z,AMAT,MarketOnClose,Filled,sell,-10,35.44912566,-354.4912566,1.0,
500,2018-12-03T15:00:00Z,2018-12-03T21:00:00Z,DAL,MarketOnClose,Filled,sell,-6,56.111637276,-336.669823656,1.0,
501,2018-12-03T15:00:00Z,2018-12-03T21:00:00Z,AAPL,MarketOnClose,Filled,buy,86,43.7586624135,3763.244967561,1.0,
502,2018-12-03T15:00:00Z,2018-12-03T21:00:00Z,PEG,MarketOnClose,Filled,buy,85,42.541736064,3616.04756544,1.0,
503,2018-12-03T15:00:00Z,2018-12-03T21:00:00Z,TGT,MarketOnClose,Filled,buy,12,58.2072959,698.4875508,1.0,
504,2018-12-03T15:00:00Z,2018-12-03T21:00:00Z,PSX,MarketOnClose,Filled,buy,9,68.66672432,618.00051888,1.0,
505,2018-12-03T15:00:00Z,2018-12-03T21:00:00Z,VLO,MarketOnClose,Filled,buy,10,60.13893519,601.3893519,1.0,
506,2018-12-03T15:00:00Z,2018-12-03T21:00:00Z,MPC,MarketOnClose,Filled,buy,10,51.0396943,510.396943,1.0,
507,2018-12-03T15:00:00Z,2018-12-03T21:00:00Z,RTX,MarketOnClose,Filled,buy,5,55.1569143504056,275.784571752028,1.0,
508,2019-01-02T15:00:00Z,2019-01-02T21:00:00Z,DE,MarketOnClose,Filled,sell,-26,133.18917352,-3462.91851152,1.0,no valuation
509,2019-01-02T15:00:00Z,2019-01-02T21:00:00Z,PEG,MarketOnClose,Filled,sell,-85,39.151883745,-3327.910118325,1.0,reached implied value
510,2019-01-02T15:00:00Z,2019-01-02T21:00:00Z,MCD,MarketOnClose,Filled,sell,-24,146.752277736,-3522.054665664,1.0,reached implied value
511,2019-01-02T15:00:00Z,2019-01-02T21:00:00Z,PFE,MarketOnClose,Filled,sell,-121,28.3232841485106,-3427.1173819697824,1.0,reached implied value
512,2019-01-02T15:00:00Z,2019-01-02T21:00:00Z,FIS,MarketOnClose,Filled,sell,-41,86.118056199,-3530.840304159,1.0,reached implied value
513,2019-01-02T15:00:00Z,2019-01-02T21:00:00Z,UPS,MarketOnClose,Filled,sell,-45,70.587447256,-3176.43512652,1.0,reached implied value
514,2019-01-02T15:00:00Z,2019-01-02T21:00:00Z,AVGO,MarketOnClose,Filled,sell,-32,20.8882555918,-668.4241789376,1.0,
515,2019-01-02T15:00:00Z,2019-01-02T21:00:00Z,INTC,MarketOnClose,Filled,sell,-9,40.52072024,-364.68648216,1.0,
516,2019-01-02T15:00:00Z,2019-01-02T21:00:00Z,EXC,MarketOnClose,Filled,sell,-13,23.6982319891981,-308.0770158595753,1.0,
517,2019-01-02T15:00:00Z,2019-01-02T21:00:00Z,EBAY,MarketOnClose,Filled,buy,134,25.441779285,3409.19842419,1.0,
518,2019-01-02T15:00:00Z,2019-01-02T21:00:00Z,CCL,MarketOnClose,Filled,buy,72,46.56914219,3352.97823768,1.0,
519,2019-01-02T15:00:00Z,2019-01-02T21:00:00Z,SBUX,MarketOnClose,Filled,buy,61,54.285282432,3311.402228352,1.0,
520,2019-01-02T15:00:00Z,2019-01-02T21:00:00Z,EMR,MarketOnClose,Filled,buy,66,50.14037165,3309.2645289,1.0,
521,2019-01-02T15:00:00Z,2019-01-02T21:00:00Z,ADI,MarketOnClose,Filled,buy,44,74.918261904,3296.403523776,1.0,
522,2019-01-02T15:00:00Z,2019-01-02T21:00:00Z,HCA,MarketOnClose,Filled,buy,28,113.740009728,3184.720272384,1.0,
523,2019-01-02T15:00:00Z,2019-01-02T21:00:00Z,F,MarketOnClose,Filled,buy,97,5.468743028,530.468073716,1.0,
524,2019-01-02T15:00:00Z,2019-01-02T21:00:00Z,MU,MarketOnClose,Filled,buy,12,31.935746575,383.2289589,1.0,
525,2019-01-02T15:00:00Z,2019-01-02T21:00:00Z,CVS,MarketOnClose,Filled,buy,7,51.075796002,357.530572014,1.0,
526,2019-01-02T15:00:00Z,2019-01-02T21:00:00Z,DAL,MarketOnClose,Filled,buy,7,46.750364457,327.252551199,1.0,
527,2019-01-02T15:00:00Z,2019-01-02T21:00:00Z,GILD,MarketOnClose,Filled,buy,5,47.595441296,237.97720648,1.0,
528,2019-02-01T15:00:00Z,2019-02-01T21:00:00Z,LUV,MarketOnClose,Filled,sell,-8,51.54417138,-412.35337104,1.0,
529,2019-02-01T15:00:00Z,2019-02-01T21:00:00Z,VLO,MarketOnClose,Filled,sell,-6,63.068211738,-378.409270428,1.0,
530,2019-02-01T15:00:00Z,2019-02-01T21:00:00Z,MU,MarketOnClose,Filled,sell,-10,38.61543708,-386.1543708,1.0,
531,2019-02-01T15:00:00Z,2019-02-01T21:00:00Z,EBAY,MarketOnClose,Filled,sell,-12,30.256757271,-363.081087252,1.0,
532,2019-02-01T15:00:00Z,2019-02-01T21:00:00Z,DAL,MarketOnClose,Filled,buy,8,46.591698816,372.733590528,1.0,
533,2019-02-01T15:00:00Z,2019-02-01T21:00:00Z,INTC,MarketOnClose,Filled,buy,7,41.94083894,293.58587258,1.0,
534,2019-02-01T15:00:00Z,2019-02-01T21:00:00Z,CVS,MarketOnClose,Filled,buy,5,51.182281992,255.91140996,1.0,
535,2019-03-01T15:00:00Z,2019-03-01T21:00:00Z,CVS,MarketOnClose,Filled,sell,-70,45.618308068,-3193.28156476,1.0,no valuation
536,2019-03-01T15:00:00Z,2019-03-01T21:00:00Z,ETN,MarketOnClose,Filled,sell,-58,68.417327927,-3968.205019766,1.0,reached implied value
537,2019-03-01T15:00:00Z,2019-03-01T21:00:00Z,EXC,MarketOnClose,Filled,sell,-137,26.3052121196597,-3603.814060393379,1.0,reached implied value
538,2019-03-01T15:00:00Z,2019-03-01T21:00:00Z,F,MarketOnClose,Filled,sell,-629,6.19005728,-3893.54602912,3.145,no valuation
539,2019-03-01T15:00:00Z,2019-03-01T21:00:00Z,TMUS,MarketOnClose,Filled,sell,-54,68.372469296,-3692.113341984,1.0,no valuation
540,2019-03-01T15:00:00Z,2019-03-01T21:00:00Z,ADI,MarketOnClose,Filled,sell,-5,95.039136616,-475.19568308,1.0,
541,2019-03-01T15:00:00Z,2019-03-01T21:00:00Z,INTC,MarketOnClose,Filled,sell,-8,46.16491555,-369.3193244,1.0,
542,2019-03-01T15:00:00Z,2019-03-01T21:00:00Z,COP,MarketOnClose,Filled,buy,72,52.489733169,3779.260788168,1.0,
543,2019-03-01T15:00:00Z,2019-03-01T21:00:00Z,ET,MarketOnClose,Filled,buy,440,8.555952832,3764.61924608,2.2,
544,2019-03-01T15:00:00Z,2019-03-01T21:00:00Z,SO,MarketOnClose,Filled,buy,101,36.957915918,3732.749507718,1.0,
545,2019-03-01T15:00:00Z,2019-03-01T21:00:00Z,NEE,MarketOnClose,Filled,buy,95,38.890992699,3694.644306405,1.0,
546,2019-03-01T15:00:00Z,2019-03-01T21:00:00Z,EOG,MarketOnClose,Filled,buy,53,71.038563114,3765.043845042,1.0,
547,2019-03-01T15:00:00Z,2019-03-01T21:00:00Z,VLO,MarketOnClose,Filled,buy,5,61.984536903,309.922684515,1.0,
548,2019-03-01T15:00:00Z,2019-03-01T21:00:00Z,GILD,MarketOnClose,Filled,buy,6,49.523566834,297.141401004,1.0,
549,2019-03-01T15:00:00Z,2019-03-01T21:00:00Z,UNH,MarketOnClose,Filled,buy,1,215.217812712,215.217812712,1.0,
550,2019-04-01T14:00:00Z,2019-04-01T20:00:00Z,NSC,MarketOnClose,Filled,sell,-3,166.53284778,-499.59854334,1.0,
551,2019-04-01T14:00:00Z,2019-04-01T20:00:00Z,TGT,MarketOnClose,Filled,sell,-7,64.917046975,-454.419328825,1.0,
552,2019-04-01T14:00:00Z,2019-04-01T20:00:00Z,JCI,MarketOnClose,Filled,sell,-10,31.52242522,-315.2242522,1.0,
553,2019-04-01T14:00:00Z,2019-04-01T20:00:00Z,BIIB,MarketOnClose,Filled,buy,4,232.49,929.96,1.0,
554,2019-04-01T14:00:00Z,2019-04-01T20:00:00Z,LUV,MarketOnClose,Filled,buy,8,47.426631837,379.413054696,1.0,
555,2019-04-01T14:00:00Z,2019-04-01T20:00:00Z,MPC,MarketOnClose,Filled,buy,7,48.585366555,340.097565885,1.0,
556,2019-04-01T14:00:00Z,2019-04-01T20:00:00Z,CCL,MarketOnClose,Filled,buy,6,49.172916976,295.037501856,1.0,
557,2019-04-01T14:00:00Z,2019-04-01T20:00:00Z,HCA,MarketOnClose,Filled,buy,2,123.643140152,247.286280304,1.0,
558,2019-04-02T04:00:00Z,2019-04-02T20:00:00Z,CCL,MarketOnOpen,Filled,sell,-78,49.04101032,-3825.19880496,1.0,left universe
559,2019-04-02T04:00:00Z,2019-04-02T20:00:00Z,LUV,MarketOnOpen,Filled,sell,-79,48.132466083,-3802.464820557,1.0,left universe
560,2019-05-01T14:00:00Z,2019-05-01T20:00:00Z,LVS,MarketOnClose,Filled,sell,-10,60.126284119,-601.26284119,1.0,
561,2019-05-01T14:00:00Z,2019-05-01T20:00:00Z,DAL,MarketOnClose,Filled,sell,-10,54.065268168,-540.65268168,1.0,
562,2019-05-01T14:00:00Z,2019-05-01T20:00:00Z,AMAT,MarketOnClose,Filled,sell,-13,40.314265992,-524.085457896,1.0,
563,2019-05-01T14:00:00Z,2019-05-01T20:00:00Z,RTX,MarketOnClose,Filled,sell,-8,63.5559994585967,-508.4479956687736,1.0,
564,2019-05-01T14:00:00Z,2019-05-01T20:00:00Z,WM,MarketOnClose,Filled,sell,-4,93.71280051,-374.85120204,1.0,
565,2019-05-01T14:00:00Z,2019-05-01T20:00:00Z,EBAY,MarketOnClose,Filled,sell,-11,33.45911226,-368.05023486,1.0,
566,2019-05-01T14:00:00Z,2019-05-01T20:00:00Z,AVGO,MarketOnClose,Filled,sell,-14,26.510861769,-371.152064766,1.0,
567,2019-05-01T14:00:00Z,2019-05-01T20:00:00Z,DELL,MarketOnClose,Filled,buy,123,31.5757075351736,3883.812026826353,1.0,
568,2019-05-01T14:00:00Z,2019-05-01T20:00:00Z,DD,MarketOnClose,Filled,buy,73,50.4099699414293,3679.927805724339,1.0,
569,2019-05-01T14:00:00Z,2019-05-01T20:00:00Z,OXY,MarketOnClose,Filled,buy,14,49.01515032,686.21210448,1.0,
570,2019-05-01T14:00:00Z,2019-05-01T20:00:00Z,AMGN,MarketOnClose,Filled,buy,3,140.339685912,421.019057736,1.0,
571,2019-05-01T14:00:00Z,2019-05-01T20:00:00Z,COP,MarketOnClose,Filled,buy,7,47.722785111,334.059495777,1.0,
572,2019-05-01T14:00:00Z,2019-05-01T20:00:00Z,BIIB,MarketOnClose,Filled,buy,1,229.5,229.5,1.0,
573,2019-05-01T14:00:00Z,2019-05-01T20:00:00Z,UNH,MarketOnClose,Filled,buy,1,203.60111739,203.60111739,1.0,
574,2019-06-03T14:00:00Z,2019-06-03T20:00:00Z,ORCL,MarketOnClose,Filled,sell,-81,44.97452144,-3642.93623664,1.0,reached implied value
575,2019-06-03T14:00:00Z,2019-06-03T20:00:00Z,SO,MarketOnClose,Filled,sell,-15,40.513472696,-607.70209044,1.0,
576,2019-06-03T14:00:00Z,2019-06-03T20:00:00Z,SBUX,MarketOnClose,Filled,sell,-8,64.964447782,-519.715582256,1.0,
577,2019-06-03T14:00:00Z,2019-06-03T20:00:00Z,NSC,MarketOnClose,Filled,sell,-3,169.670980728,-509.012942184,1.0,
578,2019-06-03T14:00:00Z,2019-06-03T20:00:00Z,JCI,MarketOnClose,Filled,sell,-14,33.2983365,-466.176711,1.0,
579,2019-06-03T14:00:00Z,2019-06-03T20:00:00Z,NEE,MarketOnClose,Filled,sell,-11,41.6450363825,-458.0954002075,1.0,
580,2019-06-03T14:00:00Z,2019-06-03T20:00:00Z,UNH,MarketOnClose,Filled,sell,-2,207.647684112,-415.295368224,1.0,
581,2019-06-03T14:00:00Z,2019-06-03T20:00:00Z,WM,MarketOnClose,Filled,sell,-4,98.413904694,-393.655618776,1.0,
582,2019-06-03T14:00:00Z,2019-06-03T20:00:00Z,DOW,MarketOnClose,Filled,buy,110,32.25458676,3548.0045436,1.0,
583,2019-06-03T14:00:00Z,2019-06-03T20:00:00Z,MPC,MarketOnClose,Filled,buy,16,37.898901402,606.382422432,1.0,
584,2019-06-03T14:00:00Z,2019-06-03T20:00:00Z,AVGO,MarketOnClose,Filled,buy,22,21.0474129278,463.0430844116,1.0,
585,2019-06-03T14:00:00Z,2019-06-03T20:00:00Z,DD,MarketOnClose,Filled,buy,11,33.7693912088346,371.4633032971806,1.0,
586,2019-06-03T14:00:00Z,2019-06-03T20:00:00Z,MU,MarketOnClose,Filled,buy,12,31.877238337,382.526860044,1.0,
587,2019-06-03T14:00:00Z,2019-06-03T20:00:00Z,INTC,MarketOnClose,Filled,buy,9,37.872691134,340.854220206,1.0,
588,2019-06-03T14:00:00Z,2019-06-03T20:00:00Z,LVS,MarketOnClose,Filled,buy,7,46.899741878,328.298193146,1.0,
589,2019-06-03T14:00:00Z,2019-06-03T20:00:00Z,CTSH,MarketOnClose,Filled,buy,6,53.951437854,323.708627124,1.0,
590,2019-06-03T14:00:00Z,2019-06-03T20:00:00Z,PSX,MarketOnClose,Filled,buy,4,62.4457782,249.7831128,1.0,
591,2019-07-01T14:00:00Z,2019-07-01T20:00:00Z,MPC,MarketOnClose,Filled,sell,-11,44.323943248,-487.563375728,1.0,
592,2019-07-01T14:00:00Z,2019-07-01T20:00:00Z,MU,MarketOnClose,Filled,sell,-10,39.112757103,-391.12757103,1.0,
593,2019-07-01T14:00:00Z,2019-07-01T20:00:00Z,CVX,MarketOnClose,Filled,sell,-4,91.089243836,-364.356975344,1.0,
594,2019-07-01T14:00:00Z,2019-07-01T20:00:00Z,AAPL,MarketOnClose,Filled,sell,-7,48.10893190125,-336.76252330875,1.0,
595,2019-07-01T14:00:00Z,2019-07-01T20:00:00Z,DD,MarketOnClose,Filled,buy,26,34.2757060435588,891.1683571325289,1.0,
596,2019-07-01T14:00:00Z,2019-07-01T20:00:00Z,DELL,MarketOnClose,Filled,buy,37,23.7393333408217,878.3553336104029,1.0,
597,2019-07-01T14:00:00Z,2019-07-01T20:00:00Z,OXY,MarketOnClose,Filled,buy,10,43.135176436,431.35176436,1.0,
598,2019-07-01T14:00:00Z,2019-07-01T20:00:00Z,UNH,MarketOnClose,Filled,buy,1,213.927777936,213.927777936,1.0,
599,2019-07-01T14:00:00Z,2019-07-01T20:00:00Z,NSC,MarketOnClose,Filled,buy,1,173.628875664,173.628875664,1.0,
600,2019-08-01T14:00:00Z,2019-08-01T20:00:00Z,PSX,MarketOnClose,Filled,sell,-7,77.50265562,-542.51858934,1.0,
601,2019-08-01T14:00:00Z,2019-08-01T20:00:00Z,MU,MarketOnClose,Filled,sell,-12,42.51598628,-510.19183536,1.0,
602,2019-08-01T14:00:00Z,2019-08-01T20:00:00Z,SBUX,MarketOnClose,Filled,sell,-6,81.295054178,-487.770325068,1.0,
603,2019-08-01T14:00:00Z,2019-08-01T20:00:00Z,AMAT,MarketOnClose,Filled,sell,-10,45.274930305,-452.74930305,1.0,
604,2019-08-01T14:00:00Z,2019-08-01T20:00:00Z,DELL,MarketOnClose,Filled,sell,-16,26.5801340916531,-425.2821454664496,1.0,
605,2019-08-01T14:00:00Z,2019-08-01T20:00:00Z,EOG,MarketOnClose,Filled,buy,7,59.967015328,419.769107296,1.0,
606,2019-08-01T14:00:00Z,2019-08-01T20:00:00Z,VZ,MarketOnClose,Filled,buy,9,36.974598375,332.771385375,1.0,
607,2019-08-01T14:00:00Z,2019-08-01T20:00:00Z,NSC,MarketOnClose,Filled,buy,2,160.718187816,321.436375632,1.0,
608,2019-09-03T14:00:00Z,2019-09-03T20:00:00Z,HD,MarketOnClose,Filled,sell,-23,187.336098642,-4308.730268766,1.0,reached implied value
609,2019-09-03T14:00:00Z,2019-09-03T20:00:00Z,TGT,MarketOnClose,Filled,sell,-57,88.075510146,-5020.304078322,1.0,reached implied value
610,2019-09-03T14:00:00Z,2019-09-03T20:00:00Z,AMGN,MarketOnClose,Filled,sell,-4,166.328075872,-665.312303488,1.0,
611,2019-09-03T14:00:00Z,2019-09-03T20:00:00Z,T,MarketOnClose,Filled,sell,-31,17.5431220175792,-543.8367825449552,1.0,
612,2019-09-03T14:00:00Z,2019-09-03T20:00:00Z,VZ,MarketOnClose,Filled,sell,-9,38.84173194,-349.57558746,1.0,
613,2019-09-03T14:00:00Z,2019-09-03T20:00:00Z,SLB,MarketOnClose,Filled,buy,138,26.72094386,3687.49025268,1.0,
614,2019-09-03T14:00:00Z,2019-09-03T20:00:00Z,CSX,MarketOnClose,Filled,buy,182,20.1539564546042,3668.0200747379645,1.0,
615,2019-09-03T14:00:00Z,2019-09-03T20:00:00Z,COP,MarketOnClose,Filled,buy,13,40.020196062,520.262548806,1.0,
616,2019-09-03T14:00:00Z,2019-09-03T20:00:00Z,DOW,MarketOnClose,Filled,buy,17,28.58234258,485.89982386,1.0,
617,2019-09-03T14:00:00Z,2019-09-03T20:00:00Z,OXY,MarketOnClose,Filled,buy,12,36.982911416,443.794936992,1.0,
618,2019-09-03T14:00:00Z,2019-09-03T20:00:00Z,EOG,MarketOnClose,Filled,buy,7,54.908039109,384.356273763,1.0,
619,2019-09-03T14:00:00Z,2019-09-03T20:00:00Z,MPC,MarketOnClose,Filled,buy,9,40.364746144,363.282715296,1.0,
620,2019-09-03T14:00:00Z,2019-09-03T20:00:00Z,XOM,MarketOnClose,Filled,buy,7,50.26380416,351.84662912,1.0,
621,2019-09-03T14:00:00Z,2019-09-03T20:00:00Z,DD,MarketOnClose,Filled,buy,10,30.6175839047685,306.175839047685,1.0,
622,2019-09-03T14:00:00Z,2019-09-03T20:00:00Z,DELL,MarketOnClose,Filled,buy,13,23.5137267982111,305.6784483767443,1.0,
623,2019-09-03T14:00:00Z,2019-09-03T20:00:00Z,EMR,MarketOnClose,Filled,buy,6,50.16298368,300.97790208,1.0,
624,2019-09-03T14:00:00Z,2019-09-03T20:00:00Z,ET,MarketOnClose,Filled,buy,38,7.76775424,295.17466112,1.0,
625,2019-09-03T14:00:00Z,2019-09-03T20:00:00Z,HCA,MarketOnClose,Filled,buy,2,113.125111056,226.250222112,1.0,
626,2019-09-03T14:00:00Z,2019-09-03T20:00:00Z,CAT,MarketOnClose,Filled,buy,2,101.872449945,203.74489989,1.0,
627,2019-10-01T14:00:00Z,2019-10-01T20:00:00Z,AAPL,MarketOnClose,Filled,sell,-79,53.812145803,-4251.159518437,1.0,reached implied value
628,2019-10-01T14:00:00Z,2019-10-01T20:00:00Z,SBUX,MarketOnClose,Filled,sell,-47,74.014383137,-3478.676007439,1.0,reached implied value
629,2019-10-01T14:00:00Z,2019-10-01T20:00:00Z,MPC,MarketOnClose,Filled,sell,-15,49.097972848,-736.46959272,1.0,
630,2019-10-01T14:00:00Z,2019-10-01T20:00:00Z,EPD,MarketOnClose,Filled,buy,227,16.865165104,3828.392478608,1.135,
631,2019-10-01T14:00:00Z,2019-10-01T20:00:00Z,GM,MarketOnClose,Filled,buy,109,33.830946238,3687.573139942,1.0,
632,2019-10-01T14:00:00Z,2019-10-01T20:00:00Z,CTSH,MarketOnClose,Filled,buy,8,54.198759818,433.590078544,1.0,
633,2019-10-01T14:00:00Z,2019-10-01T20:00:00Z,UNH,MarketOnClose,Filled,buy,2,192.410069971,384.820139942,1.0,
634,2019-10-01T14:00:00Z,2019-10-01T20:00:00Z,AMGN,MarketOnClose,Filled,buy,2,156.349362484,312.698724968,1.0,
635,2019-11-01T04:00:00Z,,EBAY,MarketOnOpen,Canceled,sell,-111,0.0,0.0,0.0,no valuation
636,2019-11-01T14:00:00Z,2019-11-01T20:00:00Z,AVGO,MarketOnClose,Filled,sell,-166,25.1216297486,-4170.1905382676,1.0,reached implied value
637,2019-11-01T14:00:00Z,2019-11-01T20:00:00Z,ADI,MarketOnClose,Filled,sell,-39,96.868921504,-3777.887938656,1.0,reached implied value
638,2019-11-01T14:00:00Z,2019-11-01T20:00:00Z,EBAY,MarketOnClose,Filled,sell,-111,31.431998475,-3488.951830725,1.0,no valuation
639,2019-11-01T14:00:00Z,2019-11-01T20:00:00Z,AMAT,MarketOnClose,Filled,sell,-83,52.038012626,-4319.155047958,1.0,reached implied value
640,2019-11-01T14:00:00Z,2019-11-01T20:00:00Z,BIIB,MarketOnClose,Filled,sell,-3,299.2,-897.6,1.0,
641,2019-11-01T14:00:00Z,2019-11-01T20:00:00Z,VLO,MarketOnClose,Filled,sell,-8,76.346584932,-610.772679456,1.0,
642,2019-11-01T14:00:00Z,2019-11-01T20:00:00Z,INTC,MarketOnClose,Filled,sell,-11,49.577443616,-545.351879776,1.0,
643,2019-11-01T14:00:00Z,2019-11-01T20:00:00Z,DOW,MarketOnClose,Filled,sell,-13,35.768955511,-464.996421643,1.0,
644,2019-11-01T14:00:00Z,2019-11-01T20:00:00Z,PSX,MarketOnClose,Filled,sell,-5,90.77285184,-453.8642592,1.0,
645,2019-11-01T14:00:00Z,2019-11-01T20:00:00Z,EMR,MarketOnClose,Filled,sell,-7,61.664393808,-431.650756656,1.0,
646,2019-11-01T14:00:00Z,2019-11-01T20:00:00Z,NFLX,MarketOnClose,Filled,buy,137,28.681,3929.297,1.0,
647,2019-11-01T14:00:00Z,2019-11-01T20:00:00Z,GD,MarketOnClose,Filled,buy,25,154.99358037,3874.83950925,1.0,
648,2019-11-01T14:00:00Z,2019-11-01T20:00:00Z,NOC,MarketOnClose,Filled,buy,12,313.891217336,3766.694608032,1.0,
649,2019-11-01T14:00:00Z,2019-11-01T20:00:00Z,BA,MarketOnClose,Filled,buy,11,341.156627445,3752.722901895,1.0,
650,2019-11-01T14:00:00Z,2019-11-01T20:00:00Z,ET,MarketOnClose,Filled,buy,71,7.373654944,523.529501024,1.0,
651,2019-11-01T14:00:00Z,2019-11-01T20:00:00Z,EOG,MarketOnClose,Filled,buy,9,52.920466395,476.284197555,1.0,
652,2019-11-01T14:00:00Z,2019-11-01T20:00:00Z,OXY,MarketOnClose,Filled,buy,12,37.293047432,447.516569184,1.0,
653,2019-11-01T14:00:00Z,2019-11-01T20:00:00Z,CVX,MarketOnClose,Filled,buy,5,85.649295834,428.24647917,1.0,
654,2019-11-01T14:00:00Z,2019-11-01T20:00:00Z,EPD,MarketOnClose,Filled,buy,25,15.783019875,394.575496875,1.0,
655,2019-11-01T14:00:00Z,2019-11-01T20:00:00Z,DD,MarketOnClose,Filled,buy,12,31.6116907802532,379.3402893630384,1.0,
656,2019-11-01T14:00:00Z,2019-11-01T20:00:00Z,WM,MarketOnClose,Filled,buy,3,99.156506281,297.469518843,1.0,
657,2019-12-02T15:00:00Z,2019-12-02T21:00:00Z,GILD,MarketOnClose,Filled,sell,-76,51.03528402,-3878.68158552,1.0,reached implied value
658,2019-12-02T15:00:00Z,2019-12-02T21:00:00Z,JCI,MarketOnClose,Filled,sell,-105,36.542660166,-3836.97931743,1.0,reached implied value
659,2019-12-02T15:00:00Z,2019-12-02T21:00:00Z,UNH,MarketOnClose,Filled,sell,-3,247.729847466,-743.189542398,1.0,
660,2019-12-02T15:00:00Z,2019-12-02T21:00:00Z,AMGN,MarketOnClose,Filled,sell,-3,190.211766576,-570.635299728,1.0,
661,2019-12-02T15:00:00Z,2019-12-02T21:00:00Z,CAT,MarketOnClose,Filled,sell,-4,125.422181856,-501.688727424,1.0,
662,2019-12-02T15:00:00Z,2019-12-02T21:00:00Z,NXPI,MarketOnClose,Filled,buy,39,102.139762468,3983.450736252,1.0,
663,2019-12-02T15:00:00Z,2019-12-02T21:00:00Z,QCOM,MarketOnClose,Filled,buy,56,70.525297725,3949.4166726,1.0,
664,2019-12-02T15:00:00Z,2019-12-02T21:00:00Z,DELL,MarketOnClose,Filled,buy,23,21.9713147211794,505.3402385871262,1.0,
665,2019-12-02T15:00:00Z,2019-12-02T21:00:00Z,GM,MarketOnClose,Filled,buy,10,33.615462504,336.15462504,1.0,
666,2019-12-02T15:00:00Z,2019-12-02T21:00:00Z,ET,MarketOnClose,Filled,buy,49,6.642572192,325.486037408,1.0,
667,2019-12-03T05:00:00Z,2019-12-03T21:00:00Z,ET,MarketOnOpen,Filled,sell,-598,6.5683216,-3927.8563168,2.99,left universe
668,2020-01-02T15:00:00Z,2020-01-02T21:00:00Z,AMGN,MarketOnClose,Filled,sell,-21,195.60495612,-4107.70407852,1.0,reached implied value
669,2020-01-02T15:00:00Z,2020-01-02T21:00:00Z,BA,MarketOnClose,Filled,sell,-11,331.34857886,-3644.83436746,1.0,reached implied value
670,2020-01-02T15:00:00Z,2020-01-02T21:00:00Z,CAT,MarketOnClose,Filled,sell,-31,132.063521508,-4093.969166748,1.0,reached implied value
671,2020-01-02T15:00:00Z,2020-01-02T21:00:00Z,CTSH,MarketOnClose,Filled,sell,-71,55.536301872,-3943.077432912,1.0,reached implied value
672,2020-01-02T15:00:00Z,2020-01-02T21:00:00Z,NEE,MarketOnClose,Filled,sell,-84,50.338499685,-4228.43397354,1.0,reached implied value
673,2020-01-02T15:00:00Z,2020-01-02T21:00:00Z,NOC,MarketOnClose,Filled,sell,-12,318.26406894,-3819.16882728,1.0,reached implied value
674,2020-01-02T15:00:00Z,2020-01-02T21:00:00Z,WM,MarketOnClose,Filled,sell,-39,102.286442886,-3989.171272554,1.0,reached implied value
675,2020-01-02T15:00:00Z,2020-01-02T21:00:00Z,EOG,MarketOnClose,Filled,sell,-10,62.582263422,-625.82263422,1.0,
676,2020-01-02T15:00:00Z,2020-01-02T21:00:00Z,SLB,MarketOnClose,Filled,sell,-17,34.311052854,-583.287898518,1.0,
677,2020-01-02T15:00:00Z,2020-01-02T21:00:00Z,COP,MarketOnClose,Filled,sell,-10,50.73104178,-507.3104178,1.0,
678,2020-01-02T15:00:00Z,2020-01-02T21:00:00Z,MU,MarketOnClose,Filled,sell,-8,54.012855047,-432.102840376,1.0,
679,2020-01-02T15:00:00Z,2020-01-02T21:00:00Z,LVS,MarketOnClose,Filled,sell,-6,65.1380532,-390.8283192,1.0,
680,2020-01-02T15:00:00Z,2020-01-02T21:00:00Z,PFE,MarketOnClose,Filled,buy,156,26.5834200067665,4147.013521055574,1.0,
681,2020-01-02T15:00:00Z,2020-01-02T21:00:00Z,EXC,MarketOnClose,Filled,buy,164,25.2000126296079,4132.802071255695,1.0,
682,2020-01-02T15:00:00Z,2020-01-02T21:00:00Z,CSCO,MarketOnClose,Filled,buy,105,40.104189414,4210.93988847,1.0,
683,2020-01-02T15:00:00Z,2020-01-02T21:00:00Z,BKNG,MarketOnClose,Filled,buy,51,81.06136717624,4134.12972598824,1.0,
684,2020-01-02T15:00:00Z,2020-01-02T21:00:00Z,IBM,MarketOnClose,Filled,buy,42,98.0170561647186,4116.716358918181,1.0,
685,2020-01-02T15:00:00Z,2020-01-02T21:00:00Z,LMT,MarketOnClose,Filled,buy,12,333.316717767,3999.800613204,1.0,
686,2020-01-02T15:00:00Z,2020-01-02T21:00:00Z,MPC,MarketOnClose,Filled,buy,7,50.758919384,355.312435688,1.0,
687,2020-01-02T15:00:00Z,2020-01-02T21:00:00Z,PSX,MarketOnClose,Filled,buy,4,86.67263748,346.69054992,1.0,
688,2020-01-02T15:00:00Z,2020-01-02T21:00:00Z,XOM,MarketOnClose,Filled,buy,6,52.60628983,315.63773898,1.0,
689,2020-01-02T15:00:00Z,2020-01-02T21:00:00Z,GD,MarketOnClose,Filled,buy,2,153.87250067,307.74500134,1.0,
690,2020-01-02T15:00:00Z,2020-01-02T21:00:00Z,VLO,MarketOnClose,Filled,buy,4,73.383862293,293.535449172,1.0,
691,2020-02-03T15:00:00Z,2020-02-03T21:00:00Z,NSC,MarketOnClose,Filled,sell,-23,180.701276448,-4156.129358304,1.0,reached implied value
692,2020-02-03T15:00:00Z,2020-02-03T21:00:00Z,SLB,MarketOnClose,Filled,sell,-121,28.579731852,-3458.147554092,1.0,no valuation
693,2020-02-03T15:00:00Z,2020-02-03T21:00:00Z,NFLX,MarketOnClose,Filled,sell,-22,35.8,-787.6,1.0,
694,2020-02-03T15:00:00Z,2020-02-03T21:00:00Z,SO,MarketOnClose,Filled,sell,-12,53.99778958,-647.97347496,1.0,
695,2020-02-03T15:00:00Z,2020-02-03T21:00:00Z,INTC,MarketOnClose,Filled,sell,-9,56.828109442,-511.452984978,1.0,
696,2020-02-03T15:00:00Z,2020-02-03T21:00:00Z,NXPI,MarketOnClose,Filled,sell,-4,112.21609815,-448.8643926,1.0,
697,2020-02-03T15:00:00Z,2020-02-03T21:00:00Z,IBM,MarketOnClose,Filled,sell,-4,105.855814976297,-423.423259905188,1.0,
698,2020-02-03T15:00:00Z,2020-02-03T21:00:00Z,EXC,MarketOnClose,Filled,sell,-13,26.7365311192406,-347.5749045501278,1.0,
699,2020-02-03T15:00:00Z,2020-02-03T21:00:00Z,ET,MarketOnClose,Filled,buy,555,7.31082752,4057.5092736,2.775,
700,2020-02-03T15:00:00Z,2020-02-03T21:00:00Z,WMT,MarketOnClose,Filled,buy,114,34.7832588796738,3965.291512282813,1.0,
701,2020-02-03T15:00:00Z,2020-02-03T21:00:00Z,TGT,MarketOnClose,Filled,buy,43,93.40489125,4016.41032375,1.0,
702,2020-02-03T15:00:00Z,2020-02-03T21:00:00Z,ABBV,MarketOnClose,Filled,buy,63,63.528003435,4002.264216405,1.0,
703,2020-02-03T15:00:00Z,2020-02-03T21:00:00Z,DD,MarketOnClose,Filled,buy,39,23.6224816795926,921.2767855041114,1.0,
704,2020-02-03T15:00:00Z,2020-02-03T21:00:00Z,PSX,MarketOnClose,Filled,buy,8,68.71239843,549.69918744,1.0,
705,2020-02-03T15:00:00Z,2020-02-03T21:00:00Z,EOG,MarketOnClose,Filled,buy,7,53.260626159,372.824383113,1.0,
706,2020-02-03T15:00:00Z,2020-02-03T21:00:00Z,DOW,MarketOnClose,Filled,buy,11,32.369473842,356.064212262,1.0,
707,2020-02-03T15:00:00Z,2020-02-03T21:00:00Z,CVX,MarketOnClose,Filled,buy,4,79.093785625,316.3751425,1.0,
708,2020-02-03T15:00:00Z,2020-02-03T21:00:00Z,BKNG,MarketOnClose,Filled,buy,4,71.85757410084,287.43029640336,1.0,
709,2020-02-03T15:00:00Z,2020-02-03T21:00:00Z,BIIB,MarketOnClose,Filled,buy,1,272.73,272.73,1.0,
710,2020-03-02T15:00:00Z,2020-03-02T21:00:00Z,CVX,MarketOnClose,Filled,sell,-50,72.7502328,-3637.51164,1.0,reached implied value
711,2020-03-02T15:00:00Z,2020-03-02T21:00:00Z,DD,MarketOnClose,Filled,sell,-171,20.6296161232306,-3527.6643570724327,1.0,no valuation
712,2020-03-02T15:00:00Z,2020-03-02T21:00:00Z,EXC,MarketOnClose,Filled,sell,-151,25.3928017469314,-3834.3130637866416,1.0,no valuation
713,2020-03-02T15:00:00Z,2020-03-02T21:00:00Z,GM,MarketOnClose,Filled,sell,-119,29.752763682,-3540.578878158,1.0,no valuation
714,2020-03-02T15:00:00Z,2020-03-02T21:00:00Z,DOW,MarketOnClose,Filled,sell,-125,29.159278226,-3644.90977825,1.0,no valuation
715,2020-03-02T15:00:00Z,2020-03-02T21:00:00Z,NXPI,MarketOnClose,Filled,sell,-35,107.19895836,-3751.9635426,1.0,reached implied value
716,2020-03-02T15:00:00Z,2020-03-02T21:00:00Z,OXY,MarketOnClose,Filled,sell,-110,29.675565066,-3264.31215726,1.0,no valuation
717,2020-03-02T15:00:00Z,2020-03-02T21:00:00Z,BIIB,MarketOnClose,Filled,sell,-3,327.89,-983.67,1.0,
718,2020-03-02T15:00:00Z,2020-03-02T21:00:00Z,NFLX,MarketOnClose,Filled,sell,-18,38.105,-685.89,1.0,
719,2020-03-02T15:00:00Z,2020-03-02T21:00:00Z,ABBV,MarketOnClose,Filled,sell,-9,68.468813035,-616.219317315,1.0,
720,2020-03-02T15:00:00Z,2020-03-02T21:00:00Z,MU,MarketOnClose,Filled,sell,-9,53.232745207,-479.094706863,1.0,
721,2020-03-02T15:00:00Z,2020-03-02T21:00:00Z,CSX,MarketOnClose,Filled,sell,-15,21.6370906446241,-324.5563596693615,1.0,
722,2020-03-02T15:00:00Z,2020-03-02T21:00:00Z,CNC,MarketOnClose,Filled,buy,68,55.44,3769.92,1.0,
723,2020-03-02T15:00:00Z,2020-03-02T21:00:00Z,CVS,MarketOnClose,Filled,buy,75,51.920639997,3894.047999775,1.0,
724,2020-03-02T15:00:00Z,2020-03-02T21:00:00Z,KMB,MarketOnClose,Filled,buy,35,109.859049,3845.066715,1.0,
725,2020-03-02T15:00:00Z,2020-03-02T21:00:00Z,NEM,MarketOnClose,Filled,buy,96,39.041585625,3747.99222,1.0,
726,2020-03-02T15:00:00Z,2020-03-02T21:00:00Z,MRK,MarketOnClose,Filled,buy,60,62.909338297721,3774.56029786326,1.0,
727,2020-03-02T15:00:00Z,2020-03-02T21:00:00Z,CI,MarketOnClose,Filled,buy,21,174.792000156,3670.632003276,1.0,
728,2020-03-02T15:00:00Z,2020-03-02T21:00:00Z,ROP,MarketOnClose,Filled,buy,10,346.882059678,3468.82059678,1.0,
729,2020-03-02T15:00:00Z,2020-03-02T21:00:00Z,VLO,MarketOnClose,Filled,buy,12,52.970682149,635.648185788,1.0,
730,2020-03-02T15:00:00Z,2020-03-02T21:00:00Z,DAL,MarketOnClose,Filled,buy,12,45.522765144,546.273181728,1.0,
731,2020-03-02T15:00:00Z,2020-03-02T21:00:00Z,XOM,MarketOnClose,Filled,buy,13,40.551655908,527.171526804,1.0,
732,2020-03-02T15:00:00Z,2020-03-02T21:00:00Z,COP,MarketOnClose,Filled,buy,13,38.422946709,499.498307217,1.0,
733,2020-03-02T15:00:00Z,2020-03-02T21:00:00Z,PSX,MarketOnClose,Filled,buy,5,58.59727066,292.9863533,1.0,
734,2020-03-02T15:00:00Z,2020-03-02T21:00:00Z,MPC,MarketOnClose,Filled,buy,7,39.526010091,276.682070637,1.0,
735,2020-03-03T05:00:00Z,2020-03-03T21:00:00Z,VLO,MarketOnOpen,Filled,sell,-69,53.407746861,-3685.134533409,1.0,left universe
736,2020-04-01T04:00:00Z,,DAL,MarketOnOpen,Canceled,sell,-81,0.0,0.0,0.0,no valuation
737,2020-04-01T04:00:00Z,,EOG,MarketOnOpen,Canceled,sell,-73,0.0,0.0,0.0,no valuation
738,2020-04-01T04:00:00Z,,ET,MarketOnOpen,Canceled,sell,-555,0.0,0.0,0.0,no valuation
739,2020-04-01T04:00:00Z,,MPC,MarketOnOpen,Canceled,sell,-91,0.0,0.0,0.0,no valuation
740,2020-04-01T14:00:00Z,2020-04-01T20:00:00Z,DAL,MarketOnClose,Filled,sell,-81,22.997877005,-1862.828037405,1.0,no valuation
741,2020-04-01T14:00:00Z,2020-04-01T20:00:00Z,EOG,MarketOnClose,Filled,sell,-73,25.82062022,-1884.90527606,1.0,no valuation
742,2020-04-01T14:00:00Z,2020-04-01T20:00:00Z,MPC,MarketOnClose,Filled,sell,-91,17.282795529,-1572.734393139,1.0,no valuation
743,2020-04-01T14:00:00Z,2020-04-01T20:00:00Z,ET,MarketOnClose,Filled,sell,-555,2.901484672,-1610.32399296,2.775,no valuation
744,2020-04-01T14:00:00Z,2020-04-01T20:00:00Z,CNC,MarketOnClose,Filled,sell,-17,56.09,-953.53,1.0,
745,2020-04-01T14:00:00Z,2020-04-01T20:00:00Z,WMT,MarketOnClose,Filled,sell,-26,34.8974188275911,-907.3328895173686,1.0,
746,2020-04-01T14:00:00Z,2020-04-01T20:00:00Z,UNH,MarketOnClose,Filled,sell,-3,211.946315168,-635.838945504,1.0,
747,2020-04-01T14:00:00Z,2020-04-01T20:00:00Z,BIIB,MarketOnClose,Filled,sell,-2,293.27,-586.54,1.0,
748,2020-04-01T14:00:00Z,2020-04-01T20:00:00Z,NFLX,MarketOnClose,Filled,sell,-16,36.408,-582.528,1.0,
749,2020-04-01T14:00:00Z,2020-04-01T20:00:00Z,CVS,MarketOnClose,Filled,sell,-12,47.306733366,-567.680800392,1.0,
750,2020-04-01T14:00:00Z,2020-04-01T20:00:00Z,LMT,MarketOnClose,Filled,sell,-2,284.62877345,-569.2575469,1.0,
751,2020-04-01T14:00:00Z,2020-04-01T20:00:00Z,NEM,MarketOnClose,Filled,sell,-15,38.850853152,-582.76279728,1.0,
752,2020-04-01T14:00:00Z,2020-04-01T20:00:00Z,MRK,MarketOnClose,Filled,sell,-9,57.5281156565887,-517.7530409092983,1.0,
753,2020-04-01T14:00:00Z,2020-04-01T20:00:00Z,KMB,MarketOnClose,Filled,sell,-5,98.548905264,-492.74452632,1.0,
754,2020-04-01T14:00:00Z,2020-04-01T20:00:00Z,PFE,MarketOnClose,Filled,sell,-20,21.7776089272932,-435.552178545864,1.0,
755,2020-04-01T14:00:00Z,2020-04-01T20:00:00Z,VZ,MarketOnClose,Filled,sell,-12,36.15621408,-433.87456896,1.0,
756,2020-04-01T14:00:00Z,2020-04-01T20:00:00Z,CSCO,MarketOnClose,Filled,sell,-11,31.747079311,-349.217872421,1.0,
757,2020-04-01T14:00:00Z,2020-04-01T20:00:00Z,INTC,MarketOnClose,Filled,sell,-7,45.991324284,-321.939269988,1.0,
758,2020-04-01T14:00:00Z,2020-04-01T20:00:00Z,CI,MarketOnClose,Filled,sell,-2,155.693322018,-311.386644036,1.0,
759,2020-04-01T14:00:00Z,2020-04-01T20:00:00Z,TGT,MarketOnClose,Filled,sell,-4,79.49116224,-317.96464896,1.0,
760,2020-04-01T14:00:00Z,2020-04-01T20:00:00Z,KDP,MarketOnClose,Filled,buy,148,20.236331264,2994.977027072,1.0,
761,2020-04-01T14:00:00Z,2020-04-01T20:00:00Z,KO,MarketOnClose,Filled,buy,84,34.680859884,2913.192230256,1.0,
762,2020-04-01T14:00:00Z,2020-04-01T20:00:00Z,DE,MarketOnClose,Filled,buy,24,123.125776225,2955.0186294,1.0,
763,2020-04-01T14:00:00Z,2020-04-01T20:00:00Z,LOW,MarketOnClose,Filled,buy,40,71.290021946,2851.60087784,1.0,
764,2020-04-01T14:00:00Z,2020-04-01T20:00:00Z,ETN,MarketOnClose,Filled,buy,44,65.171483432,2867.545271008,1.0,
765,2020-04-01T14:00:00Z,2020-04-01T20:00:00Z,EPD,MarketOnClose,Filled,buy,99,8.428841015,834.455260485,1.0,
766,2020-04-01T14:00:00Z,2020-04-01T20:00:00Z,COP,MarketOnClose,Filled,buy,32,23.117767246,739.768551872,1.0,
767,2020-04-01T14:00:00Z,2020-04-01T20:00:00Z,PSX,MarketOnClose,Filled,buy,12,38.630504266,463.566051192,1.0,
768,2020-04-01T14:00:00Z,2020-04-01T20:00:00Z,LVS,MarketOnClose,Filled,buy,12,37.81683893,453.80206716,1.0,
769,2020-04-01T14:00:00Z,2020-04-01T20:00:00Z,RTX,MarketOnClose,Filled,buy,11,41.8930516317692,460.8235679494612,1.0,
770,2020-04-01T14:00:00Z,2020-04-01T20:00:00Z,XOM,MarketOnClose,Filled,buy,14,28.253696414,395.551749796,1.0,
771,2020-04-01T14:00:00Z,2020-04-01T20:00:00Z,HCA,MarketOnClose,Filled,buy,4,79.453975884,317.815903536,1.0,
772,2020-04-01T14:00:00Z,2020-04-01T20:00:00Z,EMR,MarketOnClose,Filled,buy,8,39.78666221,318.29329768,1.0,
773,2020-05-01T14:00:00Z,2020-05-01T20:00:00Z,PSX,MarketOnClose,Filled,sell,-13,51.777827976,-673.111763688,1.0,
774,2020-05-01T14:00:00Z,2020-05-01T20:00:00Z,COP,MarketOnClose,Filled,sell,-21,30.555725445,-641.670234345,1.0,
775,2020-05-01T14:00:00Z,2020-05-01T20:00:00Z,NEM,MarketOnClose,Filled,sell,-12,50.990177184,-611.882126208,1.0,
776,2020-05-01T14:00:00Z,2020-05-01T20:00:00Z,RTX,MarketOnClose,Filled,sell,-8,52.66001408,-421.28011264,1.0,
777,2020-05-01T14:00:00Z,2020-05-01T20:00:00Z,QCOM,MarketOnClose,Filled,sell,-6,65.720577964,-394.323467784,1.0,
778,2020-05-01T14:00:00Z,2020-05-01T20:00:00Z,EPD,MarketOnClose,Filled,sell,-36,10.747766268,-386.919585648,1.0,
779,2020-05-01T14:00:00Z,2020-05-01T20:00:00Z,BIIB,MarketOnClose,Filled,buy,2,293.09,586.18,1.0,
780,2020-05-01T14:00:00Z,2020-05-01T20:00:00Z,GD,MarketOnClose,Filled,buy,3,111.730563662,335.191690986,1.0,
781,2020-05-01T14:00:00Z,2020-05-01T20:00:00Z,MRK,MarketOnClose,Filled,buy,5,60.5448339166294,302.724169583147,1.0,
782,2020-05-01T14:00:00Z,2020-05-01T20:00:00Z,KO,MarketOnClose,Filled,buy,8,37.53731808,300.29854464,1.0,
783,2020-05-01T14:00:00Z,2020-05-01T20:00:00Z,CVS,MarketOnClose,Filled,buy,6,48.822735353,292.936412118,1.0,
784,2020-05-01T14:00:00Z,2020-05-01T20:00:00Z,BKNG,MarketOnClose,Filled,buy,5,56.60948151012,283.0474075506,1.0,
785,2020-06-01T14:00:00Z,2020-06-01T20:00:00Z,CI,MarketOnClose,Filled,sell,-19,178.21024494,-3385.99465386,1.0,no valuation
786,2020-06-01T14:00:00Z,2020-06-01T20:00:00Z,LOW,MarketOnClose,Filled,sell,-9,115.305113116,-1037.746018044,1.0,
787,2020-06-01T14:00:00Z,2020-06-01T20:00:00Z,DELL,MarketOnClose,Filled,sell,-21,22.7310102218069,-477.3512146579449,1.0,
788,2020-06-01T14:00:00Z,2020-06-01T20:00:00Z,TGT,MarketOnClose,Filled,sell,-4,100.301853687,-401.207414748,1.0,
789,2020-06-01T14:00:00Z,2020-06-01T20:00:00Z,EOG,MarketOnClose,Filled,buy,95,39.010178889,3705.966994455,1.0,
790,2020-06-01T14:00:00Z,2020-06-01T20:00:00Z,MU,MarketOnClose,Filled,buy,8,45.187862482,361.502899856,1.0,
791,2020-06-01T14:00:00Z,2020-06-01T20:00:00Z,VZ,MarketOnClose,Filled,buy,9,38.52052451,346.68472059,1.0,
792,2020-06-01T14:00:00Z,2020-06-01T20:00:00Z,LMT,MarketOnClose,Filled,buy,1,328.680924,328.680924,1.0,
793,2020-06-01T14:00:00Z,2020-06-01T20:00:00Z,SO,MarketOnClose,Filled,buy,7,44.9912865,314.9390055,1.0,
794,2020-06-01T14:00:00Z,2020-06-01T20:00:00Z,WMT,MarketOnClose,Filled,buy,7,38.0665213733475,266.4656496134325,1.0,
795,2020-06-01T14:00:00Z,2020-06-01T20:00:00Z,KMB,MarketOnClose,Filled,buy,2,110.798896512,221.597793024,1.0,
796,2020-07-01T04:00:00Z,,EOG,MarketOnOpen,Canceled,sell,-95,0.0,0.0,0.0,no valuation
797,2020-07-01T14:00:00Z,2020-07-01T20:00:00Z,EOG,MarketOnClose,Filled,sell,-95,37.541932434,-3566.48358123,1.0,no valuation
798,2020-07-01T14:00:00Z,2020-07-01T20:00:00Z,ABBV,MarketOnClose,Filled,sell,-8,77.677687014,-621.421496112,1.0,
799,2020-07-01T14:00:00Z,2020-07-01T20:00:00Z,DELL,MarketOnClose,Filled,sell,-17,24.9916798630683,-424.8585576721611,1.0,
800,2020-07-01T14:00:00Z,2020-07-01T20:00:00Z,QCOM,MarketOnClose,Filled,sell,-5,78.6100213,-393.0501065,1.0,
801,2020-07-01T14:00:00Z,2020-07-01T20:00:00Z,GD,MarketOnClose,Filled,sell,-3,129.61283034,-388.83849102,1.0,
802,2020-07-01T14:00:00Z,2020-07-01T20:00:00Z,EMR,MarketOnClose,Filled,sell,-7,53.808131782,-376.656922474,1.0,
803,2020-07-01T14:00:00Z,2020-07-01T20:00:00Z,MU,MarketOnClose,Filled,sell,-7,48.46432381,-339.25026667,1.0,
804,2020-07-01T14:00:00Z,2020-07-01T20:00:00Z,GIS,MarketOnClose,Filled,buy,73,47.688304285,3481.246212805,1.0,
805,2020-07-01T14:00:00Z,2020-07-01T20:00:00Z,BIIB,MarketOnClose,Filled,buy,2,264.77,529.54,1.0,
806,2020-07-01T14:00:00Z,2020-07-01T20:00:00Z,PFE,MarketOnClose,Filled,buy,22,23.3805682706687,514.3725019547114,1.0,
807,2020-07-01T14:00:00Z,2020-07-01T20:00:00Z,SO,MarketOnClose,Filled,buy,8,41.22511815,329.8009452,1.0,
808,2020-07-01T14:00:00Z,2020-07-01T20:00:00Z,CNC,MarketOnClose,Filled,buy,5,65.41,327.05,1.0,
809,2020-07-01T14:00:00Z,2020-07-01T20:00:00Z,LVS,MarketOnClose,Filled,buy,7,42.264774824,295.853423768,1.0,
810,2020-08-01T04:00:00Z,,PSX,MarketOnOpen,Canceled,sell,-60,0.0,0.0,0.0,no valuation
811,2020-08-03T14:00:00Z,2020-08-03T20:00:00Z,CSCO,MarketOnClose,Filled,sell,-94,39.741538644,-3735.704632536,1.0,reached implied value
812,2020-08-03T14:00:00Z,2020-08-03T20:00:00Z,PSX,MarketOnClose,Filled,sell,-60,48.295074272,-2897.70445632,1.0,no valuation
813,2020-08-03T14:00:00Z,2020-08-03T20:00:00Z,ROP,MarketOnClose,Filled,sell,-2,419.39035904,-838.78071808,1.0,
814,2020-08-03T14:00:00Z,2020-08-03T20:00:00Z,HCA,MarketOnClose,Filled,sell,-6,119.441919796,-716.651518776,1.0,
815,2020-08-03T14:00:00Z,2020-08-03T20:00:00Z,PFE,MarketOnClose,Filled,sell,-20,26.8347974935276,-536.695949870552,1.0,
816,2020-08-03T14:00:00Z,2020-08-03T20:00:00Z,LOW,MarketOnClose,Filled,sell,-4,134.498036475,-537.9921459,1.0,
817,2020-08-03T14:00:00Z,2020-08-03T20:00:00Z,QCOM,MarketOnClose,Filled,sell,-5,95.95536015,-479.77680075,1.0,
818,2020-08-03T14:00:00Z,2020-08-03T20:00:00Z,KMI,MarketOnClose,Filled,buy,378,9.791886347,3701.333039166,1.89,
819,2020-08-03T14:00:00Z,2020-08-03T20:00:00Z,INTC,MarketOnClose,Filled,buy,24,43.05954177,1033.42900248,1.0,
820,2020-08-03T14:00:00Z,2020-08-03T20:00:00Z,RTX,MarketOnClose,Filled,buy,13,49.988600658,649.851808554,1.0,
821,2020-08-03T14:00:00Z,2020-08-03T20:00:00Z,COP,MarketOnClose,Filled,buy,18,29.233083408,526.195501344,1.0,
822,2020-08-03T14:00:00Z,2020-08-03T20:00:00Z,T,MarketOnClose,Filled,buy,26,15.6156294727333,406.0063662910658,1.0,
823,2020-09-01T04:00:00Z,,KMI,MarketOnOpen,Canceled,sell,-378,0.0,0.0,0.0,no valuation
824,2020-09-01T14:00:00Z,2020-09-01T20:00:00Z,DE,MarketOnClose,Filled,sell,-24,201.545804834,-4837.099316016,1.0,reached implied value
825,2020-09-01T14:00:00Z,2020-09-01T20:00:00Z,KMI,MarketOnClose,Filled,sell,-378,9.680218363,-3659.122541214,1.89,no valuation
826,2020-09-01T14:00:00Z,2020-09-01T20:00:00Z,TGT,MarketOnClose,Filled,sell,-5,126.964983201,-634.824916005,1.0,
827,2020-09-01T14:00:00Z,2020-09-01T20:00:00Z,BKNG,MarketOnClose,Filled,sell,-8,75.36755810408,-602.94046483264,1.0,
828,2020-09-01T14:00:00Z,2020-09-01T20:00:00Z,DELL,MarketOnClose,Filled,sell,-15,30.5581759858482,-458.372639787723,1.0,
829,2020-09-01T14:00:00Z,2020-09-01T20:00:00Z,NFLX,MarketOnClose,Filled,sell,-8,55.655,-445.24,1.0,
830,2020-09-01T14:00:00Z,2020-09-01T20:00:00Z,MU,MarketOnClose,Filled,buy,16,44.622282848,713.956525568,1.0,
831,2020-09-01T14:00:00Z,2020-09-01T20:00:00Z,XOM,MarketOnClose,Filled,buy,17,30.856325728,524.557537376,1.0,
832,2020-09-01T14:00:00Z,2020-09-01T20:00:00Z,CNC,MarketOnClose,Filled,buy,7,61.37,429.59,1.0,
833,2020-09-01T14:00:00Z,2020-09-01T20:00:00Z,ROP,MarketOnClose,Filled,buy,1,420.556403007,420.556403007,1.0,
834,2020-09-01T14:00:00Z,2020-09-01T20:00:00Z,ABBV,MarketOnClose,Filled,buy,5,73.176947207,365.884736035,1.0,
835,2020-09-01T14:00:00Z,2020-09-01T20:00:00Z,EPD,MarketOnClose,Filled,buy,29,11.302266384,327.765725136,1.0,
836,2020-09-01T14:00:00Z,2020-09-01T20:00:00Z,CVS,MarketOnClose,Filled,buy,6,49.673752084,298.042512504,1.0,
837,2020-09-01T14:00:00Z,2020-09-01T20:00:00Z,IBM,MarketOnClose,Filled,buy,3,92.6575164852188,277.9725494556564,1.0,
838,2020-09-01T14:00:00Z,2020-09-01T20:00:00Z,GD,MarketOnClose,Filled,buy,2,132.29951739,264.59903478,1.0,
839,2020-10-01T14:00:00Z,2020-10-01T20:00:00Z,EMR,MarketOnClose,Filled,sell,-66,57.213041811,-3776.060759526,1.0,reached implied value
840,2020-10-01T14:00:00Z,2020-10-01T20:00:00Z,QCOM,MarketOnClose,Filled,sell,-40,105.210420192,-4208.41680768,1.0,reached implied value
841,2020-10-01T14:00:00Z,2020-10-01T20:00:00Z,WMT,MarketOnClose,Filled,sell,-8,44.1186658947996,-352.9493271583968,1.0,
842,2020-10-01T14:00:00Z,2020-10-01T20:00:00Z,COP,MarketOnClose,Filled,buy,19,25.824813264,490.671452016,1.0,
843,2020-10-01T14:00:00Z,2020-10-01T20:00:00Z,XOM,MarketOnClose,Filled,buy,16,25.919626556,414.714024896,1.0,
844,2020-11-02T15:00:00Z,2020-11-02T21:00:00Z,MU,MarketOnClose,Filled,sell,-13,48.474075183,-630.162977379,1.0,
845,2020-11-02T15:00:00Z,2020-11-02T21:00:00Z,ETN,MarketOnClose,Filled,sell,-6,97.154657676,-582.927946056,1.0,
846,2020-11-02T15:00:00Z,2020-11-02T21:00:00Z,CSX,MarketOnClose,Filled,sell,-17,25.1787852794546,-428.0393497507282,1.0,
847,2020-11-02T15:00:00Z,2020-11-02T21:00:00Z,SO,MarketOnClose,Filled,sell,-9,46.554375735,-418.989381615,1.0,
848,2020-11-02T15:00:00Z,2020-11-02T21:00:00Z,ACN,MarketOnClose,Filled,buy,18,197.531149879,3555.560697822,1.0,
849,2020-11-02T15:00:00Z,2020-11-02T21:00:00Z,ROP,MarketOnClose,Filled,buy,1,367.577539056,367.577539056,1.0,
850,2020-11-02T15:00:00Z,2020-11-02T21:00:00Z,COP,MarketOnClose,Filled,buy,15,24.368904818,365.53357227,1.0,
851,2020-11-02T15:00:00Z,2020-11-02T21:00:00Z,BKNG,MarketOnClose,Filled,buy,5,62.67917888364,313.3958944182,1.0,
852,2020-11-02T15:00:00Z,2020-11-02T21:00:00Z,LMT,MarketOnClose,Filled,buy,1,299.544941157,299.544941157,1.0,
853,2020-11-02T15:00:00Z,2020-11-02T21:00:00Z,MRK,MarketOnClose,Filled,buy,5,60.7101841712592,303.550920856296,1.0,
854,2020-11-02T15:00:00Z,2020-11-02T21:00:00Z,BIIB,MarketOnClose,Filled,buy,1,248.99,248.99,1.0,
855,2020-11-03T05:00:00Z,2020-11-03T21:00:00Z,COP,MarketOnOpen,Filled,sell,-158,24.763901952,-3912.696508416,1.0,left universe
856,2020-12-01T05:00:00Z,,BIIB,MarketOnOpen,Canceled,sell,-14,0.0,0.0,0.0,no valuation
857,2020-12-01T05:00:00Z,,CNC,MarketOnOpen,Canceled,sell,-63,0.0,0.0,0.0,no valuation
858,2020-12-01T05:00:00Z,,GIS,MarketOnOpen,Canceled,sell,-73,0.0,0.0,0.0,no valuation
859,2020-12-01T15:00:00Z,2020-12-01T21:00:00Z,MU,MarketOnClose,Filled,sell,-74,65.412210084,-4840.503546216,1.0,reached implied value
860,2020-12-01T15:00:00Z,2020-12-01T21:00:00Z,BIIB,MarketOnClose,Filled,sell,-14,243.16,-3404.24,1.0,no valuation
861,2020-12-01T15:00:00Z,2020-12-01T21:00:00Z,CSX,MarketOnClose,Filled,sell,-150,27.9861929460471,-4197.928941907065,1.0,reached implied value
862,2020-12-01T15:00:00Z,2020-12-01T21:00:00Z,CNC,MarketOnClose,Filled,sell,-63,62.87,-3960.81,1.0,no valuation
863,2020-12-01T15:00:00Z,2020-12-01T21:00:00Z,ETN,MarketOnClose,Filled,sell,-38,110.00524373,-4180.19926174,1.0,reached implied value
864,2020-12-01T15:00:00Z,2020-12-01T21:00:00Z,GIS,MarketOnClose,Filled,sell,-73,49.169534813,-3589.376041349,1.0,no valuation
865,2020-12-01T15:00:00Z,2020-12-01T21:00:00Z,RTX,MarketOnClose,Filled,sell,-12,62.828293286,-753.939519432,1.0,
866,2020-12-01T15:00:00Z,2020-12-01T21:00:00Z,TGT,MarketOnClose,Filled,sell,-4,151.656225888,-606.624903552,1.0,
867,2020-12-01T15:00:00Z,2020-12-01T21:00:00Z,BKNG,MarketOnClose,Filled,sell,-7,80.20526398676,-561.43684790732,1.0,
868,2020-12-01T15:00:00Z,2020-12-01T21:00:00Z,EPD,MarketOnClose,Filled,sell,-30,12.914263104,-387.42789312,1.0,
869,2020-12-01T15:00:00Z,2020-12-01T21:00:00Z,LVS,MarketOnClose,Filled,sell,-7,53.131251122,-371.918757854,1.0,
870,2020-12-01T15:00:00Z,2020-12-01T21:00:00Z,NEM,MarketOnClose,Filled,buy,12,50.747113413,608.965360956,1.0,
871,2020-12-01T15:00:00Z,2020-12-01T21:00:00Z,KMB,MarketOnClose,Filled,buy,4,112.410675264,449.642701056,1.0,
872,2020-12-01T15:00:00Z,2020-12-01T21:00:00Z,NFLX,MarketOnClose,Filled,buy,9,50.458,454.122,1.0,
873,2020-12-01T15:00:00Z,2020-12-01T21:00:00Z,T,MarketOnClose,Filled,buy,23,15.5053288977729,356.6225646487767,1.0,
874,2021-01-04T15:00:00Z,2021-01-04T21:00:00Z,ABBV,MarketOnClose,Filled,sell,-51,84.73625293,-4321.54889943,1.0,reached implied value
875,2021-01-04T15:00:00Z,2021-01-04T21:00:00Z,KDP,MarketOnClose,Filled,sell,-148,27.461641896,-4064.323000608,1.0,reached implied value
876,2021-01-04T15:00:00Z,2021-01-04T21:00:00Z,ROP,MarketOnClose,Filled,sell,-10,404.83319292,-4048.3319292,1.0,reached implied value
877,2021-01-04T15:00:00Z,2021-01-04T21:00:00Z,EPD,MarketOnClose,Filled,sell,-314,12.735998736,-3999.103603104,1.57,reached implied value
878,2021-01-04T15:00:00Z,2021-01-04T21:00:00Z,GD,MarketOnClose,Filled,sell,-29,129.539364958,-3756.641583782,1.0,reached implied value
879,2021-01-04T15:00:00Z,2021-01-04T21:00:00Z,KMB,MarketOnClose,Filled,sell,-36,106.96823072,-3850.85630592,1.0,reached implied value
880,2021-01-04T15:00:00Z,2021-01-04T21:00:00Z,KO,MarketOnClose,Filled,sell,-92,44.527076352,-4096.491024384,1.0,reached implied value
881,2021-01-04T15:00:00Z,2021-01-04T21:00:00Z,MRK,MarketOnClose,Filled,sell,-61,64.5797311822782,-3939.36360211897,1.0,reached implied value
882,2021-01-04T15:00:00Z,2021-01-04T21:00:00Z,BKNG,MarketOnClose,Filled,sell,-50,84.55845688224,-4227.922844112,1.0,reached implied value
883,2021-01-04T15:00:00Z,2021-01-04T21:00:00Z,PFE,MarketOnClose,Filled,sell,-138,27.427292964,-3784.966429032,1.0,reached implied value
884,2021-01-04T15:00:00Z,2021-01-04T21:00:00Z,SO,MarketOnClose,Filled,sell,-80,47.307147888,-3784.57183104,1.0,reached implied value
885,2021-01-04T15:00:00Z,2021-01-04T21:00:00Z,RTX,MarketOnClose,Filled,sell,-63,60.358558326,-3802.589174538,1.0,reached implied value
886,2021-01-04T15:00:00Z,2021-01-04T21:00:00Z,HCA,MarketOnClose,Filled,sell,-4,155.877703872,-623.510815488,1.0,
887,2021-01-04T15:00:00Z,2021-01-04T21:00:00Z,XOM,MarketOnClose,Filled,sell,-16,33.2513272,-532.0212352,1.0,
888,2021-01-04T15:00:00Z,2021-01-04T21:00:00Z,AVGO,MarketOnClose,Filled,buy,105,38.043434133,3994.560583965,1.0,
889,2021-01-04T15:00:00Z,2021-01-04T21:00:00Z,MMM,MarketOnClose,Filled,buy,41,98.5400835981887,4040.1434275257366,1.0,
890,2021-01-04T15:00:00Z,2021-01-04T21:00:00Z,COP,MarketOnClose,Filled,buy,127,31.898033862,4051.050300474,1.0,
891,2021-01-04T15:00:00Z,2021-01-04T21:00:00Z,PM,MarketOnClose,Filled,buy,63,63.68852545,4012.37710335,1.0,
892,2021-01-04T15:00:00Z,2021-01-04T21:00:00Z,AEP,MarketOnClose,Filled,buy,60,66.374440632,3982.46643792,1.0,
893,2021-01-04T15:00:00Z,2021-01-04T21:00:00Z,AMAT,MarketOnClose,Filled,buy,49,82.895202341,4061.864914709,1.0,
894,2021-01-04T15:00:00Z,2021-01-04T21:00:00Z,NOC,MarketOnClose,Filled,buy,14,268.178631628,3754.500842792,1.0,
895,2021-01-04T15:00:00Z,2021-01-04T21:00:00Z,LMT,MarketOnClose,Filled,buy,1,295.056367488,295.056367488,1.0,
896,2021-02-01T15:00:00Z,2021-02-01T21:00:00Z,AMAT,MarketOnClose,Filled,sell,-5,96.579065603,-482.895328015,1.0,
897,2021-02-01T15:00:00Z,2021-02-01T21:00:00Z,CVS,MarketOnClose,Filled,sell,-7,59.782142574,-418.474998018,1.0,
898,2021-02-01T15:00:00Z,2021-02-01T21:00:00Z,XOM,MarketOnClose,Filled,sell,-11,35.999569424,-395.995263664,1.0,
899,2021-02-01T15:00:00Z,2021-02-01T21:00:00Z,PG,MarketOnClose,Filled,buy,36,112.001081778,4032.038944008,1.0,
900,2021-02-01T15:00:00Z,2021-02-01T21:00:00Z,LVS,MarketOnClose,Filled,buy,13,46.046458717,598.603963321,1.0,
901,2021-02-01T15:00:00Z,2021-02-01T21:00:00Z,VZ,MarketOnClose,Filled,buy,12,38.718645924,464.623751088,1.0,
902,2021-02-01T15:00:00Z,2021-02-01T21:00:00Z,LMT,MarketOnClose,Filled,buy,1,277.454351136,277.454351136,1.0,
903,2021-02-01T15:00:00Z,2021-02-01T21:00:00Z,IBM,MarketOnClose,Filled,buy,3,91.8224700633289,275.4674101899867,1.0,
904,2021-02-01T15:00:00Z,2021-02-01T21:00:00Z,NOC,MarketOnClose,Filled,buy,1,265.949571893,265.949571893,1.0,
905,2021-02-02T05:00:00Z,2021-02-02T21:00:00Z,LVS,MarketOnOpen,Filled,sell,-90,46.797165197,-4211.74486773,1.0,left universe
906,2021-03-01T15:00:00Z,2021-03-01T21:00:00Z,IBM,MarketOnClose,Filled,sell,-44,93.2038650371968,-4100.970061636659,1.0,reached implied value
907,2021-03-01T15:00:00Z,2021-03-01T21:00:00Z,COP,MarketOnClose,Filled,sell,-127,42.799292461,-5435.510142547,1.0,no valuation
908,2021-03-01T15:00:00Z,2021-03-01T21:00:00Z,WMT,MarketOnClose,Filled,sell,-87,40.6559587714037,-3537.068413112122,1.0,reached implied value
909,2021-03-01T15:00:00Z,2021-03-01T21:00:00Z,XOM,MarketOnClose,Filled,sell,-113,45.965327476,-5194.082004788,1.0,no valuation
910,2021-03-01T15:00:00Z,2021-03-01T21:00:00Z,AMAT,MarketOnClose,Filled,sell,-44,116.87777265,-5142.6219966,1.0,reached implied value
911,2021-03-01T15:00:00Z,2021-03-01T21:00:00Z,INTC,MarketOnClose,Filled,sell,-12,57.191768304,-686.301219648,1.0,
912,2021-03-01T15:00:00Z,2021-03-01T21:00:00Z,DELL,MarketOnClose,Filled,sell,-16,38.2564237255406,-612.1027796086496,1.0,
913,2021-03-01T15:00:00Z,2021-03-01T21:00:00Z,MO,MarketOnClose,Filled,buy,148,28.76842838,4257.72740024,1.0,
914,2021-03-01T15:00:00Z,2021-03-01T21:00:00Z,CI,MarketOnClose,Filled,buy,22,193.36846113,4254.10614486,1.0,
915,2021-03-01T15:00:00Z,2021-03-01T21:00:00Z,VRTX,MarketOnClose,Filled,buy,19,210.38,3997.22,1.0,
916,2021-03-01T15:00:00Z,2021-03-01T21:00:00Z,HD,MarketOnClose,Filled,buy,18,226.698596132,4080.574730376,1.0,
917,2021-03-01T15:00:00Z,2021-03-01T21:00:00Z,REGN,MarketOnClose,Filled,buy,9,458.72113077,4128.49017693,1.0,
918,2021-03-01T15:00:00Z,2021-03-01T21:00:00Z,AEP,MarketOnClose,Filled,buy,7,63.018638109,441.130466763,1.0,
919,2021-03-01T15:00:00Z,2021-03-01T21:00:00Z,NEM,MarketOnClose,Filled,buy,9,46.37018617,417.33167553,1.0,
920,2021-03-02T05:00:00Z,2021-03-02T21:00:00Z,AEP,MarketOnOpen,Filled,sell,-67,63.240447942,-4237.110012114,1.0,left universe
921,2021-04-01T14:00:00Z,2021-04-01T20:00:00Z,T,MarketOnClose,Filled,sell,-261,16.6487226129041,-4345.31660196797,1.305,reached implied value
922,2021-04-01T14:00:00Z,2021-04-01T20:00:00Z,MO,MarketOnClose,Filled,sell,-18,33.5190564,-603.3430152,1.0,
923,2021-04-01T14:00:00Z,2021-04-01T20:00:00Z,HD,MarketOnClose,Filled,sell,-2,268.342150875,-536.68430175,1.0,
924,2021-04-01T14:00:00Z,2021-04-01T20:00:00Z,CI,MarketOnClose,Filled,sell,-2,218.475944874,-436.951889748,1.0,
925,2021-04-01T14:00:00Z,2021-04-01T20:00:00Z,FCX,MarketOnClose,Filled,buy,142,31.684934848,4499.260748416,1.0,
926,2021-04-01T14:00:00Z,2021-04-01T20:00:00Z,DOW,MarketOnClose,Filled,buy,92,48.12366018,4427.37673656,1.0,
927,2021-04-01T14:00:00Z,2021-04-01T20:00:00Z,DG,MarketOnClose,Filled,buy,23,185.453746838,4265.436177274,1.0,
928,2021-05-03T14:00:00Z,2021-05-03T20:00:00Z,NOC,MarketOnClose,Filled,sell,-2,330.0302793,-660.0605586,1.0,
929,2021-05-03T14:00:00Z,2021-05-03T20:00:00Z,HCA,MarketOnClose,Filled,sell,-3,195.297724344,-585.893173032,1.0,
930,2021-05-03T14:00:00Z,2021-05-03T20:00:00Z,FCX,MarketOnClose,Filled,sell,-16,36.40223781,-582.43580496,1.0,
931,2021-05-03T14:00:00Z,2021-05-03T20:00:00Z,DELL,MarketOnClose,Filled,sell,-12,45.0200157887033,-540.2401894644396,1.0,
932,2021-05-03T14:00:00Z,2021-05-03T20:00:00Z,AEP,MarketOnClose,Filled,buy,61,72.852207372,4443.984649692,1.0,
933,2021-05-03T14:00:00Z,2021-05-03T20:00:00Z,INTC,MarketOnClose,Filled,buy,10,52.080163058,520.80163058,1.0,
934,2021-05-03T14:00:00Z,2021-05-03T20:00:00Z,MO,MarketOnClose,Filled,buy,12,31.790524668,381.486296016,1.0,
935,2021-06-01T14:00:00Z,2021-06-01T20:00:00Z,CI,MarketOnClose,Filled,sell,-20,232.795275504,-4655.90551008,1.0,no valuation
936,2021-06-01T14:00:00Z,2021-06-01T20:00:00Z,NEM,MarketOnClose,Filled,sell,-18,63.35963529,-1140.47343522,1.0,
937,2021-06-01T14:00:00Z,2021-06-01T20:00:00Z,TGT,MarketOnClose,Filled,sell,-3,193.797793644,-581.393380932,1.0,
938,2021-06-01T14:00:00Z,2021-06-01T20:00:00Z,FCX,MarketOnClose,Filled,sell,-13,41.57568246,-540.48387198,1.0,
939,2021-06-01T14:00:00Z,2021-06-01T20:00:00Z,CVS,MarketOnClose,Filled,sell,-6,72.308653944,-433.851923664,1.0,
940,2021-06-01T14:00:00Z,2021-06-01T20:00:00Z,VRTX,MarketOnClose,Filled,buy,2,209.67,419.34,1.0,
941,2021-06-01T14:00:00Z,2021-06-01T20:00:00Z,NFLX,MarketOnClose,Filled,buy,8,49.908,399.264,1.0,
942,2021-06-02T04:00:00Z,2021-06-02T20:00:00Z,AEP,MarketOnOpen,Filled,sell,-61,70.627502275,-4308.277638775,1.0,left universe
943,2021-07-01T14:00:00Z,2021-07-01T20:00:00Z,PG,MarketOnClose,Filled,sell,-36,118.188626429,-4254.790551444,1.0,reached implied value
944,2021-07-01T14:00:00Z,2021-07-01T20:00:00Z,REGN,MarketOnClose,Filled,sell,-1,569.248107468,-569.248107468,1.0,
945,2021-07-01T14:00:00Z,2021-07-01T20:00:00Z,PM,MarketOnClose,Filled,sell,-6,80.068048158,-480.408288948,1.0,
946,2021-07-01T14:00:00Z,2021-07-01T20:00:00Z,ORCL,MarketOnClose,Filled,buy,63,73.662157305,4640.715910215,1.0,
947,2021-07-01T14:00:00Z,2021-07-01T20:00:00Z,SCCO,MarketOnClose,Filled,buy,94,47.1333603391013,4430.535871875522,1.0,
948,2021-07-01T14:00:00Z,2021-07-01T20:00:00Z,FISV,MarketOnClose,Filled,buy,42,108.34,4550.28,1.0,
949,2021-07-01T14:00:00Z,2021-07-01T20:00:00Z,NEM,MarketOnClose,Filled,buy,11,54.261399458,596.875394038,1.0,
950,2021-07-01T14:00:00Z,2021-07-01T20:00:00Z,FCX,MarketOnClose,Filled,buy,17,34.887829467,593.093100939,1.0,
951,2021-08-02T14:00:00Z,2021-08-02T20:00:00Z,HCA,MarketOnClose,Filled,sell,-4,240.2483397,-960.9933588,1.0,
952,2021-08-02T14:00:00Z,2021-08-02T20:00:00Z,TGT,MarketOnClose,Filled,sell,-3,219.323088327,-657.969264981,1.0,
953,2021-08-02T14:00:00Z,2021-08-02T20:00:00Z,ACN,MarketOnClose,Filled,sell,-2,286.208669952,-572.417339904,1.0,
954,2021-08-02T14:00:00Z,2021-08-02T20:00:00Z,ORCL,MarketOnClose,Filled,sell,-6,81.43603476,-488.61620856,1.0,
955,2021-08-02T14:00:00Z,2021-08-02T20:00:00Z,FDX,MarketOnClose,Filled,buy,28,161.696736901288,4527.508633236064,1.0,
956,2021-08-02T14:00:00Z,2021-08-02T20:00:00Z,INTC,MarketOnClose,Filled,buy,9,49.124296496,442.118668464,1.0,
957,2021-08-02T14:00:00Z,2021-08-02T20:00:00Z,VZ,MarketOnClose,Filled,buy,9,40.653188544,365.878696896,1.0,
958,2021-08-02T14:00:00Z,2021-08-02T20:00:00Z,VRTX,MarketOnClose,Filled,buy,1,198.32,198.32,1.0,
959,2021-08-03T04:00:00Z,2021-08-03T20:00:00Z,DOW,MarketOnOpen,Filled,sell,-92,46.016598,-4233.527016,1.0,left universe
960,2021-09-01T04:00:00Z,,NEM,MarketOnOpen,Canceled,sell,-83,0.0,0.0,0.0,no valuation
961,2021-09-01T14:00:00Z,2021-09-01T20:00:00Z,ACN,MarketOnClose,Filled,sell,-16,305.96655776,-4895.46492416,1.0,reached implied value
962,2021-09-01T14:00:00Z,2021-09-01T20:00:00Z,NEM,MarketOnClose,Filled,sell,-83,49.962612164,-4146.896809612,1.0,no valuation
963,2021-09-01T14:00:00Z,2021-09-01T20:00:00Z,REGN,MarketOnClose,Filled,sell,-2,674.593977344,-1349.187954688,1.0,
964,2021-09-01T14:00:00Z,2021-09-01T20:00:00Z,NFLX,MarketOnClose,Filled,sell,-9,58.207,-523.863,1.0,
965,2021-09-01T14:00:00Z,2021-09-01T20:00:00Z,CARR,MarketOnClose,Filled,buy,82,56.489415129,4632.132040578,1.0,
966,2021-09-01T14:00:00Z,2021-09-01T20:00:00Z,CI,MarketOnClose,Filled,buy,24,191.425241385,4594.20579324,1.0,
967,2021-09-01T14:00:00Z,2021-09-01T20:00:00Z,MU,MarketOnClose,Filled,buy,64,71.887121756,4600.775792384,1.0,
968,2021-09-01T14:00:00Z,2021-09-01T20:00:00Z,TGT,MarketOnClose,Filled,buy,2,210.833566563,421.667133126,1.0,
969,2021-10-01T04:00:00Z,,CARR,MarketOnOpen,Canceled,sell,-82,0.0,0.0,0.0,no valuation
970,2021-10-01T04:00:00Z,,SCCO,MarketOnOpen,Canceled,sell,-94,0.0,0.0,0.0,no valuation
971,2021-10-01T14:00:00Z,2021-10-01T20:00:00Z,SCCO,MarketOnClose,Filled,sell,-94,42.9472888895655,-4037.045155619157,1.0,no valuation
972,2021-10-01T14:00:00Z,2021-10-01T20:00:00Z,CARR,MarketOnClose,Filled,sell,-82,51.190788006,-4197.644616492,1.0,no valuation
973,2021-10-01T14:00:00Z,2021-10-01T20:00:00Z,LOW,MarketOnClose,Filled,sell,-3,184.961743722,-554.885231166,1.0,
974,2021-10-01T14:00:00Z,2021-10-01T20:00:00Z,NFLX,MarketOnClose,Filled,sell,-8,61.315,-490.52,1.0,
975,2021-10-01T14:00:00Z,2021-10-01T20:00:00Z,LRCX,MarketOnClose,Filled,buy,83,54.1586591406,4495.1687086698,1.0,
976,2021-10-01T14:00:00Z,2021-10-01T20:00:00Z,AMGN,MarketOnClose,Filled,buy,24,183.097037312,4394.328895488,1.0,
977,2021-10-01T14:00:00Z,2021-10-01T20:00:00Z,FDX,MarketOnClose,Filled,buy,7,130.663900265755,914.647301860285,1.0,
978,2021-10-01T14:00:00Z,2021-10-01T20:00:00Z,REGN,MarketOnClose,Filled,buy,1,565.453912606,565.453912606,1.0,
979,2021-10-01T14:00:00Z,2021-10-01T20:00:00Z,FCX,MarketOnClose,Filled,buy,17,30.964570965,526.397706405,1.0,
980,2021-10-01T14:00:00Z,2021-10-01T20:00:00Z,VRTX,MarketOnClose,Filled,buy,2,180.35,360.7,1.0,
981,2021-11-01T14:00:00Z,2021-11-01T20:00:00Z,UNH,MarketOnClose,Filled,sell,-2,414.873170382,-829.746340764,1.0,
982,2021-11-01T14:00:00Z,2021-11-01T20:00:00Z,HD,MarketOnClose,Filled,sell,-2,322.860560904,-645.721121808,1.0,
983,2021-11-01T14:00:00Z,2021-11-01T20:00:00Z,LOW,MarketOnClose,Filled,sell,-3,211.1208201,-633.3624603,1.0,
984,2021-11-01T14:00:00Z,2021-11-01T20:00:00Z,FCX,MarketOnClose,Filled,sell,-17,36.205854891,-615.499533147,1.0,
985,2021-11-01T14:00:00Z,2021-11-01T20:00:00Z,ORCL,MarketOnClose,Filled,sell,-6,88.0628336,-528.3770016,1.0,
986,2021-11-01T14:00:00Z,2021-11-01T20:00:00Z,AVGO,MarketOnClose,Filled,sell,-10,48.337052779,-483.37052779,1.0,
987,2021-11-01T14:00:00Z,2021-11-01T20:00:00Z,NFLX,MarketOnClose,Filled,sell,-6,68.117,-408.702,1.0,
988,2021-11-01T14:00:00Z,2021-11-01T20:00:00Z,LMT,MarketOnClose,Filled,buy,2,289.429267335,578.85853467,1.0,
989,2021-11-01T14:00:00Z,2021-11-01T20:00:00Z,FISV,MarketOnClose,Filled,buy,5,101.99,509.95,1.0,
990,2021-11-01T14:00:00Z,2021-11-01T20:00:00Z,INTC,MarketOnClose,Filled,buy,9,45.63903832,410.75134488,1.0,
991,2021-11-01T14:00:00Z,2021-11-01T20:00:00Z,MO,MarketOnClose,Filled,buy,12,29.99955651,359.99467812,1.0,
992,2021-11-01T14:00:00Z,2021-11-01T20:00:00Z,AMGN,MarketOnClose,Filled,buy,2,179.562114144,359.124228288,1.0,
993,2021-11-02T04:00:00Z,2021-11-02T20:00:00Z,VRTX,MarketOnOpen,Filled,sell,-24,185.66,-4455.84,1.0,left universe
994,2021-12-01T05:00:00Z,,DELL,MarketOnOpen,Canceled,sell,-99,0.0,0.0,0.0,no valuation
995,2021-12-01T15:00:00Z,2021-12-01T21:00:00Z,CI,MarketOnClose,Filled,sell,-24,177.431667968,-4258.360031232,1.0,no valuation
996,2021-12-01T15:00:00Z,2021-12-01T21:00:00Z,DELL,MarketOnClose,Filled,sell,-99,50.59852612,-5009.25408588,1.0,no valuation
997,2021-12-01T15:00:00Z,2021-12-01T21:00:00Z,LRCX,MarketOnClose,Filled,sell,-12,65.9271143766,-791.1253725192,1.0,
998,2021-12-01T15:00:00Z,2021-12-01T21:00:00Z,MU,MarketOnClose,Filled,sell,-8,83.149000545,-665.19200436,1.0,
999,2021-12-01T15:00:00Z,2021-12-01T21:00:00Z,JCI,MarketOnClose,Filled,buy,68,67.891617486,4616.629989048,1.0,
1000,2021-12-01T15:00:00Z,2021-12-01T21:00:00Z,EMR,MarketOnClose,Filled,buy,57,79.034888229,4504.988629053,1.0,
1001,2021-12-01T15:00:00Z,2021-12-01T21:00:00Z,QCOM,MarketOnClose,Filled,buy,28,158.131737218,4427.688642104,1.0,
1002,2021-12-01T15:00:00Z,2021-12-01T21:00:00Z,BDX,MarketOnClose,Filled,buy,27,169.44644811417,4575.05409908259,1.0,
1003,2021-12-01T15:00:00Z,2021-12-01T21:00:00Z,PM,MarketOnClose,Filled,buy,9,70.491278277,634.421504493,1.0,
1004,2021-12-01T15:00:00Z,2021-12-01T21:00:00Z,MMM,MarketOnClose,Filled,buy,5,100.999476624354,504.99738312177,1.0,
1005,2021-12-01T15:00:00Z,2021-12-01T21:00:00Z,HCA,MarketOnClose,Filled,buy,2,216.353718042,432.707436084,1.0,
1006,2021-12-01T15:00:00Z,2021-12-01T21:00:00Z,VZ,MarketOnClose,Filled,buy,11,36.716966433,403.886630763,1.0,
1007,2021-12-01T15:00:00Z,2021-12-01T21:00:00Z,NOC,MarketOnClose,Filled,buy,1,320.402598148,320.402598148,1.0,
1008,2022-01-03T15:00:00Z,2022-01-03T21:00:00Z,AMGN,MarketOnClose,Filled,sell,-26,195.656048324,-5087.057256424,1.0,reached implied value
1009,2022-01-03T15:00:00Z,2022-01-03T21:00:00Z,LMT,MarketOnClose,Filled,sell,-16,312.543045752,-5000.688732032,1.0,reached implied value
1010,2022-01-03T15:00:00Z,2022-01-03T21:00:00Z,MO,MarketOnClose,Filled,sell,-154,33.296523858,-5127.664674132,1.0,reached implied value
1011,2022-01-03T15:00:00Z,2022-01-03T21:00:00Z,UNH,MarketOnClose,Filled,sell,-11,460.37779328,-5064.15572608,1.0,reached implied value
1012,2022-01-03T15:00:00Z,2022-01-03T21:00:00Z,AVGO,MarketOnClose,Filled,sell,-16,61.107923842,-977.726781472,1.0,
1013,2022-01-03T15:00:00Z,2022-01-03T21:00:00Z,CVS,MarketOnClose,Filled,sell,-7,88.75405896,-621.27841272,1.0,
1014,2022-01-03T15:00:00Z,2022-01-03T21:00:00Z,FDX,MarketOnClose,Filled,sell,-4,152.279600775576,-609.118403102304,1.0,
1015,2022-01-03T15:00:00Z,2022-01-03T21:00:00Z,T,MarketOnClose,Filled,buy,343,14.6753032574311,5033.629017298867,1.715,
1016,2022-01-03T15:00:00Z,2022-01-03T21:00:00Z,CSX,MarketOnClose,Filled,buy,138,34.741775988,4794.365086344,1.0,
1017,2022-01-03T15:00:00Z,2022-01-03T21:00:00Z,DE,MarketOnClose,Filled,buy,15,329.813878223,4947.208173345,1.0,
1018,2022-01-03T15:00:00Z,2022-01-03T21:00:00Z,DUK,MarketOnClose,Filled,buy,55,85.944574474,4726.95159607,1.0,
1019,2022-01-03T15:00:00Z,2022-01-03T21:00:00Z,NFLX,MarketOnClose,Filled,buy,13,59.737,776.581,1.0,
1020,2022-01-03T15:00:00Z,2022-01-03T21:00:00Z,ORCL,MarketOnClose,Filled,buy,8,81.9991851,655.9934808,1.0,
1021,2022-01-03T15:00:00Z,2022-01-03T21:00:00Z,TGT,MarketOnClose,Filled,buy,2,199.163074184,398.326148368,1.0,
1022,2022-02-01T15:00:00Z,2022-02-01T21:00:00Z,DG,MarketOnClose,Filled,sell,-23,193.025602,-4439.588846,1.0,reached implied value
1023,2022-02-01T15:00:00Z,2022-02-01T21:00:00Z,PM,MarketOnClose,Filled,sell,-11,84.923899375,-934.162893125,1.0,
1024,2022-02-01T15:00:00Z,2022-02-01T21:00:00Z,DE,MarketOnClose,Filled,sell,-2,355.974031884,-711.948063768,1.0,
1025,2022-02-01T15:00:00Z,2022-02-01T21:00:00Z,T,MarketOnClose,Filled,sell,-31,14.3788112217141,-445.7431478731371,1.0,
1026,2022-02-01T15:00:00Z,2022-02-01T21:00:00Z,SBUX,MarketOnClose,Filled,buy,53,88.10142576,4669.37556528,1.0,
1027,2022-02-01T15:00:00Z,2022-02-01T21:00:00Z,TEL,MarketOnClose,Filled,buy,35,131.23680966,4593.2883381,1.0,
1028,2022-02-01T15:00:00Z,2022-02-01T21:00:00Z,NFLX,MarketOnClose,Filled,buy,29,45.713,1325.677,1.0,
1029,2022-02-01T15:00:00Z,2022-02-01T21:00:00Z,LRCX,MarketOnClose,Filled,buy,12,56.1581290095,673.897548114,1.0,
1030,2022-02-01T15:00:00Z,2022-02-01T21:00:00Z,AVGO,MarketOnClose,Filled,buy,7,54.603944732,382.227613124,1.0,
1031,2022-03-01T15:00:00Z,2022-03-01T21:00:00Z,VZ,MarketOnClose,Filled,sell,-124,40.026362532,-4963.268953968,1.0,no valuation
1032,2022-03-01T15:00:00Z,2022-03-01T21:00:00Z,NOC,MarketOnClose,Filled,sell,-3,424.06517796,-1272.19553388,1.0,
1033,2022-03-01T15:00:00Z,2022-03-01T21:00:00Z,FCX,MarketOnClose,Filled,sell,-26,45.32079576,-1178.34068976,1.0,
1034,2022-03-01T15:00:00Z,2022-03-01T21:00:00Z,BDX,MarketOnClose,Filled,sell,-3,190.95867182223,-572.87601546669,1.0,
1035,2022-03-01T15:00:00Z,2022-03-01T21:00:00Z,HCA,MarketOnClose,Filled,sell,-2,242.541770478,-485.083540956,1.0,
1036,2022-03-01T15:00:00Z,2022-03-01T21:00:00Z,EPD,MarketOnClose,Filled,buy,260,17.955260148,4668.36763848,1.3,
1037,2022-03-01T15:00:00Z,2022-03-01T21:00:00Z,F,MarketOnClose,Filled,buy,348,12.64980244,4402.13124912,1.74,
1038,2022-03-01T15:00:00Z,2022-03-01T21:00:00Z,PFE,MarketOnClose,Filled,buy,126,35.69163375,4497.1458525,1.0,
1039,2022-03-01T15:00:00Z,2022-03-01T21:00:00Z,COP,MarketOnClose,Filled,buy,58,81.211737408,4710.280769664,1.0,
1040,2022-03-01T15:00:00Z,2022-03-01T21:00:00Z,MRNA,MarketOnClose,Filled,buy,30,149.52,4485.6,1.0,
1041,2022-03-01T15:00:00Z,2022-03-01T21:00:00Z,EOG,MarketOnClose,Filled,buy,49,95.190505816,4664.334784984,1.0,
1042,2022-03-01T15:00:00Z,2022-03-01T21:00:00Z,GILD,MarketOnClose,Filled,buy,90,50.94226737,4584.8040633,1.0,
1043,2022-03-01T15:00:00Z,2022-03-01T21:00:00Z,XOM,MarketOnClose,Filled,buy,68,68.072399188,4628.923144784,1.0,
1044,2022-03-01T15:00:00Z,2022-03-01T21:00:00Z,BMY,MarketOnClose,Filled,buy,80,57.265668108,4581.25344864,1.0,
1045,2022-03-01T15:00:00Z,2022-03-01T21:00:00Z,CVX,MarketOnClose,Filled,buy,38,125.200331964,4757.612614632,1.0,
1046,2022-03-01T15:00:00Z,2022-03-01T21:00:00Z,UPS,MarketOnClose,Filled,buy,27,164.229428944,4434.194581488,1.0,
1047,2022-03-01T15:00:00Z,2022-03-01T21:00:00Z,CAT,MarketOnClose,Filled,buy,26,169.508933068,4407.232259768,1.0,
1048,2022-03-01T15:00:00Z,2022-03-01T21:00:00Z,JCI,MarketOnClose,Filled,buy,10,56.916078198,569.16078198,1.0,
1049,2022-03-01T15:00:00Z,2022-03-01T21:00:00Z,HD,MarketOnClose,Filled,buy,2,283.2998112,566.5996224,1.0,
1050,2022-03-01T15:00:00Z,2022-03-01T21:00:00Z,MMM,MarketOnClose,Filled,buy,6,86.4411177705571,518.6467066233427,1.0,
1051,2022-03-01T15:00:00Z,2022-03-01T21:00:00Z,FDX,MarketOnClose,Filled,buy,4,126.576712445094,506.306849780376,1.0,
1052,2022-03-01T15:00:00Z,2022-03-01T21:00:00Z,ORCL,MarketOnClose,Filled,buy,6,71.152058655,426.91235193,1.0,
1053,2022-03-01T15:00:00Z,2022-03-01T21:00:00Z,TGT,MarketOnClose,Filled,buy,2,189.32376965,378.6475393,1.0,
1054,2022-03-01T15:00:00Z,2022-03-01T21:00:00Z,LOW,MarketOnClose,Filled,buy,1,202.44862995,202.44862995,1.0,
1055,2022-04-01T04:00:00Z,,TEL,MarketOnOpen,Canceled,sell,-35,0.0,0.0,0.0,no valuation
1056,2022-04-01T04:00:00Z,,JCI,MarketOnOpen,Canceled,sell,-78,0.0,0.0,0.0,no valuation
1057,2022-04-01T14:00:00Z,2022-04-01T20:00:00Z,TEL,MarketOnClose,Filled,sell,-35,121.296954402,-4245.39340407,1.0,no valuation
1058,2022-04-01T14:00:00Z,2022-04-01T20:00:00Z,JCI,MarketOnClose,Filled,sell,-78,60.800237932,-4742.418558696,1.0,no valuation
1059,2022-04-01T14:00:00Z,2022-04-01T20:00:00Z,CAT,MarketOnClose,Filled,sell,-3,203.757469892,-611.272409676,1.0,
1060,2022-04-01T14:00:00Z,2022-04-01T20:00:00Z,MRNA,MarketOnClose,Filled,sell,-3,176.59,-529.77,1.0,
1061,2022-04-01T14:00:00Z,2022-04-01T20:00:00Z,CVX,MarketOnClose,Filled,sell,-3,137.371540824,-412.114622472,1.0,
1062,2022-04-01T14:00:00Z,2022-04-01T20:00:00Z,ADM,MarketOnClose,Filled,buy,60,80.014001184,4800.84007104,1.0,
1063,2022-04-01T14:00:00Z,2022-04-01T20:00:00Z,SCCO,MarketOnClose,Filled,buy,80,60.9962459128176,4879.699673025408,1.0,
1064,2022-04-01T14:00:00Z,2022-04-01T20:00:00Z,QCOM,MarketOnClose,Filled,buy,6,132.897260255,797.38356153,1.0,
1065,2022-04-01T14:00:00Z,2022-04-01T20:00:00Z,NFLX,MarketOnClose,Filled,buy,18,37.347,672.246,1.0,
1066,2022-04-01T14:00:00Z,2022-04-01T20:00:00Z,LOW,MarketOnClose,Filled,buy,3,185.009714106,555.029142318,1.0,
1067,2022-04-01T14:00:00Z,2022-04-01T20:00:00Z,LRCX,MarketOnClose,Filled,buy,10,50.219631534,502.19631534,1.0,
1068,2022-04-01T14:00:00Z,2022-04-01T20:00:00Z,PM,MarketOnClose,Filled,buy,6,80.67914691,484.07488146,1.0,
1069,2022-04-01T14:00:00Z,2022-04-01T20:00:00Z,MU,MarketOnClose,Filled,buy,6,74.46911147,446.81466882,1.0,
1070,2022-04-01T14:00:00Z,2022-04-01T20:00:00Z,T,MarketOnClose,Filled,buy,31,14.1197335420436,437.7117398033516,1.0,
1071,2022-04-01T14:00:00Z,2022-04-01T20:00:00Z,SBUX,MarketOnClose,Filled,buy,5,82.029851659,410.149258295,1.0,
1072,2022-04-01T14:00:00Z,2022-04-01T20:00:00Z,HD,MarketOnClose,Filled,buy,1,268.669813077,268.669813077,1.0,
1073,2022-05-02T14:00:00Z,2022-05-02T20:00:00Z,TGT,MarketOnClose,Filled,sell,-4,198.2496614,-792.9986456,1.0,
1074,2022-05-02T14:00:00Z,2022-05-02T20:00:00Z,DUK,MarketOnClose,Filled,sell,-8,91.190541672,-729.524333376,1.0,
1075,2022-05-02T14:00:00Z,2022-05-02T20:00:00Z,T,MarketOnClose,Filled,sell,-47,15.1202394,-710.6512518,1.0,
1076,2022-05-02T14:00:00Z,2022-05-02T20:00:00Z,BMY,MarketOnClose,Filled,sell,-11,63.109897996,-694.208877956,1.0,
1077,2022-05-02T14:00:00Z,2022-05-02T20:00:00Z,PM,MarketOnClose,Filled,sell,-8,82.171352665,-657.37082132,1.0,
1078,2022-05-02T14:00:00Z,2022-05-02T20:00:00Z,XOM,MarketOnClose,Filled,sell,-8,74.332720892,-594.661767136,1.0,
1079,2022-05-02T14:00:00Z,2022-05-02T20:00:00Z,EPD,MarketOnClose,Filled,sell,-30,19.00728102,-570.2184306,1.0,
1080,2022-05-02T14:00:00Z,2022-05-02T20:00:00Z,PFE,MarketOnClose,Filled,sell,-11,37.79802525,-415.77827775,1.0,
1081,2022-05-02T14:00:00Z,2022-05-02T20:00:00Z,NFLX,MarketOnClose,Filled,buy,105,19.946,2094.33,1.0,
1082,2022-05-02T14:00:00Z,2022-05-02T20:00:00Z,MRNA,MarketOnClose,Filled,buy,5,142.08,710.4,1.0,
1083,2022-05-02T14:00:00Z,2022-05-02T20:00:00Z,F,MarketOnClose,Filled,buy,62,10.888684212,675.098421144,1.0,
1084,2022-05-02T14:00:00Z,2022-05-02T20:00:00Z,SBUX,MarketOnClose,Filled,buy,8,67.576674167,540.613393336,1.0,
1085,2022-05-02T14:00:00Z,2022-05-02T20:00:00Z,SCCO,MarketOnClose,Filled,buy,11,48.2773152696179,531.0504679657969,1.0,
1086,2022-05-02T14:00:00Z,2022-05-02T20:00:00Z,UPS,MarketOnClose,Filled,buy,3,142.853712594,428.561137782,1.0,
1087,2022-05-02T14:00:00Z,2022-05-02T20:00:00Z,FCX,MarketOnClose,Filled,buy,11,38.075978318,418.835761498,1.0,
1088,2022-05-02T14:00:00Z,2022-05-02T20:00:00Z,HCA,MarketOnClose,Filled,buy,2,202.995247044,405.990494088,1.0,
1089,2022-06-01T14:00:00Z,2022-06-01T20:00:00Z,ORCL,MarketOnClose,Filled,sell,-65,67.30381384,-4374.7478996,1.0,reached implied value
1090,2022-06-01T14:00:00Z,2022-06-01T20:00:00Z,EOG,MarketOnClose,Filled,sell,-9,116.111423246,-1045.002809214,1.0,
1091,2022-06-01T14:00:00Z,2022-06-01T20:00:00Z,COP,MarketOnClose,Filled,sell,-10,97.676181525,-976.76181525,1.0,
1092,2022-06-01T14:00:00Z,2022-06-01T20:00:00Z,CVX,MarketOnClose,Filled,sell,-4,148.715117397,-594.860469588,1.0,
1093,2022-06-01T14:00:00Z,2022-06-01T20:00:00Z,XOM,MarketOnClose,Filled,sell,-6,85.015180194,-510.091081164,1.0,
1094,2022-06-01T14:00:00Z,2022-06-01T20:00:00Z,GILD,MarketOnClose,Filled,sell,-8,55.452848454,-443.622787632,1.0,
1095,2022-06-01T14:00:00Z,2022-06-01T20:00:00Z,T,MarketOnClose,Filled,sell,-25,16.78093515,-419.52337875,1.0,
1096,2022-06-01T14:00:00Z,2022-06-01T20:00:00Z,DOW,MarketOnClose,Filled,buy,85,53.632354503,4558.750132755,1.0,
1097,2022-06-01T14:00:00Z,2022-06-01T20:00:00Z,TGT,MarketOnClose,Filled,buy,10,135.56597538,1355.6597538,1.0,
1098,2022-06-01T14:00:00Z,2022-06-01T20:00:00Z,CSX,MarketOnClose,Filled,buy,14,30.1671424,422.3399936,1.0,
1099,2022-07-01T04:00:00Z,,DOW,MarketOnOpen,Canceled,sell,-85,0.0,0.0,0.0,no valuation
1100,2022-07-01T04:00:00Z,,SCCO,MarketOnOpen,Canceled,sell,-91,0.0,0.0,0.0,no valuation
1101,2022-07-01T14:00:00Z,2022-07-01T20:00:00Z,DOW,MarketOnClose,Filled,sell,-85,40.702634037,-3459.723893145,1.0,no valuation
1102,2022-07-01T14:00:00Z,2022-07-01T20:00:00Z,SCCO,MarketOnClose,Filled,sell,-91,40.0092694956536,-3640.8435241044776,1.0,no valuation
1103,2022-07-01T14:00:00Z,2022-07-01T20:00:00Z,NOC,MarketOnClose,Filled,sell,-2,453.888995475,-907.77799095,1.0,
1104,2022-07-01T14:00:00Z,2022-07-01T20:00:00Z,PFE,MarketOnClose,Filled,sell,-17,41.14218117,-699.41707989,1.0,
1105,2022-07-01T14:00:00Z,2022-07-01T20:00:00Z,FDX,MarketOnClose,Filled,sell,-5,132.818182150818,-664.09091075409,1.0,
1106,2022-07-01T14:00:00Z,2022-07-01T20:00:00Z,MRNA,MarketOnClose,Filled,sell,-4,149.95,-599.8,1.0,
1107,2022-07-01T14:00:00Z,2022-07-01T20:00:00Z,SBUX,MarketOnClose,Filled,sell,-7,71.564971566,-500.954800962,1.0,
1108,2022-07-01T14:00:00Z,2022-07-01T20:00:00Z,UPS,MarketOnClose,Filled,sell,-3,149.092579506,-447.277738518,1.0,
1109,2022-07-01T14:00:00Z,2022-07-01T20:00:00Z,T,MarketOnClose,Filled,sell,-25,16.8560618625,-421.4015465625,1.0,
1110,2022-07-01T14:00:00Z,2022-07-01T20:00:00Z,BMY,MarketOnClose,Filled,sell,-6,64.589298908,-387.535793448,1.0,
1111,2022-07-01T14:00:00Z,2022-07-01T20:00:00Z,MPC,MarketOnClose,Filled,buy,54,77.271380736,4172.654559744,1.0,
1112,2022-07-01T14:00:00Z,2022-07-01T20:00:00Z,META,MarketOnClose,Filled,buy,25,158.511827396,3962.7956849,1.0,
1113,2022-07-01T14:00:00Z,2022-07-01T20:00:00Z,FCX,MarketOnClose,Filled,buy,32,27.67094492,885.47023744,1.0,
1114,2022-07-01T14:00:00Z,2022-07-01T20:00:00Z,MU,MarketOnClose,Filled,buy,13,52.516767145,682.717972885,1.0,
1115,2022-07-01T14:00:00Z,2022-07-01T20:00:00Z,HCA,MarketOnClose,Filled,buy,4,169.090681578,676.362726312,1.0,
1116,2022-07-01T14:00:00Z,2022-07-01T20:00:00Z,F,MarketOnClose,Filled,buy,71,8.6278334635,612.5761759085,1.0,
1117,2022-07-01T14:00:00Z,2022-07-01T20:00:00Z,INTC,MarketOnClose,Filled,buy,12,34.229325558,410.751906696,1.0,
1118,2022-07-01T14:00:00Z,2022-07-01T20:00:00Z,COP,MarketOnClose,Filled,buy,5,77.369646744,386.84823372,1.0,
1119,2022-07-01T14:00:00Z,2022-07-01T20:00:00Z,DE,MarketOnClose,Filled,buy,1,285.913719665,285.913719665,1.0,
1120,2022-07-01T14:00:00Z,2022-07-01T20:00:00Z,EOG,MarketOnClose,Filled,buy,3,93.893616638,281.680849914,1.0,
1121,2022-08-01T14:00:00Z,2022-08-01T20:00:00Z,FDX,MarketOnClose,Filled,sell,-30,141.187254135546,-4235.61762406638,1.0,no valuation
1122,2022-08-01T14:00:00Z,2022-08-01T20:00:00Z,F,MarketOnClose,Filled,sell,-86,11.689322757,-1005.281757102,1.0,
1123,2022-08-01T14:00:00Z,2022-08-01T20:00:00Z,HCA,MarketOnClose,Filled,sell,-4,203.718243183,-814.872972732,1.0,
1124,2022-08-01T14:00:00Z,2022-08-01T20:00:00Z,NFLX,MarketOnClose,Filled,sell,-35,22.621,-791.735,1.0,
1125,2022-08-01T14:00:00Z,2022-08-01T20:00:00Z,FISV,MarketOnClose,Filled,sell,-6,106.13,-636.78,1.0,
1126,2022-08-01T14:00:00Z,2022-08-01T20:00:00Z,VLO,MarketOnClose,Filled,buy,45,97.88384477,4404.77301465,1.0,
1127,2022-08-01T14:00:00Z,2022-08-01T20:00:00Z,T,MarketOnClose,Filled,buy,48,15.000734736,720.035267328,1.0,
1128,2022-08-01T14:00:00Z,2022-08-01T20:00:00Z,BMY,MarketOnClose,Filled,buy,8,61.882667694,495.061341552,1.0,
1129,2022-08-01T14:00:00Z,2022-08-01T20:00:00Z,PFE,MarketOnClose,Filled,buy,12,40.10606094,481.27273128,1.0,
1130,2022-08-01T14:00:00Z,2022-08-01T20:00:00Z,INTC,MarketOnClose,Filled,buy,14,34.813315152,487.386412128,1.0,
1131,2022-08-01T14:00:00Z,2022-08-01T20:00:00Z,META,MarketOnClose,Filled,buy,3,158.412776076,475.238328228,1.0,
1132,2022-08-01T14:00:00Z,2022-08-01T20:00:00Z,EOG,MarketOnClose,Filled,buy,4,91.183280364,364.733121456,1.0,
1133,2022-09-01T14:00:00Z,2022-09-01T20:00:00Z,MPC,MarketOnClose,Filled,sell,-8,89.042673976,-712.341391808,1.0,
1134,2022-09-01T14:00:00Z,2022-09-01T20:00:00Z,DE,MarketOnClose,Filled,sell,-2,344.815946035,-689.63189207,1.0,
1135,2022-09-01T14:00:00Z,2022-09-01T20:00:00Z,COP,MarketOnClose,Filled,sell,-7,91.855040063,-642.985280441,1.0,
1136,2022-09-01T14:00:00Z,2022-09-01T20:00:00Z,EOG,MarketOnClose,Filled,sell,-5,100.616910318,-503.08455159,1.0,
1137,2022-09-01T14:00:00Z,2022-09-01T20:00:00Z,VLO,MarketOnClose,Filled,sell,-4,98.731329984,-394.925319936,1.0,
1138,2022-09-01T14:00:00Z,2022-09-01T20:00:00Z,MRNA,MarketOnClose,Filled,buy,4,138.95,555.8,1.0,
1139,2022-09-01T14:00:00Z,2022-09-01T20:00:00Z,INTC,MarketOnClose,Filled,buy,14,30.217346928,423.042856992,1.0,
1140,2022-09-01T14:00:00Z,2022-09-01T20:00:00Z,LRCX,MarketOnClose,Filled,buy,10,41.4310201704,414.310201704,1.0,
1141,2022-09-01T14:00:00Z,2022-09-01T20:00:00Z,PFE,MarketOnClose,Filled,buy,11,36.9554365875,406.5098024625,1.0,
1142,2022-09-01T14:00:00Z,2022-09-01T20:00:00Z,MMM,MarketOnClose,Filled,buy,5,76.5695731166191,382.8478655830955,1.0,
1143,2022-09-01T14:00:00Z,2022-09-01T20:00:00Z,CAT,MarketOnClose,Filled,buy,2,171.142293536,342.284587072,1.0,
1144,2022-10-03T14:00:00Z,2022-10-03T20:00:00Z,BDX,MarketOnClose,Filled,sell,-24,168.121737559887,-4034.921701437288,1.0,reached implied value
1145,2022-10-03T14:00:00Z,2022-10-03T20:00:00Z,SBUX,MarketOnClose,Filled,sell,-59,77.747977332,-4587.130662588,1.0,reached implied value
1146,2022-10-03T14:00:00Z,2022-10-03T20:00:00Z,REGN,MarketOnClose,Filled,sell,-2,728.257563682,-1456.515127364,1.0,
1147,2022-10-03T14:00:00Z,2022-10-03T20:00:00Z,NFLX,MarketOnClose,Filled,sell,-28,23.904,-669.312,1.0,
1148,2022-10-03T14:00:00Z,2022-10-03T20:00:00Z,CVS,MarketOnClose,Filled,sell,-7,84.669486304,-592.686404128,1.0,
1149,2022-10-03T14:00:00Z,2022-10-03T20:00:00Z,GILD,MarketOnClose,Filled,sell,-9,54.634641512,-491.711773608,1.0,
1150,2022-10-03T14:00:00Z,2022-10-03T20:00:00Z,LOW,MarketOnClose,Filled,sell,-2,179.015553101,-358.031106202,1.0,
1151,2022-10-03T14:00:00Z,2022-10-03T20:00:00Z,AMAT,MarketOnClose,Filled,buy,50,83.4540165,4172.700825,1.0,
1152,2022-10-03T14:00:00Z,2022-10-03T20:00:00Z,NSC,MarketOnClose,Filled,buy,20,198.73767656,3974.7535312,1.0,
1153,2022-10-03T14:00:00Z,2022-10-03T20:00:00Z,F,MarketOnClose,Filled,buy,66,8.829400577,582.740438082,1.0,
1154,2022-10-03T14:00:00Z,2022-10-03T20:00:00Z,INTC,MarketOnClose,Filled,buy,19,25.660007766,487.540147554,1.0,
1155,2022-10-03T14:00:00Z,2022-10-03T20:00:00Z,QCOM,MarketOnClose,Filled,buy,4,103.26191232,413.04764928,1.0,
1156,2022-10-03T14:00:00Z,2022-10-03T20:00:00Z,UPS,MarketOnClose,Filled,buy,3,132.467526552,397.402579656,1.0,
1157,2022-10-03T14:00:00Z,2022-10-03T20:00:00Z,AVGO,MarketOnClose,Filled,buy,9,43.0745275764,387.6707481876,1.0,
1158,2022-10-03T14:00:00Z,2022-10-03T20:00:00Z,T,MarketOnClose,Filled,buy,30,12.74100867,382.2302601,1.0,
1159,2022-10-03T14:00:00Z,2022-10-03T20:00:00Z,LRCX,MarketOnClose,Filled,buy,10,37.5135271936,375.135271936,1.0,
1160,2022-11-01T14:00:00Z,2022-11-01T20:00:00Z,XOM,MarketOnClose,Filled,sell,-8,98.2445856,-785.9566848,1.0,
1161,2022-11-01T14:00:00Z,2022-11-01T20:00:00Z,ADM,MarketOnClose,Filled,sell,-8,86.391518079,-691.132144632,1.0,
1162,2022-11-01T14:00:00Z,2022-11-01T20:00:00Z,COP,MarketOnClose,Filled,sell,-6,112.248417668,-673.490506008,1.0,
1163,2022-11-01T14:00:00Z,2022-11-01T20:00:00Z,CAT,MarketOnClose,Filled,sell,-3,206.3407372,-619.0222116,1.0,
1164,2022-11-01T14:00:00Z,2022-11-01T20:00:00Z,GILD,MarketOnClose,Filled,sell,-8,69.555719794,-556.445758352,1.0,
1165,2022-11-01T14:00:00Z,2022-11-01T20:00:00Z,EOG,MarketOnClose,Filled,sell,-4,117.654790603,-470.619162412,1.0,
1166,2022-11-01T14:00:00Z,2022-11-01T20:00:00Z,NFLX,MarketOnClose,Filled,sell,-15,28.675,-430.125,1.0,
1167,2022-11-01T14:00:00Z,2022-11-01T20:00:00Z,META,MarketOnClose,Filled,buy,20,94.29685664,1885.9371328,1.0,
1168,2022-11-01T14:00:00Z,2022-11-01T20:00:00Z,REGN,MarketOnClose,Filled,buy,1,752.805905374,752.805905374,1.0,
1169,2022-11-01T14:00:00Z,2022-11-01T20:00:00Z,DUK,MarketOnClose,Filled,buy,9,80.059432635,720.534893715,1.0,
1170,2022-11-01T14:00:00Z,2022-11-01T20:00:00Z,CVS,MarketOnClose,Filled,buy,6,82.444648494,494.667890964,1.0,
1171,2022-11-01T14:00:00Z,2022-11-01T20:00:00Z,MU,MarketOnClose,Filled,buy,9,53.919880638,485.278925742,1.0,
1172,2022-11-01T14:00:00Z,2022-11-01T20:00:00Z,UPS,MarketOnClose,Filled,buy,3,135.869751244,407.609253732,1.0,
1173,2022-11-01T14:00:00Z,2022-11-01T20:00:00Z,QCOM,MarketOnClose,Filled,buy,3,107.23774272,321.71322816,1.0,
1174,2022-11-01T14:00:00Z,2022-11-01T20:00:00Z,PM,MarketOnClose,Filled,buy,4,77.553258992,310.213035968,1.0,
1175,2022-12-01T15:00:00Z,2022-12-01T21:00:00Z,MRNA,MarketOnClose,Filled,sell,-5,181.48,-907.4,1.0,
1176,2022-12-01T15:00:00Z,2022-12-01T21:00:00Z,META,MarketOnClose,Filled,sell,-7,119.297409808,-835.081868656,1.0,
1177,2022-12-01T15:00:00Z,2022-12-01T21:00:00Z,FCX,MarketOnClose,Filled,sell,-19,37.702636302,-716.350089738,1.0,
1178,2022-12-01T15:00:00Z,2022-12-01T21:00:00Z,AMAT,MarketOnClose,Filled,sell,-5,103.793140287,-518.965701435,1.0,
1179,2022-12-01T15:00:00Z,2022-12-01T21:00:00Z,FISV,MarketOnClose,Filled,buy,5,105.03,525.15,1.0,
1180,2022-12-01T15:00:00Z,2022-12-01T21:00:00Z,EPD,MarketOnClose,Filled,buy,25,19.110416067,477.760401675,1.0,
1181,2022-12-01T15:00:00Z,2022-12-01T21:00:00Z,COP,MarketOnClose,Filled,buy,4,108.515267868,434.061071472,1.0,
1182,2022-12-01T15:00:00Z,2022-12-01T21:00:00Z,MMM,MarketOnClose,Filled,buy,5,77.7004630796926,388.502315398463,1.0,
1183,2023-01-03T15:00:00Z,2023-01-03T21:00:00Z,EMR,MarketOnClose,Filled,sell,-5,89.52792121,-447.63960605,1.0,
1184,2023-01-03T15:00:00Z,2023-01-03T21:00:00Z,AVGO,MarketOnClose,Filled,sell,-8,52.628863456,-421.030907648,1.0,
1185,2023-01-03T15:00:00Z,2023-01-03T21:00:00Z,INTC,MarketOnClose,Filled,buy,21,25.775145594,541.278057474,1.0,
1186,2023-01-03T15:00:00Z,2023-01-03T21:00:00Z,QCOM,MarketOnClose,Filled,buy,5,98.6037928,493.018964,1.0,
1187,2023-01-03T15:00:00Z,2023-01-03T21:00:00Z,MU,MarketOnClose,Filled,buy,10,49.619481963,496.19481963,1.0,
1188,2023-01-03T15:00:00Z,2023-01-03T21:00:00Z,F,MarketOnClose,Filled,buy,54,9.085109065,490.59588951,1.0,
1189,2023-01-03T15:00:00Z,2023-01-03T21:00:00Z,TGT,MarketOnClose,Filled,buy,3,133.01861527,399.05584581,1.0,
1190,2023-01-03T15:00:00Z,2023-01-03T21:00:00Z,AMAT,MarketOnClose,Filled,buy,4,93.822170451,375.288681804,1.0,
1191,2023-01-03T15:00:00Z,2023-01-03T21:00:00Z,LOW,MarketOnClose,Filled,buy,2,184.693833728,369.387667456,1.0,
1192,2023-02-01T15:00:00Z,2023-02-01T21:00:00Z,CAT,MarketOnClose,Filled,sell,-22,236.777251746,-5209.099538412,1.0,reached implied value
1193,2023-02-01T15:00:00Z,2023-02-01T21:00:00Z,GILD,MarketOnClose,Filled,sell,-65,74.2517916,-4826.366454,1.0,reached implied value
1194,2023-02-01T15:00:00Z,2023-02-01T21:00:00Z,HD,MarketOnClose,Filled,sell,-17,297.537143694,-5058.131442798,1.0,reached implied value
1195,2023-02-01T15:00:00Z,2023-02-01T21:00:00Z,INTC,MarketOnClose,Filled,sell,-183,28.031555646,-5129.774683218,1.0,no valuation
1196,2023-02-01T15:00:00Z,2023-02-01T21:00:00Z,LOW,MarketOnClose,Filled,sell,-25,199.186963524,-4979.6740881,1.0,reached implied value
1197,2023-02-01T15:00:00Z,2023-02-01T21:00:00Z,NOC,MarketOnClose,Filled,sell,-9,415.860175281,-3742.741577529,1.0,reached implied value
1198,2023-02-01T15:00:00Z,2023-02-01T21:00:00Z,PM,MarketOnClose,Filled,sell,-57,90.247533183,-5144.109391431,1.0,reached implied value
1199,2023-02-01T15:00:00Z,2023-02-01T21:00:00Z,META,MarketOnClose,Filled,sell,-8,151.667381184,-1213.339049472,1.0,
1200,2023-02-01T15:00:00Z,2023-02-01T21:00:00Z,QCOM,MarketOnClose,Filled,sell,-6,127.35710029,-764.14260174,1.0,
1201,2023-02-01T15:00:00Z,2023-02-01T21:00:00Z,MU,MarketOnClose,Filled,sell,-12,61.66725374,-740.00704488,1.0,
1202,2023-02-01T15:00:00Z,2023-02-01T21:00:00Z,MPC,MarketOnClose,Filled,sell,-5,113.870797959,-569.353989795,1.0,
1203,2023-02-01T15:00:00Z,2023-02-01T21:00:00Z,LRCX,MarketOnClose,Filled,sell,-12,51.2371731926,-614.8460783112,1.0,
1204,2023-02-01T15:00:00Z,2023-02-01T21:00:00Z,NFLX,MarketOnClose,Filled,sell,-16,36.199,-579.184,1.0,
1205,2023-02-01T15:00:00Z,2023-02-01T21:00:00Z,T,MarketOnClose,Filled,sell,-33,16.702835694,-551.193577902,1.0,
1206,2023-02-01T15:00:00Z,2023-02-01T21:00:00Z,FCX,MarketOnClose,Filled,sell,-13,42.8514762775,-557.0691916075,1.0,
1207,2023-02-01T15:00:00Z,2023-02-01T21:00:00Z,F,MarketOnClose,Filled,sell,-49,10.73871564,-526.19706636,1.0,
1208,2023-02-01T15:00:00Z,2023-02-01T21:00:00Z,KLAC,MarketOnClose,Filled,buy,129,39.6418177251,5113.7944865379,1.0,
1209,2023-02-01T15:00:00Z,2023-02-01T21:00:00Z,SLB,MarketOnClose,Filled,buy,94,50.83174202,4778.18374988,1.0,
1210,2023-02-01T15:00:00Z,2023-02-01T21:00:00Z,MDT,MarketOnClose,Filled,buy,66,75.837688191,5005.287420606,1.0,
1211,2023-02-01T15:00:00Z,2023-02-01T21:00:00Z,AZO,MarketOnClose,Filled,buy,2,2495.68,4991.36,1.0,
1212,2023-02-01T15:00:00Z,2023-02-01T21:00:00Z,CSCO,MarketOnClose,Filled,buy,110,44.203498716,4862.38485876,1.0,
1213,2023-02-01T15:00:00Z,2023-02-01T21:00:00Z,OXY,MarketOnClose,Filled,buy,80,59.5862791,4766.902328,1.0,
1214,2023-02-01T15:00:00Z,2023-02-01T21:00:00Z,PSX,MarketOnClose,Filled,buy,55,86.108624309,4735.974336995,1.0,
1215,2023-02-01T15:00:00Z,2023-02-01T21:00:00Z,ADM,MarketOnClose,Filled,buy,14,74.163317508,1038.286445112,1.0,
1216,2023-02-01T15:00:00Z,2023-02-01T21:00:00Z,CVS,MarketOnClose,Filled,buy,9,76.758634082,690.827706738,1.0,
1217,2023-02-01T15:00:00Z,2023-02-01T21:00:00Z,PFE,MarketOnClose,Filled,buy,16,35.480517558,567.688280928,1.0,
1218,2023-02-01T15:00:00Z,2023-02-01T21:00:00Z,EMR,MarketOnClose,Filled,buy,6,85.38095286,512.28571716,1.0,
1219,2023-02-01T15:00:00Z,2023-02-01T21:00:00Z,MMM,MarketOnClose,Filled,buy,7,71.4602544742924,500.2217813200468,1.0,
1220,2023-02-01T15:00:00Z,2023-02-01T21:00:00Z,BMY,MarketOnClose,Filled,buy,8,60.806942592,486.455540736,1.0,
1221,2023-02-01T15:00:00Z,2023-02-01T21:00:00Z,EOG,MarketOnClose,Filled,buy,4,111.885224181,447.540896724,1.0,
1222,2023-02-01T15:00:00Z,2023-02-01T21:00:00Z,CSX,MarketOnClose,Filled,buy,15,29.966450904,449.49676356,1.0,
1223,2023-03-01T15:00:00Z,2023-03-01T21:00:00Z,CVS,MarketOnClose,Filled,sell,-63,72.354378246,-4558.325829498,1.0,reached implied value
1224,2023-03-01T15:00:00Z,2023-03-01T21:00:00Z,REGN,MarketOnClose,Filled,sell,-6,763.237464616,-4579.424787696,1.0,reached implied value
1225,2023-03-01T15:00:00Z,2023-03-01T21:00:00Z,DUK,MarketOnClose,Filled,sell,-56,80.156270856,-4488.751167936,1.0,no valuation
1226,2023-03-01T15:00:00Z,2023-03-01T21:00:00Z,META,MarketOnClose,Filled,sell,-33,171.774799144,-5668.568371752,1.0,reached implied value
1227,2023-03-01T15:00:00Z,2023-03-01T21:00:00Z,F,MarketOnClose,Filled,sell,-466,9.702696474,-4521.456556884,2.33,no valuation
1228,2023-03-01T15:00:00Z,2023-03-01T21:00:00Z,T,MarketOnClose,Filled,sell,-291,15.437093316,-4492.194154956,1.455,no valuation
1229,2023-03-01T15:00:00Z,2023-03-01T21:00:00Z,UPS,MarketOnClose,Filled,sell,-33,151.370745388,-4995.234597804,1.0,reached implied value
1230,2023-03-01T15:00:00Z,2023-03-01T21:00:00Z,AMAT,MarketOnClose,Filled,sell,-8,114.001379778,-912.011038224,1.0,
1231,2023-03-01T15:00:00Z,2023-03-01T21:00:00Z,TGT,MarketOnClose,Filled,sell,-4,143.329128928,-573.316515712,1.0,
1232,2023-03-01T15:00:00Z,2023-03-01T21:00:00Z,FISV,MarketOnClose,Filled,sell,-5,115.81,-579.05,1.0,
1233,2023-03-01T15:00:00Z,2023-03-01T21:00:00Z,EPD,MarketOnClose,Filled,sell,-20,20.105681862,-402.11363724,1.0,
1234,2023-03-01T15:00:00Z,2023-03-01T21:00:00Z,MO,MarketOnClose,Filled,buy,135,34.66274812,4679.4709962,1.0,
1235,2023-03-01T15:00:00Z,2023-03-01T21:00:00Z,VZ,MarketOnClose,Filled,buy,153,30.26961602,4631.25125106,1.0,
1236,2023-03-01T15:00:00Z,2023-03-01T21:00:00Z,SO,MarketOnClose,Filled,buy,85,54.361972816,4620.76768936,1.0,
1237,2023-03-01T15:00:00Z,2023-03-01T21:00:00Z,NXPI,MarketOnClose,Filled,buy,28,166.896048686,4673.089363208,1.0,
1238,2023-03-01T15:00:00Z,2023-03-01T21:00:00Z,MRK,MarketOnClose,Filled,buy,49,95.363134515,4672.793591235,1.0,
1239,2023-03-01T15:00:00Z,2023-03-01T21:00:00Z,CI,MarketOnClose,Filled,buy,17,268.807279125,4569.723745125,1.0,
1240,2023-03-01T15:00:00Z,2023-03-01T21:00:00Z,UNH,MarketOnClose,Filled,buy,10,441.153521646,4411.53521646,1.0,
1241,2023-03-01T15:00:00Z,2023-03-01T21:00:00Z,MRNA,MarketOnClose,Filled,buy,7,135.66,949.62,1.0,
1242,2023-03-01T15:00:00Z,2023-03-01T21:00:00Z,COP,MarketOnClose,Filled,buy,7,94.696343125,662.874401875,1.0,
1243,2023-03-01T15:00:00Z,2023-03-01T21:00:00Z,EOG,MarketOnClose,Filled,buy,5,103.728299989,518.641499945,1.0,
1244,2023-03-01T15:00:00Z,2023-03-01T21:00:00Z,NSC,MarketOnClose,Filled,buy,2,208.906944965,417.81388993,1.0,
1245,2023-03-01T15:00:00Z,2023-03-01T21:00:00Z,CVX,MarketOnClose,Filled,buy,2,140.234727936,280.469455872,1.0,
1246,2023-04-01T04:00:00Z,,ADM,MarketOnOpen,Canceled,sell,-66,0.0,0.0,0.0,no valuation
1247,2023-04-03T14:00:00Z,2023-04-03T20:00:00Z,TGT,MarketOnClose,Filled,sell,-31,146.51441676,-4541.94691956,1.0,no valuation
1248,2023-04-03T14:00:00Z,2023-04-03T20:00:00Z,ADM,MarketOnClose,Filled,sell,-66,71.930679834,-4747.424869044,1.0,no valuation
1249,2023-04-03T14:00:00Z,2023-04-03T20:00:00Z,HCA,MarketOnClose,Filled,sell,-3,257.053620512,-771.160861536,1.0,
1250,2023-04-03T14:00:00Z,2023-04-03T20:00:00Z,AVGO,MarketOnClose,Filled,sell,-9,61.5303734273,-553.7733608457,1.0,
1251,2023-04-03T14:00:00Z,2023-04-03T20:00:00Z,MRNA,MarketOnClose,Filled,sell,-3,159.48,-478.44,1.0,
1252,2023-04-03T14:00:00Z,2023-04-03T20:00:00Z,CSCO,MarketOnClose,Filled,sell,-9,47.607268228,-428.465414052,1.0,
1253,2023-04-03T14:00:00Z,2023-04-03T20:00:00Z,AMGN,MarketOnClose,Filled,buy,22,219.559210164,4830.302623608,1.0,
1254,2023-04-03T14:00:00Z,2023-04-03T20:00:00Z,MAR,MarketOnClose,Filled,buy,29,159.011045496,4611.320319384,1.0,
1255,2023-04-03T14:00:00Z,2023-04-03T20:00:00Z,CI,MarketOnClose,Filled,buy,3,244.9492234,734.8476702,1.0,
1256,2023-04-03T14:00:00Z,2023-04-03T20:00:00Z,SLB,MarketOnClose,Filled,buy,12,47.982235212,575.786822544,1.0,
1257,2023-04-03T14:00:00Z,2023-04-03T20:00:00Z,NSC,MarketOnClose,Filled,buy,2,193.42034255,386.8406851,1.0,
1258,2023-05-01T14:00:00Z,2023-05-01T20:00:00Z,AZO,MarketOnClose,Filled,sell,-1,2679.54,-2679.54,1.0,
1259,2023-05-01T14:00:00Z,2023-05-01T20:00:00Z,SO,MarketOnClose,Filled,sell,-11,64.620265504,-710.822920544,1.0,
1260,2023-05-01T14:00:00Z,2023-05-01T20:00:00Z,MDT,MarketOnClose,Filled,sell,-8,80.866982188,-646.935857504,1.0,
1261,2023-05-01T14:00:00Z,2023-05-01T20:00:00Z,MU,MarketOnClose,Filled,sell,-7,61.545105145,-430.815736015,1.0,
1262,2023-05-01T14:00:00Z,2023-05-01T20:00:00Z,FCX,MarketOnClose,Filled,buy,16,36.095362974,577.525807584,1.0,
1263,2023-05-01T14:00:00Z,2023-05-01T20:00:00Z,MRNA,MarketOnClose,Filled,buy,4,133.4,533.6,1.0,
1264,2023-05-01T14:00:00Z,2023-05-01T20:00:00Z,VLO,MarketOnClose,Filled,buy,5,104.46740085,522.33700425,1.0,
1265,2023-05-01T14:00:00Z,2023-05-01T20:00:00Z,PFE,MarketOnClose,Filled,buy,15,31.608155478,474.12233217,1.0,
1266,2023-05-01T14:00:00Z,2023-05-01T20:00:00Z,NXPI,MarketOnClose,Filled,buy,3,155.800036379,467.400109137,1.0,
1267,2023-05-01T14:00:00Z,2023-05-01T20:00:00Z,QCOM,MarketOnClose,Filled,buy,4,107.201834368,428.807337472,1.0,
1268,2023-05-01T14:00:00Z,2023-05-01T20:00:00Z,CSCO,MarketOnClose,Filled,buy,9,43.407707634,390.669368706,1.0,
1269,2023-05-01T14:00:00Z,2023-05-01T20:00:00Z,DE,MarketOnClose,Filled,buy,1,365.553645944,365.553645944,1.0,
1270,2023-05-02T04:00:00Z,2023-05-02T20:00:00Z,VLO,MarketOnOpen,Filled,sell,-46,103.3540233,-4754.2850718,1.0,left universe
1271,2023-06-01T04:00:00Z,,PSX,MarketOnOpen,Canceled,sell,-55,0.0,0.0,0.0,no valuation
1272,2023-06-01T14:00:00Z,2023-06-01T20:00:00Z,PSX,MarketOnClose,Filled,sell,-55,83.50485656,-4592.7671108,1.0,no valuation
1273,2023-06-01T14:00:00Z,2023-06-01T20:00:00Z,MDT,MarketOnClose,Filled,sell,-58,73.795134275,-4280.11778795,1.0,reached implied value
1274,2023-06-01T14:00:00Z,2023-06-01T20:00:00Z,AVGO,MarketOnClose,Filled,sell,-18,75.6547675205,-1361.785815369,1.0,
1275,2023-06-01T14:00:00Z,2023-06-01T20:00:00Z,LRCX,MarketOnClose,Filled,sell,-23,60.1122933906,-1382.5827479838,1.0,
1276,2023-06-01T14:00:00Z,2023-06-01T20:00:00Z,KLAC,MarketOnClose,Filled,sell,-21,44.0681180745,-925.4304795645,1.0,
1277,2023-06-01T14:00:00Z,2023-06-01T20:00:00Z,NFLX,MarketOnClose,Filled,sell,-20,40.313,-806.26,1.0,
1278,2023-06-01T14:00:00Z,2023-06-01T20:00:00Z,NXPI,MarketOnClose,Filled,sell,-4,169.8681199,-679.4724796,1.0,
1279,2023-06-01T14:00:00Z,2023-06-01T20:00:00Z,AMAT,MarketOnClose,Filled,sell,-5,131.420931314,-657.10465657,1.0,
1280,2023-06-01T14:00:00Z,2023-06-01T20:00:00Z,RSG,MarketOnClose,Filled,buy,34,137.436044389,4672.825509226,1.0,
1281,2023-06-01T14:00:00Z,2023-06-01T20:00:00Z,MCK,MarketOnClose,Filled,buy,12,383.537628019,4602.451536228,1.0,
1282,2023-06-01T14:00:00Z,2023-06-01T20:00:00Z,BIIB,MarketOnClose,Filled,buy,15,302.41,4536.15,1.0,
1283,2023-06-01T14:00:00Z,2023-06-01T20:00:00Z,MMM,MarketOnClose,Filled,buy,10,59.8192163867307,598.192163867307,1.0,
1284,2023-06-01T14:00:00Z,2023-06-01T20:00:00Z,MPC,MarketOnClose,Filled,buy,6,99.284123736,595.704742416,1.0,
1285,2023-06-01T14:00:00Z,2023-06-01T20:00:00Z,SLB,MarketOnClose,Filled,buy,13,41.242899672,536.157695736,1.0,
1286,2023-06-01T14:00:00Z,2023-06-01T20:00:00Z,XOM,MarketOnClose,Filled,buy,5,92.907043655,464.535218275,1.0,
1287,2023-06-01T14:00:00Z,2023-06-01T20:00:00Z,EMR,MarketOnClose,Filled,buy,6,74.872969728,449.237818368,1.0,
1288,2023-06-01T14:00:00Z,2023-06-01T20:00:00Z,FCX,MarketOnClose,Filled,buy,11,34.032496669,374.357463359,1.0,
1289,2023-06-01T14:00:00Z,2023-06-01T20:00:00Z,DE,MarketOnClose,Filled,buy,1,337.284750734,337.284750734,1.0,
1290,2023-07-01T04:00:00Z,,BIIB,MarketOnOpen,Canceled,sell,-15,0.0,0.0,0.0,no valuation
1291,2023-07-03T14:00:00Z,2023-07-03T17:00:00Z,HCA,MarketOnClose,Filled,sell,-18,290.557749924,-5230.039498632,1.0,reached implied value
1292,2023-07-03T14:00:00Z,2023-07-03T17:00:00Z,LRCX,MarketOnClose,Filled,sell,-78,63.30618903,-4937.88274434,1.0,reached implied value
1293,2023-07-03T14:00:00Z,2023-07-03T17:00:00Z,BIIB,MarketOnClose,Filled,sell,-15,285.31,-4279.65,1.0,no valuation
1294,2023-07-03T14:00:00Z,2023-07-03T17:00:00Z,DE,MarketOnClose,Filled,sell,-2,390.204791095,-780.40958219,1.0,
1295,2023-07-03T14:00:00Z,2023-07-03T17:00:00Z,EMR,MarketOnClose,Filled,sell,-6,85.685019036,-514.110114216,1.0,
1296,2023-07-03T14:00:00Z,2023-07-03T17:00:00Z,FCX,MarketOnClose,Filled,sell,-12,39.117701979,-469.412423748,1.0,
1297,2023-07-03T14:00:00Z,2023-07-03T17:00:00Z,CSX,MarketOnClose,Filled,sell,-14,32.799647559,-459.195065826,1.0,
1298,2023-07-03T14:00:00Z,2023-07-03T17:00:00Z,DIS,MarketOnClose,Filled,buy,57,87.784252128,5003.702371296,1.0,
1299,2023-07-03T14:00:00Z,2023-07-03T17:00:00Z,AZO,MarketOnClose,Filled,buy,1,2486.68,2486.68,1.0,
1300,2023-07-03T14:00:00Z,2023-07-03T17:00:00Z,MRNA,MarketOnClose,Filled,buy,6,121.74,730.44,1.0,
1301,2023-07-03T14:00:00Z,2023-07-03T17:00:00Z,BMY,MarketOnClose,Filled,buy,11,55.47192165,610.19113815,1.0,
1302,2023-07-03T14:00:00Z,2023-07-03T17:00:00Z,OXY,MarketOnClose,Filled,buy,10,55.861309878,558.61309878,1.0,
1303,2023-07-03T14:00:00Z,2023-07-03T17:00:00Z,UNH,MarketOnClose,Filled,buy,1,446.90884875,446.90884875,1.0,
1304,2023-07-03T14:00:00Z,2023-07-03T17:00:00Z,PFE,MarketOnClose,Filled,buy,15,29.870728371,448.060925565,1.0,
1305,2023-07-03T14:00:00Z,2023-07-03T17:00:00Z,VZ,MarketOnClose,Filled,buy,14,29.9627619755,419.478667657,1.0,
1306,2023-07-03T14:00:00Z,2023-07-03T17:00:00Z,CVX,MarketOnClose,Filled,buy,3,137.25698178,411.77094534,1.0,
1307,2023-07-03T14:00:00Z,2023-07-03T17:00:00Z,AMGN,MarketOnClose,Filled,buy,2,204.013844379,408.027688758,1.0,
1308,2023-07-03T14:00:00Z,2023-07-03T17:00:00Z,SO,MarketOnClose,Filled,buy,6,62.114765886,372.688595316,1.0,
1309,2023-08-01T04:00:00Z,,AZO,MarketOnOpen,Canceled,sell,-2,0.0,0.0,0.0,no valuation
1310,2023-08-01T04:00:00Z,,MRNA,MarketOnOpen,Canceled,sell,-41,0.0,0.0,0.0,no valuation
1311,2023-08-01T14:00:00Z,2023-08-01T20:00:00Z,AZO,MarketOnClose,Filled,sell,-2,2481.1,-4962.2,1.0,no valuation
1312,2023-08-01T14:00:00Z,2023-08-01T20:00:00Z,MRNA,MarketOnClose,Filled,sell,-41,113.94,-4671.54,1.0,no valuation
1313,2023-08-01T14:00:00Z,2023-08-01T20:00:00Z,SLB,MarketOnClose,Filled,sell,-23,53.110826069,-1221.548999587,1.0,
1314,2023-08-01T14:00:00Z,2023-08-01T20:00:00Z,MPC,MarketOnClose,Filled,sell,-6,126.545760432,-759.274562592,1.0,
1315,2023-08-01T14:00:00Z,2023-08-01T20:00:00Z,NXPI,MarketOnClose,Filled,sell,-3,210.864732784,-632.594198352,1.0,
1316,2023-08-01T14:00:00Z,2023-08-01T20:00:00Z,MAR,MarketOnClose,Filled,sell,-3,198.570180574,-595.710541722,1.0,
1317,2023-08-01T14:00:00Z,2023-08-01T20:00:00Z,WM,MarketOnClose,Filled,buy,33,154.530824004,5099.517192132,1.0,
1318,2023-08-01T14:00:00Z,2023-08-01T20:00:00Z,MCHP,MarketOnClose,Filled,buy,59,86.10519985,5080.20679115,1.0,
1319,2023-08-01T14:00:00Z,2023-08-01T20:00:00Z,VZ,MarketOnClose,Filled,buy,19,27.338047757,519.422907383,1.0,
1320,2023-08-01T14:00:00Z,2023-08-01T20:00:00Z,MCK,MarketOnClose,Filled,buy,1,399.096704006,399.096704006,1.0,
1321,2023-08-01T14:00:00Z,2023-08-01T20:00:00Z,MRK,MarketOnClose,Filled,buy,4,95.44406742,381.77626968,1.0,
1322,2023-09-01T14:00:00Z,2023-09-01T20:00:00Z,CSCO,MarketOnClose,Filled,sell,-14,53.437699272,-748.127789808,1.0,
1323,2023-09-01T14:00:00Z,2023-09-01T20:00:00Z,AMGN,MarketOnClose,Filled,sell,-3,234.641693811,-703.925081433,1.0,
1324,2023-09-01T14:00:00Z,2023-09-01T20:00:00Z,MPC,MarketOnClose,Filled,sell,-4,137.574875324,-550.299501296,1.0,
1325,2023-09-01T14:00:00Z,2023-09-01T20:00:00Z,COP,MarketOnClose,Filled,sell,-4,111.240922598,-444.963690392,1.0,
1326,2023-09-01T14:00:00Z,2023-09-01T20:00:00Z,CARR,MarketOnClose,Filled,buy,91,56.538205434,5144.976694494,1.0,
1327,2023-09-01T14:00:00Z,2023-09-01T20:00:00Z,PSX,MarketOnClose,Filled,buy,49,106.13446072,5200.58857528,1.0,
1328,2023-09-01T14:00:00Z,2023-09-01T20:00:00Z,CSX,MarketOnClose,Filled,buy,23,29.369649012,675.501927276,1.0,
1329,2023-09-01T14:00:00Z,2023-09-01T20:00:00Z,MCHP,MarketOnClose,Filled,buy,8,76.297485849,610.379886792,1.0,
1330,2023-09-01T14:00:00Z,2023-09-01T20:00:00Z,MO,MarketOnClose,Filled,buy,12,34.544565649,414.534787788,1.0,
1331,2023-09-01T14:00:00Z,2023-09-01T20:00:00Z,DIS,MarketOnClose,Filled,buy,5,79.155139648,395.77569824,1.0,
1332,2023-09-01T14:00:00Z,2023-09-01T20:00:00Z,NXPI,MarketOnClose,Filled,buy,2,198.107925968,396.215851936,1.0,
1333,2023-09-01T14:00:00Z,2023-09-01T20:00:00Z,NSC,MarketOnClose,Filled,buy,2,193.696003689,387.392007378,1.0,
1334,2023-10-02T14:00:00Z,2023-10-02T20:00:00Z,MCK,MarketOnClose,Filled,sell,-2,431.65764763,-863.31529526,1.0,
1335,2023-10-02T14:00:00Z,2023-10-02T20:00:00Z,OXY,MarketOnClose,Filled,sell,-9,58.96822715,-530.71404435,1.0,
1336,2023-10-02T14:00:00Z,2023-10-02T20:00:00Z,CI,MarketOnClose,Filled,sell,-2,271.297641758,-542.595283516,1.0,
1337,2023-10-02T14:00:00Z,2023-10-02T20:00:00Z,XOM,MarketOnClose,Filled,sell,-5,104.778043559,-523.890217795,1.0,
1338,2023-10-02T14:00:00Z,2023-10-02T20:00:00Z,NFLX,MarketOnClose,Filled,buy,13,38.033,494.429,1.0,
1339,2023-10-02T14:00:00Z,2023-10-02T20:00:00Z,BMY,MarketOnClose,Filled,buy,8,50.233671475,401.8693718,1.0,
1340,2023-10-02T14:00:00Z,2023-10-02T20:00:00Z,PFE,MarketOnClose,Filled,buy,14,27.985467974,391.796551636,1.0,
1341,2023-10-02T14:00:00Z,2023-10-02T20:00:00Z,DE,MarketOnClose,Filled,buy,1,360.003732992,360.003732992,1.0,
1342,2023-10-03T04:00:00Z,2023-10-03T20:00:00Z,MCHP,MarketOnOpen,Filled,sell,-67,71.596692882,-4796.978423094,1.0,left universe
1343,2023-11-01T04:00:00Z,,CARR,MarketOnOpen,Canceled,sell,-91,0.0,0.0,0.0,no valuation
1344,2023-11-01T14:00:00Z,2023-11-01T20:00:00Z,MU,MarketOnClose,Filled,sell,-75,68.74749426,-5156.0620695,1.0,no valuation
1345,2023-11-01T14:00:00Z,2023-11-01T20:00:00Z,AVGO,MarketOnClose,Filled,sell,-60,82.569880228,-4954.19281368,1.0,reached implied value
1346,2023-11-01T14:00:00Z,2023-11-01T20:00:00Z,DIS,MarketOnClose,Filled,sell,-62,78.602488624,-4873.354294688,1.0,reached implied value
1347,2023-11-01T14:00:00Z,2023-11-01T20:00:00Z,CARR,MarketOnClose,Filled,sell,-91,48.458530926,-4409.726314266,1.0,no valuation
1348,2023-11-01T14:00:00Z,2023-11-01T20:00:00Z,AMAT,MarketOnClose,Filled,sell,-36,132.1553307,-4757.5919052,1.0,reached implied value
1349,2023-11-01T14:00:00Z,2023-11-01T20:00:00Z,UNH,MarketOnClose,Filled,sell,-2,499.21843656,-998.43687312,1.0,
1350,2023-11-01T14:00:00Z,2023-11-01T20:00:00Z,VZ,MarketOnClose,Filled,sell,-20,29.56696854,-591.3393708,1.0,
1351,2023-11-01T14:00:00Z,2023-11-01T20:00:00Z,EOG,MarketOnClose,Filled,sell,-5,112.388802742,-561.94401371,1.0,
1352,2023-11-01T14:00:00Z,2023-11-01T20:00:00Z,NFLX,MarketOnClose,Filled,sell,-13,42.019,-546.247,1.0,
1353,2023-11-01T14:00:00Z,2023-11-01T20:00:00Z,MPC,MarketOnClose,Filled,sell,-3,146.293480399,-438.880441197,1.0,
1354,2023-11-01T14:00:00Z,2023-11-01T20:00:00Z,TXN,MarketOnClose,Filled,buy,37,132.596079431,4906.054938947,1.0,
1355,2023-11-01T14:00:00Z,2023-11-01T20:00:00Z,ET,MarketOnClose,Filled,buy,455,10.693412995,4865.502912725,2.275,
1356,2023-11-01T14:00:00Z,2023-11-01T20:00:00Z,PCAR,MarketOnClose,Filled,buy,65,74.49598082,4842.2387533,1.0,
1357,2023-11-01T14:00:00Z,2023-11-01T20:00:00Z,HES,MarketOnClose,Filled,buy,34,138.9614645,4724.689793,1.0,
1358,2023-11-01T14:00:00Z,2023-11-01T20:00:00Z,VLO,MarketOnClose,Filled,buy,41,117.620630328,4822.445843448,1.0,
1359,2023-11-01T14:00:00Z,2023-11-01T20:00:00Z,PH,MarketOnClose,Filled,buy,13,359.383537062,4671.985981806,1.0,
1360,2023-11-01T14:00:00Z,2023-11-01T20:00:00Z,FCX,MarketOnClose,Filled,buy,19,32.595018153,619.305344907,1.0,
1361,2023-11-01T14:00:00Z,2023-11-01T20:00:00Z,NXPI,MarketOnClose,Filled,buy,3,163.596541016,490.789623048,1.0,
1362,2023-11-01T14:00:00Z,2023-11-01T20:00:00Z,BMY,MarketOnClose,Filled,buy,9,44.980600704,404.825406336,1.0,
1363,2023-11-01T14:00:00Z,2023-11-01T20:00:00Z,XOM,MarketOnClose,Filled,buy,4,95.725612052,382.902448208,1.0,
1364,2023-12-01T05:00:00Z,,HES,MarketOnOpen,Canceled,sell,-34,0.0,0.0,0.0,no valuation
1365,2023-12-01T05:00:00Z,,VLO,MarketOnOpen,Canceled,sell,-41,0.0,0.0,0.0,no valuation
1366,2023-12-01T15:00:00Z,2023-12-01T21:00:00Z,HES,MarketOnClose,Filled,sell,-34,137.80874374,-4685.49728716,1.0,no valuation
1367,2023-12-01T15:00:00Z,2023-12-01T21:00:00Z,EMR,MarketOnClose,Filled,sell,-58,85.998370812,-4987.905507096,1.0,reached implied value
1368,2023-12-01T15:00:00Z,2023-12-01T21:00:00Z,QCOM,MarketOnClose,Filled,sell,-44,122.463395245,-5388.38939078,1.0,reached implied value
1369,2023-12-01T15:00:00Z,2023-12-01T21:00:00Z,VLO,MarketOnClose,Filled,sell,-41,117.321978898,-4810.201134818,1.0,no valuation
1370,2023-12-01T15:00:00Z,2023-12-01T21:00:00Z,PSX,MarketOnClose,Filled,sell,-6,118.5622719,-711.3736314,1.0,
1371,2023-12-01T15:00:00Z,2023-12-01T21:00:00Z,KLAC,MarketOnClose,Filled,sell,-13,53.75557656,-698.82249528,1.0,
1372,2023-12-01T15:00:00Z,2023-12-01T21:00:00Z,NXPI,MarketOnClose,Filled,sell,-3,195.041366544,-585.124099632,1.0,
1373,2023-12-01T15:00:00Z,2023-12-01T21:00:00Z,NFLX,MarketOnClose,Filled,sell,-11,46.574,-512.314,1.0,
1374,2023-12-01T15:00:00Z,2023-12-01T21:00:00Z,WMB,MarketOnClose,Filled,buy,155,33.323894864,5165.20370392,1.0,
1375,2023-12-01T15:00:00Z,2023-12-01T21:00:00Z,CSCO,MarketOnClose,Filled,buy,17,45.104286823,766.772875991,1.0,
1376,2023-12-01T15:00:00Z,2023-12-01T21:00:00Z,OXY,MarketOnClose,Filled,buy,10,55.683801015,556.83801015,1.0,
1377,2023-12-01T15:00:00Z,2023-12-01T21:00:00Z,CI,MarketOnClose,Filled,buy,2,253.823786554,507.647573108,1.0,
1378,2023-12-01T15:00:00Z,2023-12-01T21:00:00Z,PFE,MarketOnClose,Filled,buy,19,24.159338231,459.027426389,1.0,
1379,2023-12-01T15:00:00Z,2023-12-01T21:00:00Z,SLB,MarketOnClose,Filled,buy,10,48.500173475,485.00173475,1.0,
1380,2023-12-01T15:00:00Z,2023-12-01T21:00:00Z,BMY,MarketOnClose,Filled,buy,11,43.94555568,483.40111248,1.0,
1381,2023-12-01T15:00:00Z,2023-12-01T21:00:00Z,CVX,MarketOnClose,Filled,buy,3,129.06529352,387.19588056,1.0,
1382,2023-12-01T15:00:00Z,2023-12-01T21:00:00Z,XOM,MarketOnClose,Filled,buy,4,94.168557492,376.674229968,1.0,
1383,2023-12-01T15:00:00Z,2023-12-01T21:00:00Z,DE,MarketOnClose,Filled,buy,1,355.159899328,355.159899328,1.0,
1384,2023-12-01T15:00:00Z,2023-12-01T21:00:00Z,EOG,MarketOnClose,Filled,buy,3,111.82785396,335.48356188,1.0,
1385,2024-01-02T15:00:00Z,2024-01-02T21:00:00Z,PH,MarketOnClose,Filled,sell,-2,446.486598789,-892.973197578,1.0,
1386,2024-01-02T15:00:00Z,2024-01-02T21:00:00Z,FCX,MarketOnClose,Filled,sell,-21,40.697843787,-854.654719527,1.0,
1387,2024-01-02T15:00:00Z,2024-01-02T21:00:00Z,NSC,MarketOnClose,Filled,sell,-3,222.746845338,-668.240536014,1.0,
1388,2024-01-02T15:00:00Z,2024-01-02T21:00:00Z,PCAR,MarketOnClose,Filled,sell,-7,89.90837805,-629.35864635,1.0,
1389,2024-01-02T15:00:00Z,2024-01-02T21:00:00Z,TXN,MarketOnClose,Filled,sell,-4,156.759184218,-627.036736872,1.0,
1390,2024-01-02T15:00:00Z,2024-01-02T21:00:00Z,CSX,MarketOnClose,Filled,sell,-18,33.309792252,-599.576260536,1.0,
1391,2024-01-02T15:00:00Z,2024-01-02T21:00:00Z,MCHP,MarketOnClose,Filled,buy,63,80.674621136,5082.501131568,1.0,
1392,2024-01-02T15:00:00Z,2024-01-02T21:00:00Z,UNH,MarketOnClose,Filled,buy,1,508.214796468,508.214796468,1.0,
1393,2024-01-02T15:00:00Z,2024-01-02T21:00:00Z,PFE,MarketOnClose,Filled,buy,20,24.844590993,496.89181986,1.0,
1394,2024-01-02T15:00:00Z,2024-01-02T21:00:00Z,MO,MarketOnClose,Filled,buy,13,34.079225796,443.029935348,1.0,
1395,2024-01-02T15:00:00Z,2024-01-02T21:00:00Z,MPC,MarketOnClose,Filled,buy,3,144.397864468,433.193593404,1.0,
1396,2024-01-03T05:00:00Z,2024-01-03T21:00:00Z,ET,MarketOnOpen,Filled,sell,-455,11.213852867,-5102.303054485,2.275,left universe
1397,2024-01-03T05:00:00Z,2024-01-03T21:00:00Z,WMB,MarketOnOpen,Filled,sell,-155,32.15211792,-4983.5782776,1.0,left universe
1398,2024-02-01T05:00:00Z,,MCHP,MarketOnOpen,Canceled,sell,-63,0.0,0.0,0.0,no valuation
1399,2024-02-01T15:00:00Z,2024-02-01T21:00:00Z,CSX,MarketOnClose,Filled,sell,-158,34.906968888,-5515.301084304,1.0,reached implied value
1400,2024-02-01T15:00:00Z,2024-02-01T21:00:00Z,MAR,MarketOnClose,Filled,sell,-26,237.521864762,-6175.568483812,1.0,reached implied value
1401,2024-02-01T15:00:00Z,2024-02-01T21:00:00Z,NXPI,MarketOnClose,Filled,sell,-26,202.925211958,-5276.055510908,1.0,reached implied value
1402,2024-02-01T15:00:00Z,2024-02-01T21:00:00Z,MCHP,MarketOnClose,Filled,sell,-63,79.826493765,-5029.069107195,1.0,no valuation
1403,2024-02-01T15:00:00Z,2024-02-01T21:00:00Z,MRK,MarketOnClose,Filled,sell,-53,116.167055268,-6156.853929204,1.0,reached implied value
1404,2024-02-01T15:00:00Z,2024-02-01T21:00:00Z,NSC,MarketOnClose,Filled,sell,-23,242.636926277,-5580.649304371,1.0,reached implied value
1405,2024-02-01T15:00:00Z,2024-02-01T21:00:00Z,TXN,MarketOnClose,Filled,sell,-33,149.063061663,-4919.081034879,1.0,reached implied value
1406,2024-02-01T15:00:00Z,2024-02-01T21:00:00Z,WM,MarketOnClose,Filled,sell,-33,180.721686376,-5963.815650408,1.0,reached implied value
1407,2024-02-01T15:00:00Z,2024-02-01T21:00:00Z,AMGN,MarketOnClose,Filled,sell,-3,298.991455304,-896.974365912,1.0,
1408,2024-02-01T15:00:00Z,2024-02-01T21:00:00Z,NFLX,MarketOnClose,Filled,sell,-13,56.751,-737.763,1.0,
1409,2024-02-01T15:00:00Z,2024-02-01T21:00:00Z,VZ,MarketOnClose,Filled,sell,-18,36.087164904,-649.568968272,1.0,
1410,2024-02-01T15:00:00Z,2024-02-01T21:00:00Z,FISV,MarketOnClose,Filled,sell,-4,143.94,-575.76,1.0,
1411,2024-02-01T15:00:00Z,2024-02-01T21:00:00Z,MPC,MarketOnClose,Filled,sell,-3,158.775099989,-476.325299967,1.0,
1412,2024-02-01T15:00:00Z,2024-02-01T21:00:00Z,DELL,MarketOnClose,Filled,buy,67,82.579599668,5532.833177756,1.0,
1413,2024-02-01T15:00:00Z,2024-02-01T21:00:00Z,CVS,MarketOnClose,Filled,buy,79,67.092113088,5300.276933952,1.0,
1414,2024-02-01T15:00:00Z,2024-02-01T21:00:00Z,GILD,MarketOnClose,Filled,buy,74,71.758242672,5310.109957728,1.0,
1415,2024-02-01T15:00:00Z,2024-02-01T21:00:00Z,CRH,MarketOnClose,Filled,buy,77,70.2098166,5406.1558782,1.0,
1416,2024-02-01T15:00:00Z,2024-02-01T21:00:00Z,SBUX,MarketOnClose,Filled,buy,61,87.061792082,5310.769317002,1.0,
1417,2024-02-01T15:00:00Z,2024-02-01T21:00:00Z,LOW,MarketOnClose,Filled,buy,26,209.677437297,5451.613369722,1.0,
1418,2024-02-01T15:00:00Z,2024-02-01T21:00:00Z,CAT,MarketOnClose,Filled,buy,18,297.889581196,5362.012461528,1.0,
1419,2024-02-01T15:00:00Z,2024-02-01T21:00:00Z,LMT,MarketOnClose,Filled,buy,13,399.577540098,5194.508021274,1.0,
1420,2024-02-01T15:00:00Z,2024-02-01T21:00:00Z,SLB,MarketOnClose,Filled,buy,12,45.5808829,546.9705948,1.0,
1421,2024-02-01T15:00:00Z,2024-02-01T21:00:00Z,EOG,MarketOnClose,Filled,buy,5,103.99734874,519.9867437,1.0,
1422,2024-02-01T15:00:00Z,2024-02-01T21:00:00Z,COP,MarketOnClose,Filled,buy,5,102.464298312,512.32149156,1.0,
1423,2024-02-01T15:00:00Z,2024-02-01T21:00:00Z,UNH,MarketOnClose,Filled,buy,1,477.873052028,477.873052028,1.0,
1424,2024-02-01T15:00:00Z,2024-02-01T21:00:00Z,MMM,MarketOnClose,Filled,buy,7,62.7154767265783,439.0083370860481,1.0,
1425,2024-03-01T15:00:00Z,2024-03-01T21:00:00Z,CI,MarketOnClose,Filled,sell,-20,315.628632896,-6312.57265792,1.0,reached implied value
1426,2024-03-01T15:00:00Z,2024-03-01T21:00:00Z,FCX,MarketOnClose,Filled,sell,-128,36.80913057,-4711.56871296,1.0,no valuation
1427,2024-03-01T15:00:00Z,2024-03-01T21:00:00Z,MMM,MarketOnClose,Filled,sell,-86,61.064894977547,-5251.580968069042,1.0,no valuation
1428,2024-03-01T15:00:00Z,2024-03-01T21:00:00Z,PFE,MarketOnClose,Filled,sell,-220,22.554959523,-4962.09109506,1.1,reached implied value
1429,2024-03-01T15:00:00Z,2024-03-01T21:00:00Z,KLAC,MarketOnClose,Filled,sell,-95,70.4173470399,-6689.6479687905,1.0,reached implied value
1430,2024-03-01T15:00:00Z,2024-03-01T21:00:00Z,CRH,MarketOnClose,Filled,sell,-9,80.1849818,-721.6648362,1.0,
1431,2024-03-01T15:00:00Z,2024-03-01T21:00:00Z,RSG,MarketOnClose,Filled,sell,-4,178.647324228,-714.589296912,1.0,
1432,2024-03-01T15:00:00Z,2024-03-01T21:00:00Z,DELL,MarketOnClose,Filled,sell,-7,119.893487324,-839.254411268,1.0,
1433,2024-03-01T15:00:00Z,2024-03-01T21:00:00Z,PCAR,MarketOnClose,Filled,sell,-5,105.423819039,-527.119095195,1.0,
1434,2024-03-01T15:00:00Z,2024-03-01T21:00:00Z,T,MarketOnClose,Filled,buy,369,15.016743534,5541.178364046,1.845,
1435,2024-03-01T15:00:00Z,2024-03-01T21:00:00Z,IBM,MarketOnClose,Filled,buy,32,175.10632376,5603.40236032,1.0,
1436,2024-03-01T15:00:00Z,2024-03-01T21:00:00Z,MCD,MarketOnClose,Filled,buy,20,273.596496129,5471.92992258,1.0,
1437,2024-03-01T15:00:00Z,2024-03-01T21:00:00Z,NEE,MarketOnClose,Filled,buy,107,51.381103685,5497.778094295,1.0,
1438,2024-03-01T15:00:00Z,2024-03-01T21:00:00Z,MDLZ,MarketOnClose,Filled,buy,81,67.151819046,5439.297342726,1.0,
1439,2024-03-01T15:00:00Z,2024-03-01T21:00:00Z,TMUS,MarketOnClose,Filled,buy,35,155.701804288,5449.56315008,1.0,
1440,2024-03-01T15:00:00Z,2024-03-01T21:00:00Z,DUK,MarketOnClose,Filled,buy,65,82.796102312,5381.74665028,1.0,
1441,2024-03-01T15:00:00Z,2024-03-01T21:00:00Z,BKNG,MarketOnClose,Filled,buy,40,136.74714812044,5469.8859248176,1.0,
1442,2024-03-01T15:00:00Z,2024-03-01T21:00:00Z,HON,MarketOnClose,Filled,buy,29,186.561751132781,5410.290782850649,1.0,
1443,2024-03-01T15:00:00Z,2024-03-01T21:00:00Z,AMGN,MarketOnClose,Filled,buy,3,260.264651392,780.793954176,1.0,
1444,2024-03-01T15:00:00Z,2024-03-01T21:00:00Z,SO,MarketOnClose,Filled,buy,10,60.718909,607.18909,1.0,
1445,2024-03-01T15:00:00Z,2024-03-01T21:00:00Z,GILD,MarketOnClose,Filled,buy,9,66.387391602,597.486524418,1.0,
1446,2024-03-01T15:00:00Z,2024-03-01T21:00:00Z,VZ,MarketOnClose,Filled,buy,14,34.14224592,477.99144288,1.0,
1447,2024-03-01T15:00:00Z,2024-03-01T21:00:00Z,DE,MarketOnClose,Filled,buy,1,355.536699455,355.536699455,1.0,
1448,2024-04-01T14:00:00Z,2024-04-01T20:00:00Z,DELL,MarketOnClose,Filled,sell,-7,115.176303384,-806.234123688,1.0,
1449,2024-04-01T14:00:00Z,2024-04-01T20:00:00Z,MPC,MarketOnClose,Filled,sell,-4,194.672479948,-778.689919792,1.0,
1450,2024-04-01T14:00:00Z,2024-04-01T20:00:00Z,CAT,MarketOnClose,Filled,sell,-2,352.154299016,-704.308598032,1.0,
1451,2024-04-01T14:00:00Z,2024-04-01T20:00:00Z,PSX,MarketOnClose,Filled,sell,-4,150.39236488,-601.56945952,1.0,
1452,2024-04-01T14:00:00Z,2024-04-01T20:00:00Z,NEE,MarketOnClose,Filled,sell,-9,58.98450193,-530.86051737,1.0,
1453,2024-04-01T14:00:00Z,2024-04-01T20:00:00Z,SBUX,MarketOnClose,Filled,buy,7,85.859588358,601.017118506,1.0,
1454,2024-04-01T14:00:00Z,2024-04-01T20:00:00Z,MDLZ,MarketOnClose,Filled,buy,9,65.125187456,586.126687104,1.0,
1455,2024-04-01T14:00:00Z,2024-04-01T20:00:00Z,CSCO,MarketOnClose,Filled,buy,12,46.927607076,563.131284912,1.0,
1456,2024-04-01T14:00:00Z,2024-04-01T20:00:00Z,MCD,MarketOnClose,Filled,buy,2,263.705878806,527.411757612,1.0,
1457,2024-04-01T14:00:00Z,2024-04-01T20:00:00Z,UNH,MarketOnClose,Filled,buy,1,463.25855056,463.25855056,1.0,
1458,2024-05-01T14:00:00Z,2024-05-01T20:00:00Z,MCK,MarketOnClose,Filled,sell,-11,525.43810223,-5779.81912453,1.0,reached implied value
1459,2024-05-01T14:00:00Z,2024-05-01T20:00:00Z,DELL,MarketOnClose,Filled,sell,-7,114.79308991,-803.55162937,1.0,
1460,2024-05-01T14:00:00Z,2024-05-01T20:00:00Z,NEE,MarketOnClose,Filled,sell,-8,63.851793585,-510.81434868,1.0,
1461,2024-05-01T14:00:00Z,2024-05-01T20:00:00Z,EOG,MarketOnClose,Filled,sell,-4,120.834566285,-483.33826514,1.0,
1462,2024-05-01T14:00:00Z,2024-05-01T20:00:00Z,VLO,MarketOnClose,Filled,buy,37,145.601390894,5387.251463078,1.0,
1463,2024-05-01T14:00:00Z,2024-05-01T20:00:00Z,BMY,MarketOnClose,Filled,buy,25,39.685477864,992.1369466,1.0,
1464,2024-05-01T14:00:00Z,2024-05-01T20:00:00Z,CVS,MarketOnClose,Filled,buy,12,51.603266709,619.239200508,1.0,
1465,2024-05-01T14:00:00Z,2024-05-01T20:00:00Z,IBM,MarketOnClose,Filled,buy,4,152.990078724,611.960314896,1.0,
1466,2024-05-01T14:00:00Z,2024-05-01T20:00:00Z,GILD,MarketOnClose,Filled,buy,10,60.760439837,607.60439837,1.0,
1467,2024-05-01T14:00:00Z,2024-05-01T20:00:00Z,CRH,MarketOnClose,Filled,buy,7,74.305471785,520.138302495,1.0,
1468,2024-05-01T14:00:00Z,2024-05-01T20:00:00Z,NFLX,MarketOnClose,Filled,buy,8,55.171,441.368,1.0,
1469,2024-05-01T14:00:00Z,2024-05-01T20:00:00Z,PSX,MarketOnClose,Filled,buy,3,129.09583372,387.28750116,1.0,
1470,2024-05-01T14:00:00Z,2024-05-01T20:00:00Z,MPC,MarketOnClose,Filled,buy,2,170.444370316,340.888740632,1.0,
1471,2024-06-03T14:00:00Z,2024-06-03T20:00:00Z,NEE,MarketOnClose,Filled,sell,-14,72.789154128,-1019.048157792,1.0,
1472,2024-06-03T14:00:00Z,2024-06-03T20:00:00Z,SO,MarketOnClose,Filled,sell,-12,73.674428414,-884.093140968,1.0,
1473,2024-06-03T14:00:00Z,2024-06-03T20:00:00Z,NFLX,MarketOnClose,Filled,sell,-13,63.379,-823.927,1.0,
1474,2024-06-03T14:00:00Z,2024-06-03T20:00:00Z,DELL,MarketOnClose,Filled,sell,-4,127.598347035,-510.39338814,1.0,
1475,2024-06-03T14:00:00Z,2024-06-03T20:00:00Z,MO,MarketOnClose,Filled,sell,-13,39.003011425,-507.039148525,1.0,
1476,2024-06-03T14:00:00Z,2024-06-03T20:00:00Z,DUK,MarketOnClose,Filled,sell,-5,95.176216593,-475.881082965,1.0,
1477,2024-06-03T14:00:00Z,2024-06-03T20:00:00Z,CVS,MarketOnClose,Filled,buy,13,55.177280919,717.304651947,1.0,
1478,2024-06-03T14:00:00Z,2024-06-03T20:00:00Z,SLB,MarketOnClose,Filled,buy,15,41.228419284,618.42628926,1.0,
1479,2024-06-03T14:00:00Z,2024-06-03T20:00:00Z,SBUX,MarketOnClose,Filled,buy,7,77.579176032,543.054232224,1.0,
1480,2024-06-03T14:00:00Z,2024-06-03T20:00:00Z,CAT,MarketOnClose,Filled,buy,1,321.9750564,321.9750564,1.0,
1481,2024-07-01T14:00:00Z,2024-07-01T20:00:00Z,BKNG,MarketOnClose,Filled,sell,-4,152.53512026496,-610.14048105984,1.0,
1482,2024-07-01T14:00:00Z,2024-07-01T20:00:00Z,T,MarketOnClose,Filled,sell,-36,17.059943342,-614.157960312,1.0,
1483,2024-07-01T14:00:00Z,2024-07-01T20:00:00Z,NEE,MarketOnClose,Filled,buy,10,65.47370832,654.7370832,1.0,
1484,2024-07-01T14:00:00Z,2024-07-01T20:00:00Z,PCAR,MarketOnClose,Filled,buy,6,95.11962932,570.71777592,1.0,
1485,2024-08-01T14:00:00Z,2024-08-01T20:00:00Z,CSCO,MarketOnClose,Filled,sell,-125,45.189379004,-5648.6723755,1.0,reached implied value
1486,2024-08-01T14:00:00Z,2024-08-01T20:00:00Z,UNH,MarketOnClose,Filled,sell,-2,544.14180986,-1088.28361972,1.0,
1487,2024-08-01T14:00:00Z,2024-08-01T20:00:00Z,LMT,MarketOnClose,Filled,sell,-2,517.511202468,-1035.022404936,1.0,
1488,2024-08-01T14:00:00Z,2024-08-01T20:00:00Z,IBM,MarketOnClose,Filled,sell,-4,178.216503546,-712.866014184,1.0,
1489,2024-08-01T14:00:00Z,2024-08-01T20:00:00Z,GILD,MarketOnClose,Filled,sell,-10,71.814372823,-718.14372823,1.0,
1490,2024-08-01T14:00:00Z,2024-08-01T20:00:00Z,AMGN,MarketOnClose,Filled,sell,-2,313.726086245,-627.45217249,1.0,
1491,2024-08-01T14:00:00Z,2024-08-01T20:00:00Z,WMB,MarketOnClose,Filled,buy,149,39.99521628,5959.28722572,1.0,
1492,2024-08-01T14:00:00Z,2024-08-01T20:00:00Z,DELL,MarketOnClose,Filled,buy,11,105.105482546,1156.160308006,1.0,
1493,2024-08-01T14:00:00Z,2024-08-01T20:00:00Z,OXY,MarketOnClose,Filled,buy,11,56.797943832,624.777382152,1.0,
1494,2024-08-01T14:00:00Z,2024-08-01T20:00:00Z,BKNG,MarketOnClose,Filled,buy,4,143.86960137056,575.47840548224,1.0,
1495,2024-08-01T14:00:00Z,2024-08-01T20:00:00Z,COP,MarketOnClose,Filled,buy,5,101.063833188,505.31916594,1.0,
1496,2024-08-01T14:00:00Z,2024-08-01T20:00:00Z,MPC,MarketOnClose,Filled,buy,3,165.71360407,497.14081221,1.0,
1497,2024-08-01T14:00:00Z,2024-08-01T20:00:00Z,PCAR,MarketOnClose,Filled,buy,5,89.94521115,449.72605575,1.0,
1498,2024-08-01T14:00:00Z,2024-08-01T20:00:00Z,DE,MarketOnClose,Filled,buy,1,348.570052222,348.570052222,1.0,
1499,2024-09-03T14:00:00Z,2024-09-03T20:00:00Z,MO,MarketOnClose,Filled,sell,-14,46.295507201,-648.137100814,1.0,
1500,2024-09-03T14:00:00Z,2024-09-03T20:00:00Z,SBUX,MarketOnClose,Filled,sell,-7,88.602802722,-620.219619054,1.0,
1501,2024-09-03T14:00:00Z,2024-09-03T20:00:00Z,TMUS,MarketOnClose,Filled,sell,-3,192.473406455,-577.420219365,1.0,
1502,2024-09-03T14:00:00Z,2024-09-03T20:00:00Z,VLO,MarketOnClose,Filled,buy,7,134.036728127,938.257096889,1.0,
1503,2024-09-03T14:00:00Z,2024-09-03T20:00:00Z,CVX,MarketOnClose,Filled,buy,5,133.137281292,665.68640646,1.0,
1504,2024-09-03T14:00:00Z,2024-09-03T20:00:00Z,CVS,MarketOnClose,Filled,buy,11,53.177465848,584.952124328,1.0,
1505,2024-09-03T14:00:00Z,2024-09-03T20:00:00Z,SLB,MarketOnClose,Filled,buy,14,39.815417566,557.415845924,1.0,
1506,2024-09-03T14:00:00Z,2024-09-03T20:00:00Z,OXY,MarketOnClose,Filled,buy,10,52.99100856,529.9100856,1.0,
1507,2024-09-03T14:00:00Z,2024-09-03T20:00:00Z,PSX,MarketOnClose,Filled,buy,4,126.329301,505.317204,1.0,
1508,2024-09-03T14:00:00Z,2024-09-03T20:00:00Z,EOG,MarketOnClose,Filled,buy,4,115.758836427,463.035345708,1.0,
1509,2024-09-04T04:00:00Z,2024-09-04T20:00:00Z,PCAR,MarketOnOpen,Filled,sell,-64,89.081626263,-5701.224080832,1.0,left universe
1510,2024-09-04T04:00:00Z,2024-09-04T20:00:00Z,VLO,MarketOnOpen,Filled,sell,-44,134.046209398,-5898.033213512,1.0,left universe
1511,2024-10-01T04:00:00Z,,MPC,MarketOnOpen,Canceled,sell,-35,0.0,0.0,0.0,no valuation
1512,2024-10-01T04:00:00Z,,OXY,MarketOnOpen,Canceled,sell,-112,0.0,0.0,0.0,no valuation
1513,2024-10-01T14:00:00Z,2024-10-01T20:00:00Z,MPC,MarketOnClose,Filled,sell,-35,159.437405798,-5580.30920293,1.0,no valuation
1514,2024-10-01T14:00:00Z,2024-10-01T20:00:00Z,OXY,MarketOnClose,Filled,sell,-112,51.1501608,-5728.8180096,1.0,no valuation
1515,2024-10-01T14:00:00Z,2024-10-01T20:00:00Z,SBUX,MarketOnClose,Filled,sell,-68,92.644033797,-6299.794298196,1.0,reached implied value
1516,2024-10-01T14:00:00Z,2024-10-01T20:00:00Z,VZ,MarketOnClose,Filled,sell,-162,39.657642354,-6424.538061348,1.0,reached implied value
1517,2024-10-01T14:00:00Z,2024-10-01T20:00:00Z,LOW,MarketOnClose,Filled,sell,-3,262.08160704,-786.24482112,1.0,
1518,2024-10-01T14:00:00Z,2024-10-01T20:00:00Z,NEE,MarketOnClose,Filled,sell,-8,80.387729718,-643.101837744,1.0,
1519,2024-10-01T14:00:00Z,2024-10-01T20:00:00Z,PH,MarketOnClose,Filled,sell,-1,618.77479496,-618.77479496,1.0,
1520,2024-10-01T14:00:00Z,2024-10-01T20:00:00Z,CRH,MarketOnClose,Filled,sell,-6,88.22430762,-529.34584572,1.0,
1521,2024-10-01T14:00:00Z,2024-10-01T20:00:00Z,BMY,MarketOnClose,Filled,sell,-11,48.20817204,-530.28989244,1.0,
1522,2024-10-01T14:00:00Z,2024-10-01T20:00:00Z,ET,MarketOnClose,Filled,buy,449,13.92838853,6253.84644997,2.245,
1523,2024-10-01T14:00:00Z,2024-10-01T20:00:00Z,TGT,MarketOnClose,Filled,buy,43,140.84349046,6056.27008978,1.0,
1524,2024-10-01T14:00:00Z,2024-10-01T20:00:00Z,OKE,MarketOnClose,Filled,buy,75,83.587491612,6269.0618709,1.0,
1525,2024-10-01T14:00:00Z,2024-10-01T20:00:00Z,COP,MarketOnClose,Filled,buy,6,102.715262043,616.291572258,1.0,
1526,2024-10-01T14:00:00Z,2024-10-01T20:00:00Z,UNH,MarketOnClose,Filled,buy,1,556.11046211,556.11046211,1.0,
1527,2024-10-01T14:00:00Z,2024-10-01T20:00:00Z,PSX,MarketOnClose,Filled,buy,4,124.448398074,497.793592296,1.0,
1528,2024-10-01T14:00:00Z,2024-10-01T20:00:00Z,HON,MarketOnClose,Filled,buy,2,195.619480094232,391.238960188464,1.0,
1529,2024-11-01T04:00:00Z,,PSX,MarketOnOpen,Canceled,sell,-50,0.0,0.0,0.0,no valuation
1530,2024-11-01T14:00:00Z,2024-11-01T20:00:00Z,PSX,MarketOnClose,Filled,sell,-50,112.302069726,-5615.1034863,1.0,no valuation
1531,2024-11-01T14:00:00Z,2024-11-01T20:00:00Z,DE,MarketOnClose,Filled,sell,-16,391.347003346,-6261.552053536,1.0,reached implied value
1532,2024-11-01T14:00:00Z,2024-11-01T20:00:00Z,FISV,MarketOnClose,Filled,sell,-6,202.22,-1213.32,1.0,
1533,2024-11-01T14:00:00Z,2024-11-01T20:00:00Z,BKNG,MarketOnClose,Filled,sell,-6,186.90048318884,-1121.40289913304,1.0,
1534,2024-11-01T14:00:00Z,2024-11-01T20:00:00Z,WMB,MarketOnClose,Filled,sell,-21,48.343965624,-1015.223278104,1.0,
1535,2024-11-01T14:00:00Z,2024-11-01T20:00:00Z,GILD,MarketOnClose,Filled,sell,-9,84.823900872,-763.415107848,1.0,
1536,2024-11-01T14:00:00Z,2024-11-01T20:00:00Z,T,MarketOnClose,Filled,sell,-31,20.438798156,-633.602742836,1.0,
1537,2024-11-01T14:00:00Z,2024-11-01T20:00:00Z,TMUS,MarketOnClose,Filled,sell,-3,214.30939108,-642.92817324,1.0,
1538,2024-11-01T14:00:00Z,2024-11-01T20:00:00Z,SLB,MarketOnClose,Filled,buy,18,37.678472552,678.212505936,1.0,
1539,2024-11-01T14:00:00Z,2024-11-01T20:00:00Z,LMT,MarketOnClose,Filled,buy,1,517.06869435,517.06869435,1.0,
1540,2024-11-01T14:00:00Z,2024-11-01T20:00:00Z,EOG,MarketOnClose,Filled,buy,4,113.960735892,455.842943568,1.0,
1541,2024-11-01T14:00:00Z,2024-11-01T20:00:00Z,AMGN,MarketOnClose,Filled,buy,1,300.55424894,300.55424894,1.0,
1542,2024-12-02T15:00:00Z,2024-12-02T21:00:00Z,NFLX,MarketOnClose,Filled,sell,-89,89.774,-7989.886,1.0,reached implied value
1543,2024-12-02T15:00:00Z,2024-12-02T21:00:00Z,BKNG,MarketOnClose,Filled,sell,-34,205.60072441232,-6990.42463001888,1.0,reached implied value
1544,2024-12-02T15:00:00Z,2024-12-02T21:00:00Z,OKE,MarketOnClose,Filled,sell,-12,101.069685068,-1212.836220816,1.0,
1545,2024-12-02T15:00:00Z,2024-12-02T21:00:00Z,ET,MarketOnClose,Filled,sell,-70,17.1176619,-1198.236333,1.0,
1546,2024-12-02T15:00:00Z,2024-12-02T21:00:00Z,BMY,MarketOnClose,Filled,sell,-11,55.235237472,-607.587612192,1.0,
1547,2024-12-02T15:00:00Z,2024-12-02T21:00:00Z,EPD,MarketOnClose,Filled,sell,-19,30.179627583,-573.412924077,1.0,
1548,2024-12-02T15:00:00Z,2024-12-02T21:00:00Z,GM,MarketOnClose,Filled,buy,121,53.99608384,6533.52614464,1.0,
1549,2024-12-02T15:00:00Z,2024-12-02T21:00:00Z,PCAR,MarketOnClose,Filled,buy,60,109.19864576,6551.9187456,1.0,
1550,2024-12-02T15:00:00Z,2024-12-02T21:00:00Z,QCOM,MarketOnClose,Filled,buy,43,156.188641686,6716.111592498,1.0,
1551,2024-12-02T15:00:00Z,2024-12-02T21:00:00Z,TGT,MarketOnClose,Filled,buy,10,121.841000864,1218.41000864,1.0,
1552,2024-12-02T15:00:00Z,2024-12-02T21:00:00Z,MDLZ,MarketOnClose,Filled,buy,18,61.677939488,1110.202910784,1.0,
1553,2024-12-02T15:00:00Z,2024-12-02T21:00:00Z,AMGN,MarketOnClose,Filled,buy,4,263.93255703,1055.73022812,1.0,
1554,2024-12-02T15:00:00Z,2024-12-02T21:00:00Z,NEE,MarketOnClose,Filled,buy,11,73.144169805,804.585867855,1.0,
1555,2024-12-02T15:00:00Z,2024-12-02T21:00:00Z,XOM,MarketOnClose,Filled,buy,5,111.442271585,557.211357925,1.0,
1556,2024-12-02T15:00:00Z,2024-12-02T21:00:00Z,LOW,MarketOnClose,Filled,buy,2,262.623929985,525.24785997,1.0,
1557,2024-12-02T15:00:00Z,2024-12-02T21:00:00Z,LMT,MarketOnClose,Filled,buy,1,496.450253988,496.450253988,1.0,
1558,2024-12-03T05:00:00Z,2024-12-03T21:00:00Z,TGT,MarketOnOpen,Filled,sell,-53,121.710510196,-6450.657040388,1.0,left universe
