symbol,direction,quantity,entry_time,entry_price,exit_time,exit_price,profit_loss,total_fees,mae,mfe,end_trade_drawdown,duration,is_win,order_ids
AMAT,long,159,2016-02-01T21:00:00Z,15.65587123,2016-02-02T21:00:00Z,15.43411668,-35.26,2.0,-84.62,0.0,84.62,1.00:00:00,False,5 41
HLT,long,49,2016-02-01T21:00:00Z,51.1763755578432,2016-02-02T21:00:00Z,50.3785256048256,-39.09,2.0,-94.94,0.0,94.94,1.00:00:00,False,10 42
HPQ,long,370,2016-02-01T21:00:00Z,6.902331697,2016-02-02T21:00:00Z,6.805408283,-35.86,3.7,-35.86,0.0,35.86,1.00:00:00,False,9 43
HAL,long,96,2016-02-01T21:00:00Z,25.700701218,2016-03-01T21:00:00Z,26.986671452,123.45,2.0,-220.82,123.45,284.8,29.00:00:00,True,17 45
MPC,long,82,2016-02-01T21:00:00Z,30.149807381,2016-03-01T21:00:00Z,25.243699899,-402.3,2.0,-653.44,0.0,653.44,29.00:00:00,False,23 46
PSX,long,45,2016-02-01T21:00:00Z,53.984556612,2016-03-01T21:00:00Z,57.078614058,139.23,2.0,-186.26,139.23,198.49,29.00:00:00,True,34 47
DOW,long,7,2016-02-01T21:00:00Z,52.4968856582607,2016-03-01T21:00:00Z,61.73130730176405,64.64,2.0,0.0,64.64,22.18,29.00:00:00,True,16 48
ETN,long,7,2016-02-01T21:00:00Z,38.619325638,2016-03-01T21:00:00Z,44.648308374,42.2,2.0,-6.57,42.2,10.93,29.00:00:00,True,12 49
LUV,long,7,2016-02-01T21:00:00Z,33.61498697,2016-03-01T21:00:00Z,37.3680315,26.27,2.0,-21.99,26.36,21.99,29.00:00:00,True,20 50
CSCO,long,12,2016-02-01T21:00:00Z,17.133940652,2016-03-01T21:00:00Z,19.578519067,29.33,2.0,-8.49,29.33,9.02,29.00:00:00,True,15 51
ADM,long,97,2016-02-01T21:00:00Z,25.783153938,2016-04-01T20:00:00Z,26.759475918,94.7,2.0,-249.77,217.83,249.77,59.23:00:00,True,1 62
IBM,long,32,2016-02-01T21:00:00Z,76.49730572394432,2016-04-01T20:00:00Z,94.4132147093306,573.31,2.0,-114.65,573.31,187.79,59.23:00:00,True,36 63
LOW,long,42,2016-02-01T21:00:00Z,59.751936468,2016-04-01T20:00:00Z,62.9097597,132.63,2.0,-320.52,132.63,320.52,59.23:00:00,True,21 64
HPE,long,40,2016-02-01T21:00:00Z,10.335336095,2016-04-01T20:00:00Z,13.83974032,140.18,2.205,-44.97,140.18,46.77,59.23:00:00,True,13 65
EMR,long,7,2016-02-01T21:00:00Z,34.656258,2016-04-01T20:00:00Z,42.128345625,52.3,2.0,0.0,55.37,9.96,59.23:00:00,True,11 66
NXPI,long,5,2016-03-01T21:00:00Z,65.109894356,2016-05-02T20:00:00Z,75.732025848,53.11,2.0,0.0,64.51,16.05,61.23:00:00,True,55 75
CSX,long,40,2016-02-01T21:00:00Z,6.507294183270517,2016-05-02T20:00:00Z,7.851659596167295,53.77,2.9,-9.45,58.94,28.56,90.23:00:00,True,4 76
ABBV,long,6,2016-04-01T20:00:00Z,37.400729454,2016-05-02T20:00:00Z,40.403712,18.02,2.0,0.0,18.02,5.55,31.00:00:00,True,67 77
AAL,long,63,2016-03-01T21:00:00Z,40.08372299,2016-05-03T20:00:00Z,33.385949442,-421.96,2.0,-440.73,99.01,539.74,62.23:00:00,False,56 84
AAL,long,5,2016-04-01T20:00:00Z,37.87015856,2016-05-03T20:00:00Z,33.385949442,-22.42,1.0,-23.91,18.93,32.63,32.00:00:00,False,73 84
AAL,long,12,2016-05-02T20:00:00Z,33.088032219,2016-05-03T20:00:00Z,33.385949442,3.58,1.0,0.0,102.81,0.0,1.00:00:00,True,79 84
LB,long,41,2016-04-01T20:00:00Z,64.803635688,2016-06-01T20:00:00Z,50.775940618,-575.14,2.0,-828.94,0.0,828.94,61.00:00:00,False,69 86
LB,long,5,2016-05-02T20:00:00Z,58.520449394,2016-06-01T20:00:00Z,50.775940618,-38.72,1.0,-69.67,31.42,72.03,30.00:00:00,False,80 86
MCK,long,3,2016-02-01T21:00:00Z,146.859883067,2016-06-01T20:00:00Z,170.760355699,71.7,2.0,-25.76,71.7,40.86,120.23:00:00,True,40 87
NFLX,long,35,2016-02-01T21:00:00Z,9.409,2016-06-01T20:00:00Z,10.151,25.97,2.355,-39.55,60.97,83.2,120.23:00:00,True,6 88
BIIB,long,1,2016-02-01T21:00:00Z,273.45,2016-06-01T20:00:00Z,286.82,13.37,2.0,-28.34,16.28,28.34,120.23:00:00,True,32 89
NXPI,long,3,2016-03-01T21:00:00Z,65.109894356,2016-06-01T20:00:00Z,82.749123448,52.92,1.0,0.0,53.31,15.45,91.23:00:00,True,55 90
CRH,long,119,2016-02-01T21:00:00Z,20.69899845,2016-07-01T20:00:00Z,23.183773842,295.69,2.0,-281.45,485.79,463.56,150.23:00:00,True,19 95
WMT,long,136,2016-02-01T21:00:00Z,18.63505163649465,2016-07-01T20:00:00Z,20.398081083191688,239.77,2.0,-128.28,247.77,236.31,150.23:00:00,True,3 96
UNH,long,3,2016-02-01T21:00:00Z,96.805072554,2016-07-01T20:00:00Z,118.690917932,65.66,2.0,-14.71,66.52,14.71,150.23:00:00,True,39 97
T,long,19,2016-03-01T21:00:00Z,15.343748800769273,2016-07-01T20:00:00Z,18.060001987962753,51.61,2.0,0.0,51.61,9.71,121.23:00:00,True,54 98
NEE,long,13,2016-02-01T21:00:00Z,21.4017590325,2016-07-01T20:00:00Z,24.9424152065,46.03,2.0,-3.84,47.68,15.09,150.23:00:00,True,22 99
UPS,long,4,2016-02-01T21:00:00Z,62.30226912,2016-07-01T20:00:00Z,72.887747184,42.34,2.0,0.0,42.34,14.44,150.23:00:00,True,24 100
MDLZ,long,6,2016-03-01T21:00:00Z,32.338737027,2016-07-01T20:00:00Z,35.595439399,19.54,2.0,-8.87,21.43,18.62,121.23:00:00,True,53 101
HPE,long,28,2016-02-01T21:00:00Z,10.335336095,2016-08-01T20:00:00Z,15.907543484,156.02,1.0,-31.48,156.02,57.5,181.23:00:00,True,13 111
AMGN,long,3,2016-02-01T21:00:00Z,111.1960733,2016-08-01T20:00:00Z,128.503747008,51.92,2.0,-23.74,51.92,41.38,181.23:00:00,True,35 112
ABT,long,8,2016-06-01T20:00:00Z,32.522447097,2016-08-01T20:00:00Z,37.50985735,39.9,2.0,-16.86,39.9,17.65,61.00:00:00,True,91 113
CSCO,long,11,2016-02-01T21:00:00Z,17.133940652,2016-08-01T20:00:00Z,22.83567811,62.72,1.0,-7.79,63.95,19.68,181.23:00:00,True,15 114
GD,long,2,2016-02-01T21:00:00Z,106.95490952,2016-08-01T20:00:00Z,120.738016879,27.57,2.0,-8.17,27.57,20.37,181.23:00:00,True,29 115
LUV,long,68,2016-02-01T21:00:00Z,33.61498697,2016-08-02T20:00:00Z,32.478186015,-77.3,1.0,-213.66,567.9,723.72,182.23:00:00,False,20 121
LUV,long,7,2016-07-01T20:00:00Z,34.90193124,2016-08-02T20:00:00Z,32.478186015,-16.97,1.0,-31.0,49.45,47.14,32.00:00:00,False,108 121
LUV,long,9,2016-08-01T20:00:00Z,32.645644776,2016-08-02T20:00:00Z,32.478186015,-1.51,1.0,-19.55,83.89,11.9,1.00:00:00,False,119 121
BIIB,long,2,2016-02-01T21:00:00Z,273.45,2016-09-01T20:00:00Z,306.03,65.16,1.0,-97.7,113.32,131.26,212.23:00:00,True,32 122
TSN,long,6,2016-04-01T20:00:00Z,52.244067964,2016-09-01T20:00:00Z,58.162683984,35.51,2.0,-37.71,37.36,43.15,153.00:00:00,True,68 123
APD,long,3,2016-02-01T21:00:00Z,94.468688316,2016-09-01T20:00:00Z,113.87749164,58.23,2.0,-8.74,58.99,31.23,212.23:00:00,True,28 124
AAPL,long,13,2016-02-01T21:00:00Z,21.655612962,2016-09-01T20:00:00Z,24.37684649725,35.38,2.0,-14.73,47.52,62.26,212.23:00:00,True,2 125
ETN,long,5,2016-02-01T21:00:00Z,38.619325638,2016-09-01T20:00:00Z,52.916427872,71.49,1.0,-4.69,74.65,30.11,212.23:00:00,True,12 126
NXPI,long,8,2016-03-01T21:00:00Z,65.109894356,2016-10-03T20:00:00Z,90.134618672,200.2,1.0,0.0,200.2,136.48,215.23:00:00,True,55 130
LBTYA,long,10,2016-07-01T20:00:00Z,29.7,2016-10-03T20:00:00Z,34.03,43.3,2.0,-22.1,47.3,22.1,94.00:00:00,True,102 131
CSX,long,31,2016-02-01T21:00:00Z,6.507294183270517,2016-10-03T20:00:00Z,8.844004921932752,72.44,1.0,-7.32,73.07,28.25,244.23:00:00,True,4 132
HPQ,long,22,2016-09-01T20:00:00Z,10.24212575,2016-10-03T20:00:00Z,11.149524805,19.96,2.345,-6.68,19.96,9.63,32.00:00:00,True,127 133
HPE,long,14,2016-02-01T21:00:00Z,10.335336095,2016-10-03T20:00:00Z,17.092308345,94.6,1.0,-15.74,100.83,28.75,244.23:00:00,True,13 134
AAPL,long,101,2016-02-01T21:00:00Z,21.655612962,2016-11-01T20:00:00Z,25.46401776425,384.65,1.0,-114.47,540.59,483.69,273.23:00:00,True,2 140
AAPL,long,11,2016-05-02T20:00:00Z,21.14316288,2016-11-01T20:00:00Z,25.46401776425,47.53,1.0,-6.83,64.51,20.92,183.00:00:00,True,81 140
CAH,long,44,2016-06-01T20:00:00Z,59.414581248,2016-11-01T20:00:00Z,51.082515066,-366.61,2.0,-366.61,222.82,589.43,153.00:00:00,False,92 141
NFLX,long,72,2016-02-01T21:00:00Z,9.409,2016-11-01T20:00:00Z,12.33,210.31,1.0,-81.36,240.55,188.5,273.23:00:00,True,6 142
VLO,long,10,2016-02-01T21:00:00Z,45.37488669,2016-11-01T20:00:00Z,40.554898155,-48.2,2.0,-135.27,0.0,135.27,273.23:00:00,False,26 143
DAL,long,9,2016-03-01T21:00:00Z,43.04467977,2016-11-01T20:00:00Z,37.184209188,-52.74,2.0,-122.26,9.67,131.93,244.23:00:00,False,52 144
CTSH,long,6,2016-07-01T20:00:00Z,49.80889628,2016-11-01T20:00:00Z,44.84542235,-29.78,2.0,-49.58,13.11,62.7,123.00:00:00,False,103 145
CCL,long,6,2016-02-01T21:00:00Z,42.047428335,2016-11-01T20:00:00Z,42.472484244,2.55,2.0,-36.23,22.86,49.55,273.23:00:00,True,18 146
TSN,long,46,2016-04-01T20:00:00Z,52.244067964,2016-12-01T21:00:00Z,43.454274719,-404.33,1.0,-404.33,317.63,721.96,244.01:00:00,False,68 156
EMR,long,64,2016-02-01T21:00:00Z,34.656258,2016-12-01T21:00:00Z,44.894488072,655.25,1.0,0.0,655.25,325.96,304.00:00:00,True,11 157
GD,long,4,2016-02-01T21:00:00Z,106.95490952,2016-12-01T21:00:00Z,143.56515096,146.44,1.0,-16.33,146.44,40.75,304.00:00:00,True,29 158
CSX,long,43,2016-02-01T21:00:00Z,6.507294183270517,2016-12-01T21:00:00Z,10.6977519242247,180.19,1.0,-10.16,180.19,39.19,304.00:00:00,True,4 159
DAL,long,8,2016-03-01T21:00:00Z,43.04467977,2016-12-01T21:00:00Z,42.606535923,-3.51,1.0,-108.68,8.59,117.27,275.00:00:00,False,52 160
LUV,long,8,2016-11-01T20:00:00Z,35.067525376,2016-12-01T21:00:00Z,41.598498474,52.25,2.0,-0.49,55.43,6.43,30.01:00:00,True,147 161
KR,long,12,2016-02-01T21:00:00Z,32.23295754,2017-01-03T21:00:00Z,27.459824676,-57.28,2.0,-106.01,6.33,112.34,337.00:00:00,False,27 171
VLO,long,6,2016-02-01T21:00:00Z,45.37488669,2017-01-03T21:00:00Z,48.45554427,18.48,1.0,-81.16,18.48,81.16,337.00:00:00,True,26 172
ABT,long,74,2016-06-01T20:00:00Z,32.522447097,2017-02-01T21:00:00Z,35.51343078,221.33,1.0,-155.94,369.07,456.65,245.01:00:00,True,91 176
ABT,long,8,2016-11-01T20:00:00Z,32.547390095,2017-02-01T21:00:00Z,35.51343078,23.73,1.0,-17.06,39.7,20.07,92.01:00:00,True,152 176
CSX,long,266,2016-02-01T21:00:00Z,6.507294183270517,2017-02-01T21:00:00Z,13.756339107365951,1928.25,1.33,-62.85,2045.58,242.43,366.00:00:00,True,4 177
ETN,long,52,2016-02-01T21:00:00Z,38.619325638,2017-02-01T21:00:00Z,56.92071165,951.67,1.0,-48.79,951.67,313.19,366.00:00:00,True,12 178
F,long,353,2016-02-01T21:00:00Z,7.124142485,2017-02-01T21:00:00Z,7.64648808,184.39,3.53,-187.52,453.25,523.01,366.00:00:00,True,7 179
GD,long,17,2016-02-01T21:00:00Z,106.95490952,2017-02-01T21:00:00Z,147.972401348,697.3,1.0,-69.41,754.41,173.17,366.00:00:00,True,29 180
GD,long,2,2016-04-01T20:00:00Z,105.946203038,2017-02-01T21:00:00Z,147.972401348,84.05,1.0,-6.15,90.77,20.37,306.01:00:00,True,72 180
NXPI,long,24,2016-03-01T21:00:00Z,65.109894356,2017-02-01T21:00:00Z,85.7401613,495.13,1.0,0.0,637.01,409.45,337.00:00:00,True,55 181
NXPI,long,6,2016-07-01T20:00:00Z,68.390387484,2017-02-01T21:00:00Z,85.7401613,104.1,1.0,-19.68,139.57,44.68,215.01:00:00,True,104 181
NXPI,long,3,2017-01-03T21:00:00Z,85.661218952,2017-02-01T21:00:00Z,85.7401613,0.24,1.0,-61.65,17.97,6.92,29.00:00:00,True,174 181
PPG,long,31,2016-03-01T21:00:00Z,81.784516268,2017-02-01T21:00:00Z,83.567783496,55.28,2.0,-195.3,432.06,627.35,337.00:00:00,True,57 182
PPG,long,3,2016-11-01T20:00:00Z,76.74244274,2017-02-01T21:00:00Z,83.567783496,20.48,1.0,-3.77,56.94,11.82,92.01:00:00,True,153 182
UPS,long,36,2016-02-01T21:00:00Z,62.30226912,2017-02-01T21:00:00Z,71.865376905,344.27,1.0,0.0,707.97,363.7,366.00:00:00,True,24 183
YUM,long,52,2016-12-01T21:00:00Z,52.476852381,2017-02-01T21:00:00Z,54.536742375,107.11,2.0,-11.75,153.03,66.6,62.00:00:00,True,163 184
NFLX,long,32,2016-02-01T21:00:00Z,9.409,2017-02-01T21:00:00Z,14.078,149.41,1.0,-36.16,154.75,83.78,366.00:00:00,True,6 185
LBTYA,long,10,2016-07-01T20:00:00Z,29.7,2017-02-01T21:00:00Z,36.23,65.3,1.0,-22.1,69.2,48.8,215.01:00:00,True,102 186
GM,long,11,2016-02-01T21:00:00Z,24.06538739,2017-02-01T21:00:00Z,30.299201374,68.57,2.0,-28.22,88.31,42.73,366.00:00:00,True,8 187
DIS,long,3,2016-02-01T21:00:00Z,87.03612181,2017-02-01T21:00:00Z,103.33881117,48.91,2.0,-17.29,48.91,41.47,366.00:00:00,True,33 188
DOW,long,41,2016-02-01T21:00:00Z,52.4968856582607,2017-03-01T21:00:00Z,81.01514942735454,1169.25,1.0,0.0,1180.24,262.32,394.00:00:00,True,16 201
GM,long,94,2016-02-01T21:00:00Z,24.06538739,2017-03-01T21:00:00Z,31.380716863,687.64,1.0,-241.17,754.63,365.13,394.00:00:00,True,8 202
MPC,long,79,2016-12-01T21:00:00Z,35.735858158,2017-03-01T21:00:00Z,38.443905401,213.94,2.0,-30.16,306.91,308.69,90.00:00:00,True,162 203
MDLZ,long,73,2016-03-01T21:00:00Z,32.338737027,2017-03-01T21:00:00Z,35.052651504,198.12,1.0,-107.95,301.3,310.12,365.00:00:00,True,53 204
MDLZ,long,12,2016-12-01T21:00:00Z,32.3685588,2017-03-01T21:00:00Z,35.052651504,32.21,1.0,-18.1,49.17,27.41,90.00:00:00,True,165 204
LUV,long,9,2016-11-01T20:00:00Z,35.067525376,2017-03-01T21:00:00Z,52.146465536,153.71,1.0,-0.56,153.71,17.7,120.01:00:00,True,147 205
HCA,long,5,2016-02-01T21:00:00Z,65.55873955,2017-03-01T21:00:00Z,81.2699441,78.56,2.0,-31.43,78.56,57.42,394.00:00:00,True,37 206
AMGN,long,3,2016-02-01T21:00:00Z,111.1960733,2017-03-01T21:00:00Z,134.090718432,68.68,1.0,-32.53,68.68,89.95,394.00:00:00,True,35 207
HPQ,long,27,2016-09-01T20:00:00Z,10.24212575,2017-03-01T21:00:00Z,12.664468188,65.4,1.0,-11.09,65.79,35.59,181.01:00:00,True,127 208
GLW,long,138,2017-03-01T21:00:00Z,22.18168008,2017-04-03T20:00:00Z,21.111925296,-147.63,2.0,-147.63,0.0,147.63,32.23:00:00,False,210 219
KR,long,67,2016-02-01T21:00:00Z,32.23295754,2017-04-03T20:00:00Z,24.02796144,-549.73,1.0,-591.91,35.35,627.26,426.23:00:00,False,27 220
KR,long,8,2016-04-01T20:00:00Z,30.882770096,2017-04-03T20:00:00Z,24.02796144,-54.84,1.0,-59.87,15.02,64.77,367.00:00:00,False,71 220
KR,long,12,2016-08-01T20:00:00Z,27.491177463,2017-04-03T20:00:00Z,24.02796144,-41.56,1.0,-49.11,63.23,70.04,245.00:00:00,False,118 220
KR,long,14,2016-10-03T20:00:00Z,23.755505232,2017-04-03T20:00:00Z,24.02796144,3.81,1.0,-5.0,126.07,81.71,182.00:00:00,True,136 220
KR,long,14,2017-03-01T21:00:00Z,26.201919856,2017-04-03T20:00:00Z,24.02796144,-30.44,1.0,-39.25,91.82,38.56,32.23:00:00,False,213 220
AMAT,long,9,2017-02-01T21:00:00Z,31.586081598,2017-04-03T20:00:00Z,35.16655473,32.22,2.0,-0.73,37.76,8.06,60.23:00:00,True,190 221
CCL,long,5,2016-02-01T21:00:00Z,42.047428335,2017-04-03T20:00:00Z,52.197133212,50.75,1.0,-30.19,53.24,41.29,426.23:00:00,True,18 222
HD,long,3,2016-02-01T21:00:00Z,97.580098032,2017-05-01T20:00:00Z,122.240320768,73.98,2.0,-33.92,78.45,42.72,454.23:00:00,True,38 229
LOW,long,5,2017-02-01T21:00:00Z,60.561291,2017-05-01T20:00:00Z,70.962194142,52.0,2.0,-1.67,55.58,12.05,88.23:00:00,True,196 230
UNH,long,2,2016-02-01T21:00:00Z,96.805072554,2017-05-01T20:00:00Z,149.024713464,104.44,1.0,-9.81,104.78,15.92,454.23:00:00,True,39 231
BAX,long,6,2017-03-01T21:00:00Z,44.151848604,2017-05-01T20:00:00Z,47.928163716,22.66,2.0,-2.74,23.12,5.74,60.23:00:00,True,212 232
HPQ,long,20,2016-09-01T20:00:00Z,10.24212575,2017-05-01T20:00:00Z,13.708217058,69.32,1.0,-8.21,69.32,26.36,242.00:00:00,True,127 233
CAH,long,47,2017-04-03T20:00:00Z,62.931465144,2017-05-02T20:00:00Z,56.40817638,-306.59,2.0,-319.75,64.68,384.43,29.00:00:00,False,224 239
CAH,long,6,2017-05-01T20:00:00Z,56.128273644,2017-05-02T20:00:00Z,56.40817638,1.68,1.0,0.0,49.08,2.05,1.00:00:00,True,235 239
GIS,long,66,2017-02-01T21:00:00Z,42.715643402,2017-06-01T20:00:00Z,40.38961439,-153.52,2.0,-229.48,83.61,313.09,119.23:00:00,False,197 240
GIS,long,7,2017-04-03T20:00:00Z,40.75282583,2017-06-01T20:00:00Z,40.38961439,-2.54,1.0,-10.6,22.61,11.45,59.00:00:00,False,226 240
AMAT,long,12,2017-02-01T21:00:00Z,31.586081598,2017-06-01T20:00:00Z,41.6890226,121.24,1.0,-0.97,121.24,25.07,119.23:00:00,True,190 241
CTSH,long,7,2016-07-01T20:00:00Z,49.80889628,2017-06-01T20:00:00Z,58.818982633,63.07,1.0,-57.85,63.07,73.15,335.00:00:00,True,103 242
NFLX,long,19,2016-02-01T21:00:00Z,9.409,2017-06-01T20:00:00Z,16.299,130.91,1.0,-21.47,131.35,49.74,485.23:00:00,True,6 243
MCK,long,2,2016-02-01T21:00:00Z,146.859883067,2017-06-01T20:00:00Z,154.626605424,15.53,1.0,-63.06,73.55,136.61,485.23:00:00,True,40 244
ABBV,long,10,2016-04-01T20:00:00Z,37.400729454,2017-07-03T17:00:00Z,49.461708522,120.61,1.0,-0.56,125.8,73.61,457.21:00:00,True,67 253
DAL,long,9,2016-03-01T21:00:00Z,43.04467977,2017-07-03T17:00:00Z,48.604497258,50.04,1.0,-122.26,50.04,131.93,488.20:00:00,True,52 254
GILD,long,6,2016-02-01T21:00:00Z,58.045930195,2017-07-03T17:00:00Z,50.7455613,-43.8,2.0,-74.34,77.62,151.97,517.20:00:00,False,25 255
CCL,long,5,2016-02-01T21:00:00Z,42.047428335,2017-07-03T17:00:00Z,58.395773568,81.74,1.0,-30.19,86.97,41.29,517.20:00:00,True,18 256
CSCO,long,120,2016-02-01T21:00:00Z,17.133940652,2017-08-01T20:00:00Z,24.351082725,866.06,1.0,-84.94,1089.64,309.45,546.23:00:00,True,15 265
EIX,long,60,2017-02-01T21:00:00Z,47.531643575,2017-08-01T20:00:00Z,53.087991136,333.38,2.0,0.0,443.87,209.02,180.23:00:00,True,189 266
NFLX,long,34,2016-02-01T21:00:00Z,9.409,2017-08-01T20:00:00Z,18.203,299.0,1.0,-38.42,322.97,89.01,546.23:00:00,True,6 267
BIIB,long,2,2016-02-01T21:00:00Z,273.45,2017-08-01T20:00:00Z,291.15,35.4,1.0,-97.7,113.32,167.14,546.23:00:00,True,32 268
ACN,long,27,2016-11-01T20:00:00Z,97.504280126,2017-09-01T20:00:00Z,110.35744209,347.04,2.0,-66.87,362.15,276.77,304.00:00:00,True,148 276
ACN,long,3,2017-02-01T21:00:00Z,95.027634471,2017-09-01T20:00:00Z,110.35744209,45.99,1.0,0.0,47.67,26.27,211.23:00:00,True,199 276
GLW,long,132,2017-06-01T20:00:00Z,23.460938331,2017-09-01T20:00:00Z,22.9759046,-64.02,2.0,-187.88,256.77,444.64,92.00:00:00,False,245 277
GILD,long,9,2016-02-01T21:00:00Z,58.045930195,2017-09-01T20:00:00Z,60.11231625,18.6,1.0,-111.51,116.44,227.95,577.23:00:00,True,25 278
NEE,long,12,2016-02-01T21:00:00Z,21.4017590325,2017-09-01T20:00:00Z,29.92373464,102.26,1.0,-3.55,103.94,38.19,577.23:00:00,True,22 279
UNH,long,2,2016-02-01T21:00:00Z,96.805072554,2017-09-01T20:00:00Z,171.11643675,148.62,1.0,-9.81,148.62,15.92,577.23:00:00,True,39 280
MU,long,17,2017-09-01T20:00:00Z,31.78947598,2017-10-02T20:00:00Z,39.015243373,122.84,2.0,-8.79,122.84,31.33,31.00:00:00,True,281 287
AMAT,long,13,2017-02-01T21:00:00Z,31.586081598,2017-10-02T20:00:00Z,47.30845644,204.39,1.0,-1.05,204.51,75.64,242.23:00:00,True,190 288
ABBV,long,9,2016-04-01T20:00:00Z,37.400729454,2017-10-02T20:00:00Z,62.289855087,224.0,1.0,-0.5,224.0,66.25,549.00:00:00,True,67 289
VLO,long,9,2016-02-01T21:00:00Z,45.37488669,2017-10-02T20:00:00Z,54.70281866,83.95,1.0,-121.75,83.95,121.75,608.23:00:00,True,26 290
HPQ,long,21,2016-09-01T20:00:00Z,10.24212575,2017-10-02T20:00:00Z,14.780456526,95.3,1.0,-8.62,95.3,32.69,396.00:00:00,True,127 291
EBAY,long,9,2017-02-01T21:00:00Z,28.378386738,2017-10-02T20:00:00Z,34.154596593,51.99,2.0,-1.67,51.99,23.33,242.23:00:00,True,193 292
LRCX,long,16,2017-09-01T20:00:00Z,14.7663557928,2017-10-02T20:00:00Z,16.4994197395,27.73,2.06,-3.91,27.73,11.17,31.00:00:00,True,282 293
DISH,long,47,2017-04-03T20:00:00Z,63.07,2017-10-03T20:00:00Z,53.85,-433.34,2.0,-513.24,146.64,659.88,183.00:00:00,False,223 299
DISH,long,7,2017-09-01T20:00:00Z,58.47,2017-10-03T20:00:00Z,53.85,-32.34,1.0,-44.24,54.04,44.24,32.00:00:00,False,283 299
DISH,long,5,2017-10-02T20:00:00Z,53.83,2017-10-03T20:00:00Z,53.85,0.1,1.0,-8.4,61.8,2.35,1.00:00:00,True,296 299
HPE,long,159,2016-02-01T21:00:00Z,10.335336095,2017-10-03T20:00:00Z,11.494548333,184.31,1.425,-178.75,1346.35,1395.69,609.23:00:00,True,13 300
HPE,long,14,2017-03-01T21:00:00Z,17.588872736,2017-10-03T20:00:00Z,11.494548333,-85.32,1.0,-117.29,17.0,112.21,215.23:00:00,False,216 300
HPE,long,39,2017-05-01T20:00:00Z,14.27206875,2017-10-03T20:00:00Z,11.494548333,-108.32,1.0,-197.38,176.7,176.32,155.00:00:00,False,234 300
HPE,long,29,2017-07-03T17:00:00Z,12.737552001,2017-10-03T20:00:00Z,11.494548333,-36.05,1.0,-102.27,175.9,109.47,92.03:00:00,False,257 300
HPE,long,44,2017-10-02T20:00:00Z,11.502226722,2017-10-03T20:00:00Z,11.494548333,-0.34,1.0,-100.81,321.23,9.8,1.00:00:00,False,294 300
APD,long,24,2016-02-01T21:00:00Z,94.468688316,2017-11-01T20:00:00Z,130.128839032,855.84,1.0,-69.96,884.55,265.57,638.23:00:00,True,28 303
APD,long,2,2017-03-01T21:00:00Z,114.633884709,2017-11-01T20:00:00Z,130.128839032,30.99,1.0,-46.16,33.38,13.96,244.23:00:00,True,217 303
DIS,long,25,2016-02-01T21:00:00Z,87.03612181,2017-11-01T20:00:00Z,92.63983712,140.09,1.0,-144.07,512.95,422.2,638.23:00:00,True,33 304
DIS,long,3,2016-08-01T20:00:00Z,88.027708908,2017-11-01T20:00:00Z,92.63983712,13.84,1.0,-20.26,58.58,50.66,457.00:00:00,True,120 304
DIS,long,2,2017-06-01T20:00:00Z,100.469836089,2017-11-01T20:00:00Z,92.63983712,-15.66,1.0,-38.39,14.17,25.59,153.00:00:00,False,252 304
DIS,long,2,2017-09-01T20:00:00Z,94.95022078,2017-11-01T20:00:00Z,92.63983712,-4.62,1.0,-27.35,25.21,8.74,61.00:00:00,False,286 304
DIS,long,2,2017-10-02T20:00:00Z,93.41620086,2017-11-01T20:00:00Z,92.63983712,-1.55,1.0,-24.29,28.28,7.22,30.00:00:00,False,298 304
LBTYA,long,70,2016-07-01T20:00:00Z,29.7,2017-11-01T20:00:00Z,31.34,114.8,1.0,-154.7,542.5,613.2,488.00:00:00,True,102 305
LBTYA,long,9,2016-12-01T21:00:00Z,30.07,2017-11-01T20:00:00Z,31.34,11.43,1.0,-23.22,66.42,78.84,334.23:00:00,True,166 305
LBTYA,long,20,2017-06-01T20:00:00Z,31.35,2017-11-01T20:00:00Z,31.34,-0.2,1.0,-77.2,122.0,82.4,153.00:00:00,False,247 305
PPL,long,124,2017-03-01T21:00:00Z,24.029493254,2017-11-01T20:00:00Z,24.928523108,111.48,2.0,-25.48,353.31,241.84,244.23:00:00,True,211 306
AMAT,long,60,2017-02-01T21:00:00Z,31.586081598,2017-11-01T20:00:00Z,50.605877655,1141.19,1.0,-4.87,1194.6,349.1,272.23:00:00,True,190 307
AMAT,long,8,2017-07-03T17:00:00Z,37.166669931,2017-11-01T20:00:00Z,50.605877655,107.51,1.0,-45.29,114.64,39.3,121.03:00:00,True,259 307
LRCX,long,21,2017-09-01T20:00:00Z,14.7663557928,2017-11-01T20:00:00Z,18.0051747972,68.02,1.0,-5.13,78.54,14.66,61.00:00:00,True,282 308
MU,long,8,2017-09-01T20:00:00Z,31.78947598,2017-11-01T20:00:00Z,43.276593374,91.9,1.0,-4.13,91.9,14.74,61.00:00:00,True,281 309
CCL,long,44,2016-02-01T21:00:00Z,42.047428335,2017-12-01T21:00:00Z,59.789268,780.64,1.0,-265.7,900.75,363.39,669.00:00:00,True,18 323
CCL,long,8,2016-07-01T20:00:00Z,39.035458003,2017-12-01T21:00:00Z,59.789268,166.03,1.0,-24.21,187.87,43.05,518.01:00:00,True,106 323
RCL,long,28,2017-11-01T20:00:00Z,109.809117556,2017-12-01T21:00:00Z,113.779544858,111.17,2.0,0.0,212.93,170.7,30.01:00:00,True,316 324
QCOM,long,70,2017-02-01T21:00:00Z,40.895135405,2017-12-01T21:00:00Z,52.368849285,803.16,2.0,-107.29,964.93,475.98,303.00:00:00,True,195 325
QCOM,long,8,2017-10-02T20:00:00Z,41.138629912,2017-12-01T21:00:00Z,52.368849285,89.84,1.0,-14.21,108.33,23.15,60.01:00:00,True,295 325
HD,long,3,2016-02-01T21:00:00Z,97.580098032,2017-12-01T21:00:00Z,145.39849338,143.46,1.0,-33.92,143.46,42.72,669.00:00:00,True,38 326
TGT,long,9,2016-02-01T21:00:00Z,52.667742226,2018-01-02T21:00:00Z,52.658577825,-0.08,2.0,-129.85,77.18,207.03,701.00:00:00,False,31 334
DE,long,3,2017-11-01T20:00:00Z,118.072311696,2018-01-02T21:00:00Z,139.476153846,64.21,2.0,-7.89,64.58,11.69,62.01:00:00,True,314 335
VLO,long,6,2016-02-01T21:00:00Z,45.37488669,2018-01-02T21:00:00Z,66.44596928,126.43,1.0,-81.16,126.43,81.16,701.00:00:00,True,26 336
T,long,17,2016-03-01T21:00:00Z,15.343748800769273,2018-01-02T21:00:00Z,17.208654127333006,31.7,1.0,-11.41,50.76,62.17,672.00:00:00,True,54 337
ED,long,51,2017-12-01T21:00:00Z,64.89686592,2018-01-03T21:00:00Z,60.9367104,-201.97,2.0,-224.7,31.3,256.0,33.00:00:00,False,328 340
ED,long,4,2018-01-02T21:00:00Z,61.06822848,2018-01-03T21:00:00Z,60.9367104,-0.53,1.0,-2.31,17.77,2.31,1.00:00:00,False,339 340
ABBV,long,47,2016-04-01T20:00:00Z,37.400729454,2018-02-01T21:00:00Z,81.307803906,2063.63,1.0,-2.63,2289.29,360.99,671.01:00:00,True,67 342
ABBV,long,5,2016-11-01T20:00:00Z,37.793393545,2018-02-01T21:00:00Z,81.307803906,217.57,1.0,-2.24,241.58,38.4,457.01:00:00,True,154 342
GLW,long,130,2017-11-01T20:00:00Z,25.14629282,2018-02-01T21:00:00Z,25.317787476,22.29,2.0,-26.52,350.49,377.01,92.01:00:00,True,310 343
CL,long,56,2017-11-01T20:00:00Z,57.287007792,2018-02-01T21:00:00Z,59.844818324,143.24,2.0,-18.64,328.33,185.09,92.01:00:00,True,311 344
EBAY,long,94,2017-02-01T21:00:00Z,28.378386738,2018-02-01T21:00:00Z,40.733302779,1161.36,1.0,-17.41,1161.36,382.15,365.00:00:00,True,193 345
EBAY,long,16,2017-12-01T21:00:00Z,31.04161632,2018-02-01T21:00:00Z,40.733302779,155.07,1.0,-45.57,155.07,29.91,62.00:00:00,True,330 345
KMB,long,35,2017-08-01T20:00:00Z,87.114512356,2018-02-01T21:00:00Z,85.76840646,-47.11,2.0,-273.78,93.94,313.87,184.01:00:00,False,270 346
KMB,long,4,2017-11-01T20:00:00Z,80.86547655,2018-02-01T21:00:00Z,85.76840646,19.61,1.0,-6.29,35.73,27.45,92.01:00:00,True,321 346
LOW,long,42,2017-02-01T21:00:00Z,60.561291,2018-02-01T21:00:00Z,88.579784448,1176.78,1.0,-14.06,1303.58,476.61,365.00:00:00,True,196 347
LOW,long,4,2017-06-01T20:00:00Z,67.608259593,2018-02-01T21:00:00Z,88.579784448,83.89,1.0,-29.53,95.96,28.65,245.01:00:00,True,249 347
HPQ,long,179,2016-09-01T20:00:00Z,10.24212575,2018-02-01T21:00:00Z,17.22065021,1249.16,1.095,-73.5,1329.86,278.66,518.01:00:00,True,127 348
HPQ,long,21,2017-02-01T21:00:00Z,10.775214,2018-02-01T21:00:00Z,17.22065021,135.35,1.0,-19.82,144.82,32.69,365.00:00:00,True,200 348
HPQ,long,19,2017-07-03T17:00:00Z,12.81216699,2018-02-01T21:00:00Z,17.22065021,83.76,1.0,-56.63,92.33,22.09,213.04:00:00,True,262 348
NEE,long,92,2016-02-01T21:00:00Z,21.4017590325,2018-02-01T21:00:00Z,31.3524509595,915.46,1.0,-27.19,969.15,292.76,731.00:00:00,True,22 349
NEE,long,12,2016-09-01T20:00:00Z,23.427647925,2018-02-01T21:00:00Z,31.3524509595,95.1,1.0,-27.86,102.1,33.67,518.01:00:00,True,128 349
SO,long,96,2017-08-01T20:00:00Z,32.867005589,2018-02-01T21:00:00Z,30.760004338,-202.27,2.0,-228.22,348.36,576.58,184.01:00:00,False,269 350
NFLX,long,36,2016-02-01T21:00:00Z,9.409,2018-02-01T21:00:00Z,26.507,615.53,1.0,-40.68,685.8,94.25,731.00:00:00,True,6 351
GILD,long,7,2016-02-01T21:00:00Z,58.045930195,2018-02-01T21:00:00Z,60.71267565,18.67,1.0,-86.73,90.56,177.29,731.00:00:00,True,25 352
HCA,long,4,2016-02-01T21:00:00Z,65.55873955,2018-02-01T21:00:00Z,94.3779996,115.28,1.0,-25.15,115.28,60.08,731.00:00:00,True,37 353
MCK,long,2,2016-02-01T21:00:00Z,146.859883067,2018-02-01T21:00:00Z,155.66879107,17.62,1.0,-63.06,73.55,136.61,731.00:00:00,True,40 354
MO,long,79,2017-03-01T21:00:00Z,38.344509,2018-03-01T21:00:00Z,32.816148453,-436.74,2.0,-509.69,135.19,644.88,365.00:00:00,False,209 367
MO,long,14,2017-08-01T20:00:00Z,33.76211255,2018-03-01T21:00:00Z,32.816148453,-13.24,1.0,-26.17,88.11,79.55,212.01:00:00,False,271 367
BAX,long,62,2017-03-01T21:00:00Z,44.151848604,2018-03-01T21:00:00Z,57.752681238,843.25,1.0,-28.33,1155.34,522.55,365.00:00:00,True,212 368
TGT,long,8,2016-02-01T21:00:00Z,52.667742226,2018-03-01T21:00:00Z,58.196297649,44.23,1.0,-115.42,68.6,184.03,759.00:00:00,True,31 369
NFLX,long,15,2016-02-01T21:00:00Z,9.409,2018-03-01T21:00:00Z,29.039,294.45,1.0,-16.95,300.1,52.68,759.00:00:00,True,6 370
MU,long,8,2017-09-01T20:00:00Z,31.78947598,2018-03-01T21:00:00Z,46.436038226,117.17,1.0,-4.13,133.24,80.2,181.01:00:00,True,281 371
AMAT,long,7,2018-02-01T21:00:00Z,48.48096384,2018-03-01T21:00:00Z,52.024127415,24.8,2.0,-47.96,35.91,47.96,28.00:00:00,True,361 372
INTC,long,11,2018-02-01T21:00:00Z,40.004619445,2018-04-02T20:00:00Z,41.34948324,14.79,2.0,-42.57,47.89,42.57,59.23:00:00,True,357 381
LRCX,long,22,2017-09-01T20:00:00Z,14.7663557928,2018-04-02T20:00:00Z,17.2934017474,55.6,1.0,-7.3,123.85,109.76,213.00:00:00,True,282 382
MPC,long,7,2018-02-01T21:00:00Z,52.843842079,2018-04-02T20:00:00Z,55.61298438,19.38,2.0,-31.77,29.58,31.77,59.23:00:00,True,358 383
CMI,long,24,2018-02-01T21:00:00Z,151.863103288,2018-04-03T20:00:00Z,128.865373956,-551.95,2.0,-629.13,0.0,629.13,60.23:00:00,False,359 389
CMI,long,2,2018-04-02T20:00:00Z,128.259347931,2018-04-03T20:00:00Z,128.865373956,1.21,1.0,-5.22,47.21,1.0,1.00:00:00,True,387 389
PSX,long,10,2018-03-01T21:00:00Z,66.290055741,2018-05-01T20:00:00Z,81.595055955,153.05,2.0,0.0,157.94,20.13,60.23:00:00,True,374 390
VLO,long,9,2016-02-01T21:00:00Z,45.37488669,2018-05-01T20:00:00Z,80.002385728,311.65,1.0,-121.75,316.98,121.75,819.23:00:00,True,26 391
COST,long,3,2017-11-01T20:00:00Z,144.694842831,2018-05-01T20:00:00Z,175.797484455,93.31,2.0,0.0,98.22,54.32,181.00:00:00,True,315 392
SYY,long,8,2017-02-01T21:00:00Z,40.974002761,2018-05-01T20:00:00Z,51.204903912,81.85,2.0,-15.63,86.09,45.96,453.23:00:00,True,194 393
CRH,long,11,2017-02-01T21:00:00Z,28.142093112,2018-05-01T20:00:00Z,29.032885376,9.8,2.0,-18.55,36.89,52.11,453.23:00:00,True,192 394
F,long,39,2018-02-01T21:00:00Z,7.217045472,2018-05-01T20:00:00Z,7.541596688,12.66,3.515,-17.53,18.4,17.53,88.23:00:00,True,355 395
MCK,long,9,2016-02-01T21:00:00Z,146.859883067,2018-06-01T20:00:00Z,133.781001424,-117.71,1.0,-283.77,330.95,614.72,850.23:00:00,False,40 404
MCK,long,1,2016-03-01T21:00:00Z,144.741138035,2018-06-01T20:00:00Z,133.781001424,-10.96,1.0,-29.41,38.89,68.3,821.23:00:00,False,60 404
MCK,long,1,2016-04-01T20:00:00Z,145.443361239,2018-06-01T20:00:00Z,133.781001424,-11.66,1.0,-30.11,38.19,68.3,791.00:00:00,False,74 404
MCK,long,2,2016-10-03T20:00:00Z,153.22635603,2018-06-01T20:00:00Z,133.781001424,-38.89,1.0,-75.79,60.81,76.7,606.00:00:00,False,137 404
MCK,long,5,2016-11-01T20:00:00Z,119.80627257,2018-06-01T20:00:00Z,133.781001424,69.87,1.0,-22.38,319.13,176.31,577.00:00:00,True,149 404
MCK,long,2,2017-09-01T20:00:00Z,139.562670779,2018-06-01T20:00:00Z,133.781001424,-11.56,1.0,-48.47,88.14,70.52,273.00:00:00,False,284 404
MCK,long,3,2017-11-01T20:00:00Z,130.464615673,2018-06-01T20:00:00Z,133.781001424,9.95,1.0,-45.4,159.5,105.78,212.00:00:00,True,320 404
MCK,long,2,2018-03-01T21:00:00Z,137.50082664,2018-06-01T20:00:00Z,133.781001424,-7.44,1.0,-44.34,92.26,35.75,91.23:00:00,False,380 404
PPG,long,36,2018-02-01T21:00:00Z,99.2959802,2018-06-01T20:00:00Z,86.818538187,-449.19,2.0,-497.6,14.8,512.4,119.23:00:00,False,362 405
NFLX,long,18,2016-02-01T21:00:00Z,9.409,2018-06-01T20:00:00Z,35.993,478.51,1.0,-20.34,478.51,92.07,850.23:00:00,True,6 406
MU,long,9,2017-09-01T20:00:00Z,31.78947598,2018-06-01T20:00:00Z,57.279565002,229.41,1.0,-4.65,263.46,133.93,273.00:00:00,True,281 407
EXC,long,17,2018-03-01T21:00:00Z,19.38128934126216,2018-06-01T20:00:00Z,21.702083571220204,39.45,2.0,-0.89,43.23,14.57,91.23:00:00,True,373 408
NFLX,long,10,2016-02-01T21:00:00Z,9.409,2018-07-02T20:00:00Z,39.818,304.09,1.0,-11.3,322.67,51.15,881.23:00:00,True,6 416
NFLX,long,24,2016-05-02T20:00:00Z,9.311,2018-07-02T20:00:00Z,39.818,732.17,1.0,-24.77,776.76,122.76,791.00:00:00,True,82 416
NFLX,long,26,2016-07-01T20:00:00Z,9.667,2018-07-02T20:00:00Z,39.818,783.93,1.0,-36.09,832.23,132.99,731.00:00:00,True,110 416
NFLX,long,24,2016-12-01T21:00:00Z,11.722,2018-07-02T20:00:00Z,39.818,674.3,1.0,-82.63,718.9,122.76,577.23:00:00,True,167 416
NFLX,long,18,2017-07-03T17:00:00Z,14.617,2018-07-02T20:00:00Z,39.818,453.62,1.0,-114.08,487.06,92.07,364.03:00:00,True,261 416
YUM,long,53,2018-07-02T20:00:00Z,67.095662046,2018-07-03T17:00:00Z,67.207359268,5.92,2.0,-11.38,5.92,11.38,21:00:00,True,417 423
PEG,long,90,2018-06-01T20:00:00Z,39.457824375,2018-08-01T20:00:00Z,38.286278814,-105.44,2.0,-105.44,146.82,252.26,61.00:00:00,False,409 425
SYY,long,62,2017-02-01T21:00:00Z,40.974002761,2018-08-01T20:00:00Z,54.722734936,852.42,1.0,-121.14,1088.66,356.17,545.23:00:00,True,194 426
SYY,long,6,2017-07-03T17:00:00Z,40.025971748,2018-08-01T20:00:00Z,54.722734936,88.18,1.0,-6.03,111.04,34.47,394.03:00:00,True,263 426
HCA,long,7,2016-02-01T21:00:00Z,65.55873955,2018-08-01T20:00:00Z,115.784078932,351.58,1.0,-44.0,351.58,105.13,911.23:00:00,True,37 427
NSC,long,4,2018-02-01T21:00:00Z,125.25701244,2018-08-01T20:00:00Z,142.394446649,68.55,2.0,-65.97,74.11,65.97,180.23:00:00,True,364 428
GILD,long,8,2016-02-01T21:00:00Z,58.045930195,2018-08-01T20:00:00Z,57.50847534,-4.3,1.0,-99.12,103.5,202.62,911.23:00:00,False,25 429
TGT,long,6,2016-02-01T21:00:00Z,52.667742226,2018-08-01T20:00:00Z,62.511923135,59.07,1.0,-86.57,69.85,138.02,911.23:00:00,True,31 430
PEP,long,4,2017-11-01T20:00:00Z,83.078237242,2018-08-01T20:00:00Z,87.750784821,18.69,2.0,-37.93,37.71,75.64,273.00:00:00,True,313 431
TYC,long,11,2017-12-01T21:00:00Z,30.574961468,2018-08-01T20:00:00Z,31.46023776,9.74,2.0,-33.17,38.65,71.82,242.23:00:00,True,327 432
COST,long,19,2017-11-01T20:00:00Z,144.694842831,2018-09-04T20:00:00Z,211.03622468,1260.49,1.0,0.0,1260.49,344.06,307.00:00:00,True,315 443
HCA,long,22,2016-02-01T21:00:00Z,65.55873955,2018-09-04T20:00:00Z,124.898562906,1305.48,1.0,-138.3,1307.12,330.42,945.23:00:00,True,37 444
HCA,long,4,2016-12-01T21:00:00Z,65.74336005,2018-09-04T20:00:00Z,124.898562906,236.62,1.0,-25.88,236.92,60.08,641.23:00:00,True,168 444
HCA,long,3,2017-06-01T20:00:00Z,77.309834375,2018-09-04T20:00:00Z,124.898562906,142.77,1.0,-54.11,142.99,36.06,460.00:00:00,True,251 444
HCA,long,3,2017-10-02T20:00:00Z,73.783582825,2018-09-04T20:00:00Z,124.898562906,153.34,1.0,-43.53,153.57,23.84,337.00:00:00,True,297 444
LRCX,long,153,2017-09-01T20:00:00Z,14.7663557928,2018-09-04T20:00:00Z,15.4219247916,100.3,1.155,-50.75,861.31,825.63,368.00:00:00,True,282 445
LRCX,long,22,2017-12-01T21:00:00Z,16.6644583021,2018-09-04T20:00:00Z,15.4219247916,-27.34,1.0,-49.06,82.09,118.72,276.23:00:00,False,332 445
LRCX,long,17,2018-02-01T21:00:00Z,16.8263553705,2018-09-04T20:00:00Z,15.4219247916,-23.88,1.0,-40.66,60.68,91.74,214.23:00:00,False,365 445
LRCX,long,20,2018-05-01T20:00:00Z,16.9829821978,2018-09-04T20:00:00Z,15.4219247916,-31.22,1.0,-50.97,68.26,69.14,126.00:00:00,False,401 445
LRCX,long,19,2018-07-02T20:00:00Z,15.5196794905,2018-09-04T20:00:00Z,15.4219247916,-1.86,1.0,-20.62,92.65,35.32,64.00:00:00,False,422 445
CRH,long,95,2017-02-01T21:00:00Z,28.142093112,2018-09-04T20:00:00Z,27.165369088,-92.79,1.0,-198.3,321.44,519.74,579.23:00:00,False,192 446
CRH,long,14,2017-12-01T21:00:00Z,28.05216706,2018-09-04T20:00:00Z,27.165369088,-12.42,1.0,-27.96,48.63,76.59,276.23:00:00,False,331 446
CRH,long,11,2018-03-01T21:00:00Z,27.106315894,2018-09-04T20:00:00Z,27.165369088,0.65,1.0,-11.57,48.61,60.18,186.23:00:00,True,379 446
CRH,long,12,2018-08-01T20:00:00Z,27.338134912,2018-09-04T20:00:00Z,27.165369088,-2.07,1.0,-15.4,50.25,17.87,34.00:00:00,False,440 446
BIIB,long,2,2016-02-01T21:00:00Z,273.45,2018-09-04T20:00:00Z,346.72,146.54,1.0,-97.7,220.76,220.78,945.23:00:00,True,32 447
CVS,long,9,2016-02-01T21:00:00Z,70.84790524,2018-09-04T20:00:00Z,57.23789,-122.49,2.0,-222.13,60.54,282.67,945.23:00:00,False,30 448
UNH,long,2,2016-02-01T21:00:00Z,96.805072554,2018-09-04T20:00:00Z,233.261671962,272.91,1.0,-9.81,273.76,60.72,945.23:00:00,True,39 449
DAL,long,8,2016-03-01T21:00:00Z,43.04467977,2018-09-04T20:00:00Z,54.611152896,92.53,1.0,-108.68,93.64,117.27,916.23:00:00,True,52 450
TMUS,long,6,2018-08-01T20:00:00Z,56.104365184,2018-09-04T20:00:00Z,62.162804888,36.35,2.0,0.0,40.55,7.54,34.00:00:00,True,433 451
AMGN,long,3,2016-02-01T21:00:00Z,111.1960733,2018-10-01T20:00:00Z,162.456441741,153.78,1.0,-32.53,158.44,89.95,972.23:00:00,True,35 459
CAT,long,3,2018-09-04T20:00:00Z,117.191397888,2018-10-01T20:00:00Z,129.093649236,35.71,2.0,0.0,46.13,10.43,27.00:00:00,True,454 460
ETN,long,5,2018-02-01T21:00:00Z,72.37823333,2018-10-01T20:00:00Z,73.887545655,7.55,2.0,-59.49,11.98,59.49,241.23:00:00,True,363 461
AVGO,long,18,2018-02-01T21:00:00Z,19.058641786,2018-10-01T20:00:00Z,20.3442918798,23.14,2.0,-48.13,47.99,96.12,241.23:00:00,True,356 462
PFE,long,12,2018-08-01T20:00:00Z,25.955407709217077,2018-10-01T20:00:00Z,28.775799015951716,33.84,2.0,-2.26,33.84,7.95,61.00:00:00,True,434 463
LUV,long,6,2016-11-01T20:00:00Z,35.067525376,2018-10-01T20:00:00Z,55.50352453,122.62,1.0,-0.37,144.59,84.95,699.00:00:00,True,147 464
TEL,long,41,2017-12-01T21:00:00Z,79.801731373,2018-11-01T20:00:00Z,66.654768525,-539.03,2.0,-648.69,434.1,1082.79,334.23:00:00,False,329 473
TEL,long,3,2018-05-01T20:00:00Z,78.4657287,2018-11-01T20:00:00Z,66.654768525,-35.43,1.0,-43.46,35.77,63.9,184.00:00:00,False,402 473
TEL,long,3,2018-09-04T20:00:00Z,77.949408266,2018-11-01T20:00:00Z,66.654768525,-33.88,1.0,-41.91,37.32,47.84,58.00:00:00,False,458 473
NXPI,long,38,2018-05-01T20:00:00Z,91.213497428,2018-11-01T20:00:00Z,73.95572547,-655.8,2.0,-1102.63,539.3,1641.92,184.00:00:00,False,396 474
NXPI,long,6,2018-08-01T20:00:00Z,83.67888888,2018-11-01T20:00:00Z,73.95572547,-58.34,1.0,-128.89,130.36,133.58,92.00:00:00,False,437 474
NXPI,long,6,2018-10-01T20:00:00Z,74.78243949,2018-11-01T20:00:00Z,73.95572547,-4.96,1.0,-75.51,183.74,81.26,31.00:00:00,False,466 474
VZ,long,18,2016-02-01T21:00:00Z,29.034775836,2018-11-01T20:00:00Z,36.368661518,132.01,2.0,-50.14,156.77,118.85,1003.23:00:00,True,14 475
MCD,long,4,2018-09-04T20:00:00Z,133.973165924,2018-11-01T20:00:00Z,144.875261296,43.61,2.0,-13.09,55.57,24.19,58.00:00:00,True,455 476
F,long,76,2018-02-01T21:00:00Z,7.217045472,2018-11-01T20:00:00Z,6.422834732,-60.36,1.0,-118.16,67.93,186.09,272.23:00:00,False,355 477
TGT,long,6,2016-02-01T21:00:00Z,52.667742226,2018-11-01T20:00:00Z,67.184958621,87.1,1.0,-86.57,111.38,138.02,1003.23:00:00,True,31 478
WM,long,5,2017-06-01T20:00:00Z,62.19116254,2018-11-01T20:00:00Z,77.054833565,74.32,2.0,-2.11,93.65,45.58,518.00:00:00,True,246 479
TMUS,long,6,2018-08-01T20:00:00Z,56.104365184,2018-11-01T20:00:00Z,65.102235072,53.99,1.0,0.0,63.12,37.26,92.00:00:00,True,433 480
EXC,long,14,2018-03-01T21:00:00Z,19.38128934126216,2018-11-01T20:00:00Z,23.30136816193472,54.88,1.0,-0.73,62.05,18.08,244.23:00:00,True,373 481
ORCL,long,7,2018-08-01T20:00:00Z,41.863427655,2018-11-01T20:00:00Z,43.132750202,8.89,2.0,-3.53,27.54,31.07,92.00:00:00,True,435 482
SCCO,long,130,2018-09-04T20:00:00Z,28.322135984313864,2018-12-03T21:00:00Z,22.767245211866832,-722.14,2.0,-876.71,166.05,1042.76,90.01:00:00,False,452 494
PEP,long,34,2017-11-01T20:00:00Z,83.078237242,2018-12-03T21:00:00Z,92.658221172,325.72,1.0,-322.39,404.1,642.92,397.01:00:00,True,313 495
PEP,long,4,2018-03-01T21:00:00Z,82.749739308,2018-12-03T21:00:00Z,92.658221172,39.63,1.0,-36.61,48.85,53.39,277.00:00:00,True,376 495
PEP,long,4,2018-06-01T20:00:00Z,77.431706525,2018-12-03T21:00:00Z,92.658221172,60.91,1.0,-15.34,70.13,35.38,185.01:00:00,True,413 495
CVS,long,7,2016-02-01T21:00:00Z,70.84790524,2018-12-03T21:00:00Z,61.932712688,-62.41,1.0,-172.77,47.08,219.85,1036.00:00:00,False,30 496
DE,long,3,2017-11-01T20:00:00Z,118.072311696,2018-12-03T21:00:00Z,145.122912147,81.15,1.0,-7.89,99.91,103.7,397.01:00:00,True,314 497
PFE,long,12,2018-08-01T20:00:00Z,25.955407709217077,2018-12-03T21:00:00Z,30.12418660882048,50.03,1.0,-2.26,51.68,23.24,124.01:00:00,True,434 498
AMAT,long,10,2018-02-01T21:00:00Z,48.48096384,2018-12-03T21:00:00Z,35.44912566,-130.32,1.0,-198.68,76.82,275.5,305.00:00:00,False,361 499
DAL,long,6,2016-03-01T21:00:00Z,43.04467977,2018-12-03T21:00:00Z,56.111637276,78.4,1.0,-81.51,81.71,87.95,1007.00:00:00,True,52 500
DE,long,21,2017-11-01T20:00:00Z,118.072311696,2019-01-02T21:00:00Z,133.18917352,317.45,1.0,-55.22,699.36,725.93,427.01:00:00,True,314 508
DE,long,5,2018-05-01T20:00:00Z,119.96475863,2019-01-02T21:00:00Z,133.18917352,66.12,1.0,-22.61,157.05,124.13,246.01:00:00,True,397 508
PEG,long,85,2018-12-03T21:00:00Z,42.541736064,2019-01-02T21:00:00Z,39.151883745,-288.14,2.0,-349.68,37.26,386.94,30.00:00:00,False,502 509
MCD,long,24,2018-09-04T20:00:00Z,133.973165924,2019-01-02T21:00:00Z,146.752277736,306.7,1.0,-78.53,554.36,363.29,120.01:00:00,True,455 510
PFE,long,121,2018-08-01T20:00:00Z,25.955407709217077,2019-01-02T21:00:00Z,28.32328414851056,286.51,1.0,-22.8,521.06,447.7,154.01:00:00,True,434 511
FIS,long,41,2017-11-01T20:00:00Z,77.861701185,2019-01-02T21:00:00Z,86.118056199,338.51,2.0,-90.51,645.49,501.92,427.01:00:00,True,312 512
UPS,long,45,2018-11-01T20:00:00Z,77.43063552,2019-01-02T21:00:00Z,70.587447256,-307.94,2.0,-547.13,282.84,829.97,62.01:00:00,False,484 513
AVGO,long,32,2018-02-01T21:00:00Z,19.058641786,2019-01-02T21:00:00Z,20.8882555918,58.55,1.0,-85.56,85.32,170.88,335.00:00:00,True,356 514
INTC,long,9,2018-02-01T21:00:00Z,40.004619445,2019-01-02T21:00:00Z,40.52072024,4.64,1.0,-34.83,76.68,110.19,335.00:00:00,True,357 515
EXC,long,13,2018-03-01T21:00:00Z,19.38128934126216,2019-01-02T21:00:00Z,23.698231989198064,56.12,1.0,-0.68,77.23,22.58,307.00:00:00,True,373 516
LUV,long,8,2016-11-01T20:00:00Z,35.067525376,2019-02-01T21:00:00Z,51.54417138,131.81,1.0,-0.49,192.79,152.64,822.01:00:00,True,147 528
VLO,long,6,2016-02-01T21:00:00Z,45.37488669,2019-02-01T21:00:00Z,63.068211738,106.16,1.0,-81.16,271.0,237.27,1096.00:00:00,True,26 529
MU,long,10,2017-09-01T20:00:00Z,31.78947598,2019-02-01T21:00:00Z,38.61543708,68.26,1.0,-34.91,292.74,327.65,518.01:00:00,True,281 530
EBAY,long,12,2019-01-02T21:00:00Z,25.441779285,2019-02-01T21:00:00Z,30.256757271,57.78,2.0,-5.61,57.78,5.61,30.00:00:00,True,517 531
CVS,long,19,2016-02-01T21:00:00Z,70.84790524,2019-03-01T21:00:00Z,45.618308068,-479.36,1.0,-483.84,127.8,611.63,1124.00:00:00,False,30 535
CVS,long,5,2016-08-01T20:00:00Z,68.659261678,2019-03-01T21:00:00Z,45.618308068,-115.2,1.0,-116.38,44.57,133.16,942.01:00:00,False,116 535
CVS,long,9,2016-12-01T21:00:00Z,56.65467538,2019-03-01T21:00:00Z,45.618308068,-99.33,1.0,-101.45,188.28,164.96,820.00:00:00,False,164 535
CVS,long,4,2017-09-01T20:00:00Z,58.609288992,2019-03-01T21:00:00Z,45.618308068,-51.96,1.0,-52.91,75.86,73.31,546.01:00:00,False,285 535
CVS,long,9,2017-11-01T20:00:00Z,52.2414042,2019-03-01T21:00:00Z,45.618308068,-59.61,1.0,-61.73,228.0,164.96,485.01:00:00,False,318 535
CVS,long,6,2018-03-01T21:00:00Z,51.156703195,2019-03-01T21:00:00Z,45.618308068,-33.23,1.0,-34.64,158.5,105.28,365.00:00:00,False,378 535
CVS,long,6,2018-06-01T20:00:00Z,49.183675071,2019-03-01T21:00:00Z,45.618308068,-21.39,1.0,-22.8,170.34,105.28,273.01:00:00,False,415 535
CVS,long,7,2019-01-02T21:00:00Z,51.075796002,2019-03-01T21:00:00Z,45.618308068,-38.2,1.0,-39.85,185.49,66.19,58.00:00:00,False,525 535
CVS,long,5,2019-02-01T21:00:00Z,51.182281992,2019-03-01T21:00:00Z,45.618308068,-27.82,1.0,-29.0,131.96,47.28,28.00:00:00,False,534 535
ETN,long,47,2018-02-01T21:00:00Z,72.37823333,2019-03-01T21:00:00Z,68.417327927,-186.16,1.0,-802.19,112.63,914.83,393.00:00:00,False,363 536
ETN,long,5,2018-07-02T20:00:00Z,62.801972567,2019-03-01T21:00:00Z,68.417327927,28.08,1.0,-37.46,59.86,97.32,242.01:00:00,True,419 536
ETN,long,6,2018-11-01T20:00:00Z,62.891411375,2019-03-01T21:00:00Z,68.417327927,33.16,1.0,-45.49,71.3,67.28,120.01:00:00,True,488 536
EXC,long,137,2018-03-01T21:00:00Z,19.38128934126216,2019-03-01T21:00:00Z,26.30521211965972,948.58,1.0,-7.19,961.94,237.96,365.00:00:00,True,373 537
F,long,388,2018-02-01T21:00:00Z,7.217045472,2019-03-01T21:00:00Z,6.19005728,-398.47,3.145,-753.45,346.82,1100.27,393.00:00:00,False,355 538
F,long,85,2018-08-01T20:00:00Z,6.717134705,2019-03-01T21:00:00Z,6.19005728,-44.8,1.0,-122.57,118.47,133.54,212.01:00:00,False,436 538
F,long,59,2018-10-01T20:00:00Z,6.32999954,2019-03-01T21:00:00Z,6.19005728,-8.26,1.0,-62.24,105.07,80.36,151.01:00:00,False,468 538
F,long,97,2019-01-02T21:00:00Z,5.468743028,2019-03-01T21:00:00Z,6.19005728,69.97,1.0,-18.78,256.29,46.94,58.00:00:00,True,523 538
TMUS,long,54,2018-08-01T20:00:00Z,56.104365184,2019-03-01T21:00:00Z,68.372469296,662.48,1.0,0.0,717.09,494.56,212.01:00:00,True,433 539
ADI,long,5,2019-01-02T21:00:00Z,74.918261904,2019-03-01T21:00:00Z,95.039136616,100.6,2.0,-22.63,100.6,22.63,58.00:00:00,True,521 540
INTC,long,8,2018-02-01T21:00:00Z,40.004619445,2019-03-01T21:00:00Z,46.16491555,49.28,1.0,-30.96,68.16,97.95,393.00:00:00,True,357 541
NSC,long,3,2018-02-01T21:00:00Z,125.25701244,2019-04-01T20:00:00Z,166.53284778,123.83,1.0,-49.48,123.83,118.21,423.23:00:00,True,364 550
TGT,long,7,2016-02-01T21:00:00Z,52.667742226,2019-04-01T20:00:00Z,64.917046975,85.75,1.0,-101.0,129.94,161.03,1154.23:00:00,True,31 551
TYC,long,10,2017-12-01T21:00:00Z,30.574961468,2019-04-01T20:00:00Z,31.52242522,9.47,1.0,-64.09,35.13,99.22,485.23:00:00,True,327 552
CCL,long,72,2019-01-02T21:00:00Z,46.56914219,2019-04-02T20:00:00Z,49.04101032,177.97,2.0,-166.81,637.24,575.26,89.23:00:00,True,518 558
CCL,long,6,2019-04-01T20:00:00Z,49.172916976,2019-04-02T20:00:00Z,49.04101032,-0.79,1.0,-29.52,37.48,1.81,1.00:00:00,False,556 558
LUV,long,44,2016-11-01T20:00:00Z,35.067525376,2019-04-02T20:00:00Z,48.132466083,574.86,1.0,-2.72,1060.36,839.55,882.00:00:00,True,147 559
LUV,long,5,2017-08-01T20:00:00Z,49.515761876,2019-04-02T20:00:00Z,48.132466083,-6.92,1.0,-72.55,48.25,95.4,609.00:00:00,False,273 559
LUV,long,11,2018-05-01T20:00:00Z,47.352484758,2019-04-02T20:00:00Z,48.132466083,8.58,1.0,-135.82,129.95,190.08,336.00:00:00,True,398 559
LUV,long,11,2018-11-01T20:00:00Z,45.833137355,2019-04-02T20:00:00Z,48.132466083,25.29,1.0,-119.1,146.67,99.34,152.00:00:00,True,486 559
LUV,long,8,2019-04-01T20:00:00Z,47.426631837,2019-04-02T20:00:00Z,48.132466083,5.65,1.0,-99.37,93.92,0.0,1.00:00:00,True,554 559
LVS,long,10,2018-09-04T20:00:00Z,54.95551575,2019-05-01T20:00:00Z,60.126284119,51.71,2.0,-125.92,54.81,125.92,239.00:00:00,True,453 560
DAL,long,10,2016-03-01T21:00:00Z,43.04467977,2019-05-01T20:00:00Z,54.065268168,110.21,1.0,-135.85,136.18,146.59,1155.23:00:00,True,52 561
AMAT,long,13,2018-02-01T21:00:00Z,48.48096384,2019-05-01T20:00:00Z,40.314265992,-106.17,1.0,-281.8,99.86,381.66,453.23:00:00,False,361 562
UTX,long,8,2017-02-01T21:00:00Z,46.122667445425535,2019-05-01T20:00:00Z,63.555999458596695,139.47,2.0,-4.48,143.17,139.84,818.23:00:00,True,191 563
WM,long,4,2017-06-01T20:00:00Z,62.19116254,2019-05-01T20:00:00Z,93.71280051,126.09,1.0,-1.69,130.65,36.46,699.00:00:00,True,246 564
EBAY,long,11,2019-01-02T21:00:00Z,25.441779285,2019-05-01T20:00:00Z,33.45911226,88.19,1.0,-5.14,97.44,20.25,118.23:00:00,True,517 565
AVGO,long,14,2018-02-01T21:00:00Z,19.058641786,2019-05-01T20:00:00Z,26.510861769,104.33,1.0,-37.43,106.23,74.76,453.23:00:00,True,356 566
ORCL,long,81,2018-08-01T20:00:00Z,41.863427655,2019-06-03T20:00:00Z,44.97452144,252.0,1.0,-321.41,626.15,640.09,306.00:00:00,True,435 574
SO,long,15,2019-03-01T21:00:00Z,36.957915918,2019-06-03T20:00:00Z,40.513472696,53.33,2.0,0.0,55.47,16.38,93.23:00:00,True,544 575
SBUX,long,8,2019-01-02T21:00:00Z,54.285282432,2019-06-03T20:00:00Z,64.964447782,85.43,2.0,-18.84,103.78,24.75,151.23:00:00,True,519 576
NSC,long,3,2018-02-01T21:00:00Z,125.25701244,2019-06-03T20:00:00Z,169.670980728,133.24,1.0,-49.48,157.8,118.21,486.23:00:00,True,364 577
TYC,long,14,2017-12-01T21:00:00Z,30.574961468,2019-06-03T20:00:00Z,33.2983365,38.13,1.0,-89.72,49.19,138.91,548.23:00:00,True,327 578
NEE,long,11,2019-03-01T21:00:00Z,38.890992699,2019-06-03T20:00:00Z,41.6450363825,30.29,2.0,0.0,36.43,16.24,93.23:00:00,True,545 579
UNH,long,2,2016-02-01T21:00:00Z,96.805072554,2019-06-03T20:00:00Z,207.647684112,221.69,1.0,-9.81,307.15,120.08,1217.23:00:00,True,39 580
WM,long,4,2017-06-01T20:00:00Z,62.19116254,2019-06-03T20:00:00Z,98.413904694,144.89,1.0,-1.69,144.89,36.46,732.00:00:00,True,246 581
MPC,long,11,2018-02-01T21:00:00Z,52.843842079,2019-07-01T20:00:00Z,44.323943248,-93.72,1.0,-174.39,163.39,337.78,514.23:00:00,False,358 591
MU,long,10,2017-09-01T20:00:00Z,31.78947598,2019-07-01T20:00:00Z,39.112757103,73.23,1.0,-34.91,292.74,327.65,668.00:00:00,True,281 592
CVX,long,4,2018-06-01T20:00:00Z,86.905185835,2019-07-01T20:00:00Z,91.089243836,16.74,2.0,-58.65,18.5,70.4,395.00:00:00,True,410 593
AAPL,long,7,2018-12-03T21:00:00Z,43.7586624135,2019-07-01T20:00:00Z,48.10893190125,30.45,2.0,-70.65,46.14,70.65,209.23:00:00,True,501 594
PSX,long,7,2018-03-01T21:00:00Z,66.290055741,2019-08-01T20:00:00Z,77.50265562,78.49,1.0,-53.88,169.97,223.85,517.23:00:00,True,374 600
MU,long,12,2017-09-01T20:00:00Z,31.78947598,2019-08-01T20:00:00Z,42.51598628,128.72,1.0,-41.89,351.28,393.18,699.00:00:00,True,281 601
SBUX,long,6,2019-01-02T21:00:00Z,54.285282432,2019-08-01T20:00:00Z,81.295054178,162.06,1.0,-14.13,181.13,22.6,210.23:00:00,True,519 602
AMAT,long,10,2018-02-01T21:00:00Z,48.48096384,2019-08-01T20:00:00Z,45.274930305,-32.06,1.0,-216.77,76.82,293.59,545.23:00:00,False,361 603
DELL,long,16,2019-05-01T20:00:00Z,31.57570753517359,2019-08-01T20:00:00Z,26.58013409165312,-79.93,2.0,-132.23,8.99,141.22,92.00:00:00,False,567 604
HD,long,19,2016-02-01T21:00:00Z,97.580098032,2019-09-03T20:00:00Z,187.336098642,1705.36,1.0,-214.84,1761.12,852.39,1309.23:00:00,True,38 608
HD,long,2,2016-10-03T20:00:00Z,100.68983725,2019-09-03T20:00:00Z,187.336098642,173.29,1.0,-28.83,179.16,89.73,1065.00:00:00,True,138 608
HD,long,2,2017-08-01T20:00:00Z,119.447398035,2019-09-03T20:00:00Z,187.336098642,135.78,1.0,-66.35,141.65,89.73,763.00:00:00,True,274 608
TGT,long,11,2016-02-01T21:00:00Z,52.667742226,2019-09-03T20:00:00Z,88.075510146,389.49,1.0,-158.71,400.56,253.04,1309.23:00:00,True,31 609
TGT,long,5,2016-06-01T20:00:00Z,50.269692936,2019-09-03T20:00:00Z,88.075510146,189.03,1.0,-60.15,194.06,110.22,1189.00:00:00,True,93 609
TGT,long,8,2017-02-01T21:00:00Z,47.559891883,2019-09-03T20:00:00Z,88.075510146,324.12,1.0,-74.56,332.18,176.35,943.23:00:00,True,198 609
TGT,long,7,2017-03-01T21:00:00Z,43.595446216,2019-09-03T20:00:00Z,88.075510146,311.36,1.0,-37.49,318.41,154.3,915.23:00:00,True,215 609
TGT,long,9,2017-07-03T17:00:00Z,40.091413673,2019-09-03T20:00:00Z,88.075510146,431.86,1.0,-16.67,440.92,198.39,792.03:00:00,True,258 609
TGT,long,5,2018-04-02T20:00:00Z,54.153252554,2019-09-03T20:00:00Z,88.075510146,169.61,1.0,-79.57,174.65,110.22,519.00:00:00,True,385 609
TGT,long,12,2018-12-03T21:00:00Z,58.2072959,2019-09-03T20:00:00Z,88.075510146,358.42,1.0,-239.61,370.5,115.56,273.23:00:00,True,503 609
AMGN,long,4,2016-02-01T21:00:00Z,111.1960733,2019-09-03T20:00:00Z,166.328075872,220.53,1.0,-43.38,230.56,124.46,1309.23:00:00,True,35 610
T,long,31,2016-03-01T21:00:00Z,15.343748800769273,2019-09-03T20:00:00Z,17.54312201757921,68.18,1.0,-74.53,92.56,167.09,1280.23:00:00,True,54 611
VZ,long,9,2016-02-01T21:00:00Z,29.034775836,2019-09-03T20:00:00Z,38.84173194,88.26,1.0,-25.07,97.85,59.42,1309.23:00:00,True,14 612
AAPL,long,79,2018-12-03T21:00:00Z,43.7586624135,2019-10-01T20:00:00Z,53.812145803,794.23,1.0,-797.37,794.23,797.37,301.23:00:00,True,501 627
SBUX,long,47,2019-01-02T21:00:00Z,54.285282432,2019-10-01T20:00:00Z,74.014383137,927.27,1.0,-110.67,1418.88,491.61,271.23:00:00,True,519 628
MPC,long,15,2018-02-01T21:00:00Z,52.843842079,2019-10-01T20:00:00Z,49.097972848,-56.19,1.0,-254.33,222.81,477.14,606.23:00:00,False,358 629
AVGO,long,120,2018-02-01T21:00:00Z,19.058641786,2019-11-01T20:00:00Z,25.1216297486,727.56,1.0,-320.84,910.53,687.24,637.23:00:00,True,356 636
AVGO,long,24,2018-08-01T20:00:00Z,17.54548308,2019-11-01T20:00:00Z,25.1216297486,181.83,1.0,-27.85,218.42,137.45,457.00:00:00,True,439 636
AVGO,long,22,2019-06-03T20:00:00Z,21.0474129278,2019-11-01T20:00:00Z,25.1216297486,89.63,1.0,-102.57,123.18,68.93,151.00:00:00,True,584 636
ADI,long,39,2019-01-02T21:00:00Z,74.918261904,2019-11-01T20:00:00Z,96.868921504,856.08,1.0,-176.49,1362.02,707.14,302.23:00:00,True,521 637
EBAY,long,111,2019-01-02T21:00:00Z,25.441779285,2019-11-01T20:00:00Z,31.431998475,664.91,1.0,-51.88,1276.24,611.32,302.23:00:00,True,517 638
AMAT,long,34,2018-02-01T21:00:00Z,48.48096384,2019-11-01T20:00:00Z,52.038012626,120.94,1.0,-737.01,261.18,998.19,637.23:00:00,True,361 639
AMAT,long,10,2018-05-01T20:00:00Z,46.408766895,2019-11-01T20:00:00Z,52.038012626,56.29,1.0,-196.05,97.54,238.16,549.00:00:00,True,399 639
AMAT,long,7,2018-07-02T20:00:00Z,41.807578496,2019-11-01T20:00:00Z,52.038012626,71.61,1.0,-105.02,100.49,133.85,487.00:00:00,True,421 639
AMAT,long,11,2018-09-04T20:00:00Z,39.186076766,2019-11-01T20:00:00Z,52.038012626,141.37,1.0,-136.2,186.74,136.2,423.00:00:00,True,456 639
AMAT,long,12,2018-10-01T20:00:00Z,35.250919362,2019-11-01T20:00:00Z,52.038012626,201.45,1.0,-101.36,250.94,107.76,396.00:00:00,True,467 639
AMAT,long,9,2018-11-01T20:00:00Z,32.501825755,2019-11-01T20:00:00Z,52.038012626,175.83,1.0,-51.28,212.95,77.81,365.00:00:00,True,492 639
BIIB,long,2,2016-02-01T21:00:00Z,273.45,2019-11-01T20:00:00Z,299.2,51.5,1.0,-113.48,220.76,334.24,1368.23:00:00,True,32 640
BIIB,long,1,2016-04-01T20:00:00Z,260.54,2019-11-01T20:00:00Z,299.2,38.66,1.0,-43.83,123.29,167.12,1309.00:00:00,True,70 640
VLO,long,8,2016-02-01T21:00:00Z,45.37488669,2019-11-01T20:00:00Z,76.346584932,247.77,1.0,-108.22,361.33,316.36,1368.23:00:00,True,26 641
INTC,long,11,2018-02-01T21:00:00Z,40.004619445,2019-11-01T20:00:00Z,49.577443616,105.3,1.0,-42.57,120.35,143.81,637.23:00:00,True,357 642
DOW,long,13,2019-06-03T20:00:00Z,32.25458676,2019-11-01T20:00:00Z,35.768955511,45.69,2.0,-63.39,45.69,106.4,151.00:00:00,True,582 643
PSX,long,5,2018-03-01T21:00:00Z,66.290055741,2019-11-01T20:00:00Z,90.77285184,122.41,1.0,-38.49,124.56,159.89,609.23:00:00,True,374 644
EMR,long,7,2019-01-02T21:00:00Z,50.14037165,2019-11-01T20:00:00Z,61.664393808,80.67,2.0,-11.81,81.87,93.68,302.23:00:00,True,520 645
GILD,long,13,2016-02-01T21:00:00Z,58.045930195,2019-12-02T21:00:00Z,51.03528402,-91.14,1.0,-164.14,168.18,332.32,1400.00:00:00,False,25 657
GILD,long,6,2016-08-01T20:00:00Z,56.148681114,2019-12-02T21:00:00Z,51.03528402,-30.68,1.0,-64.37,89.01,114.93,1218.01:00:00,False,117 657
GILD,long,4,2016-12-01T21:00:00Z,51.13899732,2019-12-02T21:00:00Z,51.03528402,-0.41,1.0,-22.88,79.38,76.62,1096.00:00:00,False,169 657
GILD,long,7,2017-03-01T21:00:00Z,49.595776708,2019-12-02T21:00:00Z,51.03528402,10.08,1.0,-29.23,149.71,134.08,1006.00:00:00,True,214 657
GILD,long,6,2017-06-01T20:00:00Z,46.011391524,2019-12-02T21:00:00Z,51.03528402,30.14,1.0,-3.55,149.83,114.93,914.01:00:00,True,248 657
GILD,long,8,2017-11-01T20:00:00Z,54.052980448,2019-12-02T21:00:00Z,51.03528402,-24.14,1.0,-69.07,135.44,153.23,761.01:00:00,False,319 657
GILD,long,7,2018-01-02T21:00:00Z,53.8844085,2019-12-02T21:00:00Z,51.03528402,-19.94,1.0,-59.25,119.69,134.08,699.00:00:00,False,338 657
GILD,long,7,2018-05-01T20:00:00Z,53.138017176,2019-12-02T21:00:00Z,51.03528402,-14.72,1.0,-54.03,124.92,93.48,580.01:00:00,False,400 657
GILD,long,7,2018-06-01T20:00:00Z,50.01828243,2019-12-02T21:00:00Z,51.03528402,7.12,1.0,-32.19,146.75,93.48,549.01:00:00,True,412 657
GILD,long,5,2019-01-02T21:00:00Z,47.595441296,2019-12-02T21:00:00Z,51.03528402,17.2,1.0,-10.88,116.94,28.44,334.00:00:00,True,527 657
GILD,long,6,2019-03-01T21:00:00Z,49.523566834,2019-12-02T21:00:00Z,51.03528402,9.07,1.0,-24.62,128.76,32.96,276.00:00:00,True,548 657
TYC,long,74,2017-12-01T21:00:00Z,30.574961468,2019-12-02T21:00:00Z,36.542660166,441.61,1.0,-474.25,581.71,734.24,731.00:00:00,True,327 658
TYC,long,10,2018-04-02T20:00:00Z,28.114689798,2019-12-02T21:00:00Z,36.542660166,84.28,1.0,-39.49,103.21,92.39,609.01:00:00,True,384 658
TYC,long,11,2018-06-01T20:00:00Z,27.948968078,2019-12-02T21:00:00Z,36.542660166,94.53,1.0,-41.61,115.36,101.63,549.01:00:00,True,414 658
TYC,long,10,2018-10-01T20:00:00Z,29.578700206,2019-12-02T21:00:00Z,36.542660166,69.64,1.0,-54.13,88.57,65.31,427.01:00:00,True,470 658
UNH,long,3,2016-02-01T21:00:00Z,96.805072554,2019-12-02T21:00:00Z,247.729847466,452.77,1.0,-14.71,460.77,180.12,1400.00:00:00,True,39 659
AMGN,long,3,2016-02-01T21:00:00Z,111.1960733,2019-12-02T21:00:00Z,190.211766576,237.05,1.0,-32.53,240.08,93.34,1400.00:00:00,True,35 660
CAT,long,4,2018-09-04T20:00:00Z,117.191397888,2019-12-02T21:00:00Z,125.422181856,32.92,1.0,-85.4,67.75,153.15,454.01:00:00,True,454 661
ET,long,440,2019-03-01T21:00:00Z,8.555952832,2019-12-03T21:00:00Z,6.5683216,-874.56,5.19,-962.52,191.0,1153.51,277.00:00:00,False,543 667
ET,long,38,2019-09-03T20:00:00Z,7.76775424,2019-12-03T21:00:00Z,6.5683216,-45.58,1.0,-53.17,46.45,62.72,91.01:00:00,False,624 667
ET,long,71,2019-11-01T20:00:00Z,7.373654944,2019-12-03T21:00:00Z,6.5683216,-57.18,1.0,-71.37,114.76,71.37,32.01:00:00,False,650 667
ET,long,49,2019-12-02T21:00:00Z,6.642572192,2019-12-03T21:00:00Z,6.5683216,-3.64,1.0,-13.43,115.03,6.44,1.00:00:00,False,666 667
AMGN,long,6,2016-02-01T21:00:00Z,111.1960733,2020-01-02T21:00:00Z,195.60495612,506.45,1.0,-65.06,521.61,186.69,1431.00:00:00,True,35 668
AMGN,long,2,2016-03-01T21:00:00Z,108.773297809,2020-01-02T21:00:00Z,195.60495612,173.66,1.0,-16.84,178.71,62.23,1402.00:00:00,True,59 668
AMGN,long,4,2016-11-01T20:00:00Z,104.463358956,2020-01-02T21:00:00Z,195.60495612,364.57,1.0,-16.45,374.67,124.46,1157.01:00:00,True,150 668
AMGN,long,2,2017-04-03T20:00:00Z,123.295151727,2020-01-02T21:00:00Z,195.60495612,144.62,1.0,-45.89,149.67,62.23,1004.01:00:00,True,228 668
AMGN,long,2,2018-04-02T20:00:00Z,128.50181091,2020-01-02T21:00:00Z,195.60495612,134.21,1.0,-56.3,139.26,62.23,640.01:00:00,True,386 668
AMGN,long,3,2019-05-01T20:00:00Z,140.339685912,2020-01-02T21:00:00Z,195.60495612,165.8,1.0,-119.96,173.37,47.13,246.01:00:00,True,570 668
AMGN,long,2,2019-10-01T20:00:00Z,156.349362484,2020-01-02T21:00:00Z,195.60495612,78.51,1.0,-111.99,83.56,6.44,93.01:00:00,True,634 668
BA,long,11,2019-11-01T20:00:00Z,341.156627445,2020-01-02T21:00:00Z,331.34857886,-107.89,2.0,-190.56,331.59,522.14,62.01:00:00,False,649 669
CAT,long,25,2018-09-04T20:00:00Z,117.191397888,2020-01-02T21:00:00Z,132.063521508,371.8,1.0,-533.74,423.45,957.18,485.01:00:00,True,454 670
CAT,long,4,2018-11-01T20:00:00Z,106.38674505,2020-01-02T21:00:00Z,132.063521508,102.71,1.0,-42.18,110.97,100.58,427.01:00:00,True,487 670
CAT,long,2,2019-09-03T20:00:00Z,101.872449945,2020-01-02T21:00:00Z,132.063521508,60.38,1.0,-12.06,64.51,27.52,121.01:00:00,True,626 670
CTSH,long,39,2016-07-01T20:00:00Z,49.80889628,2020-01-02T21:00:00Z,55.536301872,223.37,1.0,-322.29,964.11,936.35,1280.01:00:00,True,103 671
CTSH,long,13,2016-10-03T20:00:00Z,43.88755896,2020-01-02T21:00:00Z,55.536301872,151.43,1.0,-30.45,398.35,312.12,1186.01:00:00,True,135 671
CTSH,long,5,2018-11-01T20:00:00Z,60.750120706,2020-01-02T21:00:00Z,55.536301872,-26.07,1.0,-96.02,68.9,78.69,427.01:00:00,False,490 671
CTSH,long,6,2019-06-03T20:00:00Z,53.951437854,2020-01-02T21:00:00Z,55.536301872,9.51,1.0,-74.44,123.47,39.93,213.01:00:00,True,589 671
CTSH,long,8,2019-10-01T20:00:00Z,54.198759818,2020-01-02T21:00:00Z,55.536301872,10.7,1.0,-101.23,162.65,24.9,93.01:00:00,True,632 671
NEE,long,84,2019-03-01T21:00:00Z,38.890992699,2020-01-02T21:00:00Z,50.338499685,961.59,1.0,0.0,1034.07,286.6,307.00:00:00,True,545 672
NOC,long,12,2019-11-01T20:00:00Z,313.891217336,2020-01-02T21:00:00Z,318.26406894,52.47,2.0,-152.86,52.47,178.94,62.01:00:00,True,648 673
WM,long,36,2017-06-01T20:00:00Z,62.19116254,2020-01-02T21:00:00Z,102.286442886,1443.43,1.0,-15.17,1617.59,380.55,945.01:00:00,True,246 674
WM,long,3,2019-11-01T20:00:00Z,99.156506281,2020-01-02T21:00:00Z,102.286442886,9.39,1.0,-112.16,23.9,7.81,62.01:00:00,True,656 674
EOG,long,10,2019-03-01T21:00:00Z,71.038563114,2020-01-02T21:00:00Z,62.582263422,-84.56,2.0,-231.09,80.12,311.21,307.00:00:00,False,546 675
SLB,long,17,2019-09-03T20:00:00Z,26.72094386,2020-01-02T21:00:00Z,34.311052854,129.03,2.0,-14.46,138.03,123.16,121.01:00:00,True,613 676
COP,long,10,2019-03-01T21:00:00Z,52.489733169,2020-01-02T21:00:00Z,50.73104178,-17.59,2.0,-137.0,7.39,144.39,307.00:00:00,False,542 677
MU,long,8,2017-09-01T20:00:00Z,31.78947598,2020-01-02T21:00:00Z,54.012855047,177.79,1.0,-27.93,234.19,262.12,853.01:00:00,True,281 678
LVS,long,6,2018-09-04T20:00:00Z,54.95551575,2020-01-02T21:00:00Z,65.1380532,61.1,1.0,-75.55,61.1,86.78,485.01:00:00,True,453 679
NSC,long,18,2018-02-01T21:00:00Z,125.25701244,2020-02-03T21:00:00Z,180.701276448,998.0,1.0,-296.88,1121.19,709.27,732.00:00:00,True,364 691
NSC,long,2,2018-04-02T20:00:00Z,112.06229516,2020-02-03T21:00:00Z,180.701276448,137.28,1.0,-6.6,150.97,78.81,672.01:00:00,True,388 691
NSC,long,1,2019-07-01T20:00:00Z,173.628875664,2020-02-03T21:00:00Z,180.701276448,7.07,1.0,-64.87,13.92,33.59,217.01:00:00,True,599 691
NSC,long,2,2019-08-01T20:00:00Z,160.718187816,2020-02-03T21:00:00Z,180.701276448,39.97,1.0,-103.91,53.65,31.79,186.01:00:00,True,607 691
SLB,long,121,2019-09-03T20:00:00Z,26.72094386,2020-02-03T21:00:00Z,28.579731852,224.91,1.0,-102.95,985.58,876.6,153.01:00:00,True,613 692
NFLX,long,22,2019-11-01T20:00:00Z,28.681,2020-02-03T21:00:00Z,35.8,156.62,2.0,-8.14,156.62,50.18,94.01:00:00,True,646 693
SO,long,12,2019-03-01T21:00:00Z,36.957915918,2020-02-03T21:00:00Z,53.99778958,204.48,1.0,0.0,205.94,23.46,339.00:00:00,True,544 694
INTC,long,9,2018-02-01T21:00:00Z,40.004619445,2020-02-03T21:00:00Z,56.828109442,151.41,1.0,-34.83,183.57,117.66,732.00:00:00,True,357 695
NXPI,long,4,2019-12-02T21:00:00Z,102.139762468,2020-02-03T21:00:00Z,112.21609815,40.31,2.0,-0.53,78.55,38.24,63.00:00:00,True,662 696
IBM,long,4,2020-01-02T21:00:00Z,98.01705616471854,2020-02-03T21:00:00Z,105.85581497629661,31.36,2.0,-3.82,31.36,20.61,32.00:00:00,True,684 697
EXC,long,13,2020-01-02T21:00:00Z,25.200012629607908,2020-02-03T21:00:00Z,26.736531119240617,19.97,2.0,0.0,19.97,4.9,32.00:00:00,True,681 698
CVX,long,37,2018-06-01T20:00:00Z,86.905185835,2020-03-02T21:00:00Z,72.7502328,-523.73,1.0,-614.85,200.7,815.56,640.01:00:00,False,410 710
CVX,long,4,2018-09-04T20:00:00Z,84.210432202,2020-03-02T21:00:00Z,72.7502328,-45.84,1.0,-55.69,32.48,88.17,545.01:00:00,False,457 710
CVX,long,5,2019-11-01T20:00:00Z,85.649295834,2020-03-02T21:00:00Z,72.7502328,-64.5,1.0,-76.81,33.4,100.53,122.01:00:00,False,653 710
CVX,long,4,2020-02-03T21:00:00Z,79.093785625,2020-03-02T21:00:00Z,72.7502328,-25.37,1.0,-35.22,52.94,52.5,28.00:00:00,False,707 710
DOW,long,73,2019-05-01T20:00:00Z,50.40996994142928,2020-03-02T21:00:00Z,20.62961612323065,-2173.97,2.0,-2242.65,0.0,2242.65,306.01:00:00,False,568 711
DOW,long,11,2019-06-03T20:00:00Z,33.7693912088346,2020-03-02T21:00:00Z,20.62961612323065,-144.54,1.0,-154.89,183.05,160.46,273.01:00:00,False,585 711
DOW,long,26,2019-07-01T20:00:00Z,34.27570604355876,2020-03-02T21:00:00Z,20.62961612323065,-354.8,1.0,-379.26,419.49,379.26,245.01:00:00,False,595 711
DOW,long,10,2019-09-03T20:00:00Z,30.6175839047685,2020-03-02T21:00:00Z,20.62961612323065,-99.88,1.0,-109.29,197.92,136.93,181.01:00:00,False,621 711
DOW,long,12,2019-11-01T20:00:00Z,31.6116907802532,2020-03-02T21:00:00Z,20.62961612323065,-131.78,1.0,-143.07,225.58,159.2,122.01:00:00,False,655 711
DOW,long,39,2020-02-03T21:00:00Z,23.6224816795926,2020-03-02T21:00:00Z,20.62961612323065,-116.72,1.0,-153.41,1044.71,193.96,28.00:00:00,False,703 711
EXC,long,151,2020-01-02T21:00:00Z,25.200012629607908,2020-03-02T21:00:00Z,25.39280174693142,29.11,1.0,-166.7,414.61,581.31,60.00:00:00,True,681 712
GM,long,109,2019-10-01T20:00:00Z,33.830946238,2020-03-02T21:00:00Z,29.752763682,-444.52,2.0,-539.48,266.53,806.02,153.01:00:00,False,631 713
GM,long,10,2019-12-02T21:00:00Z,33.615462504,2020-03-02T21:00:00Z,29.752763682,-38.63,1.0,-47.34,26.61,65.15,91.00:00:00,False,665 713
DOW,long,97,2019-06-03T20:00:00Z,32.25458676,2020-03-02T21:00:00Z,29.159278226,-300.24,1.0,-472.96,584.98,1016.33,273.01:00:00,False,582 714
DOW,long,17,2019-09-03T20:00:00Z,28.58234258,2020-03-02T21:00:00Z,29.159278226,9.81,1.0,-20.46,164.95,178.12,181.01:00:00,True,616 714
DOW,long,11,2020-02-03T21:00:00Z,32.369473842,2020-03-02T21:00:00Z,29.159278226,-35.31,1.0,-54.9,65.07,72.04,28.00:00:00,False,706 714
NXPI,long,35,2019-12-02T21:00:00Z,102.139762468,2020-03-02T21:00:00Z,107.19895836,177.07,1.0,-22.59,758.55,781.14,91.00:00:00,True,662 715
OXY,long,62,2018-11-01T20:00:00Z,56.927505205,2020-03-02T21:00:00Z,29.675565066,-1689.62,2.0,-1754.35,277.3,2031.65,487.01:00:00,False,483 716
OXY,long,14,2019-05-01T20:00:00Z,49.01515032,2020-03-02T21:00:00Z,29.675565066,-270.75,1.0,-285.37,173.39,317.96,306.01:00:00,False,569 716
OXY,long,10,2019-07-01T20:00:00Z,43.135176436,2020-03-02T21:00:00Z,29.675565066,-134.6,1.0,-145.04,182.65,174.59,245.01:00:00,False,597 716
OXY,long,12,2019-09-03T20:00:00Z,36.982911416,2020-03-02T21:00:00Z,29.675565066,-87.69,1.0,-100.22,293.01,166.87,181.01:00:00,False,617 716
OXY,long,12,2019-11-01T20:00:00Z,37.293047432,2020-03-02T21:00:00Z,29.675565066,-91.41,1.0,-103.94,289.28,166.87,122.01:00:00,False,652 716
BIIB,long,1,2016-07-01T20:00:00Z,245.06,2020-03-02T21:00:00Z,327.89,82.83,2.0,-28.35,138.77,167.12,1340.01:00:00,True,109 717
BIIB,long,1,2016-11-01T20:00:00Z,282.56,2020-03-02T21:00:00Z,327.89,45.33,1.0,-65.85,101.27,167.12,1217.01:00:00,True,151 717
BIIB,long,1,2017-01-03T21:00:00Z,291.71,2020-03-02T21:00:00Z,327.89,36.18,1.0,-75.0,92.12,167.12,1154.00:00:00,True,173 717
NFLX,long,18,2019-11-01T20:00:00Z,28.681,2020-03-02T21:00:00Z,38.105,169.63,1.0,-6.66,181.75,49.84,122.01:00:00,True,646 718
ABBV,long,9,2020-02-03T21:00:00Z,63.528003435,2020-03-02T21:00:00Z,68.468813035,44.47,2.0,0.0,107.56,86.4,28.00:00:00,True,702 719
MU,long,9,2017-09-01T20:00:00Z,31.78947598,2020-03-02T21:00:00Z,53.232745207,192.99,1.0,-31.42,263.46,294.88,913.01:00:00,True,281 720
CSX,long,15,2019-09-03T20:00:00Z,20.153956454604153,2020-03-02T21:00:00Z,21.637090644624053,22.25,2.0,-2.23,65.47,44.6,181.01:00:00,True,614 721
VLO,long,1,2016-02-01T21:00:00Z,45.37488669,2020-03-03T21:00:00Z,53.407746861,8.03,1.0,-13.53,45.17,40.25,1492.00:00:00,True,26 735
VLO,long,7,2016-03-01T21:00:00Z,41.077764609,2020-03-03T21:00:00Z,53.407746861,86.31,1.0,-64.61,346.24,281.73,1463.00:00:00,True,58 735
VLO,long,5,2016-05-02T20:00:00Z,39.897254082,2020-03-03T21:00:00Z,53.407746861,67.55,1.0,-40.25,253.22,201.24,1401.01:00:00,True,83 735
VLO,long,9,2016-07-01T20:00:00Z,34.672125945,2020-03-03T21:00:00Z,53.407746861,168.62,1.0,-25.42,502.82,362.23,1341.01:00:00,True,105 735
VLO,long,7,2017-05-01T20:00:00Z,44.749977828,2020-03-03T21:00:00Z,53.407746861,60.6,1.0,-90.32,320.54,281.73,1037.01:00:00,True,236 735
VLO,long,9,2018-11-01T20:00:00Z,67.779033421,2020-03-03T21:00:00Z,53.407746861,-129.34,1.0,-323.38,204.86,245.07,488.01:00:00,False,485 735
VLO,long,10,2018-12-03T21:00:00Z,60.13893519,2020-03-03T21:00:00Z,53.407746861,-67.31,1.0,-282.92,304.02,272.3,456.00:00:00,False,505 735
VLO,long,5,2019-03-01T21:00:00Z,61.984536903,2020-03-03T21:00:00Z,53.407746861,-42.88,1.0,-150.69,142.78,136.15,368.00:00:00,False,547 735
VLO,long,4,2020-01-02T21:00:00Z,73.383862293,2020-03-03T21:00:00Z,53.407746861,-79.9,1.0,-166.15,68.63,97.79,61.00:00:00,False,690 735
VLO,long,12,2020-03-02T21:00:00Z,52.970682149,2020-03-03T21:00:00Z,53.407746861,5.24,1.0,-253.48,450.84,32.12,1.00:00:00,True,729 735
DAL,long,9,2016-03-01T21:00:00Z,43.04467977,2020-04-01T20:00:00Z,22.997877005,-180.42,1.0,-201.92,153.53,355.45,1491.23:00:00,False,52 740
DAL,long,13,2016-05-02T20:00:00Z,37.120534681,2020-04-01T20:00:00Z,22.997877005,-183.59,1.0,-214.65,298.78,513.43,1430.00:00:00,False,78 740
DAL,long,9,2016-07-01T20:00:00Z,32.471406827,2020-04-01T20:00:00Z,22.997877005,-85.26,1.0,-106.76,248.69,355.45,1370.00:00:00,False,107 740
DAL,long,8,2017-04-03T20:00:00Z,41.466293539,2020-04-01T20:00:00Z,22.997877005,-147.75,1.0,-166.86,149.1,315.96,1094.00:00:00,False,225 740
DAL,long,7,2017-08-01T20:00:00Z,45.017150901,2020-04-01T20:00:00Z,22.997877005,-154.13,1.0,-170.86,105.6,276.46,974.00:00:00,False,272 740
DAL,long,8,2018-07-02T20:00:00Z,45.987192576,2020-04-01T20:00:00Z,22.997877005,-183.91,1.0,-203.03,112.93,315.96,639.00:00:00,False,418 740
DAL,long,7,2019-01-02T21:00:00Z,46.750364457,2020-04-01T20:00:00Z,22.997877005,-166.27,1.0,-182.99,93.47,276.46,454.23:00:00,False,526 740
DAL,long,8,2019-02-01T21:00:00Z,46.591698816,2020-04-01T20:00:00Z,22.997877005,-188.75,1.0,-207.86,108.09,315.96,424.23:00:00,False,532 740
DAL,long,12,2020-03-02T21:00:00Z,45.522765144,2020-04-01T20:00:00Z,22.997877005,-270.3,1.0,-298.97,174.97,314.49,29.23:00:00,False,730 740
EOG,long,43,2019-03-01T21:00:00Z,71.038563114,2020-04-01T20:00:00Z,25.82062022,-1944.37,1.0,-2099.68,344.5,2444.18,396.23:00:00,False,546 741
EOG,long,7,2019-08-01T20:00:00Z,59.967015328,2020-04-01T20:00:00Z,25.82062022,-239.02,1.0,-264.31,133.58,309.43,244.00:00:00,False,605 741
EOG,long,7,2019-09-03T20:00:00Z,54.908039109,2020-04-01T20:00:00Z,25.82062022,-203.61,1.0,-228.9,169.0,309.43,211.00:00:00,False,618 741
EOG,long,9,2019-11-01T20:00:00Z,52.920466395,2020-04-01T20:00:00Z,25.82062022,-243.9,1.0,-276.41,235.17,397.84,152.00:00:00,False,651 741
EOG,long,7,2020-02-03T21:00:00Z,53.260626159,2020-04-01T20:00:00Z,25.82062022,-192.08,1.0,-217.36,180.53,248.24,57.23:00:00,False,705 741
MPC,long,35,2018-02-01T21:00:00Z,52.843842079,2020-04-01T20:00:00Z,17.282795529,-1244.64,1.0,-1367.82,519.88,1887.7,789.23:00:00,False,358 742
MPC,long,10,2018-12-03T21:00:00Z,51.0396943,2020-04-01T20:00:00Z,17.282795529,-337.57,1.0,-372.76,166.58,415.47,484.23:00:00,False,506 742
MPC,long,7,2019-04-01T20:00:00Z,48.585366555,2020-04-01T20:00:00Z,17.282795529,-219.12,1.0,-243.75,133.79,290.83,366.00:00:00,False,555 742
MPC,long,16,2019-06-03T20:00:00Z,37.898901402,2020-04-01T20:00:00Z,17.282795529,-329.86,1.0,-386.17,476.78,664.75,303.00:00:00,False,583 742
MPC,long,9,2019-09-03T20:00:00Z,40.364746144,2020-04-01T20:00:00Z,17.282795529,-207.74,1.0,-239.41,246.0,373.92,211.00:00:00,False,619 742
MPC,long,7,2020-01-02T21:00:00Z,50.758919384,2020-04-01T20:00:00Z,17.282795529,-234.33,1.0,-258.97,118.57,258.97,89.23:00:00,False,686 742
MPC,long,7,2020-03-02T21:00:00Z,39.526010091,2020-04-01T20:00:00Z,17.282795529,-155.7,1.0,-180.34,197.2,180.34,29.23:00:00,False,734 742
ET,long,555,2020-02-03T21:00:00Z,7.31082752,2020-04-01T20:00:00Z,2.901484672,-2447.19,5.55,-2621.53,66.57,2688.1,57.23:00:00,False,699 743
CNC,long,17,2020-03-02T21:00:00Z,55.44,2020-04-01T20:00:00Z,56.09,11.05,2.0,-168.13,138.21,306.34,29.23:00:00,True,722 744
WMT,long,26,2020-02-03T21:00:00Z,34.78325887967377,2020-04-01T20:00:00Z,34.8974188275911,2.97,2.0,-80.88,65.77,124.57,57.23:00:00,True,700 745
UNH,long,3,2016-02-01T21:00:00Z,96.805072554,2020-04-01T20:00:00Z,211.946315168,345.42,1.0,-14.71,524.06,292.39,1520.23:00:00,True,39 746
BIIB,long,1,2017-05-01T20:00:00Z,271.03,2020-04-01T20:00:00Z,293.27,22.24,2.0,-54.32,112.8,167.12,1066.00:00:00,True,237 747
BIIB,long,1,2017-06-01T20:00:00Z,252.38,2020-04-01T20:00:00Z,293.27,40.89,1.0,-35.67,131.45,167.12,1035.00:00:00,True,250 747
NFLX,long,16,2019-11-01T20:00:00Z,28.681,2020-04-01T20:00:00Z,36.408,123.63,1.0,-5.92,161.55,142.3,152.00:00:00,True,646 748
CVS,long,12,2020-03-02T21:00:00Z,51.920639997,2020-04-01T20:00:00Z,47.306733366,-55.37,2.0,-114.14,19.56,133.7,29.23:00:00,False,723 749
LMT,long,2,2020-01-02T21:00:00Z,333.316717767,2020-04-01T20:00:00Z,284.62877345,-97.38,2.0,-201.65,67.63,269.27,89.23:00:00,False,685 750
NEM,long,15,2020-03-02T21:00:00Z,39.041585625,2020-04-01T20:00:00Z,38.850853152,-2.86,2.0,-90.27,70.88,161.15,29.23:00:00,False,725 751
MRK,long,9,2020-03-02T21:00:00Z,62.909338297720964,2020-04-01T20:00:00Z,57.52811565658872,-48.43,2.0,-100.35,11.13,111.48,29.23:00:00,False,726 752
KMB,long,5,2020-03-02T21:00:00Z,109.859049,2020-04-01T20:00:00Z,98.548905264,-56.55,2.0,-108.78,27.83,136.62,29.23:00:00,False,724 753
PFE,long,20,2020-01-02T21:00:00Z,26.58342000676648,2020-04-01T20:00:00Z,21.77760892729321,-96.12,2.0,-142.09,21.33,163.41,89.23:00:00,False,680 754
VZ,long,12,2016-02-01T21:00:00Z,29.034775836,2020-04-01T20:00:00Z,36.15621408,85.46,1.0,-33.43,155.23,93.8,1520.23:00:00,True,14 755
CSCO,long,11,2020-01-02T21:00:00Z,40.104189414,2020-04-01T20:00:00Z,31.747079311,-91.93,2.0,-138.67,13.76,152.42,89.23:00:00,False,682 756
INTC,long,7,2018-02-01T21:00:00Z,40.004619445,2020-04-01T20:00:00Z,45.991324284,41.91,1.0,-27.09,142.77,145.98,789.23:00:00,True,357 757
CI,long,2,2020-03-02T21:00:00Z,174.792000156,2020-04-01T20:00:00Z,155.693322018,-38.2,2.0,-115.58,27.34,142.92,29.23:00:00,False,727 758
TGT,long,4,2020-02-03T21:00:00Z,93.40489125,2020-04-01T20:00:00Z,79.49116224,-55.65,2.0,-69.92,21.36,91.28,57.23:00:00,False,701 759
PSX,long,13,2018-03-01T21:00:00Z,66.290055741,2020-05-01T20:00:00Z,51.777827976,-188.66,1.0,-434.84,331.23,766.07,791.23:00:00,False,374 773
COP,long,21,2019-03-01T21:00:00Z,52.489733169,2020-05-01T20:00:00Z,30.555725445,-460.61,1.0,-730.72,15.51,746.23,426.23:00:00,False,542 774
NEM,long,12,2020-03-02T21:00:00Z,39.041585625,2020-05-01T20:00:00Z,50.990177184,143.38,1.0,-72.22,164.65,128.92,59.23:00:00,True,725 775
UTX,long,8,2017-02-01T21:00:00Z,46.122667445425535,2020-05-01T20:00:00Z,52.66001408,52.3,1.0,-94.1,203.55,297.65,1184.23:00:00,True,191 776
QCOM,long,6,2019-12-02T21:00:00Z,70.525297725,2020-05-01T20:00:00Z,65.720577964,-28.83,2.0,-105.62,72.9,178.51,150.23:00:00,False,663 777
EPD,long,36,2019-10-01T20:00:00Z,16.865165104,2020-05-01T20:00:00Z,10.747766268,-220.23,2.135,-337.15,21.0,358.15,213.00:00:00,False,630 778
CI,long,19,2020-03-02T21:00:00Z,174.792000156,2020-06-01T20:00:00Z,178.21024494,64.95,1.0,-1098.02,259.75,1357.77,90.23:00:00,True,727 785
LOW,long,9,2020-04-01T20:00:00Z,71.290021946,2020-06-01T20:00:00Z,115.305113116,396.14,2.0,0.0,404.4,52.9,61.00:00:00,True,763 786
DELL,long,21,2019-05-01T20:00:00Z,31.57570753517359,2020-06-01T20:00:00Z,22.73101022180694,-185.74,1.0,-383.85,11.8,395.65,397.00:00:00,False,567 787
TGT,long,4,2020-02-03T21:00:00Z,93.40489125,2020-06-01T20:00:00Z,100.301853687,27.59,1.0,-69.92,44.54,91.28,118.23:00:00,True,701 788
EOG,long,95,2020-06-01T20:00:00Z,39.010178889,2020-07-01T20:00:00Z,37.541932434,-139.48,2.0,-218.17,736.76,954.92,30.00:00:00,False,789 797
ABBV,long,8,2020-02-03T21:00:00Z,63.528003435,2020-07-01T20:00:00Z,77.677687014,113.2,1.0,-109.87,113.2,205.48,148.23:00:00,True,702 798
DELL,long,17,2019-05-01T20:00:00Z,31.57570753517359,2020-07-01T20:00:00Z,24.991679863068274,-111.93,1.0,-310.74,9.55,320.29,427.00:00:00,False,567 799
QCOM,long,5,2019-12-02T21:00:00Z,70.525297725,2020-07-01T20:00:00Z,78.6100213,40.42,1.0,-88.02,60.75,148.76,211.23:00:00,True,663 800
GD,long,3,2019-11-01T20:00:00Z,154.99358037,2020-07-01T20:00:00Z,129.61283034,-76.14,2.0,-187.64,28.18,215.81,243.00:00:00,False,647 801
EMR,long,7,2019-01-02T21:00:00Z,50.14037165,2020-07-01T20:00:00Z,53.808131782,25.67,1.0,-118.91,120.43,239.34,545.23:00:00,True,520 802
MU,long,7,2017-09-01T20:00:00Z,31.78947598,2020-07-01T20:00:00Z,48.46432381,116.72,1.0,-24.44,204.92,229.35,1034.00:00:00,True,281 803
CSCO,long,94,2020-01-02T21:00:00Z,40.104189414,2020-08-03T20:00:00Z,39.741538644,-34.09,1.0,-1184.97,117.56,1302.53,213.23:00:00,False,682 811
PSX,long,18,2018-03-01T21:00:00Z,66.290055741,2020-08-03T20:00:00Z,48.295074272,-323.91,1.0,-602.08,458.63,1060.71,885.23:00:00,False,374 812
PSX,long,9,2018-12-03T21:00:00Z,68.66672432,2020-08-03T20:00:00Z,48.295074272,-183.34,1.0,-322.43,207.93,530.36,608.23:00:00,False,504 812
PSX,long,4,2019-06-03T20:00:00Z,62.4457782,2020-08-03T20:00:00Z,48.295074272,-56.6,1.0,-118.42,117.29,235.71,427.00:00:00,False,590 812
PSX,long,4,2020-01-02T21:00:00Z,86.67263748,2020-08-03T20:00:00Z,48.295074272,-153.51,1.0,-215.33,20.39,215.33,213.23:00:00,False,687 812
PSX,long,8,2020-02-03T21:00:00Z,68.71239843,2020-08-03T20:00:00Z,48.295074272,-163.34,1.0,-286.97,184.46,309.77,181.23:00:00,False,704 812
PSX,long,5,2020-03-02T21:00:00Z,58.59727066,2020-08-03T20:00:00Z,48.295074272,-51.51,1.0,-128.78,165.86,128.78,153.23:00:00,False,733 812
PSX,long,12,2020-04-01T20:00:00Z,38.630504266,2020-08-03T20:00:00Z,48.295074272,115.97,1.0,-69.47,637.67,291.57,124.00:00:00,True,767 812
ROP,long,2,2020-03-02T21:00:00Z,346.882059678,2020-08-03T20:00:00Z,419.39035904,145.02,2.0,-205.08,148.79,216.5,153.23:00:00,True,728 813
HCA,long,6,2019-01-02T21:00:00Z,113.740009728,2020-08-03T20:00:00Z,119.441919796,34.21,2.0,-294.54,174.62,469.15,578.23:00:00,True,522 814
PFE,long,20,2020-01-02T21:00:00Z,26.58342000676648,2020-08-03T20:00:00Z,26.834797493527557,5.03,1.0,-142.09,21.33,163.41,213.23:00:00,True,680 815
LOW,long,4,2020-04-01T20:00:00Z,71.290021946,2020-08-03T20:00:00Z,134.498036475,252.83,1.0,0.0,252.83,31.74,124.00:00:00,True,763 816
QCOM,long,5,2019-12-02T21:00:00Z,70.525297725,2020-08-03T20:00:00Z,95.95536015,127.15,1.0,-88.02,127.15,148.76,244.23:00:00,True,663 817
DE,long,24,2020-04-01T20:00:00Z,123.125776225,2020-09-01T20:00:00Z,201.545804834,1882.08,2.0,-173.54,1882.08,470.43,153.00:00:00,True,762 824
KMI,long,378,2020-08-03T20:00:00Z,9.791886347,2020-09-01T20:00:00Z,9.680218363,-42.21,3.78,-79.14,134.55,213.69,29.00:00:00,False,818 825
TGT,long,5,2020-02-03T21:00:00Z,93.40489125,2020-09-01T20:00:00Z,126.964983201,167.8,1.0,-87.4,183.53,114.1,210.23:00:00,True,701 826
PCLN,long,8,2020-01-02T21:00:00Z,81.06136717624,2020-09-01T20:00:00Z,75.36755810408,-45.55,2.0,-288.31,3.85,292.16,242.23:00:00,False,683 827
DELL,long,15,2019-05-01T20:00:00Z,31.57570753517359,2020-09-01T20:00:00Z,30.55817598584822,-15.26,1.0,-274.18,8.43,282.61,489.00:00:00,False,567 828
NFLX,long,8,2019-11-01T20:00:00Z,28.681,2020-09-01T20:00:00Z,55.655,215.79,1.0,-2.96,215.79,71.15,305.00:00:00,True,646 829
EMR,long,52,2019-01-02T21:00:00Z,50.14037165,2020-10-01T20:00:00Z,57.213041811,367.78,1.0,-883.36,894.61,1777.97,637.23:00:00,True,520 839
EMR,long,6,2019-09-03T20:00:00Z,50.16298368,2020-10-01T20:00:00Z,57.213041811,42.3,1.0,-102.06,103.09,205.15,394.00:00:00,True,623 839
EMR,long,8,2020-04-01T20:00:00Z,39.78666221,2020-10-01T20:00:00Z,57.213041811,139.41,1.0,-53.07,220.46,69.34,183.00:00:00,True,772 839
QCOM,long,40,2019-12-02T21:00:00Z,70.525297725,2020-10-01T20:00:00Z,105.210420192,1387.4,1.0,-704.12,1516.28,1190.1,303.23:00:00,True,663 840
WMT,long,8,2020-02-03T21:00:00Z,34.78325887967377,2020-10-01T20:00:00Z,44.11866589479963,74.68,1.0,-24.89,86.03,38.33,240.23:00:00,True,700 841
MU,long,2,2017-09-01T20:00:00Z,31.78947598,2020-11-02T21:00:00Z,48.474075183,33.37,1.0,-6.98,58.55,65.53,1158.01:00:00,True,281 844
MU,long,6,2017-12-01T21:00:00Z,40.946015227,2020-11-02T21:00:00Z,48.474075183,45.17,1.0,-75.89,120.7,196.59,1067.00:00:00,True,333 844
MU,long,5,2018-07-02T20:00:00Z,53.125480104,2020-11-02T21:00:00Z,48.474075183,-23.26,1.0,-124.13,39.69,138.62,854.01:00:00,False,420 844
ETN,long,6,2020-04-01T20:00:00Z,65.171483432,2020-11-02T21:00:00Z,97.154657676,191.9,2.0,-10.47,205.69,62.87,215.01:00:00,True,764 845
CSX,long,17,2019-09-03T20:00:00Z,20.153956454604153,2020-11-02T21:00:00Z,25.178785279454555,85.42,1.0,-94.83,85.42,169.03,426.01:00:00,True,614 846
SO,long,9,2019-03-01T21:00:00Z,36.957915918,2020-11-02T21:00:00Z,46.554375735,86.37,1.0,-32.79,154.46,187.25,612.00:00:00,True,544 847
COP,long,41,2019-03-01T21:00:00Z,52.489733169,2020-11-03T21:00:00Z,24.763901952,-1136.76,1.0,-1426.65,30.28,1456.93,613.00:00:00,False,542 855
COP,long,7,2019-05-01T20:00:00Z,47.722785111,2020-11-03T21:00:00Z,24.763901952,-160.71,1.0,-210.21,38.54,236.8,552.01:00:00,False,571 855
COP,long,13,2019-09-03T20:00:00Z,40.020196062,2020-11-03T21:00:00Z,24.763901952,-198.33,1.0,-290.25,171.71,439.77,427.01:00:00,False,615 855
COP,long,13,2020-03-02T21:00:00Z,38.422946709,2020-11-03T21:00:00Z,24.763901952,-177.57,1.0,-269.48,192.47,271.51,246.00:00:00,False,732 855
COP,long,32,2020-04-01T20:00:00Z,23.117767246,2020-11-03T21:00:00Z,24.763901952,52.68,1.0,-173.58,963.54,530.8,216.01:00:00,True,766 855
COP,long,18,2020-08-03T20:00:00Z,29.233083408,2020-11-03T21:00:00Z,24.763901952,-80.45,1.0,-207.71,431.92,181.87,92.01:00:00,False,821 855
COP,long,19,2020-10-01T20:00:00Z,25.824813264,2020-11-03T21:00:00Z,24.763901952,-20.16,1.0,-154.5,520.67,100.13,33.01:00:00,False,842 855
COP,long,15,2020-11-02T21:00:00Z,24.368904818,2020-11-03T21:00:00Z,24.763901952,5.92,1.0,-100.13,432.89,11.12,1.00:00:00,True,850 855
MU,long,1,2018-07-02T20:00:00Z,53.125480104,2020-12-01T21:00:00Z,65.412210084,12.29,1.0,-24.83,12.29,27.72,883.01:00:00,True,420 859
MU,long,16,2018-10-01T20:00:00Z,44.027449095,2020-12-01T21:00:00Z,65.412210084,342.16,1.0,-251.66,342.16,398.17,792.01:00:00,True,465 859
MU,long,9,2018-11-01T20:00:00Z,39.122508476,2020-12-01T21:00:00Z,65.412210084,236.61,1.0,-97.42,236.61,223.97,761.01:00:00,True,489 859
MU,long,12,2019-01-02T21:00:00Z,31.935746575,2020-12-01T21:00:00Z,65.412210084,401.72,1.0,-43.65,401.72,298.63,699.00:00:00,True,524 859
MU,long,12,2019-06-03T20:00:00Z,31.877238337,2020-12-01T21:00:00Z,65.412210084,402.42,1.0,-42.95,402.42,298.63,547.01:00:00,True,586 859
MU,long,8,2020-06-01T20:00:00Z,45.187862482,2020-12-01T21:00:00Z,65.412210084,161.79,1.0,-135.12,161.79,86.28,183.01:00:00,True,790 859
MU,long,16,2020-09-01T20:00:00Z,44.622282848,2020-12-01T21:00:00Z,65.412210084,332.64,1.0,-261.18,332.64,72.86,91.01:00:00,True,830 859
BIIB,long,2,2018-03-01T21:00:00Z,282.35,2020-12-01T21:00:00Z,243.16,-78.38,2.0,-131.28,202.96,334.24,1006.00:00:00,False,375 860
BIIB,long,1,2018-11-01T20:00:00Z,315.33,2020-12-01T21:00:00Z,243.16,-72.17,1.0,-98.62,68.5,122.25,761.01:00:00,False,491 860
BIIB,long,4,2019-04-01T20:00:00Z,232.49,2020-12-01T21:00:00Z,243.16,42.68,1.0,-63.12,605.36,477.48,610.01:00:00,True,553 860
BIIB,long,1,2019-05-01T20:00:00Z,229.5,2020-12-01T21:00:00Z,243.16,13.66,1.0,-12.79,154.33,119.37,580.01:00:00,True,572 860
BIIB,long,1,2020-02-03T21:00:00Z,272.73,2020-12-01T21:00:00Z,243.16,-29.57,1.0,-56.02,111.1,119.37,302.00:00:00,False,709 860
BIIB,long,2,2020-05-01T20:00:00Z,293.09,2020-12-01T21:00:00Z,243.16,-99.86,1.0,-152.76,181.48,238.74,214.01:00:00,False,779 860
BIIB,long,2,2020-07-01T20:00:00Z,264.77,2020-12-01T21:00:00Z,243.16,-43.22,1.0,-96.12,238.12,238.74,153.01:00:00,False,805 860
BIIB,long,1,2020-11-02T21:00:00Z,248.99,2020-12-01T21:00:00Z,243.16,-5.83,1.0,-32.28,134.84,119.37,29.00:00:00,False,854 860
CSX,long,150,2019-09-03T20:00:00Z,20.153956454604153,2020-12-01T21:00:00Z,27.986192946047094,1174.84,1.0,-836.75,1272.94,1491.46,455.01:00:00,True,614 861
CNC,long,51,2020-03-02T21:00:00Z,55.44,2020-12-01T21:00:00Z,62.87,378.93,1.0,-504.39,890.46,948.6,274.00:00:00,True,722 862
CNC,long,5,2020-07-01T20:00:00Z,65.41,2020-12-01T21:00:00Z,62.87,-12.7,1.0,-99.3,37.45,67.2,153.01:00:00,False,808 862
CNC,long,7,2020-09-01T20:00:00Z,61.37,2020-12-01T21:00:00Z,62.87,10.5,1.0,-110.74,80.71,66.29,91.01:00:00,True,832 862
ETN,long,38,2020-04-01T20:00:00Z,65.171483432,2020-12-01T21:00:00Z,110.00524373,1703.68,1.0,-66.3,1792.0,398.18,244.01:00:00,True,764 863
GIS,long,73,2020-07-01T20:00:00Z,47.688304285,2020-12-01T21:00:00Z,49.169534813,108.13,2.0,-153.25,335.61,488.86,153.01:00:00,True,804 864
UTX,long,12,2017-02-01T21:00:00Z,46.122667445425535,2020-12-01T21:00:00Z,62.828293286,200.47,1.0,-141.15,305.32,446.47,1399.00:00:00,True,191 865
TGT,long,4,2020-02-03T21:00:00Z,93.40489125,2020-12-01T21:00:00Z,151.656225888,233.01,1.0,-69.92,235.58,91.28,302.00:00:00,True,701 866
PCLN,long,7,2020-01-02T21:00:00Z,81.06136717624,2020-12-01T21:00:00Z,80.20526398676,-5.99,1.0,-252.27,11.94,255.64,334.00:00:00,False,683 867
EPD,long,30,2019-10-01T20:00:00Z,16.865165104,2020-12-01T21:00:00Z,12.914263104,-118.53,1.0,-280.96,17.5,298.46,427.01:00:00,False,630 868
LVS,long,7,2018-09-04T20:00:00Z,54.95551575,2020-12-01T21:00:00Z,53.131251122,-12.77,1.0,-137.25,92.27,229.52,819.01:00:00,False,453 869
ABBV,long,46,2020-02-03T21:00:00Z,63.528003435,2021-01-04T21:00:00Z,84.73625293,975.58,1.0,-631.76,1096.13,1181.49,336.00:00:00,True,702 874
ABBV,long,5,2020-09-01T20:00:00Z,73.176947207,2021-01-04T21:00:00Z,84.73625293,57.8,1.0,-116.91,70.9,48.91,125.01:00:00,True,834 874
KDP,long,148,2020-04-01T20:00:00Z,20.236331264,2021-01-04T21:00:00Z,27.461641896,1069.35,2.0,0.0,1122.1,539.09,278.01:00:00,True,760 875
ROP,long,8,2020-03-02T21:00:00Z,346.882059678,2021-01-04T21:00:00Z,404.83319292,463.61,1.0,-820.33,718.68,865.98,308.00:00:00,True,728 876
ROP,long,1,2020-09-01T20:00:00Z,420.556403007,2021-01-04T21:00:00Z,404.83319292,-15.72,1.0,-176.22,16.16,73.18,125.01:00:00,False,833 876
ROP,long,1,2020-11-02T21:00:00Z,367.577539056,2021-01-04T21:00:00Z,404.83319292,37.26,1.0,-123.24,69.14,17.17,63.00:00:00,True,849 876
EPD,long,161,2019-10-01T20:00:00Z,16.865165104,2021-01-04T21:00:00Z,12.735998736,-664.8,1.57,-1507.83,93.92,1601.75,461.01:00:00,False,630 877
EPD,long,25,2019-11-01T20:00:00Z,15.783019875,2021-01-04T21:00:00Z,12.735998736,-76.18,1.0,-207.08,41.64,248.72,430.01:00:00,False,654 877
EPD,long,99,2020-04-01T20:00:00Z,8.428841015,2021-01-04T21:00:00Z,12.735998736,426.41,1.0,-91.98,892.95,410.07,278.01:00:00,True,765 877
EPD,long,29,2020-09-01T20:00:00Z,11.302266384,2021-01-04T21:00:00Z,12.735998736,41.58,1.0,-110.27,178.24,44.42,125.01:00:00,True,835 877
GD,long,22,2019-11-01T20:00:00Z,154.99358037,2021-01-04T21:00:00Z,129.539364958,-559.99,1.0,-1376.01,206.62,1582.63,430.01:00:00,False,647 878
GD,long,2,2020-01-02T21:00:00Z,153.87250067,2021-01-04T21:00:00Z,129.539364958,-48.67,1.0,-122.85,21.03,143.88,368.00:00:00,False,689 878
GD,long,3,2020-05-01T20:00:00Z,111.730563662,2021-01-04T21:00:00Z,129.539364958,53.43,1.0,-57.85,157.96,90.43,248.01:00:00,True,780 878
GD,long,2,2020-09-01T20:00:00Z,132.29951739,2021-01-04T21:00:00Z,129.539364958,-5.52,1.0,-79.7,64.17,38.05,125.01:00:00,False,838 878
KMB,long,30,2020-03-02T21:00:00Z,109.859049,2021-01-04T21:00:00Z,106.96823072,-86.72,1.0,-652.69,469.78,819.7,308.00:00:00,False,724 879
KMB,long,2,2020-06-01T20:00:00Z,110.798896512,2021-01-04T21:00:00Z,106.96823072,-7.66,1.0,-45.39,29.44,40.04,217.01:00:00,False,795 879
KMB,long,4,2020-12-01T21:00:00Z,112.410675264,2021-01-04T21:00:00Z,106.96823072,-21.77,1.0,-97.23,52.43,24.4,34.00:00:00,False,871 879
KO,long,84,2020-04-01T20:00:00Z,34.680859884,2021-01-04T21:00:00Z,44.527076352,827.08,2.0,0.0,974.54,406.88,278.01:00:00,True,761 880
KO,long,8,2020-05-01T20:00:00Z,37.53731808,2021-01-04T21:00:00Z,44.527076352,55.92,1.0,-22.85,69.96,38.75,248.01:00:00,True,782 880
MRK,long,51,2020-03-02T21:00:00Z,62.909338297720964,2021-01-04T21:00:00Z,64.57973118227822,85.19,1.0,-568.63,274.21,631.72,308.00:00:00,True,726 881
MRK,long,5,2020-05-01T20:00:00Z,60.54483391662935,2021-01-04T21:00:00Z,64.57973118227822,20.17,1.0,-43.93,38.71,43.82,248.01:00:00,True,781 881
MRK,long,5,2020-11-02T21:00:00Z,60.71018417125916,2021-01-04T21:00:00Z,64.57973118227822,19.35,1.0,-44.75,37.88,14.06,63.00:00:00,True,853 881
PCLN,long,36,2020-01-02T21:00:00Z,81.06136717624,2021-01-04T21:00:00Z,84.55845688224,125.9,1.0,-1297.41,214.78,1314.74,368.00:00:00,True,683 882
PCLN,long,4,2020-02-03T21:00:00Z,71.85757410084,2021-01-04T21:00:00Z,84.55845688224,50.8,1.0,-107.34,60.68,131.09,336.00:00:00,True,708 882
PCLN,long,5,2020-05-01T20:00:00Z,56.60948151012,2021-01-04T21:00:00Z,84.55845688224,139.74,1.0,-57.94,152.09,67.32,248.01:00:00,True,784 882
PCLN,long,5,2020-11-02T21:00:00Z,62.67917888364,2021-01-04T21:00:00Z,84.55845688224,109.4,1.0,-88.28,121.74,30.34,63.00:00:00,True,851 882
PFE,long,116,2020-01-02T21:00:00Z,26.58342000676648,2021-01-04T21:00:00Z,27.427292964,97.89,1.0,-824.1,594.01,947.8,368.00:00:00,True,680 883
PFE,long,22,2020-07-01T20:00:00Z,23.380568270668665,2021-01-04T21:00:00Z,27.427292964,89.03,1.0,-85.83,183.12,95.24,187.01:00:00,True,806 883
SO,long,65,2019-03-01T21:00:00Z,36.957915918,2021-01-04T21:00:00Z,47.307147888,672.7,1.0,-236.83,1115.53,1352.37,675.00:00:00,True,544 884
SO,long,7,2020-06-01T20:00:00Z,44.9912865,2021-01-04T21:00:00Z,47.307147888,16.21,1.0,-81.74,63.9,51.2,217.01:00:00,True,793 884
SO,long,8,2020-07-01T20:00:00Z,41.22511815,2021-01-04T21:00:00Z,47.307147888,48.66,1.0,-63.29,103.16,30.41,187.01:00:00,True,807 884
UTX,long,34,2017-02-01T21:00:00Z,46.122667445425535,2021-01-04T21:00:00Z,60.358558326,484.02,1.0,-399.93,865.07,1265.0,1433.00:00:00,True,191 885
UTX,long,5,2018-12-03T21:00:00Z,55.156914350405614,2021-01-04T21:00:00Z,60.358558326,26.01,1.0,-103.99,82.04,186.03,763.00:00:00,True,507 885
UTX,long,11,2020-04-01T20:00:00Z,41.89305163176917,2021-01-04T21:00:00Z,60.358558326,203.12,1.0,-82.86,326.4,204.9,278.01:00:00,True,769 885
UTX,long,13,2020-08-03T20:00:00Z,49.988600658,2021-01-04T21:00:00Z,60.358558326,134.81,1.0,-203.17,280.5,130.63,154.01:00:00,True,820 885
HCA,long,4,2019-01-02T21:00:00Z,113.740009728,2021-01-04T21:00:00Z,155.877703872,168.55,1.0,-196.36,174.96,312.77,733.00:00:00,True,522 886
XOM,long,16,2018-02-01T21:00:00Z,60.557918091,2021-01-04T21:00:00Z,33.2513272,-436.91,2.0,-590.81,2.32,593.13,1068.00:00:00,False,360 887
AMAT,long,5,2021-01-04T21:00:00Z,82.895202341,2021-02-01T21:00:00Z,96.579065603,68.42,2.0,0.0,106.64,59.83,28.00:00:00,True,893 896
CVS,long,7,2020-03-02T21:00:00Z,51.920639997,2021-02-01T21:00:00Z,59.782142574,55.03,1.0,-66.58,80.17,78.85,336.00:00:00,True,723 897
XOM,long,11,2018-02-01T21:00:00Z,60.557918091,2021-02-01T21:00:00Z,35.999569424,-270.14,1.0,-406.18,1.6,407.78,1096.00:00:00,False,360 898
LVS,long,45,2018-09-04T20:00:00Z,54.95551575,2021-02-02T21:00:00Z,46.797165197,-367.13,1.0,-882.3,593.18,1475.48,882.01:00:00,False,453 905
LVS,long,6,2018-10-01T20:00:00Z,51.539710675,2021-02-02T21:00:00Z,46.797165197,-28.46,1.0,-97.14,99.59,196.73,855.01:00:00,False,469 905
LVS,long,7,2019-06-03T20:00:00Z,46.899741878,2021-02-02T21:00:00Z,46.797165197,-0.72,1.0,-80.86,148.66,229.52,610.01:00:00,False,588 905
LVS,long,12,2020-04-01T20:00:00Z,37.81683893,2021-02-02T21:00:00Z,46.797165197,107.76,1.0,-29.62,363.85,138.62,307.01:00:00,True,768 905
LVS,long,7,2020-07-01T20:00:00Z,42.264774824,2021-02-02T21:00:00Z,46.797165197,31.73,1.0,-48.41,181.11,78.96,216.01:00:00,True,809 905
LVS,long,13,2021-02-01T21:00:00Z,46.046458717,2021-02-02T21:00:00Z,46.797165197,9.76,1.0,-139.07,287.18,27.94,1.00:00:00,True,900 905
IBM,long,38,2020-01-02T21:00:00Z,98.01705616471854,2021-03-01T21:00:00Z,93.20386503719682,-182.9,1.0,-1091.39,591.67,1683.06,424.00:00:00,False,684 906
IBM,long,3,2020-09-01T20:00:00Z,92.6575164852188,2021-03-01T21:00:00Z,93.20386503719682,1.64,1.0,-70.08,62.79,55.95,181.01:00:00,True,837 906
IBM,long,3,2021-02-01T21:00:00Z,91.82247006332891,2021-03-01T21:00:00Z,93.20386503719682,4.14,1.0,-67.58,65.29,9.91,28.00:00:00,True,903 906
COP,long,127,2021-01-04T21:00:00Z,31.898033862,2021-03-01T21:00:00Z,42.799292461,1384.46,2.0,0.0,1597.29,802.63,56.00:00:00,True,890 907
WMT,long,80,2020-02-03T21:00:00Z,34.78325887967377,2021-03-01T21:00:00Z,40.65595877140372,469.82,1.0,-248.87,986.36,552.44,392.00:00:00,True,700 908
WMT,long,7,2020-06-01T20:00:00Z,38.066521373347484,2021-03-01T21:00:00Z,40.65595877140372,18.13,1.0,-44.76,63.32,48.34,273.01:00:00,True,794 908
XOM,long,34,2018-02-01T21:00:00Z,60.557918091,2021-03-01T21:00:00Z,45.965327476,-496.15,1.0,-1255.46,4.93,1260.4,1124.00:00:00,False,360 909
XOM,long,6,2018-03-01T21:00:00Z,51.65064624,2021-03-01T21:00:00Z,45.965327476,-34.11,1.0,-168.11,54.31,222.42,1096.00:00:00,False,377 909
XOM,long,7,2019-09-03T20:00:00Z,50.26380416,2021-03-01T21:00:00Z,45.965327476,-30.09,1.0,-186.42,73.07,212.95,545.01:00:00,False,620 909
XOM,long,6,2020-01-02T21:00:00Z,52.60628983,2021-03-01T21:00:00Z,45.965327476,-39.85,1.0,-173.84,48.58,173.84,424.00:00:00,False,688 909
XOM,long,13,2020-03-02T21:00:00Z,40.551655908,2021-03-01T21:00:00Z,45.965327476,70.38,1.0,-219.95,261.97,224.88,364.00:00:00,True,731 909
XOM,long,14,2020-04-01T20:00:00Z,28.253696414,2021-03-01T21:00:00Z,45.965327476,247.96,1.0,-64.7,454.29,242.18,334.01:00:00,True,770 909
XOM,long,17,2020-09-01T20:00:00Z,30.856325728,2021-03-01T21:00:00Z,45.965327476,256.85,1.0,-122.8,507.39,104.67,181.01:00:00,True,831 909
XOM,long,16,2020-10-01T20:00:00Z,25.919626556,2021-03-01T21:00:00Z,45.965327476,320.73,1.0,-36.59,556.53,70.25,151.01:00:00,True,843 909
AMAT,long,44,2021-01-04T21:00:00Z,82.895202341,2021-03-01T21:00:00Z,116.87777265,1495.23,1.0,0.0,1518.79,526.51,56.00:00:00,True,893 910
INTC,long,12,2018-02-01T21:00:00Z,40.004619445,2021-03-01T21:00:00Z,57.191768304,206.25,1.0,-46.44,244.75,250.25,1124.00:00:00,True,357 911
DELL,long,16,2019-05-01T20:00:00Z,31.57570753517359,2021-03-01T21:00:00Z,38.256423725540586,106.89,1.0,-292.46,106.89,301.45,670.01:00:00,True,567 912
AEP,long,60,2021-01-04T21:00:00Z,66.374440632,2021-03-02T21:00:00Z,63.240447942,-188.04,2.0,-293.03,51.28,344.31,57.00:00:00,False,892 920
AEP,long,7,2021-03-01T21:00:00Z,63.018638109,2021-03-02T21:00:00Z,63.240447942,1.55,1.0,-10.7,29.47,1.5,1.00:00:00,True,918 920
T,long,98,2016-03-01T21:00:00Z,15.343748800769273,2021-04-01T20:00:00Z,16.648722612904148,127.89,1.305,-235.62,447.64,613.4,1856.23:00:00,True,54 921
T,long,13,2016-09-01T20:00:00Z,17.20773509260083,2021-04-01T20:00:00Z,16.648722612904148,-7.27,1.0,-55.49,35.15,81.37,1673.00:00:00,False,129 921
T,long,15,2017-05-01T20:00:00Z,17.02925490138912,2021-04-01T20:00:00Z,16.648722612904148,-5.71,1.0,-61.35,43.23,93.89,1431.00:00:00,False,238 921
T,long,41,2017-11-01T20:00:00Z,14.980548675973594,2021-04-01T20:00:00Z,16.648722612904148,68.4,1.0,-83.68,202.17,256.63,1247.00:00:00,True,317 921
T,long,17,2018-02-01T21:00:00Z,17.717211234523372,2021-04-01T20:00:00Z,16.648722612904148,-18.16,1.0,-81.22,37.3,106.41,1154.23:00:00,False,366 921
T,long,28,2018-06-01T20:00:00Z,14.899533735858162,2021-04-01T20:00:00Z,16.648722612904148,48.98,1.0,-54.88,140.34,175.26,1035.00:00:00,True,411 921
T,long,26,2020-08-03T20:00:00Z,15.61562947273329,2021-04-01T20:00:00Z,16.648722612904148,26.86,1.0,-69.58,111.69,43.91,241.00:00:00,True,822 921
T,long,23,2020-12-01T21:00:00Z,15.505328897772909,2021-04-01T20:00:00Z,16.648722612904148,26.3,1.0,-59.01,101.34,37.8,120.23:00:00,True,873 921
MO,long,18,2021-03-01T21:00:00Z,28.76842838,2021-04-01T20:00:00Z,33.5190564,85.51,2.0,-3.14,103.26,17.75,30.23:00:00,True,913 922
HD,long,2,2021-03-01T21:00:00Z,226.698596132,2021-04-01T20:00:00Z,268.342150875,83.29,2.0,-18.53,83.29,18.53,30.23:00:00,True,916 923
CI,long,2,2021-03-01T21:00:00Z,193.36846113,2021-04-01T20:00:00Z,218.475944874,50.21,2.0,0.0,60.55,12.74,30.23:00:00,True,914 924
NOC,long,2,2021-01-04T21:00:00Z,268.178631628,2021-05-03T20:00:00Z,330.0302793,123.7,2.0,-14.83,123.7,29.86,118.23:00:00,True,894 928
HCA,long,3,2019-01-02T21:00:00Z,113.740009728,2021-05-03T20:00:00Z,195.297724344,244.67,1.0,-147.27,244.67,234.58,851.23:00:00,True,522 929
FCX,long,16,2021-04-01T20:00:00Z,31.684934848,2021-05-03T20:00:00Z,36.40223781,75.48,2.0,-1.35,85.26,51.32,32.00:00:00,True,925 930
DELL,long,12,2019-05-01T20:00:00Z,31.57570753517359,2021-05-03T20:00:00Z,45.02001578870332,161.33,1.0,-219.34,192.49,226.09,733.00:00:00,True,567 931
CI,long,20,2021-03-01T21:00:00Z,193.36846113,2021-06-01T20:00:00Z,232.795275504,788.54,1.0,0.0,955.31,168.04,91.23:00:00,True,914 935
NEM,long,18,2020-03-02T21:00:00Z,39.041585625,2021-06-01T20:00:00Z,63.35963529,437.72,1.0,-108.32,444.36,232.99,455.23:00:00,True,725 936
TGT,long,3,2020-02-03T21:00:00Z,93.40489125,2021-06-01T20:00:00Z,193.797793644,301.18,1.0,-52.44,301.18,72.89,483.23:00:00,True,701 937
FCX,long,13,2021-04-01T20:00:00Z,31.684934848,2021-06-01T20:00:00Z,41.57568246,128.58,1.0,-1.1,135.92,50.38,61.00:00:00,True,925 938
CVS,long,6,2020-03-02T21:00:00Z,51.920639997,2021-06-01T20:00:00Z,72.308653944,122.33,1.0,-57.07,142.23,67.59,455.23:00:00,True,723 939
AEP,long,61,2021-05-03T20:00:00Z,72.852207372,2021-06-02T20:00:00Z,70.627502275,-135.71,2.0,-149.35,0.0,149.35,30.00:00:00,False,932 942
PG,long,36,2021-02-01T21:00:00Z,112.001081778,2021-07-01T20:00:00Z,118.188626429,222.75,2.0,-211.34,322.49,230.41,149.23:00:00,True,899 943
REGN,long,1,2021-03-01T21:00:00Z,458.72113077,2021-07-01T20:00:00Z,569.248107468,110.53,2.0,-16.17,110.53,35.36,121.23:00:00,True,917 944
PM,long,6,2021-01-04T21:00:00Z,63.68852545,2021-07-01T20:00:00Z,80.068048158,98.28,2.0,-11.44,98.28,18.9,177.23:00:00,True,891 945
HCA,long,4,2019-01-02T21:00:00Z,113.740009728,2021-08-02T20:00:00Z,240.2483397,506.03,1.0,-196.36,506.03,312.77,942.23:00:00,True,522 951
TGT,long,3,2020-02-03T21:00:00Z,93.40489125,2021-08-02T20:00:00Z,219.323088327,377.75,1.0,-52.44,389.24,72.89,545.23:00:00,True,701 952
ACN,long,2,2020-11-02T21:00:00Z,197.531149879,2021-08-02T20:00:00Z,286.208669952,177.36,2.0,0.0,184.25,42.17,272.23:00:00,True,848 953
ORCL,long,6,2021-07-01T20:00:00Z,73.662157305,2021-08-02T20:00:00Z,81.43603476,46.64,2.0,0.0,63.93,19.86,32.00:00:00,True,946 954
DOW,long,92,2021-04-01T20:00:00Z,48.12366018,2021-08-03T20:00:00Z,46.016598,-193.85,2.0,-426.47,461.08,887.55,124.00:00:00,False,926 959
ACN,long,16,2020-11-02T21:00:00Z,197.531149879,2021-09-01T20:00:00Z,305.96655776,1734.97,1.0,0.0,1734.97,337.35,302.23:00:00,True,848 961
NEM,long,51,2020-03-02T21:00:00Z,39.041585625,2021-09-01T20:00:00Z,49.962612164,556.97,1.0,-306.92,1259.01,769.39,547.23:00:00,True,725 962
NEM,long,12,2020-12-01T21:00:00Z,50.747113413,2021-09-01T20:00:00Z,49.962612164,-9.41,1.0,-212.68,155.77,181.03,273.23:00:00,False,870 962
NEM,long,9,2021-03-01T21:00:00Z,46.37018617,2021-09-01T20:00:00Z,49.962612164,32.33,1.0,-120.12,156.22,135.78,183.23:00:00,True,919 962
NEM,long,11,2021-07-01T20:00:00Z,54.261399458,2021-09-01T20:00:00Z,49.962612164,-47.29,1.0,-233.62,104.13,72.45,62.00:00:00,False,949 962
REGN,long,2,2021-03-01T21:00:00Z,458.72113077,2021-09-01T20:00:00Z,674.593977344,431.75,1.0,-32.33,431.75,70.71,183.23:00:00,True,917 963
NFLX,long,9,2019-11-01T20:00:00Z,28.681,2021-09-01T20:00:00Z,58.207,265.73,1.0,-3.33,269.58,91.22,670.00:00:00,True,646 964
SCCO,long,94,2021-07-01T20:00:00Z,47.13336033910134,2021-10-01T20:00:00Z,42.947288889565534,-393.49,2.0,-439.7,347.24,786.94,92.00:00:00,False,947 971
CARR,long,82,2021-09-01T20:00:00Z,56.489415129,2021-10-01T20:00:00Z,51.190788006,-434.49,2.0,-496.1,2.4,498.5,30.00:00:00,False,965 972
LOW,long,3,2020-04-01T20:00:00Z,71.290021946,2021-10-01T20:00:00Z,184.961743722,341.02,1.0,0.0,359.67,81.91,548.00:00:00,True,763 973
NFLX,long,8,2019-11-01T20:00:00Z,28.681,2021-10-01T20:00:00Z,61.315,261.07,1.0,-2.96,261.07,81.09,700.00:00:00,True,646 974
UNH,long,2,2016-02-01T21:00:00Z,96.805072554,2021-11-01T20:00:00Z,414.873170382,636.14,1.0,-9.81,647.76,194.93,2099.23:00:00,True,39 981
HD,long,2,2021-03-01T21:00:00Z,226.698596132,2021-11-01T20:00:00Z,322.860560904,192.32,1.0,-18.53,202.61,64.39,244.23:00:00,True,916 982
LOW,long,3,2020-04-01T20:00:00Z,71.290021946,2021-11-01T20:00:00Z,211.1208201,419.49,1.0,0.0,425.18,81.91,579.00:00:00,True,763 983
FCX,long,17,2021-04-01T20:00:00Z,31.684934848,2021-11-01T20:00:00Z,36.205854891,76.86,1.0,-50.38,177.74,228.12,214.00:00:00,True,925 984
ORCL,long,6,2021-07-01T20:00:00Z,73.662157305,2021-11-01T20:00:00Z,88.0628336,86.4,1.0,0.0,107.95,26.66,123.00:00:00,True,946 985
AVGO,long,10,2021-01-04T21:00:00Z,38.043434133,2021-11-01T20:00:00Z,48.337052779,102.94,2.0,-3.55,108.26,61.47,300.23:00:00,True,888 986
NFLX,long,6,2019-11-01T20:00:00Z,28.681,2021-11-01T20:00:00Z,68.117,236.62,1.0,-2.22,242.1,60.82,731.00:00:00,True,646 987
VRTX,long,19,2021-03-01T21:00:00Z,210.38,2021-11-02T20:00:00Z,185.66,-469.68,2.0,-634.03,203.68,837.71,245.23:00:00,False,915 993
VRTX,long,2,2021-06-01T20:00:00Z,209.67,2021-11-02T20:00:00Z,185.66,-48.02,1.0,-65.32,22.86,79.52,154.00:00:00,False,940 993
VRTX,long,1,2021-08-02T20:00:00Z,198.32,2021-11-02T20:00:00Z,185.66,-12.66,1.0,-21.31,22.78,25.98,92.00:00:00,False,958 993
VRTX,long,2,2021-10-01T20:00:00Z,180.35,2021-11-02T20:00:00Z,185.66,10.62,1.0,-6.68,81.5,12.3,32.00:00:00,True,980 993
CI,long,24,2021-09-01T20:00:00Z,191.425241385,2021-12-01T21:00:00Z,177.431667968,-335.85,2.0,-397.52,189.67,587.19,91.01:00:00,False,966 995
DELL,long,26,2019-05-01T20:00:00Z,31.57570753517359,2021-12-01T21:00:00Z,50.59852612,494.59,1.0,-475.25,550.19,489.85,945.01:00:00,True,567 996
DELL,long,37,2019-07-01T20:00:00Z,23.73933334082167,2021-12-01T21:00:00Z,50.59852612,993.79,1.0,-386.37,1072.9,491.65,884.01:00:00,True,596 996
DELL,long,13,2019-09-03T20:00:00Z,23.513726798211067,2021-12-01T21:00:00Z,50.59852612,352.1,1.0,-132.82,379.9,163.58,820.01:00:00,True,622 996
DELL,long,23,2019-12-02T21:00:00Z,21.971314721179404,2021-12-01T21:00:00Z,50.59852612,658.43,1.0,-199.51,707.6,259.02,730.00:00:00,True,664 996
LRCX,long,12,2021-10-01T20:00:00Z,54.1586591406,2021-12-01T21:00:00Z,65.9271143766,141.22,2.0,-28.88,141.22,28.88,61.01:00:00,True,975 997
MU,long,8,2021-09-01T20:00:00Z,71.887121756,2021-12-01T21:00:00Z,83.149000545,90.1,2.0,-56.54,98.38,67.93,91.01:00:00,True,967 998
AMGN,long,24,2021-10-01T20:00:00Z,183.097037312,2022-01-03T21:00:00Z,195.656048324,301.42,2.0,-274.65,320.27,361.13,94.01:00:00,True,976 1008
AMGN,long,2,2021-11-01T20:00:00Z,179.562114144,2022-01-03T21:00:00Z,195.656048324,32.19,1.0,-15.82,33.76,30.09,63.01:00:00,True,992 1008
LMT,long,10,2020-01-02T21:00:00Z,333.316717767,2022-01-03T21:00:00Z,312.543045752,-207.74,1.0,-1008.23,338.13,1346.36,732.00:00:00,False,685 1009
LMT,long,1,2020-06-01T20:00:00Z,328.680924,2022-01-03T21:00:00Z,312.543045752,-16.14,1.0,-96.19,38.45,74.61,581.01:00:00,False,792 1009
LMT,long,1,2020-11-02T21:00:00Z,299.544941157,2022-01-03T21:00:00Z,312.543045752,13.0,1.0,-67.05,67.59,56.8,427.00:00:00,True,852 1009
LMT,long,1,2021-01-04T21:00:00Z,295.056367488,2022-01-03T21:00:00Z,312.543045752,17.49,1.0,-62.56,72.07,56.8,364.00:00:00,True,895 1009
LMT,long,1,2021-02-01T21:00:00Z,277.454351136,2022-01-03T21:00:00Z,312.543045752,35.09,1.0,-44.96,89.68,56.8,336.00:00:00,True,902 1009
LMT,long,2,2021-11-01T20:00:00Z,289.429267335,2022-01-03T21:00:00Z,312.543045752,46.23,1.0,-113.87,155.4,24.57,63.01:00:00,True,988 1009
MO,long,130,2021-03-01T21:00:00Z,28.76842838,2022-01-03T21:00:00Z,33.296523858,588.65,1.0,-22.68,745.74,710.53,308.00:00:00,True,913 1010
MO,long,12,2021-05-03T20:00:00Z,31.790524668,2022-01-03T21:00:00Z,33.296523858,18.07,1.0,-38.36,32.57,61.31,245.01:00:00,True,934 1010
MO,long,12,2021-11-01T20:00:00Z,29.99955651,2022-01-03T21:00:00Z,33.296523858,39.56,1.0,-16.87,54.06,20.92,63.01:00:00,True,991 1010
UNH,long,6,2016-02-01T21:00:00Z,96.805072554,2022-01-03T21:00:00Z,460.37779328,2181.44,1.0,-29.42,2199.58,584.79,2163.00:00:00,True,39 1011
UNH,long,1,2019-03-01T21:00:00Z,215.217812712,2022-01-03T21:00:00Z,460.37779328,245.16,1.0,-123.32,248.18,97.46,1039.00:00:00,True,549 1011
UNH,long,1,2019-05-01T20:00:00Z,203.60111739,2022-01-03T21:00:00Z,460.37779328,256.78,1.0,-111.7,259.8,97.46,978.01:00:00,True,573 1011
UNH,long,1,2019-07-01T20:00:00Z,213.927777936,2022-01-03T21:00:00Z,460.37779328,246.45,1.0,-122.03,249.47,97.46,917.01:00:00,True,598 1011
UNH,long,2,2019-10-01T20:00:00Z,192.410069971,2022-01-03T21:00:00Z,460.37779328,535.94,1.0,-201.02,541.98,194.93,825.01:00:00,True,633 1011
AVGO,long,16,2021-01-04T21:00:00Z,38.043434133,2022-01-03T21:00:00Z,61.107923842,369.03,1.0,-5.68,385.19,98.36,364.00:00:00,True,888 1012
CVS,long,7,2020-03-02T21:00:00Z,51.920639997,2022-01-03T21:00:00Z,88.75405896,257.83,1.0,-66.58,257.83,78.85,672.00:00:00,True,723 1013
FDX,long,4,2021-08-02T20:00:00Z,161.6967369012883,2022-01-03T21:00:00Z,152.27960077557572,-37.67,2.0,-135.08,12.88,147.96,154.01:00:00,False,955 1014
DG,long,23,2021-04-01T20:00:00Z,185.453746838,2022-02-01T21:00:00Z,193.025602,174.15,2.0,-104.27,793.0,720.33,306.01:00:00,True,927 1022
PM,long,11,2021-01-04T21:00:00Z,63.68852545,2022-02-01T21:00:00Z,84.923899375,233.59,1.0,-20.97,236.03,168.4,393.00:00:00,True,891 1023
DE,long,2,2022-01-03T21:00:00Z,329.813878223,2022-02-01T21:00:00Z,355.974031884,52.32,2.0,0.0,63.68,37.46,29.00:00:00,True,1017 1024
T,long,31,2022-01-03T21:00:00Z,14.675303257431102,2022-02-01T21:00:00Z,14.378811221714082,-9.19,2.715,-14.76,43.74,58.5,29.00:00:00,False,1015 1025
VZ,long,48,2016-02-01T21:00:00Z,29.034775836,2022-03-01T21:00:00Z,40.026362532,527.6,1.0,-133.71,697.88,375.19,2220.00:00:00,True,14 1031
VZ,long,7,2016-12-01T21:00:00Z,29.453910206,2022-03-01T21:00:00Z,40.026362532,74.01,1.0,-22.43,98.84,54.72,1916.00:00:00,True,170 1031
VZ,long,9,2017-04-03T20:00:00Z,29.358020672,2022-03-01T21:00:00Z,40.026362532,96.02,1.0,-27.98,127.94,70.35,1793.01:00:00,True,227 1031
VZ,long,10,2017-07-03T17:00:00Z,27.18441,2022-03-01T21:00:00Z,40.026362532,128.42,1.0,-9.35,163.89,78.17,1702.04:00:00,True,260 1031
VZ,long,9,2019-08-01T20:00:00Z,36.974598375,2022-03-01T21:00:00Z,40.026362532,27.47,1.0,-96.53,59.39,70.35,943.01:00:00,True,606 1031
VZ,long,9,2020-06-01T20:00:00Z,38.52052451,2022-03-01T21:00:00Z,40.026362532,13.55,1.0,-110.44,45.48,61.71,638.01:00:00,True,791 1031
VZ,long,12,2021-02-01T21:00:00Z,38.718645924,2022-03-01T21:00:00Z,40.026362532,15.69,1.0,-149.63,58.26,74.35,393.00:00:00,True,901 1031
VZ,long,9,2021-08-02T20:00:00Z,40.653188544,2022-03-01T21:00:00Z,40.026362532,-5.64,1.0,-129.64,26.29,38.18,211.01:00:00,False,957 1031
VZ,long,11,2021-12-01T21:00:00Z,36.716966433,2022-03-01T21:00:00Z,40.026362532,36.4,1.0,-115.15,75.43,26.45,90.00:00:00,True,1006 1031
NOC,long,3,2021-01-04T21:00:00Z,268.178631628,2022-03-01T21:00:00Z,424.06517796,467.66,1.0,-22.25,467.66,163.56,421.00:00:00,True,894 1032
FCX,long,26,2021-04-01T20:00:00Z,31.684934848,2022-03-01T21:00:00Z,45.32079576,354.53,1.0,-77.06,354.53,348.89,334.01:00:00,True,925 1033
BDX,long,3,2021-12-01T21:00:00Z,169.4464481141703,2022-03-01T21:00:00Z,190.95867182222997,64.54,2.0,0.0,76.89,28.37,90.00:00:00,True,1002 1034
HCA,long,2,2019-01-02T21:00:00Z,113.740009728,2022-03-01T21:00:00Z,242.541770478,257.6,1.0,-98.18,274.33,156.38,1154.00:00:00,True,522 1035
TEL,long,35,2022-02-01T21:00:00Z,131.23680966,2022-04-01T20:00:00Z,121.296954402,-347.89,2.0,-521.81,218.27,740.08,58.23:00:00,False,1027 1057
TYC,long,68,2021-12-01T21:00:00Z,67.891617486,2022-04-01T20:00:00Z,60.800237932,-482.21,2.0,-895.38,412.03,1307.41,120.23:00:00,False,999 1058
TYC,long,10,2022-03-01T21:00:00Z,56.916078198,2022-04-01T20:00:00Z,60.800237932,38.84,1.0,-21.92,170.35,40.65,30.23:00:00,True,1048 1058
CAT,long,3,2022-03-01T21:00:00Z,169.508933068,2022-04-01T20:00:00Z,203.757469892,102.75,2.0,0.0,113.7,10.96,30.23:00:00,True,1047 1059
MRNA,long,3,2022-03-01T21:00:00Z,149.52,2022-04-01T20:00:00Z,176.59,81.21,2.0,-69.18,111.6,69.18,30.23:00:00,True,1040 1060
CVX,long,3,2022-03-01T21:00:00Z,125.200331964,2022-04-01T20:00:00Z,137.371540824,36.51,2.0,0.0,53.1,32.85,30.23:00:00,True,1045 1061
TGT,long,4,2020-02-03T21:00:00Z,93.40489125,2022-05-02T20:00:00Z,198.2496614,419.38,1.0,-69.92,541.43,260.1,818.23:00:00,True,701 1073
DUK,long,8,2022-01-03T21:00:00Z,85.944574474,2022-05-02T20:00:00Z,91.190541672,41.97,2.0,-36.41,86.99,49.16,118.23:00:00,True,1018 1074
T,long,47,2022-01-03T21:00:00Z,14.675303257431102,2022-05-02T20:00:00Z,15.1202394,20.91,1.0,-56.55,66.32,122.87,118.23:00:00,True,1015 1075
BMY,long,11,2022-03-01T21:00:00Z,57.265668108,2022-05-02T20:00:00Z,63.109897996,64.29,2.0,-8.17,89.16,24.87,61.23:00:00,True,1044 1076
PM,long,8,2021-01-04T21:00:00Z,63.68852545,2022-05-02T20:00:00Z,82.171352665,147.86,1.0,-15.25,226.8,151.54,482.23:00:00,True,891 1077
XOM,long,8,2022-03-01T21:00:00Z,68.072399188,2022-05-02T20:00:00Z,74.332720892,50.08,2.0,-15.34,64.67,74.57,61.23:00:00,True,1043 1078
EPD,long,30,2022-03-01T21:00:00Z,17.955260148,2022-05-02T20:00:00Z,19.00728102,31.56,2.3,-11.15,56.21,31.06,61.23:00:00,True,1036 1079
PFE,long,11,2022-03-01T21:00:00Z,35.69163375,2022-05-02T20:00:00Z,37.79802525,23.17,2.0,0.0,81.35,60.84,61.23:00:00,True,1038 1080
ORCL,long,51,2021-07-01T20:00:00Z,73.662157305,2022-06-01T20:00:00Z,67.30381384,-324.28,1.0,-541.92,1173.56,1715.49,335.00:00:00,False,946 1089
ORCL,long,8,2022-01-03T21:00:00Z,81.9991851,2022-06-01T20:00:00Z,67.30381384,-117.56,1.0,-151.7,117.39,164.7,148.23:00:00,False,1020 1089
ORCL,long,6,2022-03-01T21:00:00Z,71.152058655,2022-06-01T20:00:00Z,67.30381384,-23.09,1.0,-48.69,153.13,95.32,91.23:00:00,False,1052 1089
EOG,long,9,2022-03-01T21:00:00Z,95.190505816,2022-06-01T20:00:00Z,116.111423246,188.29,2.0,-23.36,188.29,108.48,91.23:00:00,True,1041 1090
COP,long,10,2022-03-01T21:00:00Z,81.211737408,2022-06-01T20:00:00Z,97.676181525,164.64,2.0,-44.95,164.64,133.23,91.23:00:00,True,1039 1091
CVX,long,4,2022-03-01T21:00:00Z,125.200331964,2022-06-01T20:00:00Z,148.715117397,94.06,1.0,0.0,100.6,59.16,91.23:00:00,True,1045 1092
XOM,long,6,2022-03-01T21:00:00Z,68.072399188,2022-06-01T20:00:00Z,85.015180194,101.66,1.0,-11.51,101.66,55.93,91.23:00:00,True,1043 1093
GILD,long,8,2022-03-01T21:00:00Z,50.94226737,2022-06-01T20:00:00Z,55.452848454,36.08,2.0,-15.83,37.73,30.2,91.23:00:00,True,1042 1094
T,long,25,2022-01-03T21:00:00Z,14.675303257431102,2022-06-01T20:00:00Z,16.78093515,52.64,1.0,-30.08,54.62,65.36,148.23:00:00,True,1015 1095
DOW,long,85,2022-06-01T20:00:00Z,53.632354503,2022-07-01T20:00:00Z,40.702634037,-1099.03,2.0,-1141.19,0.0,1141.19,30.00:00:00,False,1096 1101
SCCO,long,80,2022-04-01T20:00:00Z,60.996245912817656,2022-07-01T20:00:00Z,40.0092694956536,-1678.96,2.0,-1715.37,0.0,1715.37,91.00:00:00,False,1063 1102
SCCO,long,11,2022-05-02T20:00:00Z,48.27731526961786,2022-07-01T20:00:00Z,40.0092694956536,-90.95,1.0,-95.95,139.91,134.81,60.00:00:00,False,1085 1102
NOC,long,2,2021-01-04T21:00:00Z,268.178631628,2022-07-01T20:00:00Z,453.888995475,371.42,1.0,-14.83,382.04,109.04,542.23:00:00,True,894 1103
PFE,long,17,2022-03-01T21:00:00Z,35.69163375,2022-07-01T20:00:00Z,41.14218117,92.66,1.0,0.0,125.73,110.75,121.23:00:00,True,1038 1104
FDX,long,5,2021-08-02T20:00:00Z,161.6967369012883,2022-07-01T20:00:00Z,132.81818215081765,-144.39,1.0,-226.34,16.1,242.44,333.00:00:00,False,955 1105
MRNA,long,4,2022-03-01T21:00:00Z,149.52,2022-07-01T20:00:00Z,149.95,1.72,1.0,-129.56,148.8,278.36,121.23:00:00,True,1040 1106
SBUX,long,7,2022-02-01T21:00:00Z,88.10142576,2022-07-01T20:00:00Z,71.564971566,-115.76,2.0,-177.0,0.0,177.0,149.23:00:00,False,1026 1107
UPS,long,3,2022-03-01T21:00:00Z,164.229428944,2022-07-01T20:00:00Z,149.092579506,-45.41,2.0,-87.96,40.59,128.55,121.23:00:00,False,1046 1108
T,long,25,2022-01-03T21:00:00Z,14.675303257431102,2022-07-01T20:00:00Z,16.8560618625,54.52,1.0,-30.08,54.62,65.36,178.23:00:00,True,1015 1109
BMY,long,6,2022-03-01T21:00:00Z,57.265668108,2022-07-01T20:00:00Z,64.589298908,43.94,1.0,-4.46,59.78,28.24,121.23:00:00,True,1044 1110
FDX,long,19,2021-08-02T20:00:00Z,161.6967369012883,2022-08-01T20:00:00Z,141.18725413554563,-389.68,1.0,-860.09,61.19,921.28,364.00:00:00,False,955 1121
FDX,long,7,2021-10-01T20:00:00Z,130.66390026575476,2022-08-01T20:00:00Z,141.18725413554563,73.66,1.0,-99.65,239.77,277.18,304.00:00:00,True,977 1121
FDX,long,4,2022-03-01T21:00:00Z,126.5767124450937,2022-08-01T20:00:00Z,141.18725413554563,58.44,1.0,-40.59,153.36,98.24,152.23:00:00,True,1051 1121
F,long,86,2022-03-01T21:00:00Z,12.64980244,2022-08-01T20:00:00Z,11.689322757,-82.6,2.74,-361.96,90.87,452.83,152.23:00:00,False,1037 1122
HCA,long,4,2019-01-02T21:00:00Z,113.740009728,2022-08-01T20:00:00Z,203.718243183,359.91,1.0,-196.36,604.83,418.47,1306.23:00:00,True,522 1123
NFLX,long,35,2019-11-01T20:00:00Z,28.681,2022-08-01T20:00:00Z,22.621,-212.1,1.0,-421.54,1417.08,1838.62,1004.00:00:00,False,646 1124
FISV,long,6,2021-07-01T20:00:00Z,108.34,2022-08-01T20:00:00Z,106.13,-13.26,2.0,-119.76,64.62,184.38,396.00:00:00,False,948 1125
MPC,long,8,2022-07-01T20:00:00Z,77.271380736,2022-09-01T20:00:00Z,89.042673976,94.17,2.0,-37.83,161.97,67.8,62.00:00:00,True,1111 1133
DE,long,2,2022-01-03T21:00:00Z,329.813878223,2022-09-01T20:00:00Z,344.815946035,30.0,1.0,-111.48,168.54,280.02,240.23:00:00,True,1017 1134
COP,long,7,2022-03-01T21:00:00Z,81.211737408,2022-09-01T20:00:00Z,91.855040063,74.5,1.0,-82.67,156.36,239.04,183.23:00:00,True,1039 1135
EOG,long,5,2022-03-01T21:00:00Z,95.190505816,2022-09-01T20:00:00Z,100.616910318,27.13,1.0,-72.84,129.5,202.34,183.23:00:00,True,1041 1136
VLO,long,4,2022-08-01T20:00:00Z,97.88384477,2022-09-01T20:00:00Z,98.731329984,3.39,2.0,-19.13,49.01,45.62,31.00:00:00,True,1126 1137
BDX,long,24,2021-12-01T21:00:00Z,169.4464481141703,2022-10-03T20:00:00Z,168.1217375598868,-31.79,1.0,-170.79,716.32,887.11,305.23:00:00,False,1002 1144
SBUX,long,46,2022-02-01T21:00:00Z,88.10142576,2022-10-03T20:00:00Z,77.747977332,-476.26,1.0,-1163.14,0.0,1163.14,243.23:00:00,False,1026 1145
SBUX,long,5,2022-04-01T20:00:00Z,82.029851659,2022-10-03T20:00:00Z,77.747977332,-21.41,1.0,-96.07,30.36,96.07,185.00:00:00,False,1071 1145
SBUX,long,8,2022-05-02T20:00:00Z,67.576674167,2022-10-03T20:00:00Z,77.747977332,81.37,1.0,-38.09,164.2,83.06,154.00:00:00,True,1084 1145
REGN,long,2,2021-03-01T21:00:00Z,458.72113077,2022-10-03T20:00:00Z,728.257563682,539.07,1.0,-32.33,546.42,377.42,580.23:00:00,True,917 1146
NFLX,long,15,2019-11-01T20:00:00Z,28.681,2022-10-03T20:00:00Z,23.904,-71.66,1.0,-180.66,607.32,787.98,1067.00:00:00,False,646 1147
NFLX,long,9,2020-12-01T21:00:00Z,50.458,2022-10-03T20:00:00Z,23.904,-238.99,1.0,-304.39,168.4,472.79,670.23:00:00,False,872 1147
NFLX,long,4,2021-06-01T20:00:00Z,49.908,2022-10-03T20:00:00Z,23.904,-104.02,1.0,-133.08,77.04,210.13,489.00:00:00,False,941 1147
CVS,long,7,2020-03-02T21:00:00Z,51.920639997,2022-10-03T20:00:00Z,84.669486304,229.24,1.0,-66.58,301.15,130.19,944.23:00:00,True,723 1148
GILD,long,9,2022-03-01T21:00:00Z,50.94226737,2022-10-03T20:00:00Z,54.634641512,33.23,1.0,-17.8,72.11,50.61,215.23:00:00,True,1042 1149
LOW,long,2,2020-04-01T20:00:00Z,71.290021946,2022-10-03T20:00:00Z,179.015553101,215.45,1.0,0.0,333.57,160.8,915.00:00:00,True,763 1150
XOM,long,8,2022-03-01T21:00:00Z,68.072399188,2022-11-01T20:00:00Z,98.2445856,241.38,1.0,-15.34,241.38,148.94,244.23:00:00,True,1043 1160
ADM,long,8,2022-04-01T20:00:00Z,80.014001184,2022-11-01T20:00:00Z,86.391518079,51.02,2.0,-134.38,51.02,183.88,214.00:00:00,True,1062 1161
COP,long,6,2022-03-01T21:00:00Z,81.211737408,2022-11-01T20:00:00Z,112.248417668,186.22,1.0,-70.86,186.22,204.89,244.23:00:00,True,1039 1162
CAT,long,3,2022-03-01T21:00:00Z,169.508933068,2022-11-01T20:00:00Z,206.3407372,110.5,1.0,-51.38,145.33,196.71,244.23:00:00,True,1047 1163
GILD,long,8,2022-03-01T21:00:00Z,50.94226737,2022-11-01T20:00:00Z,69.555719794,148.91,1.0,-15.83,148.91,44.99,244.23:00:00,True,1042 1164
EOG,long,4,2022-03-01T21:00:00Z,95.190505816,2022-11-01T20:00:00Z,117.654790603,89.86,1.0,-58.27,103.6,161.87,244.23:00:00,True,1041 1165
NFLX,long,4,2021-06-01T20:00:00Z,49.908,2022-11-01T20:00:00Z,28.675,-84.93,1.0,-133.08,77.04,210.13,518.00:00:00,False,941 1166
NFLX,long,11,2022-01-03T21:00:00Z,59.737,2022-11-01T20:00:00Z,28.675,-341.68,1.0,-474.1,103.75,474.1,301.23:00:00,False,1019 1166
MRNA,long,5,2022-03-01T21:00:00Z,149.52,2022-12-01T21:00:00Z,181.48,159.8,1.0,-161.95,223.3,380.55,275.00:00:00,True,1040 1175
FB,long,7,2022-07-01T20:00:00Z,158.511827396,2022-12-01T21:00:00Z,119.297409808,-274.5,2.0,-493.12,160.44,653.56,153.01:00:00,False,1112 1176
FCX,long,19,2021-04-01T20:00:00Z,31.684934848,2022-12-01T21:00:00Z,37.702636302,114.34,1.0,-148.98,331.53,480.51,609.01:00:00,True,925 1177
AMAT,long,5,2022-10-03T20:00:00Z,83.4540165,2022-12-01T21:00:00Z,103.793140287,101.7,2.0,-57.28,117.46,72.57,59.01:00:00,True,1151 1178
EMR,long,5,2021-12-01T21:00:00Z,79.034888229,2023-01-03T21:00:00Z,89.52792121,52.47,2.0,-56.69,62.02,114.93,398.00:00:00,True,1000 1183
AVGO,long,8,2021-01-04T21:00:00Z,38.043434133,2023-01-03T21:00:00Z,52.628863456,116.68,1.0,-2.84,192.59,174.74,729.00:00:00,True,888 1184
CAT,long,20,2022-03-01T21:00:00Z,169.508933068,2023-02-01T21:00:00Z,236.777251746,1345.37,1.0,-342.56,1630.02,1311.42,337.00:00:00,True,1047 1192
CAT,long,2,2022-09-01T20:00:00Z,171.142293536,2023-02-01T21:00:00Z,236.777251746,131.27,1.0,-37.52,159.74,56.21,153.01:00:00,True,1143 1192
GILD,long,65,2022-03-01T21:00:00Z,50.94226737,2023-02-01T21:00:00Z,74.2517916,1515.12,1.0,-128.58,1787.12,365.55,337.00:00:00,True,1042 1193
HD,long,14,2021-03-01T21:00:00Z,226.698596132,2023-02-01T21:00:00Z,297.537143694,991.74,1.0,-129.68,1980.48,1790.04,702.00:00:00,True,916 1194
HD,long,2,2022-03-01T21:00:00Z,283.2998112,2023-02-01T21:00:00Z,297.537143694,28.47,1.0,-131.73,169.72,125.89,337.00:00:00,True,1049 1194
HD,long,1,2022-04-01T20:00:00Z,268.669813077,2023-02-01T21:00:00Z,297.537143694,28.87,1.0,-51.23,99.49,52.89,306.01:00:00,True,1072 1194
INTC,long,23,2018-02-01T21:00:00Z,40.004619445,2023-02-01T21:00:00Z,28.031555646,-275.38,1.0,-372.16,507.85,880.01,1826.00:00:00,False,357 1195
INTC,long,12,2018-08-01T20:00:00Z,41.494615893,2023-02-01T21:00:00Z,28.031555646,-161.56,1.0,-212.05,247.09,459.14,1645.01:00:00,False,438 1195
INTC,long,7,2019-02-01T21:00:00Z,41.94083894,2023-02-01T21:00:00Z,28.031555646,-97.36,1.0,-126.82,141.01,267.83,1461.00:00:00,False,533 1195
INTC,long,9,2019-06-03T20:00:00Z,37.872691134,2023-02-01T21:00:00Z,28.031555646,-88.57,1.0,-126.44,217.91,344.35,1339.01:00:00,False,587 1195
INTC,long,24,2020-08-03T20:00:00Z,43.05954177,2023-02-01T21:00:00Z,28.031555646,-360.67,1.0,-461.66,456.61,918.27,912.01:00:00,False,819 1195
INTC,long,10,2021-05-03T20:00:00Z,52.080163058,2023-02-01T21:00:00Z,28.031555646,-240.49,1.0,-282.56,100.05,294.28,639.01:00:00,False,933 1195
INTC,long,9,2021-08-02T20:00:00Z,49.124296496,2023-02-01T21:00:00Z,28.031555646,-189.83,1.0,-227.7,116.65,252.28,548.01:00:00,False,956 1195
INTC,long,9,2021-11-01T20:00:00Z,45.63903832,2023-02-01T21:00:00Z,28.031555646,-158.47,1.0,-196.34,148.01,252.28,457.01:00:00,False,990 1195
INTC,long,12,2022-07-01T20:00:00Z,34.229325558,2023-02-01T21:00:00Z,28.031555646,-74.37,1.0,-124.87,334.27,173.13,215.01:00:00,False,1117 1195
INTC,long,14,2022-08-01T20:00:00Z,34.813315152,2023-02-01T21:00:00Z,28.031555646,-94.94,1.0,-153.85,381.8,153.85,184.01:00:00,False,1130 1195
INTC,long,14,2022-09-01T20:00:00Z,30.217346928,2023-02-01T21:00:00Z,28.031555646,-30.6,1.0,-89.51,446.15,89.51,153.01:00:00,False,1139 1195
INTC,long,19,2022-10-03T20:00:00Z,25.660007766,2023-02-01T21:00:00Z,28.031555646,45.06,1.0,-34.89,692.08,94.72,121.01:00:00,True,1154 1195
INTC,long,21,2023-01-03T21:00:00Z,25.775145594,2023-02-01T21:00:00Z,28.031555646,47.38,1.0,-40.98,762.51,47.38,29.00:00:00,True,1185 1195
LOW,long,19,2020-04-01T20:00:00Z,71.290021946,2023-02-01T21:00:00Z,199.186963524,2430.04,1.0,0.0,3168.95,1527.6,1036.01:00:00,True,763 1196
LOW,long,1,2022-03-01T21:00:00Z,202.44862995,2023-02-01T21:00:00Z,199.186963524,-3.26,1.0,-131.16,35.63,57.77,337.00:00:00,False,1054 1196
LOW,long,3,2022-04-01T20:00:00Z,185.009714106,2023-02-01T21:00:00Z,199.186963524,42.53,1.0,-341.16,159.2,103.33,306.01:00:00,True,1066 1196
LOW,long,2,2023-01-03T21:00:00Z,184.693833728,2023-02-01T21:00:00Z,199.186963524,28.99,1.0,-226.81,106.77,18.63,29.00:00:00,True,1191 1196
NOC,long,7,2021-01-04T21:00:00Z,268.178631628,2023-02-01T21:00:00Z,415.860175281,1033.77,1.0,-51.91,1721.76,720.48,758.00:00:00,True,894 1197
NOC,long,1,2021-02-01T21:00:00Z,265.949571893,2023-02-01T21:00:00Z,415.860175281,149.91,1.0,-5.19,248.19,102.93,730.00:00:00,True,904 1197
NOC,long,1,2021-12-01T21:00:00Z,320.402598148,2023-02-01T21:00:00Z,415.860175281,95.46,1.0,-59.64,193.74,102.93,427.00:00:00,True,1007 1197
PM,long,38,2021-01-04T21:00:00Z,63.68852545,2023-02-01T21:00:00Z,90.247533183,1009.24,1.0,-72.46,1077.3,830.3,758.00:00:00,True,891 1198
PM,long,9,2021-12-01T21:00:00Z,70.491278277,2023-02-01T21:00:00Z,90.247533183,177.81,1.0,-78.39,193.93,196.65,427.00:00:00,True,1003 1198
PM,long,6,2022-04-01T20:00:00Z,80.67914691,2023-02-01T21:00:00Z,90.247533183,57.41,1.0,-113.38,68.16,121.91,306.01:00:00,True,1068 1198
PM,long,4,2022-11-01T20:00:00Z,77.553258992,2023-02-01T21:00:00Z,90.247533183,50.78,1.0,-63.09,57.94,14.49,92.01:00:00,True,1174 1198
FB,long,8,2022-07-01T20:00:00Z,158.511827396,2023-02-01T21:00:00Z,151.667381184,-54.76,1.0,-563.56,183.36,746.93,215.01:00:00,False,1112 1199
QCOM,long,6,2021-12-01T21:00:00Z,158.131737218,2023-02-01T21:00:00Z,127.35710029,-184.65,2.0,-379.12,73.74,452.86,427.00:00:00,False,1001 1200
MU,long,12,2021-09-01T20:00:00Z,71.887121756,2023-02-01T21:00:00Z,61.66725374,-122.64,1.0,-287.35,279.44,566.79,518.01:00:00,False,967 1201
MPC,long,5,2022-07-01T20:00:00Z,77.271380736,2023-02-01T21:00:00Z,113.870797959,183.0,1.0,-23.64,240.32,91.54,215.01:00:00,True,1111 1202
LRCX,long,12,2021-10-01T20:00:00Z,54.1586591406,2023-02-01T21:00:00Z,51.2371731926,-35.06,1.0,-286.07,184.45,470.52,488.01:00:00,False,975 1203
NFLX,long,2,2022-01-03T21:00:00Z,59.737,2023-02-01T21:00:00Z,36.199,-47.08,1.0,-86.2,18.86,86.2,394.00:00:00,False,1019 1204
NFLX,long,14,2022-02-01T21:00:00Z,45.713,2023-02-01T21:00:00Z,36.199,-133.2,1.0,-407.06,328.38,407.06,365.00:00:00,False,1028 1204
T,long,33,2022-01-03T21:00:00Z,14.675303257431102,2023-02-01T21:00:00Z,16.702835694,66.91,1.0,-90.69,73.19,162.79,394.00:00:00,True,1015 1205
FCX,long,13,2021-04-01T20:00:00Z,31.684934848,2023-02-01T21:00:00Z,42.8514762775,145.17,1.0,-101.93,226.84,328.77,671.01:00:00,True,925 1206
F,long,49,2022-03-01T21:00:00Z,12.64980244,2023-02-01T21:00:00Z,10.73871564,-93.64,1.0,-206.23,51.78,258.01,337.00:00:00,False,1037 1207
CVS,long,36,2020-03-02T21:00:00Z,51.920639997,2023-03-01T21:00:00Z,72.354378246,735.61,1.0,-342.42,1548.78,813.17,1094.00:00:00,True,723 1223
CVS,long,6,2020-05-01T20:00:00Z,48.822735353,2023-03-01T21:00:00Z,72.354378246,141.19,1.0,-38.48,276.72,135.53,1034.01:00:00,True,783 1223
CVS,long,6,2020-09-01T20:00:00Z,49.673752084,2023-03-01T21:00:00Z,72.354378246,136.08,1.0,-43.59,271.61,135.53,911.01:00:00,True,836 1223
CVS,long,6,2022-11-01T20:00:00Z,82.444648494,2023-03-01T21:00:00Z,72.354378246,-60.54,1.0,-240.21,74.99,108.48,120.01:00:00,False,1170 1223
CVS,long,9,2023-02-01T21:00:00Z,76.758634082,2023-03-01T21:00:00Z,72.354378246,-39.64,1.0,-309.15,163.65,60.01,28.00:00:00,False,1216 1223
REGN,long,4,2021-03-01T21:00:00Z,458.72113077,2023-03-01T21:00:00Z,763.237464616,1218.07,1.0,-64.67,1268.35,754.84,730.00:00:00,True,917 1224
REGN,long,1,2021-10-01T20:00:00Z,565.453912606,2023-03-01T21:00:00Z,763.237464616,197.78,1.0,-122.9,210.35,188.71,516.01:00:00,True,978 1224
REGN,long,1,2022-11-01T20:00:00Z,752.805905374,2023-03-01T21:00:00Z,763.237464616,10.43,1.0,-310.25,23.0,85.1,120.01:00:00,True,1168 1224
DUK,long,47,2022-01-03T21:00:00Z,85.944574474,2023-03-01T21:00:00Z,80.156270856,-272.05,1.0,-586.92,511.66,1098.58,422.00:00:00,False,1018 1225
DUK,long,9,2022-11-01T20:00:00Z,80.059432635,2023-03-01T21:00:00Z,80.156270856,0.87,1.0,-59.42,150.94,99.1,120.01:00:00,True,1169 1225
FB,long,10,2022-07-01T20:00:00Z,158.511827396,2023-03-01T21:00:00Z,171.774799144,132.63,1.0,-704.45,312.9,933.66,243.01:00:00,True,1112 1226
FB,long,3,2022-08-01T20:00:00Z,158.412776076,2023-03-01T21:00:00Z,171.774799144,40.09,1.0,-211.04,94.17,273.32,212.01:00:00,True,1131 1226
FB,long,20,2022-11-01T20:00:00Z,94.29685664,2023-03-01T21:00:00Z,171.774799144,1549.56,1.0,-124.61,1910.11,437.41,120.01:00:00,True,1167 1226
F,long,213,2022-03-01T21:00:00Z,12.64980244,2023-03-01T21:00:00Z,9.702696474,-627.73,2.33,-896.47,225.07,1121.54,365.00:00:00,False,1037 1227
F,long,62,2022-05-02T20:00:00Z,10.888684212,2023-03-01T21:00:00Z,9.702696474,-73.53,1.0,-151.76,174.7,256.43,303.01:00:00,False,1083 1227
F,long,71,2022-07-01T20:00:00Z,8.6278334635,2023-03-01T21:00:00Z,9.702696474,76.32,1.0,-13.26,360.58,293.66,243.01:00:00,True,1116 1227
F,long,66,2022-10-03T20:00:00Z,8.829400577,2023-03-01T21:00:00Z,9.702696474,57.64,1.0,-25.63,321.89,175.64,149.01:00:00,True,1153 1227
F,long,54,2023-01-03T21:00:00Z,9.085109065,2023-03-01T21:00:00Z,9.702696474,33.35,1.0,-34.78,249.55,97.55,57.00:00:00,True,1188 1227
T,long,182,2022-01-03T21:00:00Z,14.675303257431102,2023-03-01T21:00:00Z,15.437093316,138.65,1.455,-500.17,403.64,897.79,422.00:00:00,True,1015 1228
T,long,31,2022-04-01T20:00:00Z,14.119733542043559,2023-03-01T21:00:00Z,15.437093316,40.84,1.0,-67.97,85.97,152.92,334.01:00:00,True,1070 1228
T,long,48,2022-08-01T20:00:00Z,15.000734736,2023-03-01T21:00:00Z,15.437093316,20.95,1.0,-147.53,90.83,147.53,212.01:00:00,True,1127 1228
T,long,30,2022-10-03T20:00:00Z,12.74100867,2023-03-01T21:00:00Z,15.437093316,80.88,1.0,-24.42,124.56,43.68,149.01:00:00,True,1158 1228
UPS,long,24,2022-03-01T21:00:00Z,164.229428944,2023-03-01T21:00:00Z,151.370745388,-308.61,1.0,-840.43,324.69,1165.12,365.00:00:00,False,1046 1229
UPS,long,3,2022-05-02T20:00:00Z,142.853712594,2023-03-01T21:00:00Z,151.370745388,25.55,1.0,-40.93,104.71,120.09,303.01:00:00,True,1086 1229
UPS,long,3,2022-10-03T20:00:00Z,132.467526552,2023-03-01T21:00:00Z,151.370745388,56.71,1.0,-9.77,135.87,40.77,149.01:00:00,True,1156 1229
UPS,long,3,2022-11-01T20:00:00Z,135.869751244,2023-03-01T21:00:00Z,151.370745388,46.5,1.0,-19.97,125.66,40.77,120.01:00:00,True,1172 1229
AMAT,long,8,2022-10-03T20:00:00Z,83.4540165,2023-03-01T21:00:00Z,114.001379778,244.38,1.0,-91.65,296.56,136.92,149.01:00:00,True,1151 1230
TGT,long,4,2020-02-03T21:00:00Z,93.40489125,2023-03-01T21:00:00Z,143.329128928,199.7,1.0,-69.92,541.43,432.4,1122.00:00:00,True,701 1231
FISV,long,5,2021-07-01T20:00:00Z,108.34,2023-03-01T21:00:00Z,115.81,37.35,1.0,-99.8,53.85,153.65,608.01:00:00,True,948 1232
EPD,long,20,2022-03-01T21:00:00Z,17.955260148,2023-03-01T21:00:00Z,20.105681862,43.01,1.0,-12.83,63.49,76.33,365.00:00:00,True,1036 1233
TGT,long,12,2020-02-03T21:00:00Z,93.40489125,2023-04-03T20:00:00Z,146.51441676,637.31,1.0,-209.75,1624.28,1297.19,1154.23:00:00,True,701 1247
TGT,long,2,2021-09-01T20:00:00Z,210.833566563,2023-04-03T20:00:00Z,146.51441676,-128.64,1.0,-269.82,35.86,216.2,579.00:00:00,False,968 1247
TGT,long,2,2022-01-03T21:00:00Z,199.163074184,2023-04-03T20:00:00Z,146.51441676,-105.3,1.0,-246.47,59.2,188.69,454.23:00:00,False,1021 1247
TGT,long,2,2022-03-01T21:00:00Z,189.32376965,2023-04-03T20:00:00Z,146.51441676,-85.62,1.0,-226.8,78.88,188.69,397.23:00:00,False,1053 1247
TGT,long,10,2022-06-01T20:00:00Z,135.56597538,2023-04-03T20:00:00Z,146.51441676,109.48,1.0,-596.4,931.96,330.11,306.00:00:00,True,1097 1247
TGT,long,3,2023-01-03T21:00:00Z,133.01861527,2023-04-03T20:00:00Z,146.51441676,40.49,1.0,-171.28,287.23,63.03,89.23:00:00,True,1189 1247
ADM,long,52,2022-04-01T20:00:00Z,80.014001184,2023-04-03T20:00:00Z,71.930679834,-420.33,1.0,-873.47,357.25,1195.21,367.00:00:00,False,1062 1248
ADM,long,14,2023-02-01T21:00:00Z,74.163317508,2023-04-03T20:00:00Z,71.930679834,-31.26,1.0,-153.26,178.09,108.39,60.23:00:00,False,1215 1248
HCA,long,3,2019-01-02T21:00:00Z,113.740009728,2023-04-03T20:00:00Z,257.053620512,429.94,1.0,-147.27,453.62,313.85,1551.23:00:00,True,522 1249
AVGO,long,9,2021-01-04T21:00:00Z,38.043434133,2023-04-03T20:00:00Z,61.5303734273,211.38,1.0,-3.2,216.67,196.58,818.23:00:00,True,888 1250
MRNA,long,3,2022-03-01T21:00:00Z,149.52,2023-04-03T20:00:00Z,159.48,29.88,1.0,-97.17,181.56,228.33,397.23:00:00,True,1040 1251
CSCO,long,9,2023-02-01T21:00:00Z,44.203498716,2023-04-03T20:00:00Z,47.607268228,30.63,2.0,-15.07,30.63,21.71,60.23:00:00,True,1212 1252
AZO,long,1,2023-02-01T21:00:00Z,2495.68,2023-05-01T20:00:00Z,2679.54,183.86,2.0,-187.86,206.16,297.8,88.23:00:00,True,1211 1258
SO,long,11,2023-03-01T21:00:00Z,54.361972816,2023-05-01T20:00:00Z,64.620265504,112.84,2.0,0.0,113.03,21.49,60.23:00:00,True,1236 1259
MDT,long,8,2023-02-01T21:00:00Z,75.837688191,2023-05-01T20:00:00Z,80.866982188,40.23,2.0,-64.02,45.23,76.82,88.23:00:00,True,1210 1260
MU,long,7,2021-09-01T20:00:00Z,71.887121756,2023-05-01T20:00:00Z,61.545105145,-72.39,1.0,-167.62,163.0,330.63,607.00:00:00,False,967 1261
VLO,long,41,2022-08-01T20:00:00Z,97.88384477,2023-05-02T20:00:00Z,103.3540233,224.28,1.0,-431.74,1511.83,1413.73,274.00:00:00,True,1126 1270
VLO,long,5,2023-05-01T20:00:00Z,104.46740085,2023-05-02T20:00:00Z,103.3540233,-5.57,1.0,-85.57,151.45,20.96,1.00:00:00,False,1264 1270
PSX,long,55,2023-02-01T21:00:00Z,86.108624309,2023-06-01T20:00:00Z,83.50485656,-143.21,2.0,-249.93,499.46,749.38,119.23:00:00,False,1214 1272
MDT,long,58,2023-02-01T21:00:00Z,75.837688191,2023-06-01T20:00:00Z,73.795134275,-118.47,1.0,-464.12,327.91,556.94,119.23:00:00,False,1210 1273
AVGO,long,18,2021-01-04T21:00:00Z,38.043434133,2023-06-01T20:00:00Z,75.6547675205,677.0,1.0,-6.39,716.27,393.15,877.23:00:00,True,888 1274
LRCX,long,23,2021-10-01T20:00:00Z,54.1586591406,2023-06-01T20:00:00Z,60.1122933906,136.93,1.0,-548.3,353.52,901.82,608.00:00:00,True,975 1275
KLAC,long,21,2023-02-01T21:00:00Z,39.6418177251,2023-06-01T20:00:00Z,44.0681180745,92.95,2.0,-104.13,110.66,118.47,119.23:00:00,True,1208 1276
NFLX,long,15,2022-02-01T21:00:00Z,45.713,2023-06-01T20:00:00Z,40.313,-81.0,1.0,-436.14,351.84,436.14,484.23:00:00,False,1028 1277
NFLX,long,5,2022-04-01T20:00:00Z,37.347,2023-06-01T20:00:00Z,40.313,14.83,1.0,-103.55,159.11,112.56,426.00:00:00,True,1065 1277
NXPI,long,4,2023-03-01T21:00:00Z,166.896048686,2023-06-01T20:00:00Z,169.8681199,11.89,2.0,-62.48,32.44,94.92,91.23:00:00,True,1237 1278
AMAT,long,5,2022-10-03T20:00:00Z,83.4540165,2023-06-01T20:00:00Z,131.420931314,239.83,1.0,-57.28,248.31,85.57,241.00:00:00,True,1151 1279
HCA,long,2,2019-01-02T21:00:00Z,113.740009728,2023-07-03T17:00:00Z,290.557749924,353.64,1.0,-98.18,364.4,209.23,1642.20:00:00,True,522 1291
HCA,long,2,2019-04-01T20:00:00Z,123.643140152,2023-07-03T17:00:00Z,290.557749924,333.83,1.0,-117.98,344.59,209.23,1553.21:00:00,True,557 1291
HCA,long,2,2019-09-03T20:00:00Z,113.125111056,2023-07-03T17:00:00Z,290.557749924,354.87,1.0,-96.95,365.63,209.23,1398.21:00:00,True,625 1291
HCA,long,4,2020-04-01T20:00:00Z,79.453975884,2023-07-03T17:00:00Z,290.557749924,844.42,1.0,-59.21,865.95,418.47,1187.21:00:00,True,771 1291
HCA,long,2,2021-12-01T21:00:00Z,216.353718042,2023-07-03T17:00:00Z,290.557749924,148.41,1.0,-303.41,159.17,209.23,578.20:00:00,True,1005 1291
HCA,long,2,2022-05-02T20:00:00Z,202.995247044,2023-07-03T17:00:00Z,290.557749924,175.13,1.0,-276.69,185.89,117.16,426.21:00:00,True,1088 1291
HCA,long,4,2022-07-01T20:00:00Z,169.090681578,2023-07-03T17:00:00Z,290.557749924,485.87,1.0,-417.76,507.4,147.11,366.21:00:00,True,1115 1291
LRCX,long,36,2021-10-01T20:00:00Z,54.1586591406,2023-07-03T17:00:00Z,63.30618903,329.31,1.0,-858.21,553.34,1411.55,639.21:00:00,True,975 1292
LRCX,long,12,2022-02-01T21:00:00Z,56.1581290095,2023-07-03T17:00:00Z,63.30618903,85.78,1.0,-310.06,160.45,335.56,516.20:00:00,True,1029 1292
LRCX,long,10,2022-04-01T20:00:00Z,50.219631534,2023-07-03T17:00:00Z,63.30618903,130.87,1.0,-199.0,193.09,208.65,457.21:00:00,True,1067 1292
LRCX,long,10,2022-09-01T20:00:00Z,41.4310201704,2023-07-03T17:00:00Z,63.30618903,218.75,1.0,-111.12,280.98,129.09,304.21:00:00,True,1140 1292
LRCX,long,10,2022-10-03T20:00:00Z,37.5135271936,2023-07-03T17:00:00Z,63.30618903,257.93,1.0,-71.94,320.16,92.92,272.21:00:00,True,1159 1292
BIIB,long,15,2023-06-01T20:00:00Z,302.41,2023-07-03T17:00:00Z,285.31,-256.5,2.0,-312.45,165.0,477.45,31.21:00:00,False,1282 1293
DE,long,2,2022-01-03T21:00:00Z,329.813878223,2023-07-03T17:00:00Z,390.204791095,120.78,1.0,-111.48,187.92,280.02,545.20:00:00,True,1017 1294
EMR,long,6,2021-12-01T21:00:00Z,79.034888229,2023-07-03T17:00:00Z,85.685019036,39.9,1.0,-68.03,74.87,137.92,578.20:00:00,True,1000 1295
FCX,long,12,2021-04-01T20:00:00Z,31.684934848,2023-07-03T17:00:00Z,39.117701979,89.19,1.0,-94.09,209.39,303.48,822.21:00:00,True,925 1296
CSX,long,14,2022-01-03T21:00:00Z,34.741775988,2023-07-03T17:00:00Z,32.799647559,-27.19,2.0,-135.43,10.92,146.35,545.20:00:00,False,1016 1297
AZO,long,1,2023-02-01T21:00:00Z,2495.68,2023-08-01T20:00:00Z,2481.1,-14.58,1.0,-189.03,237.97,427.0,180.23:00:00,False,1211 1311
AZO,long,1,2023-07-03T17:00:00Z,2486.68,2023-08-01T20:00:00Z,2481.1,-5.58,1.0,-180.03,246.97,126.46,29.03:00:00,False,1299 1311
MRNA,long,15,2022-03-01T21:00:00Z,149.52,2023-08-01T20:00:00Z,113.94,-533.7,1.0,-533.7,907.8,1441.5,517.23:00:00,False,1040 1312
MRNA,long,5,2022-05-02T20:00:00Z,142.08,2023-08-01T20:00:00Z,113.94,-140.7,1.0,-140.7,339.8,480.5,456.00:00:00,False,1082 1312
MRNA,long,4,2022-09-01T20:00:00Z,138.95,2023-08-01T20:00:00Z,113.94,-100.04,1.0,-100.04,284.36,384.4,334.00:00:00,False,1138 1312
MRNA,long,7,2023-03-01T21:00:00Z,135.66,2023-08-01T20:00:00Z,113.94,-152.04,1.0,-152.04,520.66,326.13,152.23:00:00,False,1241 1312
MRNA,long,4,2023-05-01T20:00:00Z,133.4,2023-08-01T20:00:00Z,113.94,-77.84,1.0,-77.84,306.56,95.24,92.00:00:00,False,1263 1312
MRNA,long,6,2023-07-03T17:00:00Z,121.74,2023-08-01T20:00:00Z,113.94,-46.8,1.0,-46.8,529.8,76.02,29.03:00:00,False,1300 1312
SLB,long,23,2023-02-01T21:00:00Z,50.83174202,2023-08-01T20:00:00Z,53.110826069,52.42,2.0,-265.88,67.9,305.37,180.23:00:00,True,1209 1313
MPC,long,6,2022-07-01T20:00:00Z,77.271380736,2023-08-01T20:00:00Z,126.545760432,295.65,1.0,-28.37,295.65,170.9,396.00:00:00,True,1111 1314
NXPI,long,3,2023-03-01T21:00:00Z,166.896048686,2023-08-01T20:00:00Z,210.864732784,131.91,1.0,-46.86,132.42,71.19,152.23:00:00,True,1237 1315
MAR,long,3,2023-04-03T20:00:00Z,159.011045496,2023-08-01T20:00:00Z,198.570180574,118.68,2.0,-8.67,118.68,37.1,120.00:00:00,True,1254 1316
CSCO,long,14,2023-02-01T21:00:00Z,44.203498716,2023-09-01T20:00:00Z,53.437699272,129.28,1.0,-32.19,129.28,79.85,211.23:00:00,True,1212 1322
AMGN,long,3,2023-04-03T20:00:00Z,219.559210164,2023-09-01T20:00:00Z,234.641693811,45.25,2.0,-75.85,64.89,99.91,151.00:00:00,True,1253 1323
MPC,long,4,2022-07-01T20:00:00Z,77.271380736,2023-09-01T20:00:00Z,137.574875324,241.21,1.0,-18.92,252.65,113.93,427.00:00:00,True,1111 1324
COP,long,4,2022-03-01T21:00:00Z,81.211737408,2023-09-01T20:00:00Z,111.240922598,120.12,1.0,-47.24,149.31,137.65,548.23:00:00,True,1039 1325
MCK,long,2,2023-06-01T20:00:00Z,383.537628019,2023-10-02T20:00:00Z,431.65764763,96.24,2.0,-9.24,114.0,63.72,123.00:00:00,True,1281 1334
OXY,long,9,2023-02-01T21:00:00Z,59.5862791,2023-10-02T20:00:00Z,58.96822715,-5.56,2.0,-59.95,37.03,83.93,242.23:00:00,False,1213 1335
CI,long,2,2023-03-01T21:00:00Z,268.807279125,2023-10-02T20:00:00Z,271.297641758,4.98,2.0,-83.92,24.85,83.92,214.23:00:00,True,1239 1336
XOM,long,5,2022-03-01T21:00:00Z,68.072399188,2023-10-02T20:00:00Z,104.778043559,183.53,1.0,-9.59,204.23,93.09,579.23:00:00,True,1043 1337
MCHP,long,59,2023-08-01T20:00:00Z,86.10519985,2023-10-03T20:00:00Z,71.596692882,-856.0,2.0,-920.01,0.0,920.01,63.00:00:00,False,1318 1342
MCHP,long,8,2023-09-01T20:00:00Z,76.297485849,2023-10-03T20:00:00Z,71.596692882,-37.61,1.0,-46.28,78.46,46.28,32.00:00:00,False,1329 1342
MU,long,37,2021-09-01T20:00:00Z,71.887121756,2023-11-01T20:00:00Z,68.74749426,-116.17,1.0,-886.0,861.59,1747.59,791.00:00:00,False,967 1344
MU,long,6,2022-04-01T20:00:00Z,74.46911147,2023-11-01T20:00:00Z,68.74749426,-34.33,1.0,-159.17,124.23,167.91,579.00:00:00,False,1069 1344
MU,long,13,2022-07-01T20:00:00Z,52.516767145,2023-11-01T20:00:00Z,68.74749426,211.0,1.0,-59.48,554.54,206.05,488.00:00:00,True,1114 1344
MU,long,9,2022-11-01T20:00:00Z,53.919880638,2023-11-01T20:00:00Z,68.74749426,133.45,1.0,-53.81,371.28,123.66,365.00:00:00,True,1171 1344
MU,long,10,2023-01-03T21:00:00Z,49.619481963,2023-11-01T20:00:00Z,68.74749426,191.28,1.0,-16.78,455.54,129.96,301.23:00:00,True,1187 1344
AVGO,long,44,2021-01-04T21:00:00Z,38.043434133,2023-11-01T20:00:00Z,82.569880228,1959.16,1.0,-15.63,2235.82,961.04,1030.23:00:00,True,888 1345
AVGO,long,7,2022-02-01T21:00:00Z,54.603944732,2023-11-01T20:00:00Z,82.569880228,195.76,1.0,-118.41,239.78,134.53,637.23:00:00,True,1030 1345
AVGO,long,9,2022-10-03T20:00:00Z,43.0745275764,2023-11-01T20:00:00Z,82.569880228,355.46,1.0,-48.48,412.05,95.43,394.00:00:00,True,1157 1345
DIS,long,57,2023-07-03T17:00:00Z,87.784252128,2023-11-01T20:00:00Z,78.602488624,-523.36,2.0,-621.18,67.42,688.6,121.03:00:00,False,1298 1346
DIS,long,5,2023-09-01T20:00:00Z,79.155139648,2023-11-01T20:00:00Z,78.602488624,-2.76,1.0,-11.34,49.06,33.45,61.00:00:00,False,1331 1346
CARR,long,91,2023-09-01T20:00:00Z,56.538205434,2023-11-01T20:00:00Z,48.458530926,-735.25,2.0,-1024.73,88.8,1113.53,61.00:00:00,False,1326 1347
AMAT,long,32,2022-10-03T20:00:00Z,83.4540165,2023-11-01T20:00:00Z,132.1553307,1558.44,1.0,-366.6,2142.98,746.45,394.00:00:00,True,1151 1348
AMAT,long,4,2023-01-03T21:00:00Z,93.822170451,2023-11-01T20:00:00Z,132.1553307,153.33,1.0,-87.3,226.4,93.31,301.23:00:00,True,1190 1348
UNH,long,2,2023-03-01T21:00:00Z,441.153521646,2023-11-01T20:00:00Z,499.21843656,116.13,2.0,-44.62,130.78,142.8,244.23:00:00,True,1240 1349
VZ,long,20,2023-03-01T21:00:00Z,30.26961602,2023-11-01T20:00:00Z,29.56696854,-14.05,2.0,-93.07,28.97,122.04,244.23:00:00,False,1235 1350
EOG,long,5,2022-03-01T21:00:00Z,95.190505816,2023-11-01T20:00:00Z,112.388802742,85.99,1.0,-72.84,163.89,202.34,609.23:00:00,True,1041 1351
NFLX,long,13,2022-04-01T20:00:00Z,37.347,2023-11-01T20:00:00Z,42.019,60.74,1.0,-269.23,413.69,292.67,579.00:00:00,True,1065 1352
MPC,long,3,2022-07-01T20:00:00Z,77.271380736,2023-11-01T20:00:00Z,146.293480399,207.07,1.0,-14.19,210.26,85.45,488.00:00:00,True,1111 1353
HES,long,34,2023-11-01T20:00:00Z,138.9614645,2023-12-01T21:00:00Z,137.80874374,-39.19,2.0,-89.35,183.01,272.35,30.01:00:00,False,1357 1366
EMR,long,46,2021-12-01T21:00:00Z,79.034888229,2023-12-01T21:00:00Z,85.998370812,320.32,1.0,-521.55,733.17,1057.36,730.00:00:00,True,1000 1367
EMR,long,6,2023-02-01T21:00:00Z,85.38095286,2023-12-01T21:00:00Z,85.998370812,3.7,1.0,-106.1,57.55,87.48,303.00:00:00,True,1218 1367
EMR,long,6,2023-06-01T20:00:00Z,74.872969728,2023-12-01T21:00:00Z,85.998370812,66.75,1.0,-43.06,120.6,87.48,183.01:00:00,True,1287 1367
QCOM,long,22,2021-12-01T21:00:00Z,158.131737218,2023-12-01T21:00:00Z,122.463395245,-784.7,1.0,-1390.12,270.38,1660.5,730.00:00:00,False,1001 1368
QCOM,long,6,2022-04-01T20:00:00Z,132.897260255,2023-12-01T21:00:00Z,122.463395245,-62.6,1.0,-227.72,225.15,280.28,609.01:00:00,False,1064 1368
QCOM,long,4,2022-10-03T20:00:00Z,103.26191232,2023-12-01T21:00:00Z,122.463395245,76.81,1.0,-33.27,268.64,128.08,424.01:00:00,True,1155 1368
QCOM,long,3,2022-11-01T20:00:00Z,107.23774272,2023-12-01T21:00:00Z,122.463395245,45.68,1.0,-36.88,189.55,96.06,395.01:00:00,True,1173 1368
QCOM,long,5,2023-01-03T21:00:00Z,98.6037928,2023-12-01T21:00:00Z,122.463395245,119.3,1.0,-18.3,359.09,160.1,332.00:00:00,True,1186 1368
QCOM,long,4,2023-05-01T20:00:00Z,107.201834368,2023-12-01T21:00:00Z,122.463395245,61.05,1.0,-49.03,252.88,99.33,214.01:00:00,True,1267 1368
VLO,long,41,2023-11-01T20:00:00Z,117.620630328,2023-12-01T21:00:00Z,117.321978898,-12.24,2.0,-294.87,46.44,341.31,30.01:00:00,False,1358 1369
PSX,long,6,2023-09-01T20:00:00Z,106.13446072,2023-12-01T21:00:00Z,118.5622719,74.57,2.0,-43.37,74.57,82.01,91.01:00:00,True,1327 1370
KLAC,long,13,2023-02-01T21:00:00Z,39.6418177251,2023-12-01T21:00:00Z,53.75557656,183.48,1.0,-64.46,194.62,86.71,303.00:00:00,True,1208 1371
NXPI,long,3,2023-03-01T21:00:00Z,166.896048686,2023-12-01T21:00:00Z,195.041366544,84.44,1.0,-46.86,132.42,148.97,275.00:00:00,True,1237 1372
NFLX,long,11,2022-05-02T20:00:00Z,19.946,2023-12-01T21:00:00Z,46.574,292.91,2.0,-36.4,541.45,144.54,578.01:00:00,True,1081 1373
PH,long,2,2023-11-01T20:00:00Z,359.383537062,2024-01-02T21:00:00Z,446.486598789,174.21,2.0,0.0,181.29,21.11,62.01:00:00,True,1359 1385
FCX,long,21,2021-04-01T20:00:00Z,31.684934848,2024-01-02T21:00:00Z,40.697843787,189.27,1.0,-164.66,366.43,531.09,1006.01:00:00,True,925 1386
NSC,long,3,2022-10-03T20:00:00Z,198.73767656,2024-01-02T21:00:00Z,222.746845338,72.03,2.0,-76.67,118.47,195.14,456.01:00:00,True,1152 1387
PCAR,long,7,2023-11-01T20:00:00Z,74.49598082,2024-01-02T21:00:00Z,89.90837805,107.89,2.0,0.0,114.71,6.83,62.01:00:00,True,1356 1388
TXN,long,4,2023-11-01T20:00:00Z,132.596079431,2024-01-02T21:00:00Z,156.759184218,96.65,2.0,0.0,105.77,25.78,62.01:00:00,True,1354 1389
CSX,long,18,2022-01-03T21:00:00Z,34.741775988,2024-01-02T21:00:00Z,33.309792252,-25.78,1.0,-174.12,14.05,188.17,729.00:00:00,False,1016 1390
ET,long,455,2023-11-01T20:00:00Z,10.693412995,2024-01-03T21:00:00Z,11.213852867,236.8,4.55,-48.1,321.9,236.8,63.01:00:00,True,1355 1396
WMB,long,155,2023-12-01T21:00:00Z,33.323894864,2024-01-03T21:00:00Z,32.15211792,-181.63,2.0,-337.36,0.0,337.36,33.00:00:00,False,1374 1397
CSX,long,106,2022-01-03T21:00:00Z,34.741775988,2024-02-01T21:00:00Z,34.906968888,17.51,1.0,-1025.4,82.71,1108.11,759.00:00:00,True,1016 1399
CSX,long,14,2022-06-01T20:00:00Z,30.1671424,2024-02-01T21:00:00Z,34.906968888,66.36,1.0,-71.39,74.97,104.12,610.01:00:00,True,1098 1399
CSX,long,15,2023-02-01T21:00:00Z,29.966450904,2024-02-01T21:00:00Z,34.906968888,74.11,1.0,-73.47,83.33,71.44,365.00:00:00,True,1222 1399
CSX,long,23,2023-09-01T20:00:00Z,29.369649012,2024-02-01T21:00:00Z,34.906968888,127.36,1.0,-98.93,141.51,52.27,153.01:00:00,True,1328 1399
MAR,long,26,2023-04-03T20:00:00Z,159.011045496,2024-02-01T21:00:00Z,237.521864762,2041.28,1.0,-75.16,2041.28,574.33,304.01:00:00,True,1254 1400
NXPI,long,18,2023-03-01T21:00:00Z,166.896048686,2024-02-01T21:00:00Z,202.925211958,648.52,1.0,-281.15,990.11,893.83,337.00:00:00,True,1237 1401
NXPI,long,3,2023-05-01T20:00:00Z,155.800036379,2024-02-01T21:00:00Z,202.925211958,141.38,1.0,-13.57,198.31,148.97,276.01:00:00,True,1266 1401
NXPI,long,2,2023-09-01T20:00:00Z,198.107925968,2024-02-01T21:00:00Z,202.925211958,9.63,1.0,-93.66,47.59,73.46,153.01:00:00,True,1332 1401
NXPI,long,3,2023-11-01T20:00:00Z,163.596541016,2024-02-01T21:00:00Z,202.925211958,117.99,1.0,-36.96,174.92,78.45,92.01:00:00,True,1361 1401
MCHP,long,63,2024-01-02T21:00:00Z,80.674621136,2024-02-01T21:00:00Z,79.826493765,-53.43,2.0,-189.07,318.83,399.86,30.00:00:00,False,1391 1402
MRK,long,49,2023-03-01T21:00:00Z,95.363134515,2024-02-01T21:00:00Z,116.167055268,1019.39,2.0,-193.1,1019.39,744.42,337.00:00:00,True,1238 1403
MRK,long,4,2023-08-01T20:00:00Z,95.44406742,2024-02-01T21:00:00Z,116.167055268,82.89,1.0,-16.09,82.89,37.95,184.01:00:00,True,1321 1403
NSC,long,17,2022-10-03T20:00:00Z,198.73767656,2024-02-01T21:00:00Z,242.636926277,746.29,1.0,-434.47,746.29,1105.81,486.01:00:00,True,1152 1404
NSC,long,2,2023-03-01T21:00:00Z,208.906944965,2024-02-01T21:00:00Z,242.636926277,67.46,1.0,-71.45,67.46,96.79,337.00:00:00,True,1244 1404
NSC,long,2,2023-04-03T20:00:00Z,193.42034255,2024-02-01T21:00:00Z,242.636926277,98.43,1.0,-40.48,98.43,96.79,304.01:00:00,True,1257 1404
NSC,long,2,2023-09-01T20:00:00Z,193.696003689,2024-02-01T21:00:00Z,242.636926277,97.88,1.0,-41.03,97.88,43.73,153.01:00:00,True,1333 1404
TXN,long,33,2023-11-01T20:00:00Z,132.596079431,2024-02-01T21:00:00Z,149.063061663,543.41,1.0,0.0,967.62,424.21,92.01:00:00,True,1354 1405
WM,long,33,2023-08-01T20:00:00Z,154.530824004,2024-02-01T21:00:00Z,180.721686376,864.3,2.0,-333.2,864.3,361.75,184.01:00:00,True,1317 1406
AMGN,long,3,2023-04-03T20:00:00Z,219.559210164,2024-02-01T21:00:00Z,298.991455304,238.3,1.0,-75.85,238.3,99.91,304.01:00:00,True,1253 1407
NFLX,long,13,2022-05-02T20:00:00Z,19.946,2024-02-01T21:00:00Z,56.751,478.46,1.0,-43.02,639.9,170.82,640.01:00:00,True,1081 1408
VZ,long,18,2023-03-01T21:00:00Z,30.26961602,2024-02-01T21:00:00Z,36.087164904,104.72,1.0,-83.76,104.72,109.83,337.00:00:00,True,1235 1409
FISV,long,4,2021-07-01T20:00:00Z,108.34,2024-02-01T21:00:00Z,143.94,142.4,1.0,-79.84,142.84,122.92,945.01:00:00,True,948 1410
MPC,long,3,2022-07-01T20:00:00Z,77.271380736,2024-02-01T21:00:00Z,158.775099989,244.51,1.0,-14.19,251.22,85.45,580.01:00:00,True,1111 1411
CI,long,15,2023-03-01T21:00:00Z,268.807279125,2024-03-01T21:00:00Z,315.628632896,702.32,1.0,-629.37,862.71,851.85,366.00:00:00,True,1239 1425
CI,long,3,2023-04-03T20:00:00Z,244.9492234,2024-03-01T21:00:00Z,315.628632896,212.04,1.0,-54.3,244.12,170.37,333.01:00:00,True,1255 1425
CI,long,2,2023-12-01T21:00:00Z,253.823786554,2024-03-01T21:00:00Z,315.628632896,123.61,1.0,-53.95,145.0,29.97,91.00:00:00,True,1377 1425
FCX,long,5,2021-04-01T20:00:00Z,31.684934848,2024-03-01T21:00:00Z,36.80913057,25.62,1.0,-39.21,87.24,126.45,1065.01:00:00,True,925 1426
FCX,long,17,2021-07-01T20:00:00Z,34.887829467,2024-03-01T21:00:00Z,36.80913057,32.66,1.0,-187.75,242.18,429.93,974.01:00:00,True,950 1426
FCX,long,17,2021-10-01T20:00:00Z,30.964570965,2024-03-01T21:00:00Z,36.80913057,99.36,1.0,-121.05,308.88,429.93,882.01:00:00,True,979 1426
FCX,long,11,2022-05-02T20:00:00Z,38.075978318,2024-03-01T21:00:00Z,36.80913057,-13.94,1.0,-156.55,121.64,189.91,669.01:00:00,False,1087 1426
FCX,long,32,2022-07-01T20:00:00Z,27.67094492,2024-03-01T21:00:00Z,36.80913057,292.42,1.0,-122.47,686.81,407.42,609.01:00:00,True,1113 1426
FCX,long,16,2023-05-01T20:00:00Z,36.095362974,2024-03-01T21:00:00Z,36.80913057,11.42,1.0,-196.03,208.61,174.04,305.01:00:00,True,1262 1426
FCX,long,11,2023-06-01T20:00:00Z,34.032496669,2024-03-01T21:00:00Z,36.80913057,30.54,1.0,-112.08,166.11,119.65,274.01:00:00,True,1288 1426
FCX,long,19,2023-11-01T20:00:00Z,32.595018153,2024-03-01T21:00:00Z,36.80913057,80.07,1.0,-166.27,314.24,117.69,121.01:00:00,True,1360 1426
MMM,long,41,2021-01-04T21:00:00Z,98.54008359818872,2024-03-01T21:00:00Z,61.064894977547006,-1536.48,2.0,-1780.77,879.32,2660.09,1152.00:00:00,False,889 1427
MMM,long,5,2021-12-01T21:00:00Z,100.99947662435402,2024-03-01T21:00:00Z,61.064894977547006,-199.67,1.0,-229.46,94.94,259.87,821.00:00:00,False,1004 1427
MMM,long,6,2022-03-01T21:00:00Z,86.44111777055709,2024-03-01T21:00:00Z,61.064894977547006,-152.26,1.0,-188.01,201.27,222.19,731.00:00:00,False,1050 1427
MMM,long,5,2022-09-01T20:00:00Z,76.56957311661911,2024-03-01T21:00:00Z,61.064894977547006,-77.52,1.0,-107.31,217.09,129.71,547.01:00:00,False,1142 1427
MMM,long,5,2022-12-01T21:00:00Z,77.70046307969264,2024-03-01T21:00:00Z,61.064894977547006,-83.18,1.0,-112.97,211.43,123.76,456.00:00:00,False,1182 1427
MMM,long,7,2023-02-01T21:00:00Z,71.46025447429236,2024-03-01T21:00:00Z,61.064894977547006,-72.77,1.0,-114.48,339.69,133.55,394.00:00:00,False,1219 1427
MMM,long,10,2023-06-01T20:00:00Z,59.81921638673072,2024-03-01T21:00:00Z,61.064894977547006,12.46,1.0,-47.13,601.68,163.77,274.01:00:00,True,1283 1427
MMM,long,7,2024-02-01T21:00:00Z,62.715476726578316,2024-03-01T21:00:00Z,61.064894977547006,-11.55,1.0,-53.26,400.9,15.97,29.00:00:00,False,1424 1427
PFE,long,98,2022-03-01T21:00:00Z,35.69163375,2024-03-01T21:00:00Z,22.554959523,-1287.39,1.1,-1357.84,771.05,2128.88,731.00:00:00,False,1038 1428
PFE,long,12,2022-08-01T20:00:00Z,40.10606094,2024-03-01T21:00:00Z,22.554959523,-210.61,1.0,-219.24,41.44,260.68,578.01:00:00,False,1129 1428
PFE,long,11,2022-09-01T20:00:00Z,36.9554365875,2024-03-01T21:00:00Z,22.554959523,-158.41,1.0,-166.31,72.64,238.96,547.01:00:00,False,1141 1428
PFE,long,16,2023-02-01T21:00:00Z,35.480517558,2024-03-01T21:00:00Z,22.554959523,-206.81,1.0,-218.31,129.26,223.09,394.00:00:00,False,1217 1428
PFE,long,15,2023-05-01T20:00:00Z,31.608155478,2024-03-01T21:00:00Z,22.554959523,-135.8,1.0,-146.58,179.27,165.29,305.01:00:00,False,1265 1428
PFE,long,15,2023-07-03T17:00:00Z,29.870728371,2024-03-01T21:00:00Z,22.554959523,-109.74,1.0,-120.52,205.33,131.28,242.04:00:00,False,1304 1428
PFE,long,14,2023-10-02T20:00:00Z,27.985467974,2024-03-01T21:00:00Z,22.554959523,-76.03,1.0,-86.09,218.04,86.09,151.01:00:00,False,1340 1428
PFE,long,19,2023-12-01T21:00:00Z,24.159338231,2024-03-01T21:00:00Z,22.554959523,-30.48,1.0,-44.14,368.6,50.02,91.00:00:00,False,1378 1428
PFE,long,20,2024-01-02T21:00:00Z,24.844590993,2024-03-01T21:00:00Z,22.554959523,-45.79,1.0,-60.17,374.3,46.3,59.00:00:00,False,1393 1428
KLAC,long,95,2023-02-01T21:00:00Z,39.6418177251,2024-03-01T21:00:00Z,70.4173470399,2923.68,1.0,-471.06,2923.68,633.67,394.00:00:00,True,1208 1429
CRH,long,9,2024-02-01T21:00:00Z,70.2098166,2024-03-01T21:00:00Z,80.1849818,89.78,2.0,-6.73,95.91,19.77,29.00:00:00,True,1415 1430
RSG,long,4,2023-06-01T20:00:00Z,137.436044389,2024-03-01T21:00:00Z,178.647324228,164.85,2.0,-3.39,173.83,51.27,274.01:00:00,True,1280 1431
DELL,long,7,2024-02-01T21:00:00Z,82.579599668,2024-03-01T21:00:00Z,119.893487324,261.2,2.0,-29.58,261.2,35.24,29.00:00:00,True,1412 1432
PCAR,long,5,2023-11-01T20:00:00Z,74.49598082,2024-03-01T21:00:00Z,105.423819039,154.64,1.0,0.0,154.64,19.69,121.01:00:00,True,1356 1433
DELL,long,7,2024-02-01T21:00:00Z,82.579599668,2024-04-01T20:00:00Z,115.176303384,228.18,1.0,-29.58,261.2,121.91,59.23:00:00,True,1412 1448
MPC,long,4,2022-07-01T20:00:00Z,77.271380736,2024-04-01T20:00:00Z,194.672479948,469.6,1.0,-18.92,469.6,113.93,640.00:00:00,True,1111 1449
CAT,long,2,2024-02-01T21:00:00Z,297.889581196,2024-04-01T20:00:00Z,352.154299016,108.53,2.0,0.0,113.74,20.82,59.23:00:00,True,1418 1450
PSX,long,4,2023-09-01T20:00:00Z,106.13446072,2024-04-01T20:00:00Z,150.39236488,177.03,1.0,-28.91,177.03,54.68,213.00:00:00,True,1327 1451
NEE,long,9,2024-03-01T21:00:00Z,51.381103685,2024-04-01T20:00:00Z,58.98450193,68.43,2.0,-2.01,72.87,9.88,30.23:00:00,True,1437 1452
MCK,long,10,2023-06-01T20:00:00Z,383.537628019,2024-05-01T20:00:00Z,525.43810223,1419.0,1.0,-46.21,1539.7,318.58,335.00:00:00,True,1281 1458
MCK,long,1,2023-08-01T20:00:00Z,399.096704006,2024-05-01T20:00:00Z,525.43810223,126.34,1.0,-20.18,138.41,31.86,274.00:00:00,True,1320 1458
DELL,long,7,2024-02-01T21:00:00Z,82.579599668,2024-05-01T20:00:00Z,114.79308991,225.49,1.0,-29.58,316.32,121.91,89.23:00:00,True,1412 1459
NEE,long,8,2024-03-01T21:00:00Z,51.381103685,2024-05-01T20:00:00Z,63.851793585,99.77,1.0,-1.79,99.77,27.4,60.23:00:00,True,1437 1460
EOG,long,4,2022-03-01T21:00:00Z,95.190505816,2024-05-01T20:00:00Z,120.834566285,102.58,1.0,-58.27,131.12,161.87,791.23:00:00,True,1041 1461
NEE,long,14,2024-03-01T21:00:00Z,51.381103685,2024-06-03T20:00:00Z,72.789154128,299.71,1.0,-3.13,323.25,47.95,93.23:00:00,True,1437 1471
SO,long,12,2023-03-01T21:00:00Z,54.361972816,2024-06-03T20:00:00Z,73.674428414,231.75,1.0,0.0,231.75,122.53,459.23:00:00,True,1236 1472
NFLX,long,13,2022-05-02T20:00:00Z,19.946,2024-06-03T20:00:00Z,63.379,564.63,1.0,-43.02,639.9,170.82,763.00:00:00,True,1081 1473
DELL,long,4,2024-02-01T21:00:00Z,82.579599668,2024-06-03T20:00:00Z,127.598347035,180.07,1.0,-16.9,362.81,182.73,122.23:00:00,True,1412 1474
MO,long,13,2023-03-01T21:00:00Z,34.66274812,2024-06-03T20:00:00Z,39.003011425,56.42,2.0,-41.96,56.42,67.7,459.23:00:00,True,1234 1475
DUK,long,5,2024-03-01T21:00:00Z,82.796102312,2024-06-03T20:00:00Z,95.176216593,61.9,2.0,0.0,66.36,20.28,93.23:00:00,True,1440 1476
PCLN,long,4,2024-03-01T21:00:00Z,136.74714812044,2024-07-01T20:00:00Z,152.53512026496,63.15,2.0,-12.04,83.49,40.53,121.23:00:00,True,1441 1481
T,long,36,2024-03-01T21:00:00Z,15.016743534,2024-07-01T20:00:00Z,17.059943342,73.56,2.845,-19.64,78.25,39.69,121.23:00:00,True,1434 1482
CSCO,long,87,2023-02-01T21:00:00Z,44.203498716,2024-08-01T20:00:00Z,45.189379004,85.77,1.0,-200.06,803.38,904.82,546.23:00:00,True,1212 1485
CSCO,long,9,2023-05-01T20:00:00Z,43.407707634,2024-08-01T20:00:00Z,45.189379004,16.04,1.0,-13.53,90.27,93.6,458.00:00:00,True,1268 1485
CSCO,long,17,2023-12-01T21:00:00Z,45.104286823,2024-08-01T20:00:00Z,45.189379004,1.45,1.0,-54.41,141.67,102.64,243.23:00:00,True,1375 1485
CSCO,long,12,2024-04-01T20:00:00Z,46.927607076,2024-08-01T20:00:00Z,45.189379004,-20.86,1.0,-60.28,78.12,50.94,122.00:00:00,False,1455 1485
UNH,long,2,2023-03-01T21:00:00Z,441.153521646,2024-08-01T20:00:00Z,544.14180986,205.98,1.0,-51.34,212.74,207.6,518.23:00:00,True,1240 1486
LMT,long,2,2024-02-01T21:00:00Z,399.577540098,2024-08-01T20:00:00Z,517.511202468,235.87,2.0,-21.53,235.87,33.42,181.23:00:00,True,1419 1487
IBM,long,4,2024-03-01T21:00:00Z,175.10632376,2024-08-01T20:00:00Z,178.216503546,12.44,2.0,-88.46,35.65,124.12,152.23:00:00,True,1435 1488
GILD,long,10,2024-02-01T21:00:00Z,71.758242672,2024-08-01T20:00:00Z,71.814372823,0.56,2.0,-129.27,15.21,129.27,181.23:00:00,True,1414 1489
AMGN,long,2,2023-04-03T20:00:00Z,219.559210164,2024-08-01T20:00:00Z,313.726086245,188.33,1.0,-50.57,189.16,110.1,486.00:00:00,True,1253 1490
MO,long,14,2023-03-01T21:00:00Z,34.66274812,2024-09-03T20:00:00Z,46.295507201,162.86,1.0,-45.19,162.86,72.91,551.23:00:00,True,1234 1499
SBUX,long,7,2024-02-01T21:00:00Z,87.061792082,2024-09-03T20:00:00Z,88.602802722,10.79,2.0,-133.37,46.86,162.85,214.23:00:00,True,1416 1500
TMUS,long,3,2024-03-01T21:00:00Z,155.701804288,2024-09-03T20:00:00Z,192.473406455,110.31,2.0,-10.24,118.48,24.17,185.23:00:00,True,1439 1501
PCAR,long,53,2023-11-01T20:00:00Z,74.49598082,2024-09-04T20:00:00Z,89.081626263,773.04,1.0,0.0,2195.5,1607.38,308.00:00:00,True,1356 1509
PCAR,long,6,2024-07-01T20:00:00Z,95.11962932,2024-09-04T20:00:00Z,89.081626263,-36.23,1.0,-123.74,124.81,102.78,65.00:00:00,False,1484 1509
PCAR,long,5,2024-08-01T20:00:00Z,89.94521115,2024-09-04T20:00:00Z,89.081626263,-4.32,1.0,-77.25,129.88,21.76,34.00:00:00,False,1497 1509
VLO,long,37,2024-05-01T20:00:00Z,145.601390894,2024-09-04T20:00:00Z,134.046209398,-427.54,2.0,-488.93,359.93,848.87,126.00:00:00,False,1462 1510
VLO,long,7,2024-09-03T20:00:00Z,134.036728127,2024-09-04T20:00:00Z,134.046209398,0.07,1.0,-11.55,149.05,11.55,1.00:00:00,True,1502 1510
MPC,long,21,2022-07-01T20:00:00Z,77.271380736,2024-10-01T20:00:00Z,159.437405798,1725.49,1.0,-99.31,2759.82,1179.91,823.00:00:00,True,1111 1513
MPC,long,6,2023-06-01T20:00:00Z,99.284123736,2024-10-01T20:00:00Z,159.437405798,360.92,1.0,-160.45,656.44,337.12,488.00:00:00,True,1284 1513
MPC,long,3,2024-01-02T21:00:00Z,144.397864468,2024-10-01T20:00:00Z,159.437405798,45.12,1.0,-215.57,192.88,168.56,272.23:00:00,True,1395 1513
MPC,long,2,2024-05-01T20:00:00Z,170.444370316,2024-10-01T20:00:00Z,159.437405798,-22.01,1.0,-195.8,76.49,43.46,153.00:00:00,False,1470 1513
MPC,long,3,2024-08-01T20:00:00Z,165.71360407,2024-10-01T20:00:00Z,159.437405798,-18.83,1.0,-279.51,128.93,61.36,61.00:00:00,False,1496 1513
OXY,long,71,2023-02-01T21:00:00Z,59.5862791,2024-10-01T20:00:00Z,51.1501608,-598.96,1.0,-826.75,455.61,1282.36,607.23:00:00,False,1213 1514
OXY,long,10,2023-07-03T17:00:00Z,55.861309878,2024-10-01T20:00:00Z,51.1501608,-47.11,1.0,-79.19,101.42,180.61,456.03:00:00,False,1302 1514
OXY,long,10,2023-12-01T21:00:00Z,55.683801015,2024-10-01T20:00:00Z,51.1501608,-45.34,1.0,-77.42,103.19,180.61,304.23:00:00,False,1376 1514
OXY,long,11,2024-08-01T20:00:00Z,56.797943832,2024-10-01T20:00:00Z,51.1501608,-62.13,1.0,-97.42,101.26,97.42,61.00:00:00,False,1493 1514
OXY,long,10,2024-09-03T20:00:00Z,52.99100856,2024-10-01T20:00:00Z,51.1501608,-18.41,1.0,-50.49,130.12,50.49,28.00:00:00,False,1506 1514
SBUX,long,54,2024-02-01T21:00:00Z,87.061792082,2024-10-01T20:00:00Z,92.644033797,301.44,1.0,-1028.88,396.43,1256.23,242.23:00:00,True,1416 1515
SBUX,long,7,2024-04-01T20:00:00Z,85.859588358,2024-10-01T20:00:00Z,92.644033797,47.49,1.0,-124.96,59.8,124.96,183.00:00:00,True,1453 1515
SBUX,long,7,2024-06-03T20:00:00Z,77.579176032,2024-10-01T20:00:00Z,92.644033797,105.45,1.0,-66.99,117.77,68.01,120.00:00:00,True,1479 1515
VZ,long,115,2023-03-01T21:00:00Z,30.26961602,2024-10-01T20:00:00Z,39.657642354,1079.62,1.0,-535.13,1079.62,701.71,579.23:00:00,True,1235 1516
VZ,long,14,2023-07-03T17:00:00Z,29.9627619755,2024-10-01T20:00:00Z,39.657642354,135.73,1.0,-60.85,135.73,62.93,456.03:00:00,True,1305 1516
VZ,long,19,2023-08-01T20:00:00Z,27.338047757,2024-10-01T20:00:00Z,39.657642354,234.07,1.0,-32.71,234.07,58.33,427.00:00:00,True,1319 1516
VZ,long,14,2024-03-01T21:00:00Z,34.14224592,2024-10-01T20:00:00Z,39.657642354,77.22,1.0,-119.36,77.22,42.98,213.23:00:00,True,1446 1516
LOW,long,3,2024-02-01T21:00:00Z,209.677437297,2024-10-01T20:00:00Z,262.08160704,157.21,2.0,-16.88,157.21,133.33,242.23:00:00,True,1417 1517
NEE,long,8,2024-03-01T21:00:00Z,51.381103685,2024-10-01T20:00:00Z,80.387729718,232.05,1.0,-1.79,232.05,71.97,213.23:00:00,True,1437 1518
PH,long,1,2023-11-01T20:00:00Z,359.383537062,2024-10-01T20:00:00Z,618.77479496,259.39,1.0,0.0,264.56,62.67,335.00:00:00,True,1359 1519
CRH,long,6,2024-02-01T21:00:00Z,70.2098166,2024-10-01T20:00:00Z,88.22430762,108.09,1.0,-4.49,122.07,85.72,242.23:00:00,True,1415 1520
BMY,long,11,2022-03-01T21:00:00Z,57.265668108,2024-10-01T20:00:00Z,48.20817204,-99.63,1.0,-234.36,125.94,360.3,944.23:00:00,False,1044 1521
PSX,long,39,2023-09-01T20:00:00Z,106.13446072,2024-11-01T20:00:00Z,112.302069726,240.54,1.0,-281.91,2062.52,1821.98,427.00:00:00,True,1327 1530
PSX,long,3,2024-05-01T20:00:00Z,129.09583372,2024-11-01T20:00:00Z,112.302069726,-50.38,1.0,-90.57,89.77,72.84,184.00:00:00,False,1469 1530
PSX,long,4,2024-09-03T20:00:00Z,126.329301,2024-11-01T20:00:00Z,112.302069726,-56.11,1.0,-109.69,130.76,70.82,59.00:00:00,False,1507 1530
PSX,long,4,2024-10-01T20:00:00Z,124.448398074,2024-11-01T20:00:00Z,112.302069726,-48.59,1.0,-102.17,138.28,70.82,31.00:00:00,False,1527 1530
DE,long,9,2022-01-03T21:00:00Z,329.813878223,2024-11-01T20:00:00Z,391.347003346,553.8,1.0,-501.65,886.39,1260.1,1032.23:00:00,True,1017 1531
DE,long,1,2022-07-01T20:00:00Z,285.913719665,2024-11-01T20:00:00Z,391.347003346,105.43,1.0,-11.84,142.39,92.8,854.00:00:00,True,1119 1531
DE,long,1,2023-05-01T20:00:00Z,365.553645944,2024-11-01T20:00:00Z,391.347003346,25.79,1.0,-91.48,62.75,92.46,550.00:00:00,True,1269 1531
DE,long,1,2023-06-01T20:00:00Z,337.284750734,2024-11-01T20:00:00Z,391.347003346,54.06,1.0,-63.21,91.02,92.46,519.00:00:00,True,1289 1531
DE,long,1,2023-10-02T20:00:00Z,360.003732992,2024-11-01T20:00:00Z,391.347003346,31.34,1.0,-85.93,68.3,65.8,396.00:00:00,True,1341 1531
DE,long,1,2023-12-01T21:00:00Z,355.159899328,2024-11-01T20:00:00Z,391.347003346,36.19,1.0,-81.09,73.14,65.8,335.23:00:00,True,1383 1531
DE,long,1,2024-03-01T21:00:00Z,355.536699455,2024-11-01T20:00:00Z,391.347003346,35.81,1.0,-81.46,72.76,65.8,244.23:00:00,True,1447 1531
DE,long,1,2024-08-01T20:00:00Z,348.570052222,2024-11-01T20:00:00Z,391.347003346,42.78,1.0,-74.5,79.73,16.66,92.00:00:00,True,1498 1531
FISV,long,6,2021-07-01T20:00:00Z,108.34,2024-11-01T20:00:00Z,202.22,563.28,1.0,-119.76,569.52,184.38,1219.00:00:00,True,948 1532
PCLN,long,6,2024-03-01T21:00:00Z,136.74714812044,2024-11-01T20:00:00Z,186.90048318884,300.92,1.0,-41.74,300.92,191.64,244.23:00:00,True,1441 1533
WMB,long,21,2024-08-01T20:00:00Z,39.99521628,2024-11-01T20:00:00Z,48.343965624,175.32,2.0,-36.43,196.2,36.43,92.00:00:00,True,1491 1534
GILD,long,9,2024-02-01T21:00:00Z,71.758242672,2024-11-01T20:00:00Z,84.823900872,117.59,1.0,-116.34,117.59,116.34,273.23:00:00,True,1414 1535
T,long,31,2024-03-01T21:00:00Z,15.016743534,2024-11-01T20:00:00Z,20.438798156,168.08,1.0,-16.91,179.83,34.18,244.23:00:00,True,1434 1536
TMUS,long,3,2024-03-01T21:00:00Z,155.701804288,2024-11-01T20:00:00Z,214.30939108,175.82,1.0,-10.24,205.42,31.07,244.23:00:00,True,1439 1537
NFLX,long,68,2022-05-02T20:00:00Z,19.946,2024-12-02T21:00:00Z,89.774,4748.3,1.0,-225.01,4748.64,893.52,945.01:00:00,True,1081 1542
NFLX,long,13,2023-10-02T20:00:00Z,38.033,2024-12-02T21:00:00Z,89.774,672.63,1.0,-278.15,672.7,119.73,427.01:00:00,True,1338 1542
NFLX,long,8,2024-05-01T20:00:00Z,55.171,2024-12-02T21:00:00Z,89.774,276.82,1.0,-308.27,276.86,73.68,215.01:00:00,True,1468 1542
PCLN,long,30,2024-03-01T21:00:00Z,136.74714812044,2024-12-02T21:00:00Z,205.60072441232,2065.61,1.0,-208.68,2065.61,958.2,276.00:00:00,True,1441 1543
PCLN,long,4,2024-08-01T20:00:00Z,143.86960137056,2024-12-02T21:00:00Z,205.60072441232,246.92,1.0,-56.31,246.92,56.31,123.01:00:00,True,1494 1543
OKE,long,12,2024-10-01T20:00:00Z,83.587491612,2024-12-02T21:00:00Z,101.069685068,209.79,2.0,0.0,282.38,72.59,62.01:00:00,True,1524 1544
ET,long,70,2024-10-01T20:00:00Z,13.92838853,2024-12-02T21:00:00Z,17.1176619,223.25,3.245,-3.03,250.4,27.15,62.01:00:00,True,1522 1545
BMY,long,11,2022-03-01T21:00:00Z,57.265668108,2024-12-02T21:00:00Z,55.235237472,-22.33,1.0,-234.36,125.94,360.3,1007.00:00:00,False,1044 1546
EPD,long,19,2022-03-01T21:00:00Z,17.955260148,2024-12-02T21:00:00Z,30.179627583,232.26,1.0,-12.19,242.78,72.51,1007.00:00:00,True,1036 1547
TGT,long,43,2024-10-01T20:00:00Z,140.84349046,2024-12-03T21:00:00Z,121.710510196,-822.72,2.0,-1183.03,337.83,1520.86,63.01:00:00,False,1523 1558
TGT,long,10,2024-12-02T21:00:00Z,121.841000864,2024-12-03T21:00:00Z,121.710510196,-1.3,1.0,-85.1,268.59,8.11,1.00:00:00,False,1551 1558
