id,time,last_fill_time,symbol,type,status,direction,quantity,price,value,fee,tag
1,2016-02-01T15:00:00Z,2016-02-01T21:00:00Z,NFLX,MarketOnClose,Filled,buy,543,9.409,5109.087,2.715,
2,2016-02-01T15:00:00Z,2016-02-01T21:00:00Z,GILD,MarketOnClose,Filled,buy,87,58.045930195,5049.995926965,1.0,
3,2016-02-01T15:00:00Z,2016-02-01T21:00:00Z,LUV,MarketOnClose,Filled,buy,151,33.61498697,5075.86303247,1.0,
4,2016-02-01T15:00:00Z,2016-02-01T21:00:00Z,AAPL,MarketOnClose,Filled,buy,228,21.655612962,4937.479755336,1.14,
5,2016-02-01T15:00:00Z,2016-02-01T21:00:00Z,F,MarketOnClose,Filled,buy,707,7.124142485,5036.768736895,3.535,
6,2016-02-01T15:00:00Z,2016-02-01T21:00:00Z,CSCO,MarketOnClose,Filled,buy,287,17.133940652,4917.440967124,1.435,
7,2016-02-01T15:00:00Z,2016-02-01T21:00:00Z,HPQ,MarketOnClose,Filled,buy,741,6.902331697,5114.627787477,3.705,
8,2016-02-01T15:00:00Z,2016-02-01T21:00:00Z,HPE,MarketOnClose,Filled,buy,483,10.335336095,4991.967333885,2.415,
9,2016-02-01T15:00:00Z,2016-02-01T21:00:00Z,GM,MarketOnClose,Filled,buy,210,24.06538739,5053.7313519,1.05,
10,2016-02-01T15:00:00Z,2016-02-01T21:00:00Z,VLO,MarketOnClose,Filled,buy,111,45.37488669,5036.61242259,1.0,
11,2016-02-01T15:00:00Z,2016-02-01T21:00:00Z,MPC,MarketOnClose,Filled,buy,165,30.149807381,4974.718217865,1.0,
12,2016-02-01T15:00:00Z,2016-02-01T21:00:00Z,HLT,MarketOnClose,Filled,buy,98,51.1763755578432,5015.284804668634,1.0,
13,2016-02-01T15:00:00Z,2016-02-01T21:00:00Z,EMR,MarketOnClose,Filled,buy,142,34.656258,4921.188636,1.0,
14,2016-02-01T15:00:00Z,2016-02-01T21:00:00Z,CRH,MarketOnClose,Filled,buy,239,20.69899845,4947.06062955,1.195,
15,2016-02-01T15:00:00Z,2016-02-01T21:00:00Z,ETN,MarketOnClose,Filled,buy,128,38.619325638,4943.273681664,1.0,
16,2016-02-01T15:00:00Z,2016-02-01T21:00:00Z,VZ,MarketOnClose,Filled,buy,174,29.034775836,5052.050995464,1.0,
17,2016-02-01T15:00:00Z,2016-02-01T21:00:00Z,DD,MarketOnClose,Filled,buy,96,52.4968856582607,5039.701023193027,1.0,
18,2016-02-01T15:00:00Z,2016-02-01T21:00:00Z,KR,MarketOnClose,Filled,buy,159,32.23295754,5125.04024886,1.0,
19,2016-02-01T15:00:00Z,2016-02-01T21:00:00Z,HCA,MarketOnClose,Filled,buy,77,65.55873955,5048.02294535,1.0,
20,2016-02-01T15:00:00Z,2016-02-01T21:00:00Z,MCK,MarketOnClose,Filled,buy,33,146.859883067,4846.376141211,1.0,
21,2016-02-02T05:00:00Z,2016-02-02T21:00:00Z,HLT,MarketOnOpen,Filled,sell,-98,50.3785256048256,-4937.095509272909,1.0,left universe
22,2016-02-02T05:00:00Z,2016-02-02T21:00:00Z,HPQ,MarketOnOpen,Filled,sell,-741,6.805408283,-5042.807537703,3.705,left universe
23,2016-03-01T05:00:00Z,,MPC,MarketOnOpen,Canceled,sell,-165,0.0,0.0,0.0,no valuation
24,2016-03-01T15:00:00Z,2016-03-01T21:00:00Z,MPC,MarketOnClose,Filled,sell,-165,25.243699899,-4165.210483335,1.0,no valuation
25,2016-03-01T15:00:00Z,2016-03-01T21:00:00Z,DD,MarketOnClose,Filled,sell,-13,61.731307301764,-802.506994922932,1.0,
26,2016-03-01T15:00:00Z,2016-03-01T21:00:00Z,ETN,MarketOnClose,Filled,sell,-13,44.648308374,-580.428008862,1.0,
27,2016-03-01T15:00:00Z,2016-03-01T21:00:00Z,LUV,MarketOnClose,Filled,sell,-15,37.3680315,-560.5204725,1.0,
28,2016-03-01T15:00:00Z,2016-03-01T21:00:00Z,CSCO,MarketOnClose,Filled,sell,-24,19.578519067,-469.884457608,1.0,
29,2016-03-01T15:00:00Z,2016-03-01T21:00:00Z,EMR,MarketOnClose,Filled,sell,-9,38.450290975,-346.052618775,1.0,
30,2016-03-01T15:00:00Z,2016-03-01T21:00:00Z,GILD,MarketOnClose,Filled,sell,-4,61.940981311,-247.763925244,1.0,
31,2016-03-01T15:00:00Z,2016-03-01T21:00:00Z,T,MarketOnClose,Filled,buy,331,15.3437488007693,5078.780853054638,1.655,
32,2016-03-01T15:00:00Z,2016-03-01T21:00:00Z,DAL,MarketOnClose,Filled,buy,118,43.04467977,5079.27221286,1.0,
33,2016-03-01T15:00:00Z,2016-03-01T21:00:00Z,AAL,MarketOnClose,Filled,buy,127,40.08372299,5090.63281973,1.0,
34,2016-03-01T15:00:00Z,2016-03-01T21:00:00Z,VLO,MarketOnClose,Filled,buy,14,41.077764609,575.088704526,1.0,
35,2016-03-01T15:00:00Z,2016-03-01T21:00:00Z,CRH,MarketOnClose,Filled,buy,15,20.26615905,303.99238575,1.0,
36,2016-03-01T15:00:00Z,2016-03-01T21:00:00Z,HPE,MarketOnClose,Filled,buy,22,9.95310104,218.96822288,1.0,
37,2016-03-01T15:00:00Z,2016-03-01T21:00:00Z,MCK,MarketOnClose,Filled,buy,1,144.741138035,144.741138035,1.0,
38,2016-04-01T14:00:00Z,2016-04-01T20:00:00Z,HPE,MarketOnClose,Filled,sell,-98,13.83974032,-1356.29455136,1.0,
39,2016-04-01T14:00:00Z,2016-04-01T20:00:00Z,KR,MarketOnClose,Filled,buy,17,30.882770096,525.007091632,1.0,
40,2016-04-01T14:00:00Z,2016-04-01T20:00:00Z,MCK,MarketOnClose,Filled,buy,3,145.443361239,436.330083717,1.0,
41,2016-04-01T14:00:00Z,2016-04-01T20:00:00Z,AAL,MarketOnClose,Filled,buy,11,37.87015856,416.57174416,1.0,
42,2016-04-01T14:00:00Z,2016-04-01T20:00:00Z,DAL,MarketOnClose,Filled,buy,8,41.380989693,331.047917544,1.0,
43,2016-05-02T14:00:00Z,2016-05-02T20:00:00Z,MCK,MarketOnClose,Filled,sell,-4,155.625597697,-622.502390788,1.0,
44,2016-05-02T14:00:00Z,2016-05-02T20:00:00Z,CRH,MarketOnClose,Filled,sell,-25,22.892599493,-572.314987325,1.0,
45,2016-05-02T14:00:00Z,2016-05-02T20:00:00Z,HCA,MarketOnClose,Filled,sell,-7,74.965154025,-524.756078175,1.0,
46,2016-05-02T14:00:00Z,2016-05-02T20:00:00Z,F,MarketOnClose,Filled,sell,-59,8.12767371,-479.53274889,1.0,
47,2016-05-02T14:00:00Z,2016-05-02T20:00:00Z,ETN,MarketOnClose,Filled,sell,-9,49.28570132,-443.57131188,1.0,
48,2016-05-02T14:00:00Z,2016-05-02T20:00:00Z,EMR,MarketOnClose,Filled,sell,-9,42.482300675,-382.340706075,1.0,
49,2016-05-02T14:00:00Z,2016-05-02T20:00:00Z,AAL,MarketOnClose,Filled,buy,19,33.088032219,628.672612161,1.0,
50,2016-05-02T14:00:00Z,2016-05-02T20:00:00Z,DAL,MarketOnClose,Filled,buy,17,37.120534681,631.049089577,1.0,
51,2016-05-02T14:00:00Z,2016-05-02T20:00:00Z,AAPL,MarketOnClose,Filled,buy,20,21.14316288,422.8632576,1.0,
52,2016-05-02T14:00:00Z,2016-05-02T20:00:00Z,NFLX,MarketOnClose,Filled,buy,40,9.311,372.44,1.0,
53,2016-05-02T14:00:00Z,2016-05-02T20:00:00Z,VLO,MarketOnClose,Filled,buy,8,39.897254082,319.178032656,1.0,
54,2016-05-02T14:00:00Z,2016-05-02T20:00:00Z,KR,MarketOnClose,Filled,buy,8,28.553667654,228.429341232,1.0,
55,2016-05-03T04:00:00Z,2016-05-03T20:00:00Z,AAL,MarketOnOpen,Filled,sell,-157,33.385949442,-5241.594062394,1.0,left universe
56,2016-06-01T14:00:00Z,2016-06-01T20:00:00Z,NFLX,MarketOnClose,Filled,sell,-63,10.151,-639.513,1.0,
57,2016-06-01T14:00:00Z,2016-06-01T20:00:00Z,MCK,MarketOnClose,Filled,sell,-2,170.760355699,-341.520711398,1.0,
58,2016-06-01T14:00:00Z,2016-06-01T20:00:00Z,HPE,MarketOnClose,Filled,sell,-23,13.757002742,-316.411063066,1.0,
59,2016-06-01T14:00:00Z,2016-06-01T20:00:00Z,CSCO,MarketOnClose,Filled,sell,-14,21.28191376,-297.94679264,1.0,
60,2016-06-01T14:00:00Z,2016-06-01T20:00:00Z,AAPL,MarketOnClose,Filled,sell,-13,22.3668357435,-290.7688646655,1.0,
61,2016-06-01T14:00:00Z,2016-06-01T20:00:00Z,TGT,MarketOnClose,Filled,buy,105,50.269692936,5278.31775828,1.0,
62,2016-06-01T14:00:00Z,2016-06-01T20:00:00Z,VLO,MarketOnClose,Filled,buy,11,37.57776201,413.35538211,1.0,
63,2016-06-01T14:00:00Z,2016-06-01T20:00:00Z,EMR,MarketOnClose,Filled,buy,8,40.494958464,323.959667712,1.0,
64,2016-06-01T14:00:00Z,2016-06-01T20:00:00Z,GILD,MarketOnClose,Filled,buy,5,60.081351174,300.40675587,1.0,
65,2016-06-01T14:00:00Z,2016-06-01T20:00:00Z,HCA,MarketOnClose,Filled,buy,4,72.343542925,289.3741717,1.0,
66,2016-06-01T14:00:00Z,2016-06-01T20:00:00Z,LUV,MarketOnClose,Filled,buy,6,37.403201412,224.419208472,1.0,
67,2016-06-01T14:00:00Z,2016-06-01T20:00:00Z,VZ,MarketOnClose,Filled,buy,7,29.150511813,204.053582691,1.0,
68,2016-06-01T14:00:00Z,2016-06-01T20:00:00Z,ETN,MarketOnClose,Filled,buy,4,48.315111165,193.26044466,1.0,
69,2016-07-01T04:00:00Z,,CRH,MarketOnOpen,Canceled,sell,-229,0.0,0.0,0.0,no valuation
70,2016-07-01T14:00:00Z,2016-07-01T20:00:00Z,CRH,MarketOnClose,Filled,sell,-229,23.183773842,-5309.084209818,1.145,no valuation
71,2016-07-01T14:00:00Z,2016-07-01T20:00:00Z,T,MarketOnClose,Filled,sell,-42,18.0600019879628,-758.5200834944376,1.0,
72,2016-07-01T14:00:00Z,2016-07-01T20:00:00Z,VZ,MarketOnClose,Filled,sell,-20,32.508918984,-650.17837968,1.0,
73,2016-07-01T14:00:00Z,2016-07-01T20:00:00Z,KR,MarketOnClose,Filled,sell,-10,29.544326265,-295.44326265,1.0,
74,2016-07-01T14:00:00Z,2016-07-01T20:00:00Z,MDLZ,MarketOnClose,Filled,buy,144,35.595439399,5125.743273456,1.0,
75,2016-07-01T14:00:00Z,2016-07-01T20:00:00Z,DAL,MarketOnClose,Filled,buy,18,32.471406827,584.485322886,1.0,
76,2016-07-01T14:00:00Z,2016-07-01T20:00:00Z,NFLX,MarketOnClose,Filled,buy,48,9.667,464.016,1.0,
77,2016-07-01T14:00:00Z,2016-07-01T20:00:00Z,F,MarketOnClose,Filled,buy,45,7.59060276,341.5771242,1.0,
78,2016-07-01T14:00:00Z,2016-07-01T20:00:00Z,GM,MarketOnClose,Filled,buy,14,23.677518861,331.485264054,1.0,
79,2016-07-01T14:00:00Z,2016-07-01T20:00:00Z,LUV,MarketOnClose,Filled,buy,8,34.90193124,279.21544992,1.0,
80,2016-07-01T14:00:00Z,2016-07-01T20:00:00Z,VLO,MarketOnClose,Filled,buy,7,34.672125945,242.704881615,1.0,
81,2016-08-01T14:00:00Z,2016-08-01T20:00:00Z,HPE,MarketOnClose,Filled,sell,-45,15.907543484,-715.83945678,1.0,
82,2016-08-01T14:00:00Z,2016-08-01T20:00:00Z,TGT,MarketOnClose,Filled,sell,-8,55.486983096,-443.895864768,1.0,
83,2016-08-01T14:00:00Z,2016-08-01T20:00:00Z,GM,MarketOnClose,Filled,sell,-16,25.65269437,-410.44310992,1.0,
84,2016-08-01T14:00:00Z,2016-08-01T20:00:00Z,EMR,MarketOnClose,Filled,sell,-9,43.305383112,-389.748448008,1.0,
85,2016-08-01T14:00:00Z,2016-08-01T20:00:00Z,CSCO,MarketOnClose,Filled,sell,-12,22.83567811,-274.02813732,1.0,
86,2016-08-01T14:00:00Z,2016-08-01T20:00:00Z,KR,MarketOnClose,Filled,buy,20,27.491177463,549.82354926,1.0,
87,2016-08-01T14:00:00Z,2016-08-01T20:00:00Z,LUV,MarketOnClose,Filled,buy,14,32.645644776,457.039026864,1.0,
88,2016-08-01T14:00:00Z,2016-08-01T20:00:00Z,GILD,MarketOnClose,Filled,buy,8,56.148681114,449.189448912,1.0,
89,2016-08-01T14:00:00Z,2016-08-01T20:00:00Z,MDLZ,MarketOnClose,Filled,buy,10,34.309237532,343.09237532,1.0,
90,2016-08-02T04:00:00Z,2016-08-02T20:00:00Z,LUV,MarketOnOpen,Filled,sell,-164,32.478186015,-5326.42250646,1.0,left universe
91,2016-09-01T14:00:00Z,2016-09-01T20:00:00Z,ETN,MarketOnClose,Filled,sell,-9,52.916427872,-476.247850848,1.0,
92,2016-09-01T14:00:00Z,2016-09-01T20:00:00Z,VLO,MarketOnClose,Filled,sell,-10,37.010008755,-370.10008755,1.0,
93,2016-09-01T14:00:00Z,2016-09-01T20:00:00Z,AAPL,MarketOnClose,Filled,sell,-15,24.37684649725,-365.65269745875,1.0,
94,2016-09-01T14:00:00Z,2016-09-01T20:00:00Z,DD,MarketOnClose,Filled,sell,-4,67.5488106007668,-270.1952424030672,1.0,
95,2016-09-01T14:00:00Z,2016-09-01T20:00:00Z,HPQ,MarketOnClose,Filled,buy,526,10.24212575,5387.3581445,2.63,
96,2016-09-01T14:00:00Z,2016-09-01T20:00:00Z,VZ,MarketOnClose,Filled,buy,14,30.691418616,429.679860624,1.0,
97,2016-09-01T14:00:00Z,2016-09-01T20:00:00Z,T,MarketOnClose,Filled,buy,22,17.2077350926008,378.5701720372176,1.0,
98,2016-09-01T14:00:00Z,2016-09-01T20:00:00Z,KR,MarketOnClose,Filled,buy,12,25.929847924,311.158175088,1.0,
99,2016-09-01T14:00:00Z,2016-09-01T20:00:00Z,TGT,MarketOnClose,Filled,buy,5,52.278140172,261.39070086,1.0,
100,2016-09-01T14:00:00Z,2016-09-01T20:00:00Z,EMR,MarketOnClose,Filled,buy,6,41.247556396,247.485338376,1.0,
101,2016-10-03T14:00:00Z,2016-10-03T20:00:00Z,HPE,MarketOnClose,Filled,sell,-28,17.092308345,-478.58463366,1.0,
102,2016-10-03T14:00:00Z,2016-10-03T20:00:00Z,HPQ,MarketOnClose,Filled,sell,-43,11.149524805,-479.429566615,1.0,
103,2016-10-03T14:00:00Z,2016-10-03T20:00:00Z,AAPL,MarketOnClose,Filled,sell,-13,25.699267009,-334.090471117,1.0,
104,2016-10-03T14:00:00Z,2016-10-03T20:00:00Z,DAL,MarketOnClose,Filled,sell,-8,35.497246498,-283.977971984,1.0,
105,2016-10-03T14:00:00Z,2016-10-03T20:00:00Z,CSCO,MarketOnClose,Filled,sell,-11,23.6013246,-259.6145706,1.0,
106,2016-10-03T14:00:00Z,2016-10-03T20:00:00Z,NFLX,MarketOnClose,Filled,sell,-26,10.263,-266.838,1.0,
107,2016-10-03T14:00:00Z,2016-10-03T20:00:00Z,MCK,MarketOnClose,Filled,buy,3,153.22635603,459.67906809,1.0,
108,2016-10-03T14:00:00Z,2016-10-03T20:00:00Z,KR,MarketOnClose,Filled,buy,16,23.755505232,380.088083712,1.0,
109,2016-10-03T14:00:00Z,2016-10-03T20:00:00Z,F,MarketOnClose,Filled,buy,41,7.29979327,299.29152407,1.0,
110,2016-10-03T14:00:00Z,2016-10-03T20:00:00Z,VLO,MarketOnClose,Filled,buy,7,36.06243255,252.43702785,1.0,
111,2016-11-01T14:00:00Z,2016-11-01T20:00:00Z,AAPL,MarketOnClose,Filled,sell,-207,25.46401776425,-5271.05167719975,1.035,reached implied value
112,2016-11-01T14:00:00Z,2016-11-01T20:00:00Z,NFLX,MarketOnClose,Filled,sell,-116,12.33,-1430.28,1.0,
113,2016-11-01T14:00:00Z,2016-11-01T20:00:00Z,VLO,MarketOnClose,Filled,sell,-17,40.554898155,-689.433268635,1.0,
114,2016-11-01T14:00:00Z,2016-11-01T20:00:00Z,DAL,MarketOnClose,Filled,sell,-10,37.184209188,-371.84209188,1.0,
115,2016-11-01T14:00:00Z,2016-11-01T20:00:00Z,KR,MarketOnClose,Filled,sell,-11,24.980601301,-274.786614311,1.0,
116,2016-11-01T14:00:00Z,2016-11-01T20:00:00Z,LUV,MarketOnClose,Filled,buy,150,35.067525376,5260.1288064,1.0,
117,2016-11-01T14:00:00Z,2016-11-01T20:00:00Z,MCK,MarketOnClose,Filled,buy,11,119.80627257,1317.86899827,1.0,
118,2016-11-01T14:00:00Z,2016-11-01T20:00:00Z,T,MarketOnClose,Filled,buy,29,15.5462699947136,450.8418298466944,1.0,
119,2016-11-01T14:00:00Z,2016-11-01T20:00:00Z,VZ,MarketOnClose,Filled,buy,12,28.148653708,337.783844496,1.0,
120,2016-11-01T14:00:00Z,2016-11-01T20:00:00Z,HPQ,MarketOnClose,Filled,buy,32,10.230490492,327.375695744,1.0,
121,2016-11-01T14:00:00Z,2016-11-01T20:00:00Z,GILD,MarketOnClose,Filled,buy,6,52.00254711,312.01528266,1.0,
122,2016-11-01T14:00:00Z,2016-11-01T20:00:00Z,ETN,MarketOnClose,Filled,buy,4,47.99801512,191.99206048,1.0,
123,2016-12-01T15:00:00Z,2016-12-01T21:00:00Z,EMR,MarketOnClose,Filled,sell,-129,44.894488072,-5791.388961288,1.0,reached implied value
124,2016-12-01T15:00:00Z,2016-12-01T21:00:00Z,LUV,MarketOnClose,Filled,sell,-15,41.598498474,-623.97747711,1.0,
125,2016-12-01T15:00:00Z,2016-12-01T21:00:00Z,DAL,MarketOnClose,Filled,sell,-14,42.606535923,-596.491502922,1.0,
126,2016-12-01T15:00:00Z,2016-12-01T21:00:00Z,MCK,MarketOnClose,Filled,sell,-4,132.865218332,-531.460873328,1.0,
127,2016-12-01T15:00:00Z,2016-12-01T21:00:00Z,GM,MarketOnClose,Filled,sell,-14,30.214572053,-423.004008742,1.0,
128,2016-12-01T15:00:00Z,2016-12-01T21:00:00Z,TGT,MarketOnClose,Filled,sell,-6,58.129586718,-348.777520308,1.0,
129,2016-12-01T15:00:00Z,2016-12-01T21:00:00Z,MPC,MarketOnClose,Filled,buy,158,35.735858158,5646.265588964,1.0,
130,2016-12-01T15:00:00Z,2016-12-01T21:00:00Z,HCA,MarketOnClose,Filled,buy,11,65.74336005,723.17696055,1.0,
131,2016-12-01T15:00:00Z,2016-12-01T21:00:00Z,NFLX,MarketOnClose,Filled,buy,50,11.722,586.1,1.0,
132,2016-12-01T15:00:00Z,2016-12-01T21:00:00Z,MDLZ,MarketOnClose,Filled,buy,16,32.3685588,517.8969408,1.0,
133,2016-12-01T15:00:00Z,2016-12-01T21:00:00Z,CSCO,MarketOnClose,Filled,buy,23,22.06536538,507.50340374,1.0,
134,2016-12-01T15:00:00Z,2016-12-01T21:00:00Z,GILD,MarketOnClose,Filled,buy,5,51.13899732,255.6949866,1.0,
135,2017-01-03T15:00:00Z,2017-01-03T21:00:00Z,VLO,MarketOnClose,Filled,sell,-9,48.45554427,-436.09989843,1.0,
136,2017-01-03T15:00:00Z,2017-01-03T21:00:00Z,T,MarketOnClose,Filled,sell,-23,18.2932312683966,-420.7443191731218,1.0,
137,2017-01-03T15:00:00Z,2017-01-03T21:00:00Z,MDLZ,MarketOnClose,Filled,sell,-8,35.69735286,-285.57882288,1.0,
138,2017-01-03T15:00:00Z,2017-01-03T21:00:00Z,TGT,MarketOnClose,Filled,buy,10,54.342423975,543.42423975,1.0,
139,2017-01-03T15:00:00Z,2017-01-03T21:00:00Z,MCK,MarketOnClose,Filled,buy,3,136.904662697,410.713988091,1.0,
140,2017-01-03T15:00:00Z,2017-01-03T21:00:00Z,F,MarketOnClose,Filled,buy,41,7.690032432,315.291329712,1.0,
141,2017-01-03T15:00:00Z,2017-01-03T21:00:00Z,GILD,MarketOnClose,Filled,buy,6,52.400951712,314.405710272,1.0,
142,2017-01-03T15:00:00Z,2017-01-03T21:00:00Z,HPE,MarketOnClose,Filled,buy,16,17.60404864,281.66477824,1.0,
143,2017-01-03T15:00:00Z,2017-01-03T21:00:00Z,HPQ,MarketOnClose,Filled,buy,23,10.66746186,245.35162278,1.0,
144,2017-02-01T15:00:00Z,2017-02-01T21:00:00Z,F,MarketOnClose,Filled,sell,-775,7.64648808,-5926.028262,3.875,reached implied value
145,2017-02-01T15:00:00Z,2017-02-01T21:00:00Z,NFLX,MarketOnClose,Filled,sell,-65,14.078,-915.07,1.0,
146,2017-02-01T15:00:00Z,2017-02-01T21:00:00Z,HCA,MarketOnClose,Filled,sell,-7,75.6574809,-529.6023663,1.0,
147,2017-02-01T15:00:00Z,2017-02-01T21:00:00Z,LUV,MarketOnClose,Filled,sell,-11,46.699781381,-513.697595191,1.0,
148,2017-02-01T15:00:00Z,2017-02-01T21:00:00Z,LBTYA,MarketOnClose,Filled,buy,158,36.23,5724.34,1.0,
149,2017-02-01T15:00:00Z,2017-02-01T21:00:00Z,TGT,MarketOnClose,Filled,buy,14,47.559891883,665.838486362,1.0,
150,2017-02-01T15:00:00Z,2017-02-01T21:00:00Z,DAL,MarketOnClose,Filled,buy,8,42.151661874,337.213294992,1.0,
151,2017-02-01T15:00:00Z,2017-02-01T21:00:00Z,VZ,MarketOnClose,Filled,buy,10,28.886429856,288.86429856,1.0,
152,2017-02-01T15:00:00Z,2017-02-01T21:00:00Z,VLO,MarketOnClose,Filled,buy,5,44.980672095,224.903360475,1.0,
153,2017-03-01T15:00:00Z,2017-03-01T21:00:00Z,MPC,MarketOnClose,Filled,sell,-158,38.443905401,-6074.137053358,1.0,reached implied value
154,2017-03-01T15:00:00Z,2017-03-01T21:00:00Z,DD,MarketOnClose,Filled,sell,-79,81.0151494273546,-6400.1968047610135,1.0,reached implied value
155,2017-03-01T15:00:00Z,2017-03-01T21:00:00Z,ETN,MarketOnClose,Filled,sell,-105,58.4612666,-6138.432993,1.0,reached implied value
156,2017-03-01T15:00:00Z,2017-03-01T21:00:00Z,GM,MarketOnClose,Filled,sell,-194,31.380716863,-6087.859071422,1.0,no valuation
157,2017-03-01T15:00:00Z,2017-03-01T21:00:00Z,MDLZ,MarketOnClose,Filled,sell,-162,35.052651504,-5678.529543648,1.0,reached implied value
158,2017-03-01T15:00:00Z,2017-03-01T21:00:00Z,HPQ,MarketOnClose,Filled,sell,-61,12.664468188,-772.532559468,1.0,
159,2017-03-01T15:00:00Z,2017-03-01T21:00:00Z,CSCO,MarketOnClose,Filled,sell,-19,26.025681192,-494.487942648,1.0,
160,2017-03-01T15:00:00Z,2017-03-01T21:00:00Z,LUV,MarketOnClose,Filled,sell,-8,52.146465536,-417.171724288,1.0,
161,2017-03-01T15:00:00Z,2017-03-01T21:00:00Z,HCA,MarketOnClose,Filled,sell,-5,81.2699441,-406.3497205,1.0,
162,2017-03-01T15:00:00Z,2017-03-01T21:00:00Z,BAX,MarketOnClose,Filled,buy,136,44.151848604,6004.651410144,1.0,
163,2017-03-01T15:00:00Z,2017-03-01T21:00:00Z,GLW,MarketOnClose,Filled,buy,274,22.18168008,6077.78034192,1.37,
164,2017-03-01T15:00:00Z,2017-03-01T21:00:00Z,EBAY,MarketOnClose,Filled,buy,199,30.221482707,6014.075058693,1.0,
165,2017-03-01T15:00:00Z,2017-03-01T21:00:00Z,PPL,MarketOnClose,Filled,buy,246,24.029493254,5911.255340484,1.23,
166,2017-03-01T15:00:00Z,2017-03-01T21:00:00Z,MO,MarketOnClose,Filled,buy,156,38.344509,5981.743404,1.0,
167,2017-03-01T15:00:00Z,2017-03-01T21:00:00Z,TGT,MarketOnClose,Filled,buy,14,43.595446216,610.336247024,1.0,
168,2017-03-01T15:00:00Z,2017-03-01T21:00:00Z,KR,MarketOnClose,Filled,buy,18,26.201919856,471.634557408,1.0,
169,2017-03-01T15:00:00Z,2017-03-01T21:00:00Z,GILD,MarketOnClose,Filled,buy,6,49.595776708,297.574660248,1.0,
170,2017-03-01T15:00:00Z,2017-03-01T21:00:00Z,LBTYA,MarketOnClose,Filled,buy,8,35.2,281.6,1.0,
171,2017-03-01T15:00:00Z,2017-03-01T21:00:00Z,HPE,MarketOnClose,Filled,buy,16,17.588872736,281.421963776,1.0,
172,2017-03-01T15:00:00Z,2017-03-01T21:00:00Z,T,MarketOnClose,Filled,buy,14,18.0842773630491,253.1798830826874,1.0,
173,2017-04-01T04:00:00Z,,GLW,MarketOnOpen,Canceled,sell,-274,0.0,0.0,0.0,no valuation
174,2017-04-03T14:00:00Z,2017-04-03T20:00:00Z,GLW,MarketOnClose,Filled,sell,-274,21.111925296,-5784.667531104,1.37,no valuation
175,2017-04-03T14:00:00Z,2017-04-03T20:00:00Z,KR,MarketOnClose,Filled,sell,-229,24.02796144,-5502.40316976,1.145,no valuation
176,2017-04-03T14:00:00Z,2017-04-03T20:00:00Z,HPE,MarketOnClose,Filled,sell,-17,13.37387989,-227.35595813,1.0,
177,2017-04-03T14:00:00Z,2017-04-03T20:00:00Z,HPQ,MarketOnClose,Filled,sell,-23,12.731126613,-292.815912099,1.0,
178,2017-04-03T14:00:00Z,2017-04-03T20:00:00Z,CRH,MarketOnClose,Filled,buy,208,27.825914655,5787.79024824,1.04,
179,2017-04-03T14:00:00Z,2017-04-03T20:00:00Z,CAH,MarketOnClose,Filled,buy,92,62.931465144,5789.694793248,1.0,
180,2017-04-03T14:00:00Z,2017-04-03T20:00:00Z,LUV,MarketOnClose,Filled,buy,7,47.9077794,335.3544558,1.0,
181,2017-04-03T14:00:00Z,2017-04-03T20:00:00Z,TGT,MarketOnClose,Filled,buy,7,40.730796456,285.115575192,1.0,
182,2017-04-03T14:00:00Z,2017-04-03T20:00:00Z,DAL,MarketOnClose,Filled,buy,6,41.466293539,248.797761234,1.0,
183,2017-05-01T14:00:00Z,2017-05-01T20:00:00Z,BAX,MarketOnClose,Filled,sell,-16,47.928163716,-766.850619456,1.0,
184,2017-05-01T14:00:00Z,2017-05-01T20:00:00Z,NFLX,MarketOnClose,Filled,sell,-30,15.535,-466.05,1.0,
185,2017-05-01T14:00:00Z,2017-05-01T20:00:00Z,PPL,MarketOnClose,Filled,sell,-16,25.12700389,-402.03206224,1.0,
186,2017-05-01T14:00:00Z,2017-05-01T20:00:00Z,HPQ,MarketOnClose,Filled,sell,-28,13.708217058,-383.830077624,1.0,
187,2017-05-01T14:00:00Z,2017-05-01T20:00:00Z,LUV,MarketOnClose,Filled,sell,-7,49.930552308,-349.513866156,1.0,
188,2017-05-01T14:00:00Z,2017-05-01T20:00:00Z,CRH,MarketOnClose,Filled,sell,-9,29.327630684,-263.948676156,1.0,
189,2017-05-01T14:00:00Z,2017-05-01T20:00:00Z,HPE,MarketOnClose,Filled,buy,83,14.27206875,1184.58170625,1.0,
190,2017-05-01T14:00:00Z,2017-05-01T20:00:00Z,CAH,MarketOnClose,Filled,buy,10,56.128273644,561.28273644,1.0,
191,2017-05-01T14:00:00Z,2017-05-01T20:00:00Z,VZ,MarketOnClose,Filled,buy,12,27.71601624,332.59219488,1.0,
192,2017-05-02T04:00:00Z,2017-05-02T20:00:00Z,CAH,MarketOnOpen,Filled,sell,-102,56.40817638,-5753.63399076,1.0,left universe
193,2017-06-01T14:00:00Z,2017-06-01T20:00:00Z,MCK,MarketOnClose,Filled,sell,-6,154.626605424,-927.759632544,1.0,
194,2017-06-01T14:00:00Z,2017-06-01T20:00:00Z,DAL,MarketOnClose,Filled,sell,-10,44.819352355,-448.19352355,1.0,
195,2017-06-01T14:00:00Z,2017-06-01T20:00:00Z,NFLX,MarketOnClose,Filled,sell,-21,16.299,-342.279,1.0,
196,2017-06-01T14:00:00Z,2017-06-01T20:00:00Z,LUV,MarketOnClose,Filled,sell,-6,53.49702033,-320.98212198,1.0,
197,2017-06-01T14:00:00Z,2017-06-01T20:00:00Z,BAX,MarketOnClose,Filled,sell,-6,51.870174,-311.221044,1.0,
198,2017-06-01T14:00:00Z,2017-06-01T20:00:00Z,GLW,MarketOnClose,Filled,buy,255,23.460938331,5982.539274405,1.275,
199,2017-06-01T14:00:00Z,2017-06-01T20:00:00Z,LBTYA,MarketOnClose,Filled,buy,26,31.35,815.1,1.0,
200,2017-06-01T14:00:00Z,2017-06-01T20:00:00Z,VLO,MarketOnClose,Filled,buy,9,43.652543984,392.872895856,1.0,
201,2017-06-01T14:00:00Z,2017-06-01T20:00:00Z,GILD,MarketOnClose,Filled,buy,8,46.011391524,368.091132192,1.0,
202,2017-06-01T14:00:00Z,2017-06-01T20:00:00Z,CSCO,MarketOnClose,Filled,buy,14,24.255265936,339.573723104,1.0,
203,2017-06-01T14:00:00Z,2017-06-01T20:00:00Z,T,MarketOnClose,Filled,buy,19,16.9204278634201,321.4881294049819,1.0,
204,2017-06-01T14:00:00Z,2017-06-01T20:00:00Z,HCA,MarketOnClose,Filled,buy,4,77.309834375,309.2393375,1.0,
205,2017-07-03T14:00:00Z,2017-07-03T17:00:00Z,VLO,MarketOnClose,Filled,sell,-12,47.791524732,-573.498296784,1.0,
206,2017-07-03T14:00:00Z,2017-07-03T17:00:00Z,GILD,MarketOnClose,Filled,sell,-11,50.7455613,-558.2011743,1.0,
207,2017-07-03T14:00:00Z,2017-07-03T17:00:00Z,DAL,MarketOnClose,Filled,sell,-11,48.604497258,-534.649469838,1.0,
208,2017-07-03T14:00:00Z,2017-07-03T17:00:00Z,HCA,MarketOnClose,Filled,sell,-4,80.503769025,-322.0150761,1.0,
209,2017-07-03T14:00:00Z,2017-07-03T17:00:00Z,LBTYA,MarketOnClose,Filled,sell,-9,31.94,-287.46,1.0,
210,2017-07-03T14:00:00Z,2017-07-03T17:00:00Z,HPE,MarketOnClose,Filled,buy,56,12.737552001,713.302912056,1.0,
211,2017-07-03T14:00:00Z,2017-07-03T17:00:00Z,NFLX,MarketOnClose,Filled,buy,34,14.617,496.978,1.0,
212,2017-07-03T14:00:00Z,2017-07-03T17:00:00Z,HPQ,MarketOnClose,Filled,buy,36,12.81216699,461.23801164,1.0,
213,2017-07-03T14:00:00Z,2017-07-03T17:00:00Z,TGT,MarketOnClose,Filled,buy,7,40.091413673,280.639895711,1.0,
214,2017-07-03T14:00:00Z,2017-07-03T17:00:00Z,VZ,MarketOnClose,Filled,buy,9,27.18441,244.65969,1.0,
215,2017-08-01T14:00:00Z,2017-08-01T20:00:00Z,NFLX,MarketOnClose,Filled,sell,-65,18.203,-1183.195,1.0,
216,2017-08-01T14:00:00Z,2017-08-01T20:00:00Z,VZ,MarketOnClose,Filled,sell,-16,29.92126668,-478.74026688,1.0,
217,2017-08-01T14:00:00Z,2017-08-01T20:00:00Z,HPQ,MarketOnClose,Filled,sell,-32,13.95702198,-446.62470336,1.0,
218,2017-08-01T14:00:00Z,2017-08-01T20:00:00Z,TGT,MarketOnClose,Filled,sell,-10,43.330123198,-433.30123198,1.0,
219,2017-08-01T14:00:00Z,2017-08-01T20:00:00Z,GILD,MarketOnClose,Filled,sell,-7,54.3343563,-380.3404941,1.0,
220,2017-08-01T14:00:00Z,2017-08-01T20:00:00Z,EBAY,MarketOnClose,Filled,sell,-9,31.667739831,-285.009658479,1.0,
221,2017-08-01T14:00:00Z,2017-08-01T20:00:00Z,MO,MarketOnClose,Filled,buy,22,33.76211255,742.7664761,1.0,
222,2017-08-01T14:00:00Z,2017-08-01T20:00:00Z,DAL,MarketOnClose,Filled,buy,13,45.017150901,585.222961713,1.0,
223,2017-08-01T14:00:00Z,2017-08-01T20:00:00Z,LUV,MarketOnClose,Filled,buy,11,49.515761876,544.673380636,1.0,
224,2017-08-01T14:00:00Z,2017-08-01T20:00:00Z,HCA,MarketOnClose,Filled,buy,7,73.1835662,512.2849634,1.0,
225,2017-08-01T14:00:00Z,2017-08-01T20:00:00Z,CRH,MarketOnClose,Filled,buy,13,27.994556562,363.929235306,1.0,
226,2017-08-01T14:00:00Z,2017-08-01T20:00:00Z,MCK,MarketOnClose,Filled,buy,1,150.283789722,150.283789722,1.0,
227,2017-09-01T04:00:00Z,,GLW,MarketOnOpen,Canceled,sell,-255,0.0,0.0,0.0,no valuation
228,2017-09-01T14:00:00Z,2017-09-01T20:00:00Z,CSCO,MarketOnClose,Filled,sell,-244,24.85118395,-6063.6888838,1.22,reached implied value
229,2017-09-01T14:00:00Z,2017-09-01T20:00:00Z,GLW,MarketOnClose,Filled,sell,-255,22.9759046,-5858.855673,1.275,no valuation
230,2017-09-01T14:00:00Z,2017-09-01T20:00:00Z,GILD,MarketOnClose,Filled,sell,-10,60.11231625,-601.1231625,1.0,
231,2017-09-01T14:00:00Z,2017-09-01T20:00:00Z,HPE,MarketOnClose,Filled,sell,-34,10.934275293,-371.765359962,1.0,
232,2017-09-01T14:00:00Z,2017-09-01T20:00:00Z,LBTYA,MarketOnClose,Filled,sell,-8,33.9,-271.2,1.0,
233,2017-09-01T14:00:00Z,2017-09-01T20:00:00Z,LOW,MarketOnClose,Filled,buy,95,63.100234115,5994.522240925,1.0,
234,2017-09-01T14:00:00Z,2017-09-01T20:00:00Z,DISH,MarketOnClose,Filled,buy,103,58.47,6022.41,1.0,
235,2017-09-01T14:00:00Z,2017-09-01T20:00:00Z,MCK,MarketOnClose,Filled,buy,3,139.562670779,418.688012337,1.0,
236,2017-09-01T14:00:00Z,2017-09-01T20:00:00Z,LUV,MarketOnClose,Filled,buy,7,46.487350051,325.411450357,1.0,
237,2017-10-02T14:00:00Z,2017-10-02T20:00:00Z,VLO,MarketOnClose,Filled,sell,-13,54.70281866,-711.13664258,1.0,
238,2017-10-02T14:00:00Z,2017-10-02T20:00:00Z,CRH,MarketOnClose,Filled,sell,-14,30.040879768,-420.572316752,1.0,
239,2017-10-02T14:00:00Z,2017-10-02T20:00:00Z,EBAY,MarketOnClose,Filled,sell,-11,34.154596593,-375.700562523,1.0,
240,2017-10-02T14:00:00Z,2017-10-02T20:00:00Z,LOW,MarketOnClose,Filled,sell,-5,68.290260069,-341.451300345,1.0,
241,2017-10-02T14:00:00Z,2017-10-02T20:00:00Z,LUV,MarketOnClose,Filled,sell,-6,49.836505755,-299.01903453,1.0,
242,2017-10-02T14:00:00Z,2017-10-02T20:00:00Z,HPE,MarketOnClose,Filled,buy,107,11.502226722,1230.738259254,1.0,
243,2017-10-02T14:00:00Z,2017-10-02T20:00:00Z,DISH,MarketOnClose,Filled,buy,9,53.83,484.47,1.0,
244,2017-10-02T14:00:00Z,2017-10-02T20:00:00Z,GILD,MarketOnClose,Filled,buy,5,60.322086144,301.61043072,1.0,
245,2017-10-03T04:00:00Z,2017-10-03T20:00:00Z,DISH,MarketOnOpen,Filled,sell,-112,53.85,-6031.2,1.0,left universe
246,2017-10-03T04:00:00Z,2017-10-03T20:00:00Z,HPE,MarketOnOpen,Filled,sell,-538,11.494548333,-6184.067003154,2.69,left universe
247,2017-11-01T04:00:00Z,,LBTYA,MarketOnOpen,Canceled,sell,-175,0.0,0.0,0.0,no valuation
248,2017-11-01T04:00:00Z,,PPL,MarketOnOpen,Canceled,sell,-230,0.0,0.0,0.0,no valuation
249,2017-11-01T14:00:00Z,2017-11-01T20:00:00Z,LBTYA,MarketOnClose,Filled,sell,-175,31.34,-5484.5,1.0,no valuation
250,2017-11-01T14:00:00Z,2017-11-01T20:00:00Z,PPL,MarketOnClose,Filled,sell,-230,24.928523108,-5733.56031484,1.15,no valuation
251,2017-11-01T14:00:00Z,2017-11-01T20:00:00Z,HPQ,MarketOnClose,Filled,sell,-51,15.764351794,-803.981941494,1.0,
252,2017-11-01T14:00:00Z,2017-11-01T20:00:00Z,NFLX,MarketOnClose,Filled,sell,-24,19.8,-475.2,1.0,
253,2017-11-01T14:00:00Z,2017-11-01T20:00:00Z,BAX,MarketOnClose,Filled,sell,-7,55.64606904,-389.52248328,1.0,
254,2017-11-01T14:00:00Z,2017-11-01T20:00:00Z,TGT,MarketOnClose,Filled,sell,-6,45.3595761,-272.1574566,1.0,
255,2017-11-01T14:00:00Z,2017-11-01T20:00:00Z,MU,MarketOnClose,Filled,buy,139,43.276593374,6015.446478986,1.0,
256,2017-11-01T14:00:00Z,2017-11-01T20:00:00Z,GLW,MarketOnClose,Filled,buy,241,25.14629282,6060.25656962,1.205,
257,2017-11-01T14:00:00Z,2017-11-01T20:00:00Z,CVS,MarketOnClose,Filled,buy,115,52.2414042,6007.761483,1.0,
258,2017-11-01T14:00:00Z,2017-11-01T20:00:00Z,KMB,MarketOnClose,Filled,buy,73,80.86547655,5903.17978815,1.0,
259,2017-11-01T14:00:00Z,2017-11-01T20:00:00Z,T,MarketOnClose,Filled,buy,49,14.9805486759736,734.0468851227064,1.0,
260,2017-11-01T14:00:00Z,2017-11-01T20:00:00Z,MCK,MarketOnClose,Filled,buy,4,130.464615673,521.858462692,1.0,
261,2017-11-01T14:00:00Z,2017-11-01T20:00:00Z,HCA,MarketOnClose,Filled,buy,6,70.921965075,425.53179045,1.0,
262,2017-11-01T14:00:00Z,2017-11-01T20:00:00Z,GILD,MarketOnClose,Filled,buy,6,54.052980448,324.317882688,1.0,
263,2017-12-01T15:00:00Z,2017-12-01T21:00:00Z,VLO,MarketOnClose,Filled,sell,-10,60.266780542,-602.66780542,1.0,
264,2017-12-01T15:00:00Z,2017-12-01T21:00:00Z,HCA,MarketOnClose,Filled,sell,-7,77.586765125,-543.107355875,1.0,
265,2017-12-01T15:00:00Z,2017-12-01T21:00:00Z,CVS,MarketOnClose,Filled,sell,-8,56.874989616,-454.999916928,1.0,
266,2017-12-01T15:00:00Z,2017-12-01T21:00:00Z,LUV,MarketOnClose,Filled,sell,-7,53.372715368,-373.609007576,1.0,
267,2017-12-01T15:00:00Z,2017-12-01T21:00:00Z,DAL,MarketOnClose,Filled,sell,-6,47.401702436,-284.410214616,1.0,
268,2017-12-01T15:00:00Z,2017-12-01T21:00:00Z,T,MarketOnClose,Filled,sell,-16,16.2977653255748,-260.7642452091968,1.0,
269,2017-12-01T15:00:00Z,2017-12-01T21:00:00Z,EBAY,MarketOnClose,Filled,buy,24,31.04161632,744.99879168,1.0,
270,2017-12-01T15:00:00Z,2017-12-01T21:00:00Z,CRH,MarketOnClose,Filled,buy,24,28.05216706,673.25200944,1.0,
271,2017-12-01T15:00:00Z,2017-12-01T21:00:00Z,NFLX,MarketOnClose,Filled,buy,26,18.682,485.732,1.0,
272,2017-12-01T15:00:00Z,2017-12-01T21:00:00Z,MU,MarketOnClose,Filled,buy,11,40.946015227,450.406167497,1.0,
273,2017-12-01T15:00:00Z,2017-12-01T21:00:00Z,GILD,MarketOnClose,Filled,buy,5,54.414104048,272.07052024,1.0,
274,2017-12-01T15:00:00Z,2017-12-01T21:00:00Z,HPQ,MarketOnClose,Filled,buy,16,15.720296782,251.524748512,1.0,
275,2018-01-02T15:00:00Z,2018-01-02T21:00:00Z,LOW,MarketOnClose,Filled,sell,-9,77.841460602,-700.573145418,1.0,
276,2018-01-02T15:00:00Z,2018-01-02T21:00:00Z,EBAY,MarketOnClose,Filled,sell,-10,33.563747646,-335.63747646,1.0,
277,2018-01-02T15:00:00Z,2018-01-02T21:00:00Z,TGT,MarketOnClose,Filled,sell,-6,52.658577825,-315.95146695,1.0,
278,2018-01-02T15:00:00Z,2018-01-02T21:00:00Z,LUV,MarketOnClose,Filled,sell,-5,59.166516374,-295.83258187,1.0,
279,2018-01-02T15:00:00Z,2018-01-02T21:00:00Z,MCK,MarketOnClose,Filled,sell,-2,148.862319,-297.724638,1.0,
280,2018-01-02T15:00:00Z,2018-01-02T21:00:00Z,CVS,MarketOnClose,Filled,buy,10,55.663594736,556.63594736,1.0,
281,2018-01-02T15:00:00Z,2018-01-02T21:00:00Z,GILD,MarketOnClose,Filled,buy,8,53.8844085,431.075268,1.0,
282,2018-01-02T15:00:00Z,2018-01-02T21:00:00Z,MU,MarketOnClose,Filled,buy,10,42.584245891,425.84245891,1.0,
283,2018-01-02T15:00:00Z,2018-01-02T21:00:00Z,BAX,MarketOnClose,Filled,buy,7,58.363616697,408.545316879,1.0,
284,2018-01-02T15:00:00Z,2018-01-02T21:00:00Z,HPQ,MarketOnClose,Filled,buy,19,15.757264484,299.388025196,1.0,
285,2018-01-02T15:00:00Z,2018-01-02T21:00:00Z,GLW,MarketOnClose,Filled,buy,10,26.060783448,260.60783448,1.0,
286,2018-02-01T05:00:00Z,,GLW,MarketOnOpen,Canceled,sell,-251,0.0,0.0,0.0,no valuation
287,2018-02-01T15:00:00Z,2018-02-01T21:00:00Z,HPQ,MarketOnClose,Filled,sell,-414,17.22065021,-7129.34918694,2.07,reached implied value
288,2018-02-01T15:00:00Z,2018-02-01T21:00:00Z,GLW,MarketOnClose,Filled,sell,-251,25.317787476,-6354.764656476,1.255,no valuation
289,2018-02-01T15:00:00Z,2018-02-01T21:00:00Z,NFLX,MarketOnClose,Filled,sell,-76,26.507,-2014.532,1.0,
290,2018-02-01T15:00:00Z,2018-02-01T21:00:00Z,GILD,MarketOnClose,Filled,sell,-10,60.71267565,-607.1267565,1.0,
291,2018-02-01T15:00:00Z,2018-02-01T21:00:00Z,TGT,MarketOnClose,Filled,sell,-8,58.373703675,-466.9896294,1.0,
292,2018-02-01T15:00:00Z,2018-02-01T21:00:00Z,HCA,MarketOnClose,Filled,sell,-5,94.3779996,-471.889998,1.0,
293,2018-02-01T15:00:00Z,2018-02-01T21:00:00Z,LOW,MarketOnClose,Filled,sell,-4,88.579784448,-354.319137792,1.0,
294,2018-02-01T15:00:00Z,2018-02-01T21:00:00Z,F,MarketOnClose,Filled,buy,951,7.217045472,6863.410243872,4.755,
295,2018-02-01T15:00:00Z,2018-02-01T21:00:00Z,MPC,MarketOnClose,Filled,buy,129,52.843842079,6816.855628191,1.0,
296,2018-02-01T15:00:00Z,2018-02-01T21:00:00Z,LUV,MarketOnClose,Filled,buy,17,53.829123586,915.095100962,1.0,
297,2018-02-01T15:00:00Z,2018-02-01T21:00:00Z,KMB,MarketOnClose,Filled,buy,8,85.76840646,686.14725168,1.0,
298,2018-02-01T15:00:00Z,2018-02-01T21:00:00Z,T,MarketOnClose,Filled,buy,25,17.7172112345234,442.930280863085,1.0,
299,2018-02-01T15:00:00Z,2018-02-01T21:00:00Z,MO,MarketOnClose,Filled,buy,9,36.758501703,330.826515327,1.0,
300,2018-03-01T15:00:00Z,2018-03-01T21:00:00Z,EBAY,MarketOnClose,Filled,sell,-193,37.276395507,-7194.344332851,1.0,reached implied value
301,2018-03-01T15:00:00Z,2018-03-01T21:00:00Z,MO,MarketOnClose,Filled,sell,-187,32.816148453,-6136.619760711,1.0,reached implied value
302,2018-03-01T15:00:00Z,2018-03-01T21:00:00Z,BAX,MarketOnClose,Filled,sell,-114,57.752681238,-6583.805661132,1.0,reached implied value
303,2018-03-01T15:00:00Z,2018-03-01T21:00:00Z,MU,MarketOnClose,Filled,sell,-22,46.436038226,-1021.592840972,1.0,
304,2018-03-01T15:00:00Z,2018-03-01T21:00:00Z,NFLX,MarketOnClose,Filled,sell,-29,29.039,-842.131,1.0,
305,2018-03-01T15:00:00Z,2018-03-01T21:00:00Z,TGT,MarketOnClose,Filled,sell,-7,58.196297649,-407.374083543,1.0,
306,2018-03-01T15:00:00Z,2018-03-01T21:00:00Z,PSX,MarketOnClose,Filled,buy,100,66.290055741,6629.0055741,1.0,
307,2018-03-01T15:00:00Z,2018-03-01T21:00:00Z,EXC,MarketOnClose,Filled,buy,339,19.3812893412622,6570.257086687886,1.695,
308,2018-03-01T15:00:00Z,2018-03-01T21:00:00Z,ETN,MarketOnClose,Filled,buy,99,65.565485895,6490.983103605,1.0,
309,2018-03-01T15:00:00Z,2018-03-01T21:00:00Z,LOW,MarketOnClose,Filled,buy,9,75.019043328,675.171389952,1.0,
310,2018-03-01T15:00:00Z,2018-03-01T21:00:00Z,CRH,MarketOnClose,Filled,buy,24,27.106315894,650.551581456,1.0,
311,2018-03-01T15:00:00Z,2018-03-01T21:00:00Z,VZ,MarketOnClose,Filled,buy,18,30.04240778,540.76334004,1.0,
312,2018-03-01T15:00:00Z,2018-03-01T21:00:00Z,CVS,MarketOnClose,Filled,buy,10,51.156703195,511.56703195,1.0,
313,2018-03-01T15:00:00Z,2018-03-01T21:00:00Z,MCK,MarketOnClose,Filled,buy,3,137.50082664,412.50247992,1.0,
314,2018-04-02T14:00:00Z,2018-04-02T20:00:00Z,MPC,MarketOnClose,Filled,sell,-12,55.61298438,-667.35581256,1.0,
315,2018-04-02T14:00:00Z,2018-04-02T20:00:00Z,PSX,MarketOnClose,Filled,sell,-6,69.266433285,-415.59859971,1.0,
316,2018-04-02T14:00:00Z,2018-04-02T20:00:00Z,MU,MarketOnClose,Filled,sell,-8,48.815373238,-390.522985904,1.0,
317,2018-04-02T14:00:00Z,2018-04-02T20:00:00Z,F,MarketOnClose,Filled,sell,-46,7.177391376,-330.160003296,1.0,
318,2018-04-02T14:00:00Z,2018-04-02T20:00:00Z,EXC,MarketOnClose,Filled,sell,-16,20.0847272534315,-321.355636054904,1.0,
319,2018-04-02T14:00:00Z,2018-04-02T20:00:00Z,TGT,MarketOnClose,Filled,buy,11,54.153252554,595.685778094,1.0,
320,2018-04-02T14:00:00Z,2018-04-02T20:00:00Z,CVS,MarketOnClose,Filled,buy,12,46.501938392,558.023260704,1.0,
321,2018-04-02T14:00:00Z,2018-04-02T20:00:00Z,MCK,MarketOnClose,Filled,buy,3,131.18595996,393.55787988,1.0,
322,2018-04-02T14:00:00Z,2018-04-02T20:00:00Z,GILD,MarketOnClose,Filled,buy,7,53.562769794,374.939388558,1.0,
323,2018-05-01T14:00:00Z,2018-05-01T20:00:00Z,VLO,MarketOnClose,Filled,sell,-17,80.002385728,-1360.040557376,1.0,
324,2018-05-01T14:00:00Z,2018-05-01T20:00:00Z,PSX,MarketOnClose,Filled,sell,-12,81.595055955,-979.14067146,1.0,
325,2018-05-01T14:00:00Z,2018-05-01T20:00:00Z,CVS,MarketOnClose,Filled,sell,-14,52.2005604,-730.8078456,1.0,
326,2018-05-01T14:00:00Z,2018-05-01T20:00:00Z,MCK,MarketOnClose,Filled,sell,-5,144.69771036,-723.4885518,1.0,
327,2018-05-01T14:00:00Z,2018-05-01T20:00:00Z,CRH,MarketOnClose,Filled,sell,-15,29.032885376,-435.49328064,1.0,
328,2018-05-01T14:00:00Z,2018-05-01T20:00:00Z,NFLX,MarketOnClose,Filled,sell,-11,31.33,-344.63,1.0,
329,2018-05-01T14:00:00Z,2018-05-01T20:00:00Z,MU,MarketOnClose,Filled,buy,20,45.626674267,912.53348534,1.0,
330,2018-05-01T14:00:00Z,2018-05-01T20:00:00Z,LUV,MarketOnClose,Filled,buy,15,47.352484758,710.28727137,1.0,
331,2018-05-01T14:00:00Z,2018-05-01T20:00:00Z,LOW,MarketOnClose,Filled,buy,9,71.100254096,639.902286864,1.0,
332,2018-05-01T14:00:00Z,2018-05-01T20:00:00Z,T,MarketOnClose,Filled,buy,41,14.9316546894002,612.1978422654082,1.0,
333,2018-05-01T14:00:00Z,2018-05-01T20:00:00Z,ETN,MarketOnClose,Filled,buy,9,61.344083244,552.096749196,1.0,
334,2018-05-01T14:00:00Z,2018-05-01T20:00:00Z,KMB,MarketOnClose,Filled,buy,7,75.759793634,530.318555438,1.0,
335,2018-05-01T14:00:00Z,2018-05-01T20:00:00Z,DAL,MarketOnClose,Filled,buy,11,48.297957678,531.277534458,1.0,
336,2018-05-01T14:00:00Z,2018-05-01T20:00:00Z,GILD,MarketOnClose,Filled,buy,7,53.138017176,371.966120232,1.0,
337,2018-06-01T14:00:00Z,2018-06-01T20:00:00Z,MCK,MarketOnClose,Filled,sell,-45,133.781001424,-6020.14506408,1.0,reached implied value
338,2018-06-01T14:00:00Z,2018-06-01T20:00:00Z,MU,MarketOnClose,Filled,sell,-26,57.279565002,-1489.268690052,1.0,
339,2018-06-01T14:00:00Z,2018-06-01T20:00:00Z,LOW,MarketOnClose,Filled,sell,-10,82.130392358,-821.30392358,1.0,
340,2018-06-01T14:00:00Z,2018-06-01T20:00:00Z,NFLX,MarketOnClose,Filled,sell,-17,35.993,-611.881,1.0,
341,2018-06-01T14:00:00Z,2018-06-01T20:00:00Z,VLO,MarketOnClose,Filled,sell,-6,90.060731238,-540.364387428,1.0,
342,2018-06-01T14:00:00Z,2018-06-01T20:00:00Z,NXPI,MarketOnClose,Filled,buy,69,99.9936408,6899.5612152,1.0,
343,2018-06-01T14:00:00Z,2018-06-01T20:00:00Z,CVS,MarketOnClose,Filled,buy,18,49.183675071,885.306151278,1.0,
344,2018-06-01T14:00:00Z,2018-06-01T20:00:00Z,GILD,MarketOnClose,Filled,buy,14,50.01828243,700.25595402,1.0,
345,2018-06-01T14:00:00Z,2018-06-01T20:00:00Z,LUV,MarketOnClose,Filled,buy,10,45.581462472,455.81462472,1.0,
346,2018-06-01T14:00:00Z,2018-06-01T20:00:00Z,KMB,MarketOnClose,Filled,buy,6,74.042150798,444.252904788,1.0,
347,2018-06-01T14:00:00Z,2018-06-01T20:00:00Z,VZ,MarketOnClose,Filled,buy,10,30.325280594,303.25280594,1.0,
348,2018-06-01T14:00:00Z,2018-06-01T20:00:00Z,T,MarketOnClose,Filled,buy,20,14.8995337358582,297.990674717164,1.0,
349,2018-07-02T14:00:00Z,2018-07-02T20:00:00Z,NFLX,MarketOnClose,Filled,sell,-22,39.818,-875.996,1.0,
350,2018-07-02T14:00:00Z,2018-07-02T20:00:00Z,GILD,MarketOnClose,Filled,sell,-10,52.621362288,-526.21362288,1.0,
351,2018-07-02T14:00:00Z,2018-07-02T20:00:00Z,TGT,MarketOnClose,Filled,sell,-8,59.994026801,-479.952214408,1.0,
352,2018-07-02T14:00:00Z,2018-07-02T20:00:00Z,KMB,MarketOnClose,Filled,sell,-6,77.823981222,-466.943887332,1.0,
353,2018-07-02T14:00:00Z,2018-07-02T20:00:00Z,VZ,MarketOnClose,Filled,sell,-14,31.980770708,-447.730789912,1.0,
354,2018-07-02T14:00:00Z,2018-07-02T20:00:00Z,EXC,MarketOnClose,Filled,sell,-18,22.7186242020263,-408.9352356364734,1.0,
355,2018-07-02T14:00:00Z,2018-07-02T20:00:00Z,VLO,MarketOnClose,Filled,buy,7,79.474338933,556.320372531,1.0,
356,2018-07-02T14:00:00Z,2018-07-02T20:00:00Z,MU,MarketOnClose,Filled,buy,10,53.125480104,531.25480104,1.0,
357,2018-07-02T14:00:00Z,2018-07-02T20:00:00Z,DAL,MarketOnClose,Filled,buy,11,45.987192576,505.859118336,1.0,
358,2018-07-02T14:00:00Z,2018-07-02T20:00:00Z,MPC,MarketOnClose,Filled,buy,9,54.749401857,492.744616713,1.0,
359,2018-07-02T14:00:00Z,2018-07-02T20:00:00Z,NXPI,MarketOnClose,Filled,buy,2,95.43252736,190.86505472,1.0,
360,2018-08-01T14:00:00Z,2018-08-01T20:00:00Z,HCA,MarketOnClose,Filled,sell,-12,115.784078932,-1389.408947184,1.0,
361,2018-08-01T14:00:00Z,2018-08-01T20:00:00Z,LUV,MarketOnClose,Filled,sell,-15,50.720700203,-760.810503045,1.0,
362,2018-08-01T14:00:00Z,2018-08-01T20:00:00Z,MPC,MarketOnClose,Filled,sell,-12,62.922466116,-755.069593392,1.0,
363,2018-08-01T14:00:00Z,2018-08-01T20:00:00Z,DAL,MarketOnClose,Filled,sell,-9,49.704682128,-447.342139152,1.0,
364,2018-08-01T14:00:00Z,2018-08-01T20:00:00Z,ETN,MarketOnClose,Filled,sell,-5,69.037748303,-345.188741515,1.0,
365,2018-08-01T14:00:00Z,2018-08-01T20:00:00Z,GILD,MarketOnClose,Filled,sell,-6,57.50847534,-345.05085204,1.0,
366,2018-08-01T14:00:00Z,2018-08-01T20:00:00Z,NXPI,MarketOnClose,Filled,buy,15,83.67888888,1255.1833332,1.0,
367,2018-08-01T14:00:00Z,2018-08-01T20:00:00Z,NFLX,MarketOnClose,Filled,buy,37,33.838,1252.006,1.0,
368,2018-08-01T14:00:00Z,2018-08-01T20:00:00Z,F,MarketOnClose,Filled,buy,150,6.717134705,1007.57020575,1.0,
369,2018-08-01T14:00:00Z,2018-08-01T20:00:00Z,CRH,MarketOnClose,Filled,buy,24,27.338134912,656.115237888,1.0,
370,2018-08-01T14:00:00Z,2018-08-01T20:00:00Z,EXC,MarketOnClose,Filled,buy,14,22.2474152637881,311.4638136930334,1.0,
371,2018-08-01T14:00:00Z,2018-08-01T20:00:00Z,MU,MarketOnClose,Filled,buy,5,50.989929417,254.949647085,1.0,
372,2018-09-01T04:00:00Z,,CRH,MarketOnOpen,Canceled,sell,-255,0.0,0.0,0.0,no valuation
373,2018-09-04T14:00:00Z,2018-09-04T20:00:00Z,CRH,MarketOnClose,Filled,sell,-255,27.165369088,-6927.16911744,1.275,no valuation
374,2018-09-04T14:00:00Z,2018-09-04T20:00:00Z,CVS,MarketOnClose,Filled,sell,-16,57.23789,-915.80624,1.0,
375,2018-09-04T14:00:00Z,2018-09-04T20:00:00Z,LOW,MarketOnClose,Filled,sell,-6,94.663866998,-567.983201988,1.0,
376,2018-09-04T14:00:00Z,2018-09-04T20:00:00Z,TGT,MarketOnClose,Filled,sell,-8,70.983514305,-567.86811444,1.0,
377,2018-09-04T14:00:00Z,2018-09-04T20:00:00Z,NFLX,MarketOnClose,Filled,sell,-12,36.36,-436.32,1.0,
378,2018-09-04T14:00:00Z,2018-09-04T20:00:00Z,HCA,MarketOnClose,Filled,sell,-3,124.898562906,-374.695688718,1.0,
379,2018-09-04T14:00:00Z,2018-09-04T20:00:00Z,INTC,MarketOnClose,Filled,buy,179,41.019967384,7342.574161736,1.0,
380,2018-09-04T14:00:00Z,2018-09-04T20:00:00Z,F,MarketOnClose,Filled,buy,96,6.42508537,616.80819552,1.0,
381,2018-09-04T14:00:00Z,2018-09-04T20:00:00Z,T,MarketOnClose,Filled,buy,29,14.8468464502366,430.5585470568614,1.0,
382,2018-09-04T14:00:00Z,2018-09-04T20:00:00Z,GILD,MarketOnClose,Filled,buy,7,54.843448434,383.904139038,1.0,
383,2018-09-04T14:00:00Z,2018-09-04T20:00:00Z,NXPI,MarketOnClose,Filled,buy,4,83.029807352,332.119229408,1.0,
384,2018-09-04T14:00:00Z,2018-09-04T20:00:00Z,MU,MarketOnClose,Filled,buy,5,50.638879989,253.194399945,1.0,
385,2018-10-01T14:00:00Z,2018-10-01T20:00:00Z,HCA,MarketOnClose,Filled,sell,-59,130.74138906,-7713.74195454,1.0,reached implied value
386,2018-10-01T14:00:00Z,2018-10-01T20:00:00Z,LOW,MarketOnClose,Filled,sell,-79,98.246161974,-7761.446795946,1.0,reached implied value
387,2018-10-01T14:00:00Z,2018-10-01T20:00:00Z,T,MarketOnClose,Filled,sell,-27,15.6064308731458,-421.3736335749366,1.0,
388,2018-10-01T14:00:00Z,2018-10-01T20:00:00Z,CVS,MarketOnClose,Filled,sell,-6,61.4920575,-368.952345,1.0,
389,2018-10-01T14:00:00Z,2018-10-01T20:00:00Z,LUV,MarketOnClose,Filled,sell,-6,55.50352453,-333.02114718,1.0,
390,2018-10-01T14:00:00Z,2018-10-01T20:00:00Z,CVX,MarketOnClose,Filled,buy,85,88.120935994,7490.27955949,1.0,
391,2018-10-01T14:00:00Z,2018-10-01T20:00:00Z,AMAT,MarketOnClose,Filled,buy,207,35.250919362,7296.940307934,1.035,
392,2018-10-01T14:00:00Z,2018-10-01T20:00:00Z,MU,MarketOnClose,Filled,buy,23,44.027449095,1012.631329185,1.0,
393,2018-10-01T14:00:00Z,2018-10-01T20:00:00Z,NXPI,MarketOnClose,Filled,buy,8,74.78243949,598.25951592,1.0,
394,2018-10-01T14:00:00Z,2018-10-01T20:00:00Z,PSX,MarketOnClose,Filled,buy,6,84.652132968,507.912797808,1.0,
395,2018-11-01T04:00:00Z,,NXPI,MarketOnOpen,Canceled,sell,-98,0.0,0.0,0.0,no valuation
396,2018-11-01T14:00:00Z,2018-11-01T20:00:00Z,NXPI,MarketOnClose,Filled,sell,-98,73.95572547,-7247.66109606,1.0,no valuation
397,2018-11-01T14:00:00Z,2018-11-01T20:00:00Z,VZ,MarketOnClose,Filled,sell,-36,36.368661518,-1309.271814648,1.0,
398,2018-11-01T14:00:00Z,2018-11-01T20:00:00Z,F,MarketOnClose,Filled,sell,-137,6.422834732,-879.928358284,1.0,
399,2018-11-01T14:00:00Z,2018-11-01T20:00:00Z,EXC,MarketOnClose,Filled,sell,-33,23.3013681619347,-768.9451493438451,1.0,
400,2018-11-01T14:00:00Z,2018-11-01T20:00:00Z,DAL,MarketOnClose,Filled,sell,-11,51.977055168,-571.747606848,1.0,
401,2018-11-01T14:00:00Z,2018-11-01T20:00:00Z,INTC,MarketOnClose,Filled,sell,-12,41.242344188,-494.908130256,1.0,
402,2018-11-01T14:00:00Z,2018-11-01T20:00:00Z,TGT,MarketOnClose,Filled,sell,-6,67.184958621,-403.109751726,1.0,
403,2018-11-01T14:00:00Z,2018-11-01T20:00:00Z,LVS,MarketOnClose,Filled,buy,152,49.219345458,7481.340509616,1.0,
404,2018-11-01T14:00:00Z,2018-11-01T20:00:00Z,VLO,MarketOnClose,Filled,buy,15,67.779033421,1016.685501315,1.0,
405,2018-11-01T14:00:00Z,2018-11-01T20:00:00Z,LUV,MarketOnClose,Filled,buy,20,45.833137355,916.6627471,1.0,
406,2018-11-01T14:00:00Z,2018-11-01T20:00:00Z,NFLX,MarketOnClose,Filled,buy,20,31.738,634.76,1.0,
407,2018-11-01T14:00:00Z,2018-11-01T20:00:00Z,MU,MarketOnClose,Filled,buy,15,39.122508476,586.83762714,1.0,
408,2018-11-01T14:00:00Z,2018-11-01T20:00:00Z,ETN,MarketOnClose,Filled,buy,7,62.891411375,440.239879625,1.0,
409,2018-11-01T14:00:00Z,2018-11-01T20:00:00Z,AMAT,MarketOnClose,Filled,buy,14,32.501825755,455.02556057,1.0,
410,2018-11-01T14:00:00Z,2018-11-01T20:00:00Z,MPC,MarketOnClose,Filled,buy,7,55.700327996,389.902295972,1.0,
411,2018-12-03T15:00:00Z,2018-12-03T21:00:00Z,KMB,MarketOnClose,Filled,sell,-88,84.643606509,-7448.637372792,1.0,reached implied value
412,2018-12-03T15:00:00Z,2018-12-03T21:00:00Z,AMAT,MarketOnClose,Filled,sell,-21,35.44912566,-744.43163886,1.0,
413,2018-12-03T15:00:00Z,2018-12-03T21:00:00Z,CVS,MarketOnClose,Filled,sell,-11,61.932712688,-681.259839568,1.0,
414,2018-12-03T15:00:00Z,2018-12-03T21:00:00Z,DAL,MarketOnClose,Filled,sell,-10,56.111637276,-561.11637276,1.0,
415,2018-12-03T15:00:00Z,2018-12-03T21:00:00Z,LUV,MarketOnClose,Filled,sell,-11,48.909669833,-538.006368163,1.0,
416,2018-12-03T15:00:00Z,2018-12-03T21:00:00Z,CVX,MarketOnClose,Filled,sell,-4,86.321055227,-345.284220908,1.0,
417,2018-12-03T15:00:00Z,2018-12-03T21:00:00Z,LVS,MarketOnClose,Filled,sell,-7,50.323459762,-352.264218334,1.0,
418,2018-12-03T15:00:00Z,2018-12-03T21:00:00Z,ETN,MarketOnClose,Filled,sell,-5,66.524189849,-332.620949245,1.0,
419,2018-12-03T15:00:00Z,2018-12-03T21:00:00Z,XOM,MarketOnClose,Filled,buy,122,57.509031178,7016.101803716,1.0,
420,2018-12-03T15:00:00Z,2018-12-03T21:00:00Z,TGT,MarketOnClose,Filled,buy,20,58.2072959,1164.145918,1.0,
421,2018-12-03T15:00:00Z,2018-12-03T21:00:00Z,VLO,MarketOnClose,Filled,buy,16,60.13893519,962.22296304,1.0,
422,2018-12-03T15:00:00Z,2018-12-03T21:00:00Z,PSX,MarketOnClose,Filled,buy,10,68.66672432,686.6672432,1.0,
423,2018-12-03T15:00:00Z,2018-12-03T21:00:00Z,MPC,MarketOnClose,Filled,buy,13,51.0396943,663.5160259,1.0,
424,2018-12-03T15:00:00Z,2018-12-03T21:00:00Z,NFLX,MarketOnClose,Filled,buy,20,29.03,580.6,1.0,
425,2018-12-03T15:00:00Z,2018-12-03T21:00:00Z,F,MarketOnClose,Filled,buy,46,6.63715968,305.30934528,1.0,
426,2019-01-02T15:00:00Z,2019-01-02T21:00:00Z,EXC,MarketOnClose,Filled,sell,-32,23.6982319891981,-758.3434236543392,1.0,
427,2019-01-02T15:00:00Z,2019-01-02T21:00:00Z,INTC,MarketOnClose,Filled,sell,-15,40.52072024,-607.8108036,1.0,
428,2019-01-02T15:00:00Z,2019-01-02T21:00:00Z,LVS,MarketOnClose,Filled,sell,-10,47.365617168,-473.65617168,1.0,
429,2019-01-02T15:00:00Z,2019-01-02T21:00:00Z,VZ,MarketOnClose,Filled,sell,-12,36.336224253,-436.034691036,1.0,
430,2019-01-02T15:00:00Z,2019-01-02T21:00:00Z,NFLX,MarketOnClose,Filled,sell,-11,26.766,-294.426,1.0,
431,2019-01-02T15:00:00Z,2019-01-02T21:00:00Z,VLO,MarketOnClose,Filled,sell,-5,55.892963628,-279.46481814,1.0,
432,2019-01-02T15:00:00Z,2019-01-02T21:00:00Z,F,MarketOnClose,Filled,buy,105,5.468743028,574.21801794,1.0,
433,2019-01-02T15:00:00Z,2019-01-02T21:00:00Z,MU,MarketOnClose,Filled,buy,17,31.935746575,542.907691775,1.0,
434,2019-01-02T15:00:00Z,2019-01-02T21:00:00Z,DAL,MarketOnClose,Filled,buy,11,46.750364457,514.254009027,1.0,
435,2019-01-02T15:00:00Z,2019-01-02T21:00:00Z,CVS,MarketOnClose,Filled,buy,10,51.075796002,510.75796002,1.0,
436,2019-01-02T15:00:00Z,2019-01-02T21:00:00Z,LUV,MarketOnClose,Filled,buy,6,42.53093364,255.18560184,1.0,
437,2019-01-02T15:00:00Z,2019-01-02T21:00:00Z,XOM,MarketOnClose,Filled,buy,5,49.345042881,246.725214405,1.0,
438,2019-02-01T15:00:00Z,2019-02-01T21:00:00Z,NFLX,MarketOnClose,Filled,sell,-29,33.985,-985.565,1.0,
439,2019-02-01T15:00:00Z,2019-02-01T21:00:00Z,LUV,MarketOnClose,Filled,sell,-13,51.54417138,-670.07422794,1.0,
440,2019-02-01T15:00:00Z,2019-02-01T21:00:00Z,MU,MarketOnClose,Filled,sell,-16,38.61543708,-617.84699328,1.0,
441,2019-02-01T15:00:00Z,2019-02-01T21:00:00Z,AMAT,MarketOnClose,Filled,sell,-12,36.34598669,-436.15184028,1.0,
442,2019-02-01T15:00:00Z,2019-02-01T21:00:00Z,F,MarketOnClose,Filled,sell,-64,6.133784032,-392.562178048,1.0,
443,2019-02-01T15:00:00Z,2019-02-01T21:00:00Z,VLO,MarketOnClose,Filled,sell,-6,63.068211738,-378.409270428,1.0,
444,2019-02-01T15:00:00Z,2019-02-01T21:00:00Z,VZ,MarketOnClose,Filled,buy,21,35.75809232,750.91993872,1.0,
445,2019-02-01T15:00:00Z,2019-02-01T21:00:00Z,DAL,MarketOnClose,Filled,buy,15,46.591698816,698.87548224,1.0,
446,2019-02-01T15:00:00Z,2019-02-01T21:00:00Z,INTC,MarketOnClose,Filled,buy,16,41.94083894,671.05342304,1.0,
447,2019-02-01T15:00:00Z,2019-02-01T21:00:00Z,CVS,MarketOnClose,Filled,buy,12,51.182281992,614.187383904,1.0,
448,2019-02-01T15:00:00Z,2019-02-01T21:00:00Z,EXC,MarketOnClose,Filled,buy,11,25.5104180977435,280.6145990751785,1.0,
449,2019-03-01T15:00:00Z,2019-03-01T21:00:00Z,CVS,MarketOnClose,Filled,sell,-132,45.618308068,-6021.616664976,1.0,no valuation
450,2019-03-01T15:00:00Z,2019-03-01T21:00:00Z,ETN,MarketOnClose,Filled,sell,-105,68.417327927,-7183.819432335,1.0,reached implied value
451,2019-03-01T15:00:00Z,2019-03-01T21:00:00Z,EXC,MarketOnClose,Filled,sell,-265,26.3052121196597,-6970.8812117098205,1.325,reached implied value
452,2019-03-01T15:00:00Z,2019-03-01T21:00:00Z,F,MarketOnClose,Filled,sell,-1101,6.19005728,-6815.25306528,5.505,no valuation
453,2019-03-01T15:00:00Z,2019-03-01T21:00:00Z,INTC,MarketOnClose,Filled,sell,-18,46.16491555,-830.9684799,1.0,
454,2019-03-01T15:00:00Z,2019-03-01T21:00:00Z,MU,MarketOnClose,Filled,sell,-10,40.546208934,-405.46208934,1.0,
455,2019-03-01T15:00:00Z,2019-03-01T21:00:00Z,LVS,MarketOnClose,Filled,sell,-7,52.82280792,-369.75965544,1.0,
456,2019-03-01T15:00:00Z,2019-03-01T21:00:00Z,ET,MarketOnClose,Filled,buy,818,8.555952832,6998.769416576,4.09,
457,2019-03-01T15:00:00Z,2019-03-01T21:00:00Z,OXY,MarketOnClose,Filled,buy,124,56.918731065,7057.92265206,1.0,
458,2019-03-01T15:00:00Z,2019-03-01T21:00:00Z,CCL,MarketOnClose,Filled,buy,127,54.496292736,6921.029177472,1.0,
459,2019-03-01T15:00:00Z,2019-03-01T21:00:00Z,COP,MarketOnClose,Filled,buy,133,52.489733169,6981.134511477,1.0,
460,2019-03-01T15:00:00Z,2019-03-01T21:00:00Z,VLO,MarketOnClose,Filled,buy,8,61.984536903,495.876295224,1.0,
461,2019-03-01T15:00:00Z,2019-03-01T21:00:00Z,GILD,MarketOnClose,Filled,buy,9,49.523566834,445.712101506,1.0,
462,2019-03-01T15:00:00Z,2019-03-01T21:00:00Z,MPC,MarketOnClose,Filled,buy,6,49.882567988,299.295407928,1.0,
463,2019-04-01T14:00:00Z,2019-04-01T20:00:00Z,TGT,MarketOnClose,Filled,sell,-14,64.917046975,-908.83865765,1.0,
464,2019-04-01T14:00:00Z,2019-04-01T20:00:00Z,XOM,MarketOnClose,Filled,sell,-7,58.512623807,-409.588366649,1.0,
465,2019-04-01T14:00:00Z,2019-04-01T20:00:00Z,VZ,MarketOnClose,Filled,sell,-10,38.734109536,-387.34109536,1.0,
466,2019-04-01T14:00:00Z,2019-04-01T20:00:00Z,CCL,MarketOnClose,Filled,buy,18,49.172916976,885.112505568,1.0,
467,2019-04-01T14:00:00Z,2019-04-01T20:00:00Z,LUV,MarketOnClose,Filled,buy,15,47.426631837,711.399477555,1.0,
468,2019-04-01T14:00:00Z,2019-04-01T20:00:00Z,MPC,MarketOnClose,Filled,buy,6,48.585366555,291.51219933,1.0,
469,2019-04-02T04:00:00Z,2019-04-02T20:00:00Z,CCL,MarketOnOpen,Filled,sell,-145,49.04101032,-7110.9464964,1.0,left universe
470,2019-04-02T04:00:00Z,2019-04-02T20:00:00Z,LUV,MarketOnOpen,Filled,sell,-148,48.132466083,-7123.604980284,1.0,left universe
471,2019-05-01T14:00:00Z,2019-05-01T20:00:00Z,DAL,MarketOnClose,Filled,sell,-19,54.065268168,-1027.240095192,1.0,
472,2019-05-01T14:00:00Z,2019-05-01T20:00:00Z,AMAT,MarketOnClose,Filled,sell,-17,40.314265992,-685.342521864,1.0,
473,2019-05-01T14:00:00Z,2019-05-01T20:00:00Z,VLO,MarketOnClose,Filled,sell,-10,67.129350679,-671.29350679,1.0,
474,2019-05-01T14:00:00Z,2019-05-01T20:00:00Z,LVS,MarketOnClose,Filled,sell,-10,60.126284119,-601.26284119,1.0,
475,2019-05-01T14:00:00Z,2019-05-01T20:00:00Z,NFLX,MarketOnClose,Filled,sell,-12,37.881,-454.572,1.0,
476,2019-05-01T14:00:00Z,2019-05-01T20:00:00Z,DELL,MarketOnClose,Filled,buy,226,31.5757075351736,7136.109902949233,1.13,
477,2019-05-01T14:00:00Z,2019-05-01T20:00:00Z,HCA,MarketOnClose,Filled,buy,58,116.251532516,6742.588885928,1.0,
478,2019-05-01T14:00:00Z,2019-05-01T20:00:00Z,OXY,MarketOnClose,Filled,buy,16,49.01515032,784.24240512,1.0,
479,2019-05-01T14:00:00Z,2019-05-01T20:00:00Z,COP,MarketOnClose,Filled,buy,13,47.722785111,620.396206443,1.0,
480,2019-05-01T14:00:00Z,2019-05-01T20:00:00Z,INTC,MarketOnClose,Filled,buy,9,43.96493646,395.68442814,1.0,
481,2019-05-01T14:00:00Z,2019-05-01T20:00:00Z,TGT,MarketOnClose,Filled,buy,5,61.426446725,307.132233625,1.0,
482,2019-06-03T14:00:00Z,2019-06-03T20:00:00Z,TGT,MarketOnClose,Filled,sell,-16,67.94275236,-1087.08403776,1.0,
483,2019-06-03T14:00:00Z,2019-06-03T20:00:00Z,T,MarketOnClose,Filled,sell,-50,15.1863799552257,-759.318997761285,1.0,
484,2019-06-03T14:00:00Z,2019-06-03T20:00:00Z,CVX,MarketOnClose,Filled,sell,-6,84.631859921,-507.791159526,1.0,
485,2019-06-03T14:00:00Z,2019-06-03T20:00:00Z,GILD,MarketOnClose,Filled,sell,-8,48.199826808,-385.598614464,1.0,
486,2019-06-03T14:00:00Z,2019-06-03T20:00:00Z,HCA,MarketOnClose,Filled,sell,-3,115.635860091,-346.907580273,1.0,
487,2019-06-03T14:00:00Z,2019-06-03T20:00:00Z,COP,MarketOnClose,Filled,sell,-7,45.45799434,-318.20596038,1.0,
488,2019-06-03T14:00:00Z,2019-06-03T20:00:00Z,MPC,MarketOnClose,Filled,buy,24,37.898901402,909.573633648,1.0,
489,2019-06-03T14:00:00Z,2019-06-03T20:00:00Z,VLO,MarketOnClose,Filled,buy,15,54.4429512,816.644268,1.0,
490,2019-06-03T14:00:00Z,2019-06-03T20:00:00Z,MU,MarketOnClose,Filled,buy,25,31.877238337,796.930958425,1.0,
491,2019-06-03T14:00:00Z,2019-06-03T20:00:00Z,LVS,MarketOnClose,Filled,buy,11,46.899741878,515.897160658,1.0,
492,2019-06-03T14:00:00Z,2019-06-03T20:00:00Z,OXY,MarketOnClose,Filled,buy,8,42.05684088,336.45472704,1.0,
493,2019-06-03T14:00:00Z,2019-06-03T20:00:00Z,PSX,MarketOnClose,Filled,buy,4,62.4457782,249.7831128,1.0,
494,2019-07-01T14:00:00Z,2019-07-01T20:00:00Z,VLO,MarketOnClose,Filled,sell,-12,63.698252904,-764.379034848,1.0,
495,2019-07-01T14:00:00Z,2019-07-01T20:00:00Z,MPC,MarketOnClose,Filled,sell,-17,44.323943248,-753.507035216,1.0,
496,2019-07-01T14:00:00Z,2019-07-01T20:00:00Z,MU,MarketOnClose,Filled,sell,-16,39.112757103,-625.804113648,1.0,
497,2019-07-01T14:00:00Z,2019-07-01T20:00:00Z,PSX,MarketOnClose,Filled,sell,-6,71.44040124,-428.64240744,1.0,
498,2019-07-01T14:00:00Z,2019-07-01T20:00:00Z,AMAT,MarketOnClose,Filled,sell,-8,42.66884292,-341.35074336,1.0,
499,2019-07-01T14:00:00Z,2019-07-01T20:00:00Z,DELL,MarketOnClose,Filled,buy,67,23.7393333408217,1590.535333835054,1.0,
500,2019-07-01T14:00:00Z,2019-07-01T20:00:00Z,OXY,MarketOnClose,Filled,buy,9,43.135176436,388.216587924,1.0,
501,2019-07-01T14:00:00Z,2019-07-01T20:00:00Z,COP,MarketOnClose,Filled,buy,8,47.631406864,381.051254912,1.0,
502,2019-07-01T14:00:00Z,2019-07-01T20:00:00Z,ET,MarketOnClose,Filled,buy,37,8.05333344,297.97333728,1.0,
503,2019-08-01T14:00:00Z,2019-08-01T20:00:00Z,MU,MarketOnClose,Filled,sell,-22,42.51598628,-935.35169816,1.0,
504,2019-08-01T14:00:00Z,2019-08-01T20:00:00Z,DELL,MarketOnClose,Filled,sell,-29,26.5801340916531,-770.8238886579398,1.0,
505,2019-08-01T14:00:00Z,2019-08-01T20:00:00Z,AMAT,MarketOnClose,Filled,sell,-11,45.274930305,-498.024233355,1.0,
506,2019-08-01T14:00:00Z,2019-08-01T20:00:00Z,PSX,MarketOnClose,Filled,sell,-6,77.50265562,-465.01593372,1.0,
507,2019-08-01T14:00:00Z,2019-08-01T20:00:00Z,DAL,MarketOnClose,Filled,sell,-7,57.400879952,-401.806159664,1.0,
508,2019-08-01T14:00:00Z,2019-08-01T20:00:00Z,NFLX,MarketOnClose,Filled,buy,28,31.95,894.6,1.0,
509,2019-08-01T14:00:00Z,2019-08-01T20:00:00Z,XOM,MarketOnClose,Filled,buy,10,52.470619212,524.70619212,1.0,
510,2019-08-01T14:00:00Z,2019-08-01T20:00:00Z,VZ,MarketOnClose,Filled,buy,11,36.974598375,406.720582125,1.0,
511,2019-08-01T14:00:00Z,2019-08-01T20:00:00Z,GILD,MarketOnClose,Filled,buy,7,50.065949973,350.461649811,1.0,
512,2019-08-01T14:00:00Z,2019-08-01T20:00:00Z,COP,MarketOnClose,Filled,buy,7,45.22751352,316.59259464,1.0,
513,2019-08-01T14:00:00Z,2019-08-01T20:00:00Z,TGT,MarketOnClose,Filled,buy,4,67.672455696,270.689822784,1.0,
514,2019-08-01T14:00:00Z,2019-08-01T20:00:00Z,CVX,MarketOnClose,Filled,buy,3,88.097687446,264.293062338,1.0,
515,2019-09-03T14:00:00Z,2019-09-03T20:00:00Z,TGT,MarketOnClose,Filled,sell,-23,88.075510146,-2025.736733358,1.0,
516,2019-09-03T14:00:00Z,2019-09-03T20:00:00Z,VZ,MarketOnClose,Filled,sell,-17,38.84173194,-660.30944298,1.0,
517,2019-09-03T14:00:00Z,2019-09-03T20:00:00Z,T,MarketOnClose,Filled,sell,-36,17.5431220175792,-631.5523926328513,1.0,
518,2019-09-03T14:00:00Z,2019-09-03T20:00:00Z,MU,MarketOnClose,Filled,sell,-8,43.871427127,-350.971417016,1.0,
519,2019-09-03T14:00:00Z,2019-09-03T20:00:00Z,OXY,MarketOnClose,Filled,buy,21,36.982911416,776.641139736,1.0,
520,2019-09-03T14:00:00Z,2019-09-03T20:00:00Z,MPC,MarketOnClose,Filled,buy,15,40.364746144,605.47119216,1.0,
521,2019-09-03T14:00:00Z,2019-09-03T20:00:00Z,VLO,MarketOnClose,Filled,buy,10,57.011464434,570.11464434,1.0,
522,2019-09-03T14:00:00Z,2019-09-03T20:00:00Z,COP,MarketOnClose,Filled,buy,13,40.020196062,520.262548806,1.0,
523,2019-09-03T14:00:00Z,2019-09-03T20:00:00Z,DELL,MarketOnClose,Filled,buy,20,23.5137267982111,470.274535964222,1.0,
524,2019-09-03T14:00:00Z,2019-09-03T20:00:00Z,HCA,MarketOnClose,Filled,buy,4,113.125111056,452.500444224,1.0,
525,2019-09-03T14:00:00Z,2019-09-03T20:00:00Z,NFLX,MarketOnClose,Filled,buy,12,28.929,347.148,1.0,
526,2019-09-03T14:00:00Z,2019-09-03T20:00:00Z,LVS,MarketOnClose,Filled,buy,6,48.744645016,292.467870096,1.0,
527,2019-10-01T14:00:00Z,2019-10-01T20:00:00Z,MPC,MarketOnClose,Filled,sell,-27,49.097972848,-1325.645266896,1.0,
528,2019-10-01T14:00:00Z,2019-10-01T20:00:00Z,VLO,MarketOnClose,Filled,sell,-10,65.153774964,-651.53774964,1.0,
529,2019-10-01T14:00:00Z,2019-10-01T20:00:00Z,COP,MarketOnClose,Filled,sell,-9,42.42002331,-381.78020979,1.0,
530,2019-10-01T14:00:00Z,2019-10-01T20:00:00Z,NFLX,MarketOnClose,Filled,buy,31,26.958,835.698,1.0,
531,2019-10-01T14:00:00Z,2019-10-01T20:00:00Z,MU,MarketOnClose,Filled,buy,14,41.24830779,577.47630906,1.0,
532,2019-10-01T14:00:00Z,2019-10-01T20:00:00Z,ET,MarketOnClose,Filled,buy,77,7.419347616,571.289766432,1.0,
533,2019-10-01T14:00:00Z,2019-10-01T20:00:00Z,DAL,MarketOnClose,Filled,buy,6,54.251063761,325.506382566,1.0,
534,2019-11-01T14:00:00Z,2019-11-01T20:00:00Z,AMAT,MarketOnClose,Filled,sell,-152,52.038012626,-7909.777919152,1.0,reached implied value
535,2019-11-01T14:00:00Z,2019-11-01T20:00:00Z,PSX,MarketOnClose,Filled,sell,-10,90.77285184,-907.7285184,1.0,
536,2019-11-01T14:00:00Z,2019-11-01T20:00:00Z,INTC,MarketOnClose,Filled,sell,-14,49.577443616,-694.084210624,1.0,
537,2019-11-01T14:00:00Z,2019-11-01T20:00:00Z,VLO,MarketOnClose,Filled,sell,-9,76.346584932,-687.119264388,1.0,
538,2019-11-01T14:00:00Z,2019-11-01T20:00:00Z,MU,MarketOnClose,Filled,sell,-11,47.177142574,-518.948568314,1.0,
539,2019-11-01T14:00:00Z,2019-11-01T20:00:00Z,LVS,MarketOnClose,Filled,sell,-7,57.3608724,-401.5261068,1.0,
540,2019-11-01T14:00:00Z,2019-11-01T20:00:00Z,DD,MarketOnClose,Filled,buy,240,31.6116907802532,7586.805787260768,1.2,
541,2019-11-01T14:00:00Z,2019-11-01T20:00:00Z,OXY,MarketOnClose,Filled,buy,23,37.293047432,857.740090936,1.0,
542,2019-11-01T14:00:00Z,2019-11-01T20:00:00Z,XOM,MarketOnClose,Filled,buy,15,51.0262656,765.393984,1.0,
543,2019-11-01T14:00:00Z,2019-11-01T20:00:00Z,CVX,MarketOnClose,Filled,buy,6,85.649295834,513.895775004,1.0,
544,2019-11-01T14:00:00Z,2019-11-01T20:00:00Z,ET,MarketOnClose,Filled,buy,70,7.373654944,516.15584608,1.0,
545,2019-11-01T14:00:00Z,2019-11-01T20:00:00Z,DAL,MarketOnClose,Filled,buy,9,53.704514136,483.340627224,1.0,
546,2019-11-01T14:00:00Z,2019-11-01T20:00:00Z,TGT,MarketOnClose,Filled,buy,5,88.999927458,444.99963729,1.0,
547,2019-11-01T14:00:00Z,2019-11-01T20:00:00Z,COP,MarketOnClose,Filled,buy,10,44.29084995,442.9084995,1.0,
548,2019-11-01T14:00:00Z,2019-11-01T20:00:00Z,GILD,MarketOnClose,Filled,buy,6,49.90837061,299.45022366,1.0,
549,2019-11-01T14:00:00Z,2019-11-01T20:00:00Z,DELL,MarketOnClose,Filled,buy,12,24.5128414869152,294.1540978429824,1.0,
550,2019-12-02T15:00:00Z,2019-12-02T21:00:00Z,GILD,MarketOnClose,Filled,sell,-146,51.03528402,-7451.15146692,1.0,reached implied value
551,2019-12-02T15:00:00Z,2019-12-02T21:00:00Z,TGT,MarketOnClose,Filled,sell,-81,102.936341486,-8337.843660366,1.0,reached implied value
552,2019-12-02T15:00:00Z,2019-12-02T21:00:00Z,NFLX,MarketOnClose,Filled,sell,-29,30.999,-898.971,1.0,
553,2019-12-02T15:00:00Z,2019-12-02T21:00:00Z,HCA,MarketOnClose,Filled,sell,-4,130.97373223,-523.89492892,1.0,
554,2019-12-02T15:00:00Z,2019-12-02T21:00:00Z,COP,MarketOnClose,Filled,sell,-11,46.78632741,-514.64960151,1.0,
555,2019-12-02T15:00:00Z,2019-12-02T21:00:00Z,DOW,MarketOnClose,Filled,buy,197,36.815601828,7252.673560116,1.0,
556,2019-12-02T15:00:00Z,2019-12-02T21:00:00Z,EOG,MarketOnClose,Filled,buy,138,52.652702967,7266.073009446,1.0,
557,2019-12-02T15:00:00Z,2019-12-02T21:00:00Z,DELL,MarketOnClose,Filled,buy,30,21.9713147211794,659.139441635382,1.0,
558,2019-12-02T15:00:00Z,2019-12-02T21:00:00Z,ET,MarketOnClose,Filled,buy,79,6.642572192,524.763203168,1.0,
559,2019-12-02T15:00:00Z,2019-12-02T21:00:00Z,OXY,MarketOnClose,Filled,buy,13,34.109602144,443.424827872,1.0,
560,2019-12-03T05:00:00Z,2019-12-03T21:00:00Z,ET,MarketOnOpen,Filled,sell,-1081,6.5683216,-7100.3556496,5.405,left universe
561,2020-01-02T15:00:00Z,2020-01-02T21:00:00Z,EOG,MarketOnClose,Filled,sell,-17,62.582263422,-1063.898478174,1.0,
562,2020-01-02T15:00:00Z,2020-01-02T21:00:00Z,MU,MarketOnClose,Filled,sell,-11,54.012855047,-594.141405517,1.0,
563,2020-01-02T15:00:00Z,2020-01-02T21:00:00Z,LVS,MarketOnClose,Filled,sell,-9,65.1380532,-586.2424788,1.0,
564,2020-01-02T15:00:00Z,2020-01-02T21:00:00Z,OXY,MarketOnClose,Filled,sell,-10,38.325312724,-383.25312724,1.0,
565,2020-01-02T15:00:00Z,2020-01-02T21:00:00Z,COP,MarketOnClose,Filled,sell,-7,50.73104178,-355.11729246,1.0,
566,2020-01-02T15:00:00Z,2020-01-02T21:00:00Z,EXC,MarketOnClose,Filled,buy,300,25.2000126296079,7560.00378888237,1.5,
567,2020-01-02T15:00:00Z,2020-01-02T21:00:00Z,PSX,MarketOnClose,Filled,buy,8,86.67263748,693.38109984,1.0,
568,2020-01-02T15:00:00Z,2020-01-02T21:00:00Z,MPC,MarketOnClose,Filled,buy,12,50.758919384,609.107032608,1.0,
569,2020-01-02T15:00:00Z,2020-01-02T21:00:00Z,VLO,MarketOnClose,Filled,buy,8,73.383862293,587.070898344,1.0,
570,2020-01-02T15:00:00Z,2020-01-02T21:00:00Z,DD,MarketOnClose,Filled,buy,19,28.9580615184195,550.2031688499706,1.0,
571,2020-01-02T15:00:00Z,2020-01-02T21:00:00Z,VZ,MarketOnClose,Filled,buy,10,41.287972114,412.87972114,1.0,
572,2020-02-03T15:00:00Z,2020-02-03T21:00:00Z,INTC,MarketOnClose,Filled,sell,-19,56.828109442,-1079.734079398,1.0,
573,2020-02-03T15:00:00Z,2020-02-03T21:00:00Z,NFLX,MarketOnClose,Filled,sell,-25,35.8,-895.0,1.0,
574,2020-02-03T15:00:00Z,2020-02-03T21:00:00Z,EXC,MarketOnClose,Filled,sell,-31,26.7365311192406,-828.8324646964586,1.0,
575,2020-02-03T15:00:00Z,2020-02-03T21:00:00Z,MU,MarketOnClose,Filled,sell,-7,52.442883994,-367.100187958,1.0,
576,2020-02-03T15:00:00Z,2020-02-03T21:00:00Z,VZ,MarketOnClose,Filled,sell,-8,39.64065648,-317.12525184,1.0,
577,2020-02-03T15:00:00Z,2020-02-03T21:00:00Z,DD,MarketOnClose,Filled,buy,45,23.6224816795926,1063.011675581667,1.0,
578,2020-02-03T15:00:00Z,2020-02-03T21:00:00Z,PSX,MarketOnClose,Filled,buy,12,68.71239843,824.54878116,1.0,
579,2020-02-03T15:00:00Z,2020-02-03T21:00:00Z,DOW,MarketOnClose,Filled,buy,25,32.369473842,809.23684605,1.0,
580,2020-02-03T15:00:00Z,2020-02-03T21:00:00Z,EOG,MarketOnClose,Filled,buy,9,53.260626159,479.345635431,1.0,
581,2020-02-03T15:00:00Z,2020-02-03T21:00:00Z,XOM,MarketOnClose,Filled,buy,9,45.052946664,405.476519976,1.0,
582,2020-02-03T15:00:00Z,2020-02-03T21:00:00Z,CVX,MarketOnClose,Filled,buy,5,79.093785625,395.468928125,1.0,
583,2020-03-02T15:00:00Z,2020-03-02T21:00:00Z,DD,MarketOnClose,Filled,sell,-304,20.6296161232306,-6271.403301462103,1.52,no valuation
584,2020-03-02T15:00:00Z,2020-03-02T21:00:00Z,EXC,MarketOnClose,Filled,sell,-269,25.3928017469314,-6830.663669924546,1.345,no valuation
585,2020-03-02T15:00:00Z,2020-03-02T21:00:00Z,DOW,MarketOnClose,Filled,sell,-222,29.159278226,-6473.359766172,1.11,no valuation
586,2020-03-02T15:00:00Z,2020-03-02T21:00:00Z,OXY,MarketOnClose,Filled,sell,-204,29.675565066,-6053.815273464,1.02,no valuation
587,2020-03-02T15:00:00Z,2020-03-02T21:00:00Z,NFLX,MarketOnClose,Filled,sell,-36,38.105,-1371.78,1.0,
588,2020-03-02T15:00:00Z,2020-03-02T21:00:00Z,MU,MarketOnClose,Filled,sell,-15,53.232745207,-798.491178105,1.0,
589,2020-03-02T15:00:00Z,2020-03-02T21:00:00Z,T,MarketOnClose,Filled,sell,-35,18.9400646367676,-662.902262286866,1.0,
590,2020-03-02T15:00:00Z,2020-03-02T21:00:00Z,HCA,MarketOnClose,Filled,sell,-3,128.15310454,-384.45931362,1.0,
591,2020-03-02T15:00:00Z,2020-03-02T21:00:00Z,ET,MarketOnClose,Filled,buy,992,6.756803872,6702.749441024,4.96,
592,2020-03-02T15:00:00Z,2020-03-02T21:00:00Z,CI,MarketOnClose,Filled,buy,38,174.792000156,6642.096005928,1.0,
593,2020-03-02T15:00:00Z,2020-03-02T21:00:00Z,NEM,MarketOnClose,Filled,buy,168,39.041585625,6558.986385,1.0,
594,2020-03-02T15:00:00Z,2020-03-02T21:00:00Z,CVS,MarketOnClose,Filled,buy,130,51.920639997,6749.68319961,1.0,
595,2020-03-02T15:00:00Z,2020-03-02T21:00:00Z,VLO,MarketOnClose,Filled,buy,16,52.970682149,847.530914384,1.0,
596,2020-03-02T15:00:00Z,2020-03-02T21:00:00Z,COP,MarketOnClose,Filled,buy,16,38.422946709,614.767147344,1.0,
597,2020-03-02T15:00:00Z,2020-03-02T21:00:00Z,PSX,MarketOnClose,Filled,buy,7,58.59727066,410.18089462,1.0,
598,2020-03-02T15:00:00Z,2020-03-02T21:00:00Z,XOM,MarketOnClose,Filled,buy,8,40.551655908,324.413247264,1.0,
599,2020-03-02T15:00:00Z,2020-03-02T21:00:00Z,MPC,MarketOnClose,Filled,buy,6,39.526010091,237.156060546,1.0,
600,2020-03-03T05:00:00Z,2020-03-03T21:00:00Z,VLO,MarketOnOpen,Filled,sell,-121,53.407746861,-6462.337370181,1.0,left universe
601,2020-04-01T04:00:00Z,,DAL,MarketOnOpen,Canceled,sell,-136,0.0,0.0,0.0,no valuation
602,2020-04-01T04:00:00Z,,EOG,MarketOnOpen,Canceled,sell,-130,0.0,0.0,0.0,no valuation
603,2020-04-01T04:00:00Z,,ET,MarketOnOpen,Canceled,sell,-992,0.0,0.0,0.0,no valuation
604,2020-04-01T04:00:00Z,,MPC,MarketOnOpen,Canceled,sell,-159,0.0,0.0,0.0,no valuation
605,2020-04-01T14:00:00Z,2020-04-01T20:00:00Z,MPC,MarketOnClose,Filled,sell,-159,17.282795529,-2747.964489111,1.0,no valuation
606,2020-04-01T14:00:00Z,2020-04-01T20:00:00Z,DAL,MarketOnClose,Filled,sell,-136,22.997877005,-3127.71127268,1.0,no valuation
607,2020-04-01T14:00:00Z,2020-04-01T20:00:00Z,EOG,MarketOnClose,Filled,sell,-130,25.82062022,-3356.6806286,1.0,no valuation
608,2020-04-01T14:00:00Z,2020-04-01T20:00:00Z,ET,MarketOnClose,Filled,sell,-992,2.901484672,-2878.272794624,4.96,no valuation
609,2020-04-01T14:00:00Z,2020-04-01T20:00:00Z,VZ,MarketOnClose,Filled,sell,-39,36.15621408,-1410.09234912,1.0,
610,2020-04-01T14:00:00Z,2020-04-01T20:00:00Z,NFLX,MarketOnClose,Filled,sell,-37,36.408,-1347.096,1.0,
611,2020-04-01T14:00:00Z,2020-04-01T20:00:00Z,NEM,MarketOnClose,Filled,sell,-36,38.850853152,-1398.630713472,1.0,
612,2020-04-01T14:00:00Z,2020-04-01T20:00:00Z,CVS,MarketOnClose,Filled,sell,-26,47.306733366,-1229.975067516,1.0,
613,2020-04-01T14:00:00Z,2020-04-01T20:00:00Z,CI,MarketOnClose,Filled,sell,-7,155.693322018,-1089.853254126,1.0,
614,2020-04-01T14:00:00Z,2020-04-01T20:00:00Z,INTC,MarketOnClose,Filled,sell,-22,45.991324284,-1011.809134248,1.0,
615,2020-04-01T14:00:00Z,2020-04-01T20:00:00Z,DELL,MarketOnClose,Filled,sell,-52,16.9895539231249,-883.4568040024948,1.0,
616,2020-04-01T14:00:00Z,2020-04-01T20:00:00Z,SO,MarketOnClose,Filled,buy,120,38.639398228,4636.72778736,1.0,
617,2020-04-01T14:00:00Z,2020-04-01T20:00:00Z,EPD,MarketOnClose,Filled,buy,572,8.428841015,4821.29706058,2.86,
618,2020-04-01T14:00:00Z,2020-04-01T20:00:00Z,PFE,MarketOnClose,Filled,buy,223,21.7776089272932,4856.406790786384,1.115,
619,2020-04-01T14:00:00Z,2020-04-01T20:00:00Z,RTX,MarketOnClose,Filled,buy,115,41.8930516317692,4817.700937653458,1.0,
620,2020-04-01T14:00:00Z,2020-04-01T20:00:00Z,BIIB,MarketOnClose,Filled,buy,15,293.27,4399.05,1.0,
621,2020-04-01T14:00:00Z,2020-04-01T20:00:00Z,COP,MarketOnClose,Filled,buy,42,23.117767246,970.946224332,1.0,
622,2020-04-01T14:00:00Z,2020-04-01T20:00:00Z,HCA,MarketOnClose,Filled,buy,6,79.453975884,476.723855304,1.0,
623,2020-04-01T14:00:00Z,2020-04-01T20:00:00Z,PSX,MarketOnClose,Filled,buy,12,38.630504266,463.566051192,1.0,
624,2020-04-01T14:00:00Z,2020-04-01T20:00:00Z,XOM,MarketOnClose,Filled,buy,13,28.253696414,367.298053382,1.0,
625,2020-04-01T14:00:00Z,2020-04-01T20:00:00Z,LVS,MarketOnClose,Filled,buy,6,37.81683893,226.90103358,1.0,
626,2020-05-01T14:00:00Z,2020-05-01T20:00:00Z,COP,MarketOnClose,Filled,sell,-30,30.555725445,-916.67176335,1.0,
627,2020-05-01T14:00:00Z,2020-05-01T20:00:00Z,PSX,MarketOnClose,Filled,sell,-17,51.777827976,-880.223075592,1.0,
628,2020-05-01T14:00:00Z,2020-05-01T20:00:00Z,NEM,MarketOnClose,Filled,sell,-15,50.990177184,-764.85265776,1.0,
629,2020-05-01T14:00:00Z,2020-05-01T20:00:00Z,RTX,MarketOnClose,Filled,sell,-11,52.66001408,-579.26015488,1.0,
630,2020-05-01T14:00:00Z,2020-05-01T20:00:00Z,EPD,MarketOnClose,Filled,sell,-42,10.747766268,-451.406183256,1.0,
631,2020-05-01T14:00:00Z,2020-05-01T20:00:00Z,CVX,MarketOnClose,Filled,sell,-5,67.35797952,-336.7898976,1.0,
632,2020-05-01T14:00:00Z,2020-05-01T20:00:00Z,XOM,MarketOnClose,Filled,sell,-8,32.490998247,-259.927985976,1.0,
633,2020-05-01T14:00:00Z,2020-05-01T20:00:00Z,BIIB,MarketOnClose,Filled,buy,4,293.09,1172.36,1.0,
634,2020-05-01T14:00:00Z,2020-05-01T20:00:00Z,CVS,MarketOnClose,Filled,buy,12,48.822735353,585.872824236,1.0,
635,2020-05-01T14:00:00Z,2020-05-01T20:00:00Z,SO,MarketOnClose,Filled,buy,13,41.929989182,545.089859366,1.0,
636,2020-05-01T14:00:00Z,2020-05-01T20:00:00Z,DELL,MarketOnClose,Filled,buy,23,18.4168606212736,423.5877942892928,1.0,
637,2020-05-01T14:00:00Z,2020-05-01T20:00:00Z,VZ,MarketOnClose,Filled,buy,11,39.2559916775,431.8159084525,1.0,
638,2020-05-01T14:00:00Z,2020-05-01T20:00:00Z,CI,MarketOnClose,Filled,buy,2,168.305677566,336.611355132,1.0,
639,2020-05-01T14:00:00Z,2020-05-01T20:00:00Z,INTC,MarketOnClose,Filled,buy,6,50.946827421,305.680964526,1.0,
640,2020-05-01T14:00:00Z,2020-05-01T20:00:00Z,T,MarketOnClose,Filled,buy,20,15.499464255094,309.98928510188,1.0,
641,2020-05-01T14:00:00Z,2020-05-01T20:00:00Z,NFLX,MarketOnClose,Filled,buy,6,41.527,249.162,1.0,
642,2020-06-01T14:00:00Z,2020-06-01T20:00:00Z,CI,MarketOnClose,Filled,sell,-33,178.21024494,-5880.93808302,1.0,no valuation
643,2020-06-01T14:00:00Z,2020-06-01T20:00:00Z,DELL,MarketOnClose,Filled,sell,-35,22.7310102218069,-795.5853577632415,1.0,
644,2020-06-01T14:00:00Z,2020-06-01T20:00:00Z,PSX,MarketOnClose,Filled,sell,-6,62.288951323,-373.733707938,1.0,
645,2020-06-01T14:00:00Z,2020-06-01T20:00:00Z,EPD,MarketOnClose,Filled,sell,-30,12.090452772,-362.71358316,1.0,
646,2020-06-01T14:00:00Z,2020-06-01T20:00:00Z,IBM,MarketOnClose,Filled,buy,64,92.56433252589,5924.11728165696,1.0,
647,2020-06-01T14:00:00Z,2020-06-01T20:00:00Z,LVS,MarketOnClose,Filled,buy,8,46.008923393,368.071387144,1.0,
648,2020-06-01T14:00:00Z,2020-06-01T20:00:00Z,MU,MarketOnClose,Filled,buy,6,45.187862482,271.127174892,1.0,
649,2020-06-01T14:00:00Z,2020-06-01T20:00:00Z,NEM,MarketOnClose,Filled,buy,5,50.572156384,252.86078192,1.0,
650,2020-07-01T14:00:00Z,2020-07-01T20:00:00Z,DELL,MarketOnClose,Filled,sell,-32,24.9916798630683,-799.7337556181856,1.0,
651,2020-07-01T14:00:00Z,2020-07-01T20:00:00Z,MU,MarketOnClose,Filled,sell,-12,48.46432381,-581.57188572,1.0,
652,2020-07-01T14:00:00Z,2020-07-01T20:00:00Z,NEM,MarketOnClose,Filled,sell,-10,51.519794976,-515.19794976,1.0,
653,2020-07-01T14:00:00Z,2020-07-01T20:00:00Z,NFLX,MarketOnClose,Filled,sell,-11,48.564,-534.204,1.0,
654,2020-07-01T14:00:00Z,2020-07-01T20:00:00Z,CVS,MarketOnClose,Filled,sell,-7,52.788407208,-369.518850456,1.0,
655,2020-07-01T14:00:00Z,2020-07-01T20:00:00Z,PFE,MarketOnClose,Filled,buy,34,23.3805682706687,794.9393212027358,1.0,
656,2020-07-01T14:00:00Z,2020-07-01T20:00:00Z,BIIB,MarketOnClose,Filled,buy,2,264.77,529.54,1.0,
657,2020-07-01T14:00:00Z,2020-07-01T20:00:00Z,HCA,MarketOnClose,Filled,buy,5,93.071132864,465.35566432,1.0,
658,2020-07-01T14:00:00Z,2020-07-01T20:00:00Z,SO,MarketOnClose,Filled,buy,11,41.22511815,453.47629965,1.0,
659,2020-07-01T14:00:00Z,2020-07-01T20:00:00Z,PSX,MarketOnClose,Filled,buy,6,54.608517391,327.651104346,1.0,
660,2020-07-01T14:00:00Z,2020-07-01T20:00:00Z,VZ,MarketOnClose,Filled,buy,6,37.753981265,226.52388759,1.0,
661,2020-07-01T14:00:00Z,2020-07-01T20:00:00Z,RTX,MarketOnClose,Filled,buy,4,53.552385438,214.209541752,1.0,
662,2020-08-01T04:00:00Z,,PSX,MarketOnOpen,Canceled,sell,-102,0.0,0.0,0.0,no valuation
663,2020-08-03T14:00:00Z,2020-08-03T20:00:00Z,PSX,MarketOnClose,Filled,sell,-102,48.295074272,-4926.097575744,1.0,no valuation
664,2020-08-03T14:00:00Z,2020-08-03T20:00:00Z,HCA,MarketOnClose,Filled,sell,-15,119.441919796,-1791.62879694,1.0,
665,2020-08-03T14:00:00Z,2020-08-03T20:00:00Z,PFE,MarketOnClose,Filled,sell,-39,26.8347974935276,-1046.5571022475765,1.0,
666,2020-08-03T14:00:00Z,2020-08-03T20:00:00Z,NEM,MarketOnClose,Filled,sell,-11,57.22089354,-629.42982894,1.0,
667,2020-08-03T14:00:00Z,2020-08-03T20:00:00Z,DELL,MarketOnClose,Filled,sell,-17,27.8462932593657,-473.3869854092169,1.0,
668,2020-08-03T14:00:00Z,2020-08-03T20:00:00Z,NFLX,MarketOnClose,Filled,sell,-8,49.862,-398.896,1.0,
669,2020-08-03T14:00:00Z,2020-08-03T20:00:00Z,VZ,MarketOnClose,Filled,sell,-7,39.97266678,-279.80866746,1.0,
670,2020-08-03T14:00:00Z,2020-08-03T20:00:00Z,SO,MarketOnClose,Filled,sell,-6,42.1218249,-252.7309494,1.0,
671,2020-08-03T14:00:00Z,2020-08-03T20:00:00Z,BKNG,MarketOnClose,Filled,buy,90,64.48086387072,5803.2777483648,1.0,
672,2020-08-03T14:00:00Z,2020-08-03T20:00:00Z,INTC,MarketOnClose,Filled,buy,28,43.05954177,1205.66716956,1.0,
673,2020-08-03T14:00:00Z,2020-08-03T20:00:00Z,COP,MarketOnClose,Filled,buy,19,29.233083408,555.428584752,1.0,
674,2020-08-03T14:00:00Z,2020-08-03T20:00:00Z,RTX,MarketOnClose,Filled,buy,11,49.988600658,549.874607238,1.0,
675,2020-08-03T14:00:00Z,2020-08-03T20:00:00Z,XOM,MarketOnClose,Filled,buy,15,32.422805946,486.34208919,1.0,
676,2020-08-03T14:00:00Z,2020-08-03T20:00:00Z,CVX,MarketOnClose,Filled,buy,7,64.808765802,453.661360614,1.0,
677,2020-08-03T14:00:00Z,2020-08-03T20:00:00Z,LVS,MarketOnClose,Filled,buy,10,41.2888564,412.888564,1.0,
678,2020-09-01T14:00:00Z,2020-09-01T20:00:00Z,LVS,MarketOnClose,Filled,sell,-16,46.590720915,-745.45153464,1.0,
679,2020-09-01T14:00:00Z,2020-09-01T20:00:00Z,BKNG,MarketOnClose,Filled,sell,-9,75.36755810408,-678.30802293672,1.0,
680,2020-09-01T14:00:00Z,2020-09-01T20:00:00Z,DELL,MarketOnClose,Filled,sell,-14,30.5581759858482,-427.8144638018748,1.0,
681,2020-09-01T14:00:00Z,2020-09-01T20:00:00Z,RTX,MarketOnClose,Filled,sell,-6,53.136608276,-318.819649656,1.0,
682,2020-09-01T14:00:00Z,2020-09-01T20:00:00Z,NFLX,MarketOnClose,Filled,sell,-6,55.655,-333.93,1.0,
683,2020-09-01T14:00:00Z,2020-09-01T20:00:00Z,MU,MarketOnClose,Filled,buy,20,44.622282848,892.44565696,1.0,
684,2020-09-01T14:00:00Z,2020-09-01T20:00:00Z,CVS,MarketOnClose,Filled,buy,9,49.673752084,447.063768756,1.0,
685,2020-09-01T14:00:00Z,2020-09-01T20:00:00Z,EPD,MarketOnClose,Filled,buy,37,11.302266384,418.183856208,1.0,
686,2020-09-01T14:00:00Z,2020-09-01T20:00:00Z,XOM,MarketOnClose,Filled,buy,12,30.856325728,370.275908736,1.0,
687,2020-09-01T14:00:00Z,2020-09-01T20:00:00Z,SO,MarketOnClose,Filled,buy,9,40.874126535,367.867138815,1.0,
688,2020-09-01T14:00:00Z,2020-09-01T20:00:00Z,NEM,MarketOnClose,Filled,buy,6,56.272109832,337.632658992,1.0,
689,2020-09-01T14:00:00Z,2020-09-01T20:00:00Z,PFE,MarketOnClose,Filled,buy,11,25.8061885674393,283.8680742418323,1.0,
690,2020-09-01T14:00:00Z,2020-09-01T20:00:00Z,T,MarketOnClose,Filled,buy,16,15.5417967092688,248.6687473483008,1.0,
691,2020-10-01T14:00:00Z,2020-10-01T20:00:00Z,INTC,MarketOnClose,Filled,sell,-14,46.88699332,-656.41790648,1.0,
692,2020-10-01T14:00:00Z,2020-10-01T20:00:00Z,SO,MarketOnClose,Filled,sell,-13,43.09100157,-560.18302041,1.0,
693,2020-10-01T14:00:00Z,2020-10-01T20:00:00Z,MU,MarketOnClose,Filled,sell,-10,46.728579416,-467.28579416,1.0,
694,2020-10-01T14:00:00Z,2020-10-01T20:00:00Z,DELL,MarketOnClose,Filled,sell,-14,31.0968691590205,-435.356168226287,1.0,
695,2020-10-01T14:00:00Z,2020-10-01T20:00:00Z,VZ,MarketOnClose,Filled,sell,-8,41.515986025,-332.1278882,1.0,
696,2020-10-01T14:00:00Z,2020-10-01T20:00:00Z,CVX,MarketOnClose,Filled,buy,12,54.57291136,654.87493632,1.0,
697,2020-10-01T14:00:00Z,2020-10-01T20:00:00Z,COP,MarketOnClose,Filled,buy,23,25.824813264,593.970705072,1.0,
698,2020-10-01T14:00:00Z,2020-10-01T20:00:00Z,XOM,MarketOnClose,Filled,buy,20,25.919626556,518.39253112,1.0,
699,2020-10-01T14:00:00Z,2020-10-01T20:00:00Z,BKNG,MarketOnClose,Filled,buy,5,68.10455213144,340.5227606572,1.0,
700,2020-10-01T14:00:00Z,2020-10-01T20:00:00Z,EPD,MarketOnClose,Filled,buy,31,10.074318216,312.303864696,1.0,
701,2020-11-02T15:00:00Z,2020-11-02T21:00:00Z,EPD,MarketOnClose,Filled,sell,-60,10.82790976,-649.6745856,1.0,
702,2020-11-02T15:00:00Z,2020-11-02T21:00:00Z,MU,MarketOnClose,Filled,sell,-13,48.474075183,-630.162977379,1.0,
703,2020-11-02T15:00:00Z,2020-11-02T21:00:00Z,SO,MarketOnClose,Filled,sell,-12,46.554375735,-558.65250882,1.0,
704,2020-11-02T15:00:00Z,2020-11-02T21:00:00Z,INTC,MarketOnClose,Filled,buy,16,39.90420603,638.46729648,1.0,
705,2020-11-02T15:00:00Z,2020-11-02T21:00:00Z,COP,MarketOnClose,Filled,buy,21,24.368904818,511.747001178,1.0,
706,2020-11-02T15:00:00Z,2020-11-02T21:00:00Z,DELL,MarketOnClose,Filled,buy,15,27.7588131714146,416.382197571219,1.0,
707,2020-11-02T15:00:00Z,2020-11-02T21:00:00Z,BIIB,MarketOnClose,Filled,buy,1,248.99,248.99,1.0,
708,2020-11-03T05:00:00Z,2020-11-03T21:00:00Z,COP,MarketOnOpen,Filled,sell,-241,24.763901952,-5968.100370432,1.205,left universe
709,2020-12-01T05:00:00Z,,BIIB,MarketOnOpen,Canceled,sell,-22,0.0,0.0,0.0,no valuation
710,2020-12-01T15:00:00Z,2020-12-01T21:00:00Z,BIIB,MarketOnClose,Filled,sell,-22,243.16,-5349.52,1.0,no valuation
711,2020-12-01T15:00:00Z,2020-12-01T21:00:00Z,MU,MarketOnClose,Filled,sell,-113,65.412210084,-7391.579739492,1.0,reached implied value
712,2020-12-01T15:00:00Z,2020-12-01T21:00:00Z,RTX,MarketOnClose,Filled,sell,-14,62.828293286,-879.596106004,1.0,
713,2020-12-01T15:00:00Z,2020-12-01T21:00:00Z,CVX,MarketOnClose,Filled,sell,-11,68.795126416,-756.746390576,1.0,
714,2020-12-01T15:00:00Z,2020-12-01T21:00:00Z,HCA,MarketOnClose,Filled,sell,-4,144.23413961,-576.93655844,1.0,
715,2020-12-01T15:00:00Z,2020-12-01T21:00:00Z,BKNG,MarketOnClose,Filled,sell,-7,80.20526398676,-561.43684790732,1.0,
716,2020-12-01T15:00:00Z,2020-12-01T21:00:00Z,CVS,MarketOnClose,Filled,sell,-6,56.127306928,-336.763841568,1.0,
717,2020-12-01T15:00:00Z,2020-12-01T21:00:00Z,LVS,MarketOnClose,Filled,sell,-6,53.131251122,-318.787506732,1.0,
718,2020-12-01T15:00:00Z,2020-12-01T21:00:00Z,KMB,MarketOnClose,Filled,buy,57,112.410675264,6407.408490048,1.0,
719,2020-12-01T15:00:00Z,2020-12-01T21:00:00Z,WMT,MarketOnClose,Filled,buy,134,47.0664884133507,6306.909447388994,1.0,
720,2020-12-01T15:00:00Z,2020-12-01T21:00:00Z,LMT,MarketOnClose,Filled,buy,20,312.470035416,6249.40070832,1.0,
721,2020-12-01T15:00:00Z,2020-12-01T21:00:00Z,NEM,MarketOnClose,Filled,buy,20,50.747113413,1014.94226826,1.0,
722,2020-12-01T15:00:00Z,2020-12-01T21:00:00Z,NFLX,MarketOnClose,Filled,buy,14,50.458,706.412,1.0,
723,2020-12-01T15:00:00Z,2020-12-01T21:00:00Z,SO,MarketOnClose,Filled,buy,10,48.271461381,482.71461381,1.0,
724,2020-12-01T15:00:00Z,2020-12-01T21:00:00Z,VZ,MarketOnClose,Filled,buy,10,42.755177062,427.55177062,1.0,
725,2020-12-01T15:00:00Z,2020-12-01T21:00:00Z,T,MarketOnClose,Filled,buy,23,15.5053288977729,356.6225646487767,1.0,
726,2020-12-01T15:00:00Z,2020-12-01T21:00:00Z,IBM,MarketOnClose,Filled,buy,3,93.8182795171693,281.4548385515079,1.0,
727,2021-01-04T15:00:00Z,2021-01-04T21:00:00Z,BKNG,MarketOnClose,Filled,sell,-79,84.55845688224,-6680.11809369696,1.0,reached implied value
728,2021-01-04T15:00:00Z,2021-01-04T21:00:00Z,PFE,MarketOnClose,Filled,sell,-229,27.427292964,-6280.850088756,1.145,reached implied value
729,2021-01-04T15:00:00Z,2021-01-04T21:00:00Z,SO,MarketOnClose,Filled,sell,-132,47.307147888,-6244.543521216,1.0,reached implied value
730,2021-01-04T15:00:00Z,2021-01-04T21:00:00Z,XOM,MarketOnClose,Filled,sell,-19,33.2513272,-631.7752168,1.0,
731,2021-01-04T15:00:00Z,2021-01-04T21:00:00Z,NFLX,MarketOnClose,Filled,sell,-9,52.286,-470.574,1.0,
732,2021-01-04T15:00:00Z,2021-01-04T21:00:00Z,HCA,MarketOnClose,Filled,sell,-3,155.877703872,-467.633111616,1.0,
733,2021-01-04T15:00:00Z,2021-01-04T21:00:00Z,LVS,MarketOnClose,Filled,sell,-6,54.379300645,-326.27580387,1.0,
734,2021-01-04T15:00:00Z,2021-01-04T21:00:00Z,DELL,MarketOnClose,Filled,sell,-9,33.3759556609031,-300.3836009481279,1.0,
735,2021-01-04T15:00:00Z,2021-01-04T21:00:00Z,COP,MarketOnClose,Filled,buy,200,31.898033862,6379.6067724,1.0,
736,2021-01-04T15:00:00Z,2021-01-04T21:00:00Z,AEP,MarketOnClose,Filled,buy,95,66.374440632,6305.57186004,1.0,
737,2021-01-04T15:00:00Z,2021-01-04T21:00:00Z,MMM,MarketOnClose,Filled,buy,64,98.5400835981887,6306.565350284077,1.0,
738,2021-01-04T15:00:00Z,2021-01-04T21:00:00Z,WMT,MarketOnClose,Filled,buy,11,45.3476260849036,498.8238869339396,1.0,
739,2021-01-04T15:00:00Z,2021-01-04T21:00:00Z,CVX,MarketOnClose,Filled,buy,5,66.632005016,333.16002508,1.0,
740,2021-01-04T15:00:00Z,2021-01-04T21:00:00Z,VZ,MarketOnClose,Filled,buy,8,41.534205515,332.27364412,1.0,
741,2021-01-04T15:00:00Z,2021-01-04T21:00:00Z,LMT,MarketOnClose,Filled,buy,1,295.056367488,295.056367488,1.0,
742,2021-01-04T15:00:00Z,2021-01-04T21:00:00Z,KMB,MarketOnClose,Filled,buy,2,106.96823072,213.93646144,1.0,
743,2021-02-01T15:00:00Z,2021-02-01T21:00:00Z,INTC,MarketOnClose,Filled,sell,-13,51.251087703,-666.264140139,1.0,
744,2021-02-01T15:00:00Z,2021-02-01T21:00:00Z,XOM,MarketOnClose,Filled,sell,-18,35.999569424,-647.992249632,1.0,
745,2021-02-01T15:00:00Z,2021-02-01T21:00:00Z,EPD,MarketOnClose,Filled,sell,-41,14.03768496,-575.54508336,1.0,
746,2021-02-01T15:00:00Z,2021-02-01T21:00:00Z,CVS,MarketOnClose,Filled,sell,-6,59.782142574,-358.692855444,1.0,
747,2021-02-01T15:00:00Z,2021-02-01T21:00:00Z,LVS,MarketOnClose,Filled,buy,26,46.046458717,1197.207926642,1.0,
748,2021-02-01T15:00:00Z,2021-02-01T21:00:00Z,LMT,MarketOnClose,Filled,buy,2,277.454351136,554.908702272,1.0,
749,2021-02-01T15:00:00Z,2021-02-01T21:00:00Z,RTX,MarketOnClose,Filled,buy,9,59.061947472,531.557527248,1.0,
750,2021-02-01T15:00:00Z,2021-02-01T21:00:00Z,VZ,MarketOnClose,Filled,buy,7,38.718645924,271.030521468,1.0,
751,2021-02-01T15:00:00Z,2021-02-01T21:00:00Z,IBM,MarketOnClose,Filled,buy,3,91.8224700633289,275.4674101899867,1.0,
752,2021-02-02T05:00:00Z,2021-02-02T21:00:00Z,LVS,MarketOnOpen,Filled,sell,-141,46.797165197,-6598.400292777,1.0,left universe
753,2021-03-01T15:00:00Z,2021-03-01T21:00:00Z,CVX,MarketOnClose,Filled,sell,-97,81.358279716,-7891.753132452,1.0,no valuation
754,2021-03-01T15:00:00Z,2021-03-01T21:00:00Z,EPD,MarketOnClose,Filled,sell,-467,15.104009106,-7053.572252502,2.335,reached implied value
755,2021-03-01T15:00:00Z,2021-03-01T21:00:00Z,IBM,MarketOnClose,Filled,sell,-70,93.2038650371968,-6524.270552603776,1.0,reached implied value
756,2021-03-01T15:00:00Z,2021-03-01T21:00:00Z,COP,MarketOnClose,Filled,sell,-200,42.799292461,-8559.8584922,1.0,no valuation
757,2021-03-01T15:00:00Z,2021-03-01T21:00:00Z,RTX,MarketOnClose,Filled,sell,-108,65.992693052,-7127.210849616,1.0,reached implied value
758,2021-03-01T15:00:00Z,2021-03-01T21:00:00Z,XOM,MarketOnClose,Filled,sell,-177,45.965327476,-8135.862963252,1.0,no valuation
759,2021-03-01T15:00:00Z,2021-03-01T21:00:00Z,DELL,MarketOnClose,Filled,sell,-12,38.2564237255406,-459.0770847064872,1.0,
760,2021-03-01T15:00:00Z,2021-03-01T21:00:00Z,INTC,MarketOnClose,Filled,sell,-7,57.191768304,-400.342378128,1.0,
761,2021-03-01T15:00:00Z,2021-03-01T21:00:00Z,MO,MarketOnClose,Filled,buy,237,28.76842838,6818.11752606,1.185,
762,2021-03-01T15:00:00Z,2021-03-01T21:00:00Z,NOC,MarketOnClose,Filled,buy,25,268.284448098,6707.11120245,1.0,
763,2021-03-01T15:00:00Z,2021-03-01T21:00:00Z,PM,MarketOnClose,Filled,buy,101,66.384542785,6704.838821285,1.0,
764,2021-03-01T15:00:00Z,2021-03-01T21:00:00Z,CI,MarketOnClose,Filled,buy,35,193.36846113,6767.89613955,1.0,
765,2021-03-01T15:00:00Z,2021-03-01T21:00:00Z,VRTX,MarketOnClose,Filled,buy,31,210.38,6521.78,1.0,
766,2021-03-01T15:00:00Z,2021-03-01T21:00:00Z,TGT,MarketOnClose,Filled,buy,42,158.15585839,6642.54605238,1.0,
767,2021-03-01T15:00:00Z,2021-03-01T21:00:00Z,REGN,MarketOnClose,Filled,buy,14,458.72113077,6422.09583078,1.0,
768,2021-03-01T15:00:00Z,2021-03-01T21:00:00Z,WMT,MarketOnClose,Filled,buy,21,40.6559587714037,853.7751341994777,1.0,
769,2021-03-01T15:00:00Z,2021-03-01T21:00:00Z,AEP,MarketOnClose,Filled,buy,13,63.018638109,819.242295417,1.0,
770,2021-03-01T15:00:00Z,2021-03-01T21:00:00Z,NEM,MarketOnClose,Filled,buy,17,46.37018617,788.29316489,1.0,
771,2021-03-01T15:00:00Z,2021-03-01T21:00:00Z,CVS,MarketOnClose,Filled,buy,11,57.958394032,637.542334352,1.0,
772,2021-03-01T15:00:00Z,2021-03-01T21:00:00Z,KMB,MarketOnClose,Filled,buy,5,102.950908112,514.75454056,1.0,
773,2021-03-01T15:00:00Z,2021-03-01T21:00:00Z,T,MarketOnClose,Filled,buy,29,15.3533361193853,445.2467474621737,1.0,
774,2021-03-01T15:00:00Z,2021-03-01T21:00:00Z,NFLX,MarketOnClose,Filled,buy,5,55.064,275.32,1.0,
775,2021-03-02T05:00:00Z,2021-03-02T21:00:00Z,AEP,MarketOnOpen,Filled,sell,-108,63.240447942,-6829.968377736,1.0,left universe
776,2021-04-01T14:00:00Z,2021-04-01T20:00:00Z,T,MarketOnClose,Filled,sell,-438,16.6487226129041,-7292.140504451996,2.19,reached implied value
777,2021-04-01T14:00:00Z,2021-04-01T20:00:00Z,MO,MarketOnClose,Filled,sell,-22,33.5190564,-737.4192408,1.0,
778,2021-04-01T14:00:00Z,2021-04-01T20:00:00Z,CI,MarketOnClose,Filled,sell,-2,218.475944874,-436.951889748,1.0,
779,2021-04-01T14:00:00Z,2021-04-01T20:00:00Z,DOW,MarketOnClose,Filled,buy,152,48.12366018,7314.79634736,1.0,
780,2021-04-01T14:00:00Z,2021-04-01T20:00:00Z,DG,MarketOnClose,Filled,buy,39,185.453746838,7232.696126682,1.0,
781,2021-04-01T14:00:00Z,2021-04-01T20:00:00Z,NFLX,MarketOnClose,Filled,buy,14,53.942,755.188,1.0,
782,2021-04-01T14:00:00Z,2021-04-01T20:00:00Z,REGN,MarketOnClose,Filled,buy,1,470.490069402,470.490069402,1.0,
783,2021-04-01T14:00:00Z,2021-04-01T20:00:00Z,VZ,MarketOnClose,Filled,buy,11,41.58616539,457.44781929,1.0,
784,2021-04-01T14:00:00Z,2021-04-01T20:00:00Z,VRTX,MarketOnClose,Filled,buy,2,213.04,426.08,1.0,
785,2021-05-03T14:00:00Z,2021-05-03T20:00:00Z,NOC,MarketOnClose,Filled,sell,-3,330.0302793,-990.0908379,1.0,
786,2021-05-03T14:00:00Z,2021-05-03T20:00:00Z,DELL,MarketOnClose,Filled,sell,-16,45.0200157887033,-720.3202526192528,1.0,
787,2021-05-03T14:00:00Z,2021-05-03T20:00:00Z,HCA,MarketOnClose,Filled,sell,-3,195.297724344,-585.893173032,1.0,
788,2021-05-03T14:00:00Z,2021-05-03T20:00:00Z,NEM,MarketOnClose,Filled,sell,-6,55.228696292,-331.372177752,1.0,
789,2021-05-03T14:00:00Z,2021-05-03T20:00:00Z,INTC,MarketOnClose,Filled,buy,21,52.080163058,1093.683424218,1.0,
790,2021-05-03T14:00:00Z,2021-05-03T20:00:00Z,MO,MarketOnClose,Filled,buy,20,31.790524668,635.81049336,1.0,
791,2021-05-03T14:00:00Z,2021-05-03T20:00:00Z,KMB,MarketOnClose,Filled,buy,4,109.010827332,436.043309328,1.0,
792,2021-05-03T14:00:00Z,2021-05-03T20:00:00Z,NFLX,MarketOnClose,Filled,buy,6,50.911,305.466,1.0,
793,2021-05-03T14:00:00Z,2021-05-03T20:00:00Z,DOW,MarketOnClose,Filled,buy,6,48.086412765,288.51847659,1.0,
794,2021-06-01T14:00:00Z,2021-06-01T20:00:00Z,CI,MarketOnClose,Filled,sell,-33,232.795275504,-7682.244091632,1.0,no valuation
795,2021-06-01T14:00:00Z,2021-06-01T20:00:00Z,NEM,MarketOnClose,Filled,sell,-17,63.35963529,-1077.11379993,1.0,
796,2021-06-01T14:00:00Z,2021-06-01T20:00:00Z,CVS,MarketOnClose,Filled,sell,-13,72.308653944,-940.012501272,1.0,
797,2021-06-01T14:00:00Z,2021-06-01T20:00:00Z,TGT,MarketOnClose,Filled,sell,-3,193.797793644,-581.393380932,1.0,
798,2021-06-01T14:00:00Z,2021-06-01T20:00:00Z,DOW,MarketOnClose,Filled,sell,-10,52.9849332,-529.849332,1.0,
799,2021-06-01T14:00:00Z,2021-06-01T20:00:00Z,AEP,MarketOnClose,Filled,buy,107,70.50323101,7543.84571807,1.0,
800,2021-06-01T14:00:00Z,2021-06-01T20:00:00Z,VRTX,MarketOnClose,Filled,buy,3,209.67,629.01,1.0,
801,2021-06-01T14:00:00Z,2021-06-01T20:00:00Z,VZ,MarketOnClose,Filled,buy,13,40.648931332,528.436107316,1.0,
802,2021-06-01T14:00:00Z,2021-06-01T20:00:00Z,KMB,MarketOnClose,Filled,buy,4,105.168430257,420.673721028,1.0,
803,2021-06-01T14:00:00Z,2021-06-01T20:00:00Z,DG,MarketOnClose,Filled,buy,2,184.848196687,369.696393374,1.0,
804,2021-06-01T14:00:00Z,2021-06-01T20:00:00Z,NFLX,MarketOnClose,Filled,buy,7,49.908,349.356,1.0,
805,2021-06-02T04:00:00Z,2021-06-02T20:00:00Z,AEP,MarketOnOpen,Filled,sell,-107,70.627502275,-7557.142743425,1.0,left universe
806,2021-06-02T04:00:00Z,2021-06-02T20:00:00Z,KMB,MarketOnOpen,Filled,sell,-72,105.386840196,-7587.852494112,1.0,left universe
807,2021-07-01T14:00:00Z,2021-07-01T20:00:00Z,REGN,MarketOnClose,Filled,sell,-2,569.248107468,-1138.496214936,1.0,
808,2021-07-01T14:00:00Z,2021-07-01T20:00:00Z,TGT,MarketOnClose,Filled,sell,-3,207.647803188,-622.943409564,1.0,
809,2021-07-01T14:00:00Z,2021-07-01T20:00:00Z,DG,MarketOnClose,Filled,sell,-3,199.899636167,-599.698908501,1.0,
810,2021-07-01T14:00:00Z,2021-07-01T20:00:00Z,PM,MarketOnClose,Filled,sell,-6,80.068048158,-480.408288948,1.0,
811,2021-07-01T14:00:00Z,2021-07-01T20:00:00Z,NFLX,MarketOnClose,Filled,sell,-7,53.354,-373.478,1.0,
812,2021-07-01T14:00:00Z,2021-07-01T20:00:00Z,FCX,MarketOnClose,Filled,buy,218,34.887829467,7605.546823806,1.09,
813,2021-07-01T14:00:00Z,2021-07-01T20:00:00Z,LOW,MarketOnClose,Filled,buy,43,177.008375462,7611.360144866,1.0,
814,2021-07-01T14:00:00Z,2021-07-01T20:00:00Z,NEM,MarketOnClose,Filled,buy,18,54.261399458,976.705190244,1.0,
815,2021-07-01T14:00:00Z,2021-07-01T20:00:00Z,DOW,MarketOnClose,Filled,buy,11,47.78502,525.63522,1.0,
816,2021-07-01T14:00:00Z,2021-07-01T20:00:00Z,INTC,MarketOnClose,Filled,buy,7,51.256554522,358.795881654,1.0,
817,2021-07-01T14:00:00Z,2021-07-01T20:00:00Z,WMT,MarketOnClose,Filled,buy,7,43.4663542173641,304.2644795215487,1.0,
818,2021-07-01T14:00:00Z,2021-07-01T20:00:00Z,CVS,MarketOnClose,Filled,buy,4,69.235094064,276.940376256,1.0,
819,2021-07-01T14:00:00Z,2021-07-01T20:00:00Z,VRTX,MarketOnClose,Filled,buy,1,202.21,202.21,1.0,
820,2021-08-02T14:00:00Z,2021-08-02T20:00:00Z,HCA,MarketOnClose,Filled,sell,-6,240.2483397,-1441.4900382,1.0,
821,2021-08-02T14:00:00Z,2021-08-02T20:00:00Z,DG,MarketOnClose,Filled,sell,-2,213.79395675,-427.5879135,1.0,
822,2021-08-02T14:00:00Z,2021-08-02T20:00:00Z,DELL,MarketOnClose,Filled,buy,10,44.3339877305609,443.339877305609,1.0,
823,2021-08-02T14:00:00Z,2021-08-02T20:00:00Z,INTC,MarketOnClose,Filled,buy,9,49.124296496,442.118668464,1.0,
824,2021-08-02T14:00:00Z,2021-08-02T20:00:00Z,MMM,MarketOnClose,Filled,buy,3,115.019710792557,345.059132377671,1.0,
825,2021-08-02T14:00:00Z,2021-08-02T20:00:00Z,NOC,MarketOnClose,Filled,buy,1,332.206100048,332.206100048,1.0,
826,2021-08-03T04:00:00Z,2021-08-03T20:00:00Z,DOW,MarketOnOpen,Filled,sell,-159,46.016598,-7316.639082,1.0,left universe
827,2021-09-01T04:00:00Z,,NEM,MarketOnOpen,Canceled,sell,-139,0.0,0.0,0.0,no valuation
828,2021-09-01T14:00:00Z,2021-09-01T20:00:00Z,NEM,MarketOnClose,Filled,sell,-139,49.962612164,-6944.803090796,1.0,no valuation
829,2021-09-01T14:00:00Z,2021-09-01T20:00:00Z,WMT,MarketOnClose,Filled,sell,-173,46.275445270455,-8005.652031788715,1.0,reached implied value
830,2021-09-01T14:00:00Z,2021-09-01T20:00:00Z,REGN,MarketOnClose,Filled,sell,-2,674.593977344,-1349.187954688,1.0,
831,2021-09-01T14:00:00Z,2021-09-01T20:00:00Z,NFLX,MarketOnClose,Filled,sell,-7,58.207,-407.449,1.0,
832,2021-09-01T14:00:00Z,2021-09-01T20:00:00Z,FDX,MarketOnClose,Filled,buy,50,155.706884574738,7785.3442287369,1.0,
833,2021-09-01T14:00:00Z,2021-09-01T20:00:00Z,MU,MarketOnClose,Filled,buy,108,71.887121756,7763.809149648,1.0,
834,2021-09-01T14:00:00Z,2021-09-01T20:00:00Z,CI,MarketOnClose,Filled,buy,40,191.425241385,7657.0096554,1.0,
835,2021-09-01T14:00:00Z,2021-09-01T20:00:00Z,DG,MarketOnClose,Filled,buy,2,204.773231091,409.546462182,1.0,
836,2021-09-01T14:00:00Z,2021-09-01T20:00:00Z,VRTX,MarketOnClose,Filled,buy,2,197.14,394.28,1.0,
837,2021-09-01T14:00:00Z,2021-09-01T20:00:00Z,FCX,MarketOnClose,Filled,buy,10,33.830089861,338.30089861,1.0,
838,2021-09-01T14:00:00Z,2021-09-01T20:00:00Z,VZ,MarketOnClose,Filled,buy,8,40.055347536,320.442780288,1.0,
839,2021-09-01T14:00:00Z,2021-09-01T20:00:00Z,LMT,MarketOnClose,Filled,buy,1,312.147955782,312.147955782,1.0,
840,2021-10-01T14:00:00Z,2021-10-01T20:00:00Z,NFLX,MarketOnClose,Filled,sell,-15,61.315,-919.725,1.0,
841,2021-10-01T14:00:00Z,2021-10-01T20:00:00Z,DELL,MarketOnClose,Filled,sell,-18,48.703387912958,-876.660982433244,1.0,
842,2021-10-01T14:00:00Z,2021-10-01T20:00:00Z,LOW,MarketOnClose,Filled,sell,-3,184.961743722,-554.885231166,1.0,
843,2021-10-01T14:00:00Z,2021-10-01T20:00:00Z,FDX,MarketOnClose,Filled,buy,7,130.663900265755,914.647301860285,1.0,
844,2021-10-01T14:00:00Z,2021-10-01T20:00:00Z,REGN,MarketOnClose,Filled,buy,1,565.453912606,565.453912606,1.0,
845,2021-10-01T14:00:00Z,2021-10-01T20:00:00Z,MMM,MarketOnClose,Filled,buy,5,103.669545489647,518.347727448235,1.0,
846,2021-10-01T14:00:00Z,2021-10-01T20:00:00Z,FCX,MarketOnClose,Filled,buy,15,30.964570965,464.468564475,1.0,
847,2021-10-01T14:00:00Z,2021-10-01T20:00:00Z,TGT,MarketOnClose,Filled,buy,2,195.45556116,390.91112232,1.0,
848,2021-10-01T14:00:00Z,2021-10-01T20:00:00Z,VRTX,MarketOnClose,Filled,buy,2,180.35,360.7,1.0,
849,2021-11-01T14:00:00Z,2021-11-01T20:00:00Z,FCX,MarketOnClose,Filled,sell,-25,36.205854891,-905.146372275,1.0,
850,2021-11-01T14:00:00Z,2021-11-01T20:00:00Z,TGT,MarketOnClose,Filled,sell,-4,220.683363012,-882.733452048,1.0,
851,2021-11-01T14:00:00Z,2021-11-01T20:00:00Z,LOW,MarketOnClose,Filled,sell,-4,211.1208201,-844.4832804,1.0,
852,2021-11-01T14:00:00Z,2021-11-01T20:00:00Z,NFLX,MarketOnClose,Filled,sell,-10,68.117,-681.17,1.0,
853,2021-11-01T14:00:00Z,2021-11-01T20:00:00Z,CVS,MarketOnClose,Filled,sell,-6,77.242275775,-463.45365465,1.0,
854,2021-11-01T14:00:00Z,2021-11-01T20:00:00Z,MO,MarketOnClose,Filled,buy,23,29.99955651,689.98979973,1.0,
855,2021-11-01T14:00:00Z,2021-11-01T20:00:00Z,INTC,MarketOnClose,Filled,buy,15,45.63903832,684.5855748,1.0,
856,2021-11-01T14:00:00Z,2021-11-01T20:00:00Z,LMT,MarketOnClose,Filled,buy,2,289.429267335,578.85853467,1.0,
857,2021-11-01T14:00:00Z,2021-11-01T20:00:00Z,MU,MarketOnClose,Filled,buy,7,69.03857121,483.26999847,1.0,
858,2021-11-01T14:00:00Z,2021-11-01T20:00:00Z,PM,MarketOnClose,Filled,buy,6,75.806322282,454.837933692,1.0,
859,2021-11-02T04:00:00Z,2021-11-02T20:00:00Z,VRTX,MarketOnOpen,Filled,sell,-41,185.66,-7612.06,1.0,left universe
860,2021-12-01T05:00:00Z,,DELL,MarketOnOpen,Canceled,sell,-155,0.0,0.0,0.0,no valuation
861,2021-12-01T15:00:00Z,2021-12-01T21:00:00Z,CI,MarketOnClose,Filled,sell,-40,177.431667968,-7097.26671872,1.0,no valuation
862,2021-12-01T15:00:00Z,2021-12-01T21:00:00Z,DELL,MarketOnClose,Filled,sell,-155,50.59852612,-7842.7715486,1.0,no valuation
863,2021-12-01T15:00:00Z,2021-12-01T21:00:00Z,MU,MarketOnClose,Filled,sell,-22,83.149000545,-1829.27801199,1.0,
864,2021-12-01T15:00:00Z,2021-12-01T21:00:00Z,LOW,MarketOnClose,Filled,sell,-2,223.528438524,-447.056877048,1.0,
865,2021-12-01T15:00:00Z,2021-12-01T21:00:00Z,BDX,MarketOnClose,Filled,buy,46,169.44644811417,7794.53661325182,1.0,
866,2021-12-01T15:00:00Z,2021-12-01T21:00:00Z,FISV,MarketOnClose,Filled,buy,79,95.55,7548.45,1.0,
867,2021-12-01T15:00:00Z,2021-12-01T21:00:00Z,EMR,MarketOnClose,Filled,buy,95,79.034888229,7508.314381755,1.0,
868,2021-12-01T15:00:00Z,2021-12-01T21:00:00Z,HCA,MarketOnClose,Filled,buy,3,216.353718042,649.061154126,1.0,
869,2021-12-01T15:00:00Z,2021-12-01T21:00:00Z,PM,MarketOnClose,Filled,buy,8,70.491278277,563.930226216,1.0,
870,2021-12-01T15:00:00Z,2021-12-01T21:00:00Z,NFLX,MarketOnClose,Filled,buy,7,61.777,432.439,1.0,
871,2021-12-01T15:00:00Z,2021-12-01T21:00:00Z,TGT,MarketOnClose,Filled,buy,2,206.290148064,412.580296128,1.0,
872,2021-12-01T15:00:00Z,2021-12-01T21:00:00Z,VZ,MarketOnClose,Filled,buy,11,36.716966433,403.886630763,1.0,
873,2021-12-01T15:00:00Z,2021-12-01T21:00:00Z,MMM,MarketOnClose,Filled,buy,4,100.999476624354,403.997906497416,1.0,
874,2022-01-03T15:00:00Z,2022-01-03T21:00:00Z,LMT,MarketOnClose,Filled,sell,-26,312.543045752,-8126.119189552,1.0,reached implied value
875,2022-01-03T15:00:00Z,2022-01-03T21:00:00Z,MO,MarketOnClose,Filled,sell,-258,33.296523858,-8590.503155364,1.29,reached implied value
876,2022-01-03T15:00:00Z,2022-01-03T21:00:00Z,CVS,MarketOnClose,Filled,sell,-9,88.75405896,-798.78653064,1.0,
877,2022-01-03T15:00:00Z,2022-01-03T21:00:00Z,FDX,MarketOnClose,Filled,sell,-4,152.279600775576,-609.118403102304,1.0,
878,2022-01-03T15:00:00Z,2022-01-03T21:00:00Z,HCA,MarketOnClose,Filled,sell,-2,244.136807872,-488.273615744,1.0,
879,2022-01-03T15:00:00Z,2022-01-03T21:00:00Z,FCX,MarketOnClose,Filled,sell,-11,39.181290396,-430.994194356,1.0,
880,2022-01-03T15:00:00Z,2022-01-03T21:00:00Z,T,MarketOnClose,Filled,buy,576,14.6753032574311,8452.974676280313,2.88,
881,2022-01-03T15:00:00Z,2022-01-03T21:00:00Z,DE,MarketOnClose,Filled,buy,25,329.813878223,8245.346955575,1.0,
882,2022-01-03T15:00:00Z,2022-01-03T21:00:00Z,TGT,MarketOnClose,Filled,buy,5,199.163074184,995.81537092,1.0,
883,2022-01-03T15:00:00Z,2022-01-03T21:00:00Z,NFLX,MarketOnClose,Filled,buy,16,59.737,955.792,1.0,
884,2022-01-03T15:00:00Z,2022-01-03T21:00:00Z,REGN,MarketOnClose,Filled,buy,1,621.23749294,621.23749294,1.0,
885,2022-02-01T15:00:00Z,2022-02-01T21:00:00Z,DG,MarketOnClose,Filled,sell,-38,193.025602,-7334.972876,1.0,reached implied value
886,2022-02-01T15:00:00Z,2022-02-01T21:00:00Z,PM,MarketOnClose,Filled,sell,-16,84.923899375,-1358.78239,1.0,
887,2022-02-01T15:00:00Z,2022-02-01T21:00:00Z,DE,MarketOnClose,Filled,sell,-3,355.974031884,-1067.922095652,1.0,
888,2022-02-01T15:00:00Z,2022-02-01T21:00:00Z,T,MarketOnClose,Filled,sell,-52,14.3788112217141,-747.6981835291332,1.0,
889,2022-02-01T15:00:00Z,2022-02-01T21:00:00Z,CVS,MarketOnClose,Filled,sell,-7,91.03598296,-637.25188072,1.0,
890,2022-02-01T15:00:00Z,2022-02-01T21:00:00Z,FISV,MarketOnClose,Filled,sell,-5,108.66,-543.3,1.0,
891,2022-02-01T15:00:00Z,2022-02-01T21:00:00Z,BDX,MarketOnClose,Filled,sell,-2,178.180715816881,-356.361431633762,1.0,
892,2022-02-01T15:00:00Z,2022-02-01T21:00:00Z,JCI,MarketOnClose,Filled,buy,119,65.765446061,7826.088081259,1.0,
893,2022-02-01T15:00:00Z,2022-02-01T21:00:00Z,NFLX,MarketOnClose,Filled,buy,49,45.713,2239.937,1.0,
894,2022-02-01T15:00:00Z,2022-02-01T21:00:00Z,FCX,MarketOnClose,Filled,buy,16,36.909483144,590.551730304,1.0,
895,2022-02-01T15:00:00Z,2022-02-01T21:00:00Z,LOW,MarketOnClose,Filled,buy,2,217.812790083,435.625580166,1.0,
896,2022-02-01T15:00:00Z,2022-02-01T21:00:00Z,MMM,MarketOnClose,Filled,buy,4,99.0592266341474,396.2369065365896,1.0,
897,2022-02-01T15:00:00Z,2022-02-01T21:00:00Z,MU,MarketOnClose,Filled,buy,4,79.620755175,318.4830207,1.0,
898,2022-03-01T15:00:00Z,2022-03-01T21:00:00Z,VZ,MarketOnClose,Filled,sell,-206,40.026362532,-8245.430681592,1.03,no valuation
899,2022-03-01T15:00:00Z,2022-03-01T21:00:00Z,FCX,MarketOnClose,Filled,sell,-47,45.32079576,-2130.07740072,1.0,
900,2022-03-01T15:00:00Z,2022-03-01T21:00:00Z,NOC,MarketOnClose,Filled,sell,-4,424.06517796,-1696.26071184,1.0,
901,2022-03-01T15:00:00Z,2022-03-01T21:00:00Z,MU,MarketOnClose,Filled,sell,-7,84.32272979,-590.25910853,1.0,
902,2022-03-01T15:00:00Z,2022-03-01T21:00:00Z,BDX,MarketOnClose,Filled,sell,-3,190.95867182223,-572.87601546669,1.0,
903,2022-03-01T15:00:00Z,2022-03-01T21:00:00Z,F,MarketOnClose,Filled,buy,589,12.64980244,7450.73363716,2.945,
904,2022-03-01T15:00:00Z,2022-03-01T21:00:00Z,FDX,MarketOnClose,Filled,buy,6,126.576712445094,759.460274670564,1.0,
905,2022-03-01T15:00:00Z,2022-03-01T21:00:00Z,JCI,MarketOnClose,Filled,buy,13,56.916078198,739.909016574,1.0,
906,2022-03-01T15:00:00Z,2022-03-01T21:00:00Z,MMM,MarketOnClose,Filled,buy,8,86.4411177705571,691.5289421644568,1.0,
907,2022-03-01T15:00:00Z,2022-03-01T21:00:00Z,TGT,MarketOnClose,Filled,buy,4,189.32376965,757.2950786,1.0,
908,2022-03-01T15:00:00Z,2022-03-01T21:00:00Z,FISV,MarketOnClose,Filled,buy,6,97.06,582.36,1.0,
909,2022-03-01T15:00:00Z,2022-03-01T21:00:00Z,NFLX,MarketOnClose,Filled,buy,14,38.624,540.736,1.0,
910,2022-03-01T15:00:00Z,2022-03-01T21:00:00Z,T,MarketOnClose,Filled,buy,37,13.8547677332896,512.6264061317152,1.0,
911,2022-03-01T15:00:00Z,2022-03-01T21:00:00Z,LOW,MarketOnClose,Filled,buy,2,202.44862995,404.8972599,1.0,
912,2022-03-01T15:00:00Z,2022-03-01T21:00:00Z,DE,MarketOnClose,Filled,buy,1,337.858808445,337.858808445,1.0,
913,2022-04-01T04:00:00Z,,JCI,MarketOnOpen,Canceled,sell,-132,0.0,0.0,0.0,no valuation
914,2022-04-01T14:00:00Z,2022-04-01T20:00:00Z,JCI,MarketOnClose,Filled,sell,-132,60.800237932,-8025.631407024,1.0,no valuation
915,2022-04-01T14:00:00Z,2022-04-01T20:00:00Z,REGN,MarketOnClose,Filled,sell,-2,688.334312262,-1376.668624524,1.0,
916,2022-04-01T14:00:00Z,2022-04-01T20:00:00Z,DE,MarketOnClose,Filled,sell,-3,393.63879912,-1180.91639736,1.0,
917,2022-04-01T14:00:00Z,2022-04-01T20:00:00Z,EMR,MarketOnClose,Filled,sell,-7,90.097142226,-630.679995582,1.0,
918,2022-04-01T14:00:00Z,2022-04-01T20:00:00Z,FCX,MarketOnClose,Filled,sell,-8,48.216028224,-385.728225792,1.0,
919,2022-04-01T14:00:00Z,2022-04-01T20:00:00Z,COP,MarketOnClose,Filled,buy,94,84.495528024,7942.579634256,1.0,
920,2022-04-01T14:00:00Z,2022-04-01T20:00:00Z,MU,MarketOnClose,Filled,buy,14,74.46911147,1042.56756058,1.0,
921,2022-04-01T14:00:00Z,2022-04-01T20:00:00Z,LOW,MarketOnClose,Filled,buy,4,185.009714106,740.038856424,1.0,
922,2022-04-01T14:00:00Z,2022-04-01T20:00:00Z,PM,MarketOnClose,Filled,buy,8,80.67914691,645.43317528,1.0,
923,2022-04-01T14:00:00Z,2022-04-01T20:00:00Z,NFLX,MarketOnClose,Filled,buy,14,37.347,522.858,1.0,
924,2022-04-01T14:00:00Z,2022-04-01T20:00:00Z,CVS,MarketOnClose,Filled,buy,5,86.59854632,432.9927316,1.0,
925,2022-04-01T14:00:00Z,2022-04-01T20:00:00Z,F,MarketOnClose,Filled,buy,31,12.61192878,390.96979218,1.0,
926,2022-05-02T14:00:00Z,2022-05-02T20:00:00Z,TGT,MarketOnClose,Filled,sell,-8,198.2496614,-1585.9972912,1.0,
927,2022-05-02T14:00:00Z,2022-05-02T20:00:00Z,PM,MarketOnClose,Filled,sell,-14,82.171352665,-1150.39893731,1.0,
928,2022-05-02T14:00:00Z,2022-05-02T20:00:00Z,T,MarketOnClose,Filled,sell,-72,15.1202394,-1088.6572368,1.0,
929,2022-05-02T14:00:00Z,2022-05-02T20:00:00Z,NOC,MarketOnClose,Filled,sell,-2,407.812910232,-815.625820464,1.0,
930,2022-05-02T14:00:00Z,2022-05-02T20:00:00Z,FISV,MarketOnClose,Filled,sell,-6,97.13,-582.78,1.0,
931,2022-05-02T14:00:00Z,2022-05-02T20:00:00Z,LOW,MarketOnClose,Filled,sell,-2,186.299719074,-372.599438148,1.0,
932,2022-05-02T14:00:00Z,2022-05-02T20:00:00Z,NFLX,MarketOnClose,Filled,buy,171,19.946,3410.766,1.0,
933,2022-05-02T14:00:00Z,2022-05-02T20:00:00Z,FCX,MarketOnClose,Filled,buy,22,38.075978318,837.671522996,1.0,
934,2022-05-02T14:00:00Z,2022-05-02T20:00:00Z,F,MarketOnClose,Filled,buy,57,10.888684212,620.655000084,1.0,
935,2022-05-02T14:00:00Z,2022-05-02T20:00:00Z,HCA,MarketOnClose,Filled,buy,2,202.995247044,405.990494088,1.0,
936,2022-05-02T14:00:00Z,2022-05-02T20:00:00Z,FDX,MarketOnClose,Filled,buy,3,116.428627658092,349.285882974276,1.0,
937,2022-05-02T14:00:00Z,2022-05-02T20:00:00Z,MU,MarketOnClose,Filled,buy,5,69.10873738,345.5436869,1.0,
938,2022-05-02T14:00:00Z,2022-05-02T20:00:00Z,INTC,MarketOnClose,Filled,buy,7,42.01653624,294.11575368,1.0,
939,2022-06-01T14:00:00Z,2022-06-01T20:00:00Z,COP,MarketOnClose,Filled,sell,-16,97.676181525,-1562.8189044,1.0,
940,2022-06-01T14:00:00Z,2022-06-01T20:00:00Z,T,MarketOnClose,Filled,sell,-48,16.78093515,-805.4848872,1.0,
941,2022-06-01T14:00:00Z,2022-06-01T20:00:00Z,FDX,MarketOnClose,Filled,sell,-6,129.229216841759,-775.375301050554,1.0,
942,2022-06-01T14:00:00Z,2022-06-01T20:00:00Z,MMM,MarketOnClose,Filled,sell,-6,88.3342431880966,-530.0054591285796,1.0,
943,2022-06-01T14:00:00Z,2022-06-01T20:00:00Z,MU,MarketOnClose,Filled,sell,-7,71.996425415,-503.974977905,1.0,
944,2022-06-01T14:00:00Z,2022-06-01T20:00:00Z,TGT,MarketOnClose,Filled,buy,16,135.56597538,2169.05560608,1.0,
945,2022-06-01T14:00:00Z,2022-06-01T20:00:00Z,DE,MarketOnClose,Filled,buy,2,332.581341435,665.16268287,1.0,
946,2022-06-01T14:00:00Z,2022-06-01T20:00:00Z,F,MarketOnClose,Filled,buy,36,10.332049795,371.95379262,1.0,
947,2022-06-01T14:00:00Z,2022-06-01T20:00:00Z,FCX,MarketOnClose,Filled,buy,10,37.554779013,375.54779013,1.0,
948,2022-06-01T14:00:00Z,2022-06-01T20:00:00Z,HCA,MarketOnClose,Filled,buy,1,199.26888519,199.26888519,1.0,
949,2022-07-01T14:00:00Z,2022-07-01T20:00:00Z,NOC,MarketOnClose,Filled,sell,-3,453.888995475,-1361.666986425,1.0,
950,2022-07-01T14:00:00Z,2022-07-01T20:00:00Z,FDX,MarketOnClose,Filled,sell,-8,132.818182150818,-1062.545457206544,1.0,
951,2022-07-01T14:00:00Z,2022-07-01T20:00:00Z,BDX,MarketOnClose,Filled,sell,-5,182.818434692404,-914.09217346202,1.0,
952,2022-07-01T14:00:00Z,2022-07-01T20:00:00Z,T,MarketOnClose,Filled,sell,-44,16.8560618625,-741.66672195,1.0,
953,2022-07-01T14:00:00Z,2022-07-01T20:00:00Z,CVS,MarketOnClose,Filled,sell,-9,80.890710054,-728.016390486,1.0,
954,2022-07-01T14:00:00Z,2022-07-01T20:00:00Z,PM,MarketOnClose,Filled,sell,-7,83.13003234,-581.91022638,1.0,
955,2022-07-01T14:00:00Z,2022-07-01T20:00:00Z,MU,MarketOnClose,Filled,buy,19,52.516767145,997.818575755,1.0,
956,2022-07-01T14:00:00Z,2022-07-01T20:00:00Z,FCX,MarketOnClose,Filled,buy,37,27.67094492,1023.82496204,1.0,
957,2022-07-01T14:00:00Z,2022-07-01T20:00:00Z,HCA,MarketOnClose,Filled,buy,4,169.090681578,676.362726312,1.0,
958,2022-07-01T14:00:00Z,2022-07-01T20:00:00Z,COP,MarketOnClose,Filled,buy,8,77.369646744,618.957173952,1.0,
959,2022-07-01T14:00:00Z,2022-07-01T20:00:00Z,F,MarketOnClose,Filled,buy,62,8.6278334635,534.925674737,1.0,
960,2022-07-01T14:00:00Z,2022-07-01T20:00:00Z,DE,MarketOnClose,Filled,buy,1,285.913719665,285.913719665,1.0,
961,2022-07-01T14:00:00Z,2022-07-01T20:00:00Z,INTC,MarketOnClose,Filled,buy,7,34.229325558,239.605278906,1.0,
962,2022-08-01T14:00:00Z,2022-08-01T20:00:00Z,FDX,MarketOnClose,Filled,sell,-48,141.187254135546,-6776.988198506208,1.0,no valuation
963,2022-08-01T14:00:00Z,2022-08-01T20:00:00Z,F,MarketOnClose,Filled,sell,-132,11.689322757,-1542.990603924,1.0,
964,2022-08-01T14:00:00Z,2022-08-01T20:00:00Z,NFLX,MarketOnClose,Filled,sell,-63,22.621,-1425.123,1.0,
965,2022-08-01T14:00:00Z,2022-08-01T20:00:00Z,HCA,MarketOnClose,Filled,sell,-5,203.718243183,-1018.591215915,1.0,
966,2022-08-01T14:00:00Z,2022-08-01T20:00:00Z,FISV,MarketOnClose,Filled,sell,-6,106.13,-636.78,1.0,
967,2022-08-01T14:00:00Z,2022-08-01T20:00:00Z,TGT,MarketOnClose,Filled,sell,-3,143.35961178,-430.07883534,1.0,
968,2022-08-01T14:00:00Z,2022-08-01T20:00:00Z,MPC,MarketOnClose,Filled,buy,85,82.613057624,7022.10989804,1.0,
969,2022-08-01T14:00:00Z,2022-08-01T20:00:00Z,T,MarketOnClose,Filled,buy,81,15.000734736,1215.059513616,1.0,
970,2022-08-01T14:00:00Z,2022-08-01T20:00:00Z,NOC,MarketOnClose,Filled,buy,2,443.866239525,887.73247905,1.0,
971,2022-08-01T14:00:00Z,2022-08-01T20:00:00Z,INTC,MarketOnClose,Filled,buy,24,34.813315152,835.519563648,1.0,
972,2022-08-01T14:00:00Z,2022-08-01T20:00:00Z,BDX,MarketOnClose,Filled,buy,4,177.714329863621,710.857319454484,1.0,
973,2022-08-01T14:00:00Z,2022-08-01T20:00:00Z,PM,MarketOnClose,Filled,buy,8,82.09632556,656.77060448,1.0,
974,2022-08-01T14:00:00Z,2022-08-01T20:00:00Z,REGN,MarketOnClose,Filled,buy,1,571.288849352,571.288849352,1.0,
975,2022-08-01T14:00:00Z,2022-08-01T20:00:00Z,CVS,MarketOnClose,Filled,buy,4,83.162480308,332.649921232,1.0,
976,2022-09-01T14:00:00Z,2022-09-01T20:00:00Z,DE,MarketOnClose,Filled,sell,-3,344.815946035,-1034.447838105,1.0,
977,2022-09-01T14:00:00Z,2022-09-01T20:00:00Z,COP,MarketOnClose,Filled,sell,-10,91.855040063,-918.55040063,1.0,
978,2022-09-01T14:00:00Z,2022-09-01T20:00:00Z,MPC,MarketOnClose,Filled,sell,-9,89.042673976,-801.384065784,1.0,
979,2022-09-01T14:00:00Z,2022-09-01T20:00:00Z,F,MarketOnClose,Filled,sell,-37,11.694238793,-432.686835341,1.0,
980,2022-09-01T14:00:00Z,2022-09-01T20:00:00Z,MMM,MarketOnClose,Filled,buy,11,76.5695731166191,842.2653042828101,1.0,
981,2022-09-01T14:00:00Z,2022-09-01T20:00:00Z,INTC,MarketOnClose,Filled,buy,24,30.217346928,725.216326272,1.0,
982,2022-09-01T14:00:00Z,2022-09-01T20:00:00Z,EMR,MarketOnClose,Filled,buy,6,75.98989193,455.93935158,1.0,
983,2022-09-01T14:00:00Z,2022-09-01T20:00:00Z,FCX,MarketOnClose,Filled,buy,16,26.685288864,426.964621824,1.0,
984,2022-09-01T14:00:00Z,2022-09-01T20:00:00Z,T,MarketOnClose,Filled,buy,28,14.02312275,392.647437,1.0,
985,2022-09-01T14:00:00Z,2022-09-01T20:00:00Z,MU,MarketOnClose,Filled,buy,7,56.209298409,393.465088863,1.0,
986,2022-09-01T14:00:00Z,2022-09-01T20:00:00Z,HCA,MarketOnClose,Filled,buy,2,192.649014285,385.29802857,1.0,
987,2022-10-03T14:00:00Z,2022-10-03T20:00:00Z,BDX,MarketOnClose,Filled,sell,-40,168.121737559887,-6724.86950239548,1.0,reached implied value
988,2022-10-03T14:00:00Z,2022-10-03T20:00:00Z,REGN,MarketOnClose,Filled,sell,-3,728.257563682,-2184.772691046,1.0,
989,2022-10-03T14:00:00Z,2022-10-03T20:00:00Z,NFLX,MarketOnClose,Filled,sell,-39,23.904,-932.256,1.0,
990,2022-10-03T14:00:00Z,2022-10-03T20:00:00Z,CVS,MarketOnClose,Filled,sell,-6,84.669486304,-508.016917824,1.0,
991,2022-10-03T14:00:00Z,2022-10-03T20:00:00Z,NOC,MarketOnClose,Filled,sell,-1,454.864452169,-454.864452169,1.0,
992,2022-10-03T14:00:00Z,2022-10-03T20:00:00Z,MPC,MarketOnClose,Filled,sell,-4,94.591736854,-378.366947416,1.0,
993,2022-10-03T14:00:00Z,2022-10-03T20:00:00Z,LOW,MarketOnClose,Filled,sell,-2,179.015553101,-358.031106202,1.0,
994,2022-10-03T14:00:00Z,2022-10-03T20:00:00Z,MRNA,MarketOnClose,Filled,buy,56,120.99,6775.44,1.0,
995,2022-10-03T14:00:00Z,2022-10-03T20:00:00Z,F,MarketOnClose,Filled,buy,160,8.829400577,1412.70409232,1.0,
996,2022-10-03T14:00:00Z,2022-10-03T20:00:00Z,INTC,MarketOnClose,Filled,buy,36,25.660007766,923.760279576,1.0,
997,2022-10-03T14:00:00Z,2022-10-03T20:00:00Z,PM,MarketOnClose,Filled,buy,6,71.896572308,431.379433848,1.0,
998,2022-10-03T14:00:00Z,2022-10-03T20:00:00Z,T,MarketOnClose,Filled,buy,32,12.74100867,407.71227744,1.0,
999,2022-10-03T14:00:00Z,2022-10-03T20:00:00Z,MMM,MarketOnClose,Filled,buy,5,69.0058669765471,345.0293348827355,1.0,
1000,2022-10-03T14:00:00Z,2022-10-03T20:00:00Z,MU,MarketOnClose,Filled,buy,6,50.726660508,304.359963048,1.0,
1001,2022-11-01T14:00:00Z,2022-11-01T20:00:00Z,MRNA,MarketOnClose,Filled,sell,-6,154.62,-927.72,1.0,
1002,2022-11-01T14:00:00Z,2022-11-01T20:00:00Z,COP,MarketOnClose,Filled,sell,-8,112.248417668,-897.987341344,1.0,
1003,2022-11-01T14:00:00Z,2022-11-01T20:00:00Z,NFLX,MarketOnClose,Filled,sell,-21,28.675,-602.175,1.0,
1004,2022-11-01T14:00:00Z,2022-11-01T20:00:00Z,T,MarketOnClose,Filled,sell,-28,14.960857491,-418.904009748,1.0,
1005,2022-11-01T14:00:00Z,2022-11-01T20:00:00Z,F,MarketOnClose,Filled,sell,-30,10.311877342,-309.35632026,1.0,
1006,2022-11-01T14:00:00Z,2022-11-01T20:00:00Z,CVS,MarketOnClose,Filled,buy,12,82.444648494,989.335781928,1.0,
1007,2022-11-01T14:00:00Z,2022-11-01T20:00:00Z,REGN,MarketOnClose,Filled,buy,1,752.805905374,752.805905374,1.0,
1008,2022-11-01T14:00:00Z,2022-11-01T20:00:00Z,LOW,MarketOnClose,Filled,buy,3,179.59953536,538.79860608,1.0,
1009,2022-11-01T14:00:00Z,2022-11-01T20:00:00Z,FISV,MarketOnClose,Filled,buy,5,104.02,520.1,1.0,
1010,2022-11-01T14:00:00Z,2022-11-01T20:00:00Z,TGT,MarketOnClose,Filled,buy,3,143.456491199,430.369473597,1.0,
1011,2022-11-01T14:00:00Z,2022-11-01T20:00:00Z,MU,MarketOnClose,Filled,buy,8,53.919880638,431.359045104,1.0,
1012,2022-12-01T15:00:00Z,2022-12-01T21:00:00Z,FCX,MarketOnClose,Filled,sell,-39,37.702636302,-1470.402815778,1.0,
1013,2022-12-01T15:00:00Z,2022-12-01T21:00:00Z,MRNA,MarketOnClose,Filled,sell,-4,181.48,-725.92,1.0,
1014,2022-12-01T15:00:00Z,2022-12-01T21:00:00Z,HCA,MarketOnClose,Filled,sell,-3,230.958028071,-692.874084213,1.0,
1015,2022-12-01T15:00:00Z,2022-12-01T21:00:00Z,COP,MarketOnClose,Filled,buy,6,108.515267868,651.091607208,1.0,
1016,2022-12-01T15:00:00Z,2022-12-01T21:00:00Z,NOC,MarketOnClose,Filled,buy,1,498.27300877,498.27300877,1.0,
1017,2022-12-01T15:00:00Z,2022-12-01T21:00:00Z,MMM,MarketOnClose,Filled,buy,6,77.7004630796926,466.2027784781556,1.0,
1018,2022-12-01T15:00:00Z,2022-12-01T21:00:00Z,FISV,MarketOnClose,Filled,buy,4,105.03,420.12,1.0,
1019,2022-12-01T15:00:00Z,2022-12-01T21:00:00Z,TGT,MarketOnClose,Filled,buy,2,144.750909748,289.501819496,1.0,
1020,2023-01-03T15:00:00Z,2023-01-03T21:00:00Z,DE,MarketOnClose,Filled,sell,-2,404.629504554,-809.259009108,1.0,
1021,2023-01-03T15:00:00Z,2023-01-03T21:00:00Z,EMR,MarketOnClose,Filled,sell,-8,89.52792121,-716.22336968,1.0,
1022,2023-01-03T15:00:00Z,2023-01-03T21:00:00Z,MRNA,MarketOnClose,Filled,sell,-3,178.99,-536.97,1.0,
1023,2023-01-03T15:00:00Z,2023-01-03T21:00:00Z,NOC,MarketOnClose,Filled,sell,-1,507.697255947,-507.697255947,1.0,
1024,2023-01-03T15:00:00Z,2023-01-03T21:00:00Z,PM,MarketOnClose,Filled,sell,-5,86.74518561,-433.72592805,1.0,
1025,2023-01-03T15:00:00Z,2023-01-03T21:00:00Z,F,MarketOnClose,Filled,buy,118,9.085109065,1072.04286967,1.0,
1026,2023-01-03T15:00:00Z,2023-01-03T21:00:00Z,INTC,MarketOnClose,Filled,buy,33,25.775145594,850.579804602,1.0,
1027,2023-01-03T15:00:00Z,2023-01-03T21:00:00Z,MU,MarketOnClose,Filled,buy,15,49.619481963,744.292229445,1.0,
1028,2023-01-03T15:00:00Z,2023-01-03T21:00:00Z,TGT,MarketOnClose,Filled,buy,4,133.01861527,532.07446108,1.0,
1029,2023-02-01T15:00:00Z,2023-02-01T21:00:00Z,INTC,MarketOnClose,Filled,sell,-303,28.031555646,-8493.561360738,1.515,no valuation
1030,2023-02-01T15:00:00Z,2023-02-01T21:00:00Z,LOW,MarketOnClose,Filled,sell,-41,199.186963524,-8166.665504484,1.0,reached implied value
1031,2023-02-01T15:00:00Z,2023-02-01T21:00:00Z,NOC,MarketOnClose,Filled,sell,-15,415.860175281,-6237.902629215,1.0,reached implied value
1032,2023-02-01T15:00:00Z,2023-02-01T21:00:00Z,PM,MarketOnClose,Filled,sell,-89,90.247533183,-8032.030453287,1.0,reached implied value
1033,2023-02-01T15:00:00Z,2023-02-01T21:00:00Z,MU,MarketOnClose,Filled,sell,-20,61.66725374,-1233.3450748,1.0,
1034,2023-02-01T15:00:00Z,2023-02-01T21:00:00Z,NFLX,MarketOnClose,Filled,sell,-30,36.199,-1085.97,1.0,
1035,2023-02-01T15:00:00Z,2023-02-01T21:00:00Z,FCX,MarketOnClose,Filled,sell,-23,42.8514762775,-985.5839543825,1.0,
1036,2023-02-01T15:00:00Z,2023-02-01T21:00:00Z,F,MarketOnClose,Filled,sell,-78,10.73871564,-837.61981992,1.0,
1037,2023-02-01T15:00:00Z,2023-02-01T21:00:00Z,TGT,MarketOnClose,Filled,sell,-5,155.273146948,-776.36573474,1.0,
1038,2023-02-01T15:00:00Z,2023-02-01T21:00:00Z,MPC,MarketOnClose,Filled,sell,-4,113.870797959,-455.483191836,1.0,
1039,2023-02-01T15:00:00Z,2023-02-01T21:00:00Z,T,MarketOnClose,Filled,sell,-26,16.702835694,-434.273728044,1.0,
1040,2023-02-01T15:00:00Z,2023-02-01T21:00:00Z,EPD,MarketOnClose,Filled,buy,406,20.152767768,8182.023713808,2.03,
1041,2023-02-01T15:00:00Z,2023-02-01T21:00:00Z,PFE,MarketOnClose,Filled,buy,229,35.480517558,8125.038520782,1.145,
1042,2023-02-01T15:00:00Z,2023-02-01T21:00:00Z,OXY,MarketOnClose,Filled,buy,134,59.5862791,7984.5613994,1.0,
1043,2023-02-01T15:00:00Z,2023-02-01T21:00:00Z,EOG,MarketOnClose,Filled,buy,70,111.885224181,7831.96569267,1.0,
1044,2023-02-01T15:00:00Z,2023-02-01T21:00:00Z,CVS,MarketOnClose,Filled,buy,13,76.758634082,997.862243066,1.0,
1045,2023-02-01T15:00:00Z,2023-02-01T21:00:00Z,EMR,MarketOnClose,Filled,buy,11,85.38095286,939.19048146,1.0,
1046,2023-02-01T15:00:00Z,2023-02-01T21:00:00Z,DE,MarketOnClose,Filled,buy,2,407.204393574,814.408787148,1.0,
1047,2023-02-01T15:00:00Z,2023-02-01T21:00:00Z,MMM,MarketOnClose,Filled,buy,11,71.4602544742924,786.0627992172164,1.0,
1048,2023-02-01T15:00:00Z,2023-02-01T21:00:00Z,MRNA,MarketOnClose,Filled,buy,3,174.3,522.9,1.0,
1049,2023-03-01T15:00:00Z,2023-03-01T21:00:00Z,CVS,MarketOnClose,Filled,sell,-105,72.354378246,-7597.20971583,1.0,reached implied value
1050,2023-03-01T15:00:00Z,2023-03-01T21:00:00Z,REGN,MarketOnClose,Filled,sell,-10,763.237464616,-7632.37464616,1.0,reached implied value
1051,2023-03-01T15:00:00Z,2023-03-01T21:00:00Z,F,MarketOnClose,Filled,sell,-776,9.702696474,-7529.292463824,3.88,no valuation
1052,2023-03-01T15:00:00Z,2023-03-01T21:00:00Z,T,MarketOnClose,Filled,sell,-484,15.437093316,-7471.553164944,2.42,no valuation
1053,2023-03-01T15:00:00Z,2023-03-01T21:00:00Z,FISV,MarketOnClose,Filled,sell,-11,115.81,-1273.91,1.0,
1054,2023-03-01T15:00:00Z,2023-03-01T21:00:00Z,HCA,MarketOnClose,Filled,sell,-2,237.15148884,-474.30297768,1.0,
1055,2023-03-01T15:00:00Z,2023-03-01T21:00:00Z,TGT,MarketOnClose,Filled,sell,-3,143.329128928,-429.987386784,1.0,
1056,2023-03-01T15:00:00Z,2023-03-01T21:00:00Z,EPD,MarketOnClose,Filled,sell,-22,20.105681862,-442.325000964,1.0,
1057,2023-03-01T15:00:00Z,2023-03-01T21:00:00Z,CVX,MarketOnClose,Filled,buy,55,140.234727936,7712.91003648,1.0,
1058,2023-03-01T15:00:00Z,2023-03-01T21:00:00Z,PSX,MarketOnClose,Filled,buy,84,95.189677128,7995.932878752,1.0,
1059,2023-03-01T15:00:00Z,2023-03-01T21:00:00Z,VLO,MarketOnClose,Filled,buy,64,126.08321865,8069.3259936,1.0,
1060,2023-03-01T15:00:00Z,2023-03-01T21:00:00Z,XOM,MarketOnClose,Filled,buy,78,98.83521054,7709.14642212,1.0,
1061,2023-03-01T15:00:00Z,2023-03-01T21:00:00Z,MRNA,MarketOnClose,Filled,buy,9,135.66,1220.94,1.0,
1062,2023-03-01T15:00:00Z,2023-03-01T21:00:00Z,COP,MarketOnClose,Filled,buy,9,94.696343125,852.267088125,1.0,
1063,2023-03-01T15:00:00Z,2023-03-01T21:00:00Z,EOG,MarketOnClose,Filled,buy,7,103.728299989,726.098099923,1.0,
1064,2023-03-01T15:00:00Z,2023-03-01T21:00:00Z,OXY,MarketOnClose,Filled,buy,6,56.029869686,336.179218116,1.0,
1065,2023-04-03T14:00:00Z,2023-04-03T20:00:00Z,TGT,MarketOnClose,Filled,sell,-51,146.51441676,-7472.23525476,1.0,no valuation
1066,2023-04-03T14:00:00Z,2023-04-03T20:00:00Z,MPC,MarketOnClose,Filled,sell,-6,126.339870528,-758.039223168,1.0,
1067,2023-04-03T14:00:00Z,2023-04-03T20:00:00Z,MRNA,MarketOnClose,Filled,sell,-4,159.48,-637.92,1.0,
1068,2023-04-03T14:00:00Z,2023-04-03T20:00:00Z,HCA,MarketOnClose,Filled,sell,-2,257.053620512,-514.107241024,1.0,
1069,2023-04-03T14:00:00Z,2023-04-03T20:00:00Z,OXY,MarketOnClose,Filled,sell,-7,61.340389596,-429.382727172,1.0,
1070,2023-04-03T14:00:00Z,2023-04-03T20:00:00Z,QCOM,MarketOnClose,Filled,buy,66,115.438163148,7618.918767768,1.0,
1071,2023-04-03T14:00:00Z,2023-04-03T20:00:00Z,COP,MarketOnClose,Filled,buy,5,97.22883339,486.14416695,1.0,
1072,2023-04-03T14:00:00Z,2023-04-03T20:00:00Z,FCX,MarketOnClose,Filled,buy,9,39.38607524,354.47467716,1.0,
1073,2023-04-03T14:00:00Z,2023-04-03T20:00:00Z,FISV,MarketOnClose,Filled,buy,3,112.83,338.49,1.0,
1074,2023-05-01T14:00:00Z,2023-05-01T20:00:00Z,MU,MarketOnClose,Filled,sell,-16,61.545105145,-984.72168232,1.0,
1075,2023-05-01T14:00:00Z,2023-05-01T20:00:00Z,HCA,MarketOnClose,Filled,sell,-3,276.369619782,-829.108859346,1.0,
1076,2023-05-01T14:00:00Z,2023-05-01T20:00:00Z,FISV,MarketOnClose,Filled,sell,-6,121.44,-728.64,1.0,
1077,2023-05-01T14:00:00Z,2023-05-01T20:00:00Z,EOG,MarketOnClose,Filled,sell,-5,105.960575416,-529.80287708,1.0,
1078,2023-05-01T14:00:00Z,2023-05-01T20:00:00Z,XOM,MarketOnClose,Filled,sell,-5,102.1721909175,-510.8609545875,1.0,
1079,2023-05-01T14:00:00Z,2023-05-01T20:00:00Z,COP,MarketOnClose,Filled,sell,-5,91.946802135,-459.734010675,1.0,
1080,2023-05-01T14:00:00Z,2023-05-01T20:00:00Z,EPD,MarketOnClose,Filled,sell,-17,21.02621091,-357.44558547,1.0,
1081,2023-05-01T14:00:00Z,2023-05-01T20:00:00Z,VLO,MarketOnClose,Filled,buy,10,104.46740085,1044.6740085,1.0,
1082,2023-05-01T14:00:00Z,2023-05-01T20:00:00Z,MRNA,MarketOnClose,Filled,buy,7,133.4,933.8,1.0,
1083,2023-05-01T14:00:00Z,2023-05-01T20:00:00Z,MPC,MarketOnClose,Filled,buy,5,114.063554592,570.31777296,1.0,
1084,2023-05-01T14:00:00Z,2023-05-01T20:00:00Z,QCOM,MarketOnClose,Filled,buy,5,107.201834368,536.00917184,1.0,
1085,2023-05-01T14:00:00Z,2023-05-01T20:00:00Z,PFE,MarketOnClose,Filled,buy,17,31.608155478,537.338643126,1.0,
1086,2023-05-01T14:00:00Z,2023-05-01T20:00:00Z,FCX,MarketOnClose,Filled,buy,12,36.095362974,433.144355688,1.0,
1087,2023-05-01T14:00:00Z,2023-05-01T20:00:00Z,DE,MarketOnClose,Filled,buy,1,365.553645944,365.553645944,1.0,
1088,2023-05-01T14:00:00Z,2023-05-01T20:00:00Z,PSX,MarketOnClose,Filled,buy,3,87.34300848,262.02902544,1.0,
1089,2023-05-02T04:00:00Z,2023-05-02T20:00:00Z,VLO,MarketOnOpen,Filled,sell,-74,103.3540233,-7648.1977242,1.0,left universe
1090,2023-06-01T04:00:00Z,,PSX,MarketOnOpen,Canceled,sell,-87,0.0,0.0,0.0,no valuation
1091,2023-06-01T14:00:00Z,2023-06-01T20:00:00Z,PSX,MarketOnClose,Filled,sell,-87,83.50485656,-7264.92252072,1.0,no valuation
1092,2023-06-01T14:00:00Z,2023-06-01T20:00:00Z,NFLX,MarketOnClose,Filled,sell,-45,40.313,-1814.085,1.0,
1093,2023-06-01T14:00:00Z,2023-06-01T20:00:00Z,MU,MarketOnClose,Filled,sell,-12,68.198096463,-818.377157556,1.0,
1094,2023-06-01T14:00:00Z,2023-06-01T20:00:00Z,VZ,MarketOnClose,Filled,buy,256,28.697408708,7346.536629248,1.28,
1095,2023-06-01T14:00:00Z,2023-06-01T20:00:00Z,CI,MarketOnClose,Filled,buy,31,236.899556173,7343.886241363,1.0,
1096,2023-06-01T14:00:00Z,2023-06-01T20:00:00Z,MPC,MarketOnClose,Filled,buy,7,99.284123736,694.988866152,1.0,
1097,2023-06-01T14:00:00Z,2023-06-01T20:00:00Z,XOM,MarketOnClose,Filled,buy,6,92.907043655,557.44226193,1.0,
1098,2023-06-01T14:00:00Z,2023-06-01T20:00:00Z,MMM,MarketOnClose,Filled,buy,9,59.8192163867307,538.3729474805763,1.0,
1099,2023-06-01T14:00:00Z,2023-06-01T20:00:00Z,EOG,MarketOnClose,Filled,buy,4,96.591674235,386.36669694,1.0,
1100,2023-06-01T14:00:00Z,2023-06-01T20:00:00Z,DE,MarketOnClose,Filled,buy,1,337.284750734,337.284750734,1.0,
1101,2023-06-01T14:00:00Z,2023-06-01T20:00:00Z,FCX,MarketOnClose,Filled,buy,10,34.032496669,340.32496669,1.0,
1102,2023-06-01T14:00:00Z,2023-06-01T20:00:00Z,HCA,MarketOnClose,Filled,buy,1,260.663814834,260.663814834,1.0,
1103,2023-07-03T14:00:00Z,2023-07-03T17:00:00Z,DE,MarketOnClose,Filled,sell,-2,390.204791095,-780.40958219,1.0,
1104,2023-07-03T14:00:00Z,2023-07-03T17:00:00Z,FCX,MarketOnClose,Filled,sell,-18,39.117701979,-704.118635622,1.0,
1105,2023-07-03T14:00:00Z,2023-07-03T17:00:00Z,HCA,MarketOnClose,Filled,sell,-2,290.557749924,-581.115499848,1.0,
1106,2023-07-03T14:00:00Z,2023-07-03T17:00:00Z,CI,MarketOnClose,Filled,sell,-2,263.168752077,-526.337504154,1.0,
1107,2023-07-03T14:00:00Z,2023-07-03T17:00:00Z,EMR,MarketOnClose,Filled,sell,-5,85.685019036,-428.42509518,1.0,
1108,2023-07-03T14:00:00Z,2023-07-03T17:00:00Z,MU,MarketOnClose,Filled,buy,17,63.084966637,1072.444432829,1.0,
1109,2023-07-03T14:00:00Z,2023-07-03T17:00:00Z,MRNA,MarketOnClose,Filled,buy,6,121.74,730.44,1.0,
1110,2023-07-03T14:00:00Z,2023-07-03T17:00:00Z,PFE,MarketOnClose,Filled,buy,16,29.870728371,477.931653936,1.0,
1111,2023-07-03T14:00:00Z,2023-07-03T17:00:00Z,OXY,MarketOnClose,Filled,buy,8,55.861309878,446.890479024,1.0,
1112,2023-08-01T04:00:00Z,,MRNA,MarketOnOpen,Canceled,sell,-64,0.0,0.0,0.0,no valuation
1113,2023-08-01T14:00:00Z,2023-08-01T20:00:00Z,MRNA,MarketOnClose,Filled,sell,-64,113.94,-7292.16,1.0,no valuation
1114,2023-08-01T14:00:00Z,2023-08-01T20:00:00Z,MPC,MarketOnClose,Filled,sell,-9,126.545760432,-1138.911843888,1.0,
1115,2023-08-01T14:00:00Z,2023-08-01T20:00:00Z,EOG,MarketOnClose,Filled,sell,-7,118.466846425,-829.267924975,1.0,
1116,2023-08-01T14:00:00Z,2023-08-01T20:00:00Z,MU,MarketOnClose,Filled,sell,-10,69.977967556,-699.77967556,1.0,
1117,2023-08-01T14:00:00Z,2023-08-01T20:00:00Z,COP,MarketOnClose,Filled,sell,-6,106.44241422,-638.65448532,1.0,
1118,2023-08-01T14:00:00Z,2023-08-01T20:00:00Z,QCOM,MarketOnClose,Filled,sell,-5,123.079646144,-615.39823072,1.0,
1119,2023-08-01T14:00:00Z,2023-08-01T20:00:00Z,MMM,MarketOnClose,Filled,sell,-8,70.1263128376307,-561.0105027010457,1.0,
1120,2023-08-01T14:00:00Z,2023-08-01T20:00:00Z,FCX,MarketOnClose,Filled,sell,-13,42.122503548,-547.592546124,1.0,
1121,2023-08-01T14:00:00Z,2023-08-01T20:00:00Z,MCK,MarketOnClose,Filled,buy,20,399.096704006,7981.93408012,1.0,
1122,2023-08-01T14:00:00Z,2023-08-01T20:00:00Z,VZ,MarketOnClose,Filled,buy,39,27.338047757,1066.183862523,1.0,
1123,2023-08-01T14:00:00Z,2023-08-01T20:00:00Z,HCA,MarketOnClose,Filled,buy,4,267.066220203,1068.264880812,1.0,
1124,2023-08-01T14:00:00Z,2023-08-01T20:00:00Z,XOM,MarketOnClose,Filled,buy,6,95.8101079,574.8606474,1.0,
1125,2023-08-01T14:00:00Z,2023-08-01T20:00:00Z,PFE,MarketOnClose,Filled,buy,14,29.378969473,411.305572622,1.0,
1126,2023-08-01T14:00:00Z,2023-08-01T20:00:00Z,CVX,MarketOnClose,Filled,buy,2,141.852600648,283.705201296,1.0,
1127,2023-09-01T14:00:00Z,2023-09-01T20:00:00Z,MPC,MarketOnClose,Filled,sell,-5,137.574875324,-687.87437662,1.0,
1128,2023-09-01T14:00:00Z,2023-09-01T20:00:00Z,XOM,MarketOnClose,Filled,sell,-5,102.866068536,-514.33034268,1.0,
1129,2023-09-01T14:00:00Z,2023-09-01T20:00:00Z,EMR,MarketOnClose,Filled,sell,-5,93.835106428,-469.17553214,1.0,
1130,2023-09-01T14:00:00Z,2023-09-01T20:00:00Z,QCOM,MarketOnClose,Filled,buy,9,108.2836417135,974.5527754215,1.0,
1131,2023-09-01T14:00:00Z,2023-09-01T20:00:00Z,FCX,MarketOnClose,Filled,buy,20,39.955708098,799.11416196,1.0,
1132,2023-09-01T14:00:00Z,2023-09-01T20:00:00Z,CI,MarketOnClose,Filled,buy,2,259.881138727,519.762277454,1.0,
1133,2023-09-01T14:00:00Z,2023-09-01T20:00:00Z,FISV,MarketOnClose,Filled,buy,3,122.81,368.43,1.0,
1134,2023-10-02T14:00:00Z,2023-10-02T20:00:00Z,MCK,MarketOnClose,Filled,sell,-2,431.65764763,-863.31529526,1.0,
1135,2023-10-02T14:00:00Z,2023-10-02T20:00:00Z,OXY,MarketOnClose,Filled,sell,-12,58.96822715,-707.6187258,1.0,
1136,2023-10-02T14:00:00Z,2023-10-02T20:00:00Z,MPC,MarketOnClose,Filled,sell,-5,141.401636038,-707.00818019,1.0,
1137,2023-10-02T14:00:00Z,2023-10-02T20:00:00Z,XOM,MarketOnClose,Filled,sell,-6,104.778043559,-628.668261354,1.0,
1138,2023-10-02T14:00:00Z,2023-10-02T20:00:00Z,CVX,MarketOnClose,Filled,sell,-4,146.903002136,-587.612008544,1.0,
1139,2023-10-02T14:00:00Z,2023-10-02T20:00:00Z,COP,MarketOnClose,Filled,sell,-5,107.18597441,-535.92987205,1.0,
1140,2023-10-02T14:00:00Z,2023-10-02T20:00:00Z,CI,MarketOnClose,Filled,sell,-2,271.297641758,-542.595283516,1.0,
1141,2023-10-02T14:00:00Z,2023-10-02T20:00:00Z,NFLX,MarketOnClose,Filled,buy,25,38.033,950.825,1.0,
1142,2023-10-02T14:00:00Z,2023-10-02T20:00:00Z,MMM,MarketOnClose,Filled,buy,15,58.0872447891674,871.308671837511,1.0,
1143,2023-10-02T14:00:00Z,2023-10-02T20:00:00Z,HCA,MarketOnClose,Filled,buy,3,241.62082911,724.86248733,1.0,
1144,2023-10-02T14:00:00Z,2023-10-02T20:00:00Z,FISV,MarketOnClose,Filled,buy,4,112.85,451.4,1.0,
1145,2023-10-02T14:00:00Z,2023-10-02T20:00:00Z,PFE,MarketOnClose,Filled,buy,14,27.985467974,391.796551636,1.0,
1146,2023-10-02T14:00:00Z,2023-10-02T20:00:00Z,DE,MarketOnClose,Filled,buy,1,360.003732992,360.003732992,1.0,
1147,2023-10-02T14:00:00Z,2023-10-02T20:00:00Z,FCX,MarketOnClose,Filled,buy,10,35.285060128,352.85060128,1.0,
1148,2023-11-01T14:00:00Z,2023-11-01T20:00:00Z,MU,MarketOnClose,Filled,sell,-116,68.74749426,-7974.70933416,1.0,no valuation
1149,2023-11-01T14:00:00Z,2023-11-01T20:00:00Z,NFLX,MarketOnClose,Filled,sell,-22,42.019,-924.418,1.0,
1150,2023-11-01T14:00:00Z,2023-11-01T20:00:00Z,VZ,MarketOnClose,Filled,sell,-30,29.56696854,-887.0090562,1.0,
1151,2023-11-01T14:00:00Z,2023-11-01T20:00:00Z,CI,MarketOnClose,Filled,sell,-3,291.932264507,-875.796793521,1.0,
1152,2023-11-01T14:00:00Z,2023-11-01T20:00:00Z,VLO,MarketOnClose,Filled,buy,66,117.620630328,7762.961601648,1.0,
1153,2023-11-01T14:00:00Z,2023-11-01T20:00:00Z,CVX,MarketOnClose,Filled,buy,7,127.003087832,889.021614824,1.0,
1154,2023-11-01T14:00:00Z,2023-11-01T20:00:00Z,XOM,MarketOnClose,Filled,buy,7,95.725612052,670.079284364,1.0,
1155,2023-11-01T14:00:00Z,2023-11-01T20:00:00Z,FCX,MarketOnClose,Filled,buy,17,32.595018153,554.115308601,1.0,
1156,2023-11-01T14:00:00Z,2023-11-01T20:00:00Z,PFE,MarketOnClose,Filled,buy,18,25.157237121,452.830268178,1.0,
1157,2023-11-01T14:00:00Z,2023-11-01T20:00:00Z,HCA,MarketOnClose,Filled,buy,2,220.26483576,440.52967152,1.0,
1158,2023-11-01T14:00:00Z,2023-11-01T20:00:00Z,EMR,MarketOnClose,Filled,buy,5,85.003678599,425.018392995,1.0,
1159,2023-11-01T14:00:00Z,2023-11-01T20:00:00Z,DE,MarketOnClose,Filled,buy,1,356.758460736,356.758460736,1.0,
1160,2023-12-01T05:00:00Z,,VLO,MarketOnOpen,Canceled,sell,-66,0.0,0.0,0.0,no valuation
1161,2023-12-01T15:00:00Z,2023-12-01T21:00:00Z,EMR,MarketOnClose,Filled,sell,-92,85.998370812,-7911.850114704,1.0,reached implied value
1162,2023-12-01T15:00:00Z,2023-12-01T21:00:00Z,VLO,MarketOnClose,Filled,sell,-66,117.321978898,-7743.250607268,1.0,no valuation
1163,2023-12-01T15:00:00Z,2023-12-01T21:00:00Z,QCOM,MarketOnClose,Filled,sell,-75,122.463395245,-9184.754643375,1.0,reached implied value
1164,2023-12-01T15:00:00Z,2023-12-01T21:00:00Z,FISV,MarketOnClose,Filled,sell,-9,130.61,-1175.49,1.0,
1165,2023-12-01T15:00:00Z,2023-12-01T21:00:00Z,NFLX,MarketOnClose,Filled,sell,-18,46.574,-838.332,1.0,
1166,2023-12-01T15:00:00Z,2023-12-01T21:00:00Z,HCA,MarketOnClose,Filled,sell,-3,246.65439276,-739.96317828,1.0,
1167,2023-12-01T15:00:00Z,2023-12-01T21:00:00Z,FCX,MarketOnClose,Filled,sell,-15,37.942109532,-569.13164298,1.0,
1168,2023-12-01T15:00:00Z,2023-12-01T21:00:00Z,MMM,MarketOnClose,Filled,sell,-7,65.2918397575732,-457.0428783030124,1.0,
1169,2023-12-01T15:00:00Z,2023-12-01T21:00:00Z,VZ,MarketOnClose,Filled,sell,-14,32.222984358,-451.121781012,1.0,
1170,2023-12-01T15:00:00Z,2023-12-01T21:00:00Z,MO,MarketOnClose,Filled,buy,239,34.10898078,8152.04640642,1.195,
1171,2023-12-01T15:00:00Z,2023-12-01T21:00:00Z,SO,MarketOnClose,Filled,buy,126,64.270568304,8098.091606304,1.0,
1172,2023-12-01T15:00:00Z,2023-12-01T21:00:00Z,PSX,MarketOnClose,Filled,buy,68,118.5622719,8062.2344892,1.0,
1173,2023-12-01T15:00:00Z,2023-12-01T21:00:00Z,CI,MarketOnClose,Filled,buy,6,253.823786554,1522.942719324,1.0,
1174,2023-12-01T15:00:00Z,2023-12-01T21:00:00Z,OXY,MarketOnClose,Filled,buy,15,55.683801015,835.257015225,1.0,
1175,2023-12-01T15:00:00Z,2023-12-01T21:00:00Z,CVX,MarketOnClose,Filled,buy,3,129.06529352,387.19588056,1.0,
1176,2023-12-01T15:00:00Z,2023-12-01T21:00:00Z,XOM,MarketOnClose,Filled,buy,4,94.168557492,376.674229968,1.0,
1177,2023-12-01T15:00:00Z,2023-12-01T21:00:00Z,EOG,MarketOnClose,Filled,buy,3,111.82785396,335.48356188,1.0,
1178,2023-12-01T15:00:00Z,2023-12-01T21:00:00Z,COP,MarketOnClose,Filled,buy,3,106.006115052,318.018345156,1.0,
1179,2024-01-02T15:00:00Z,2024-01-02T21:00:00Z,FCX,MarketOnClose,Filled,sell,-22,40.697843787,-895.352563314,1.0,
1180,2024-01-02T15:00:00Z,2024-01-02T21:00:00Z,CI,MarketOnClose,Filled,sell,-3,293.95855076,-881.87565228,1.0,
1181,2024-01-02T15:00:00Z,2024-01-02T21:00:00Z,MMM,MarketOnClose,Filled,sell,-9,71.928917108994,-647.360253980946,1.0,
1182,2024-01-02T15:00:00Z,2024-01-02T21:00:00Z,PFE,MarketOnClose,Filled,buy,35,24.844590993,869.560684755,1.0,
1183,2024-01-02T15:00:00Z,2024-01-02T21:00:00Z,XOM,MarketOnClose,Filled,buy,5,93.629040606,468.14520303,1.0,
1184,2024-01-02T15:00:00Z,2024-01-02T21:00:00Z,MPC,MarketOnClose,Filled,buy,3,144.397864468,433.193593404,1.0,
1185,2024-01-02T15:00:00Z,2024-01-02T21:00:00Z,MO,MarketOnClose,Filled,buy,11,34.079225796,374.871483756,1.0,
1186,2024-01-02T15:00:00Z,2024-01-02T21:00:00Z,VZ,MarketOnClose,Filled,buy,11,32.473551888,357.209070768,1.0,
1187,2024-01-02T15:00:00Z,2024-01-02T21:00:00Z,SO,MarketOnClose,Filled,buy,5,63.668481045,318.342405225,1.0,
1188,2024-02-01T15:00:00Z,2024-02-01T21:00:00Z,HCA,MarketOnClose,Filled,sell,-4,308.249085694,-1232.996342776,1.0,
1189,2024-02-01T15:00:00Z,2024-02-01T21:00:00Z,NFLX,MarketOnClose,Filled,sell,-21,56.751,-1191.771,1.0,
1190,2024-02-01T15:00:00Z,2024-02-01T21:00:00Z,VZ,MarketOnClose,Filled,sell,-28,36.087164904,-1010.440617312,1.0,
1191,2024-02-01T15:00:00Z,2024-02-01T21:00:00Z,MPC,MarketOnClose,Filled,sell,-5,158.775099989,-793.875499945,1.0,
1192,2024-02-01T15:00:00Z,2024-02-01T21:00:00Z,PSX,MarketOnClose,Filled,sell,-4,133.05118485,-532.2047394,1.0,
1193,2024-02-01T15:00:00Z,2024-02-01T21:00:00Z,MCK,MarketOnClose,Filled,sell,-1,495.9121108,-495.9121108,1.0,
1194,2024-02-01T15:00:00Z,2024-02-01T21:00:00Z,MMM,MarketOnClose,Filled,buy,21,62.7154767265783,1317.0250112581443,1.0,
1195,2024-02-01T15:00:00Z,2024-02-01T21:00:00Z,EOG,MarketOnClose,Filled,buy,8,103.99734874,831.97878992,1.0,
1196,2024-02-01T15:00:00Z,2024-02-01T21:00:00Z,COP,MarketOnClose,Filled,buy,7,102.464298312,717.250088184,1.0,
1197,2024-02-01T15:00:00Z,2024-02-01T21:00:00Z,FCX,MarketOnClose,Filled,buy,18,38.99264082,701.86753476,1.0,
1198,2024-02-01T15:00:00Z,2024-02-01T21:00:00Z,PFE,MarketOnClose,Filled,buy,24,23.148734313,555.569623512,1.0,
1199,2024-02-01T15:00:00Z,2024-02-01T21:00:00Z,OXY,MarketOnClose,Filled,buy,10,54.428011112,544.28011112,1.0,
1200,2024-03-01T15:00:00Z,2024-03-01T21:00:00Z,FCX,MarketOnClose,Filled,sell,-219,36.80913057,-8061.19959483,1.095,no valuation
1201,2024-03-01T15:00:00Z,2024-03-01T21:00:00Z,CI,MarketOnClose,Filled,sell,-29,315.628632896,-9153.230353984,1.0,reached implied value
1202,2024-03-01T15:00:00Z,2024-03-01T21:00:00Z,MMM,MarketOnClose,Filled,sell,-136,61.064894977547,-8304.825716946392,1.0,no valuation
1203,2024-03-01T15:00:00Z,2024-03-01T21:00:00Z,PFE,MarketOnClose,Filled,sell,-367,22.554959523,-8277.670144941,1.835,reached implied value
1204,2024-03-01T15:00:00Z,2024-03-01T21:00:00Z,FISV,MarketOnClose,Filled,sell,-4,150.35,-601.4,1.0,
1205,2024-03-01T15:00:00Z,2024-03-01T21:00:00Z,NFLX,MarketOnClose,Filled,sell,-7,61.934,-433.538,1.0,
1206,2024-03-01T15:00:00Z,2024-03-01T21:00:00Z,CVS,MarketOnClose,Filled,buy,127,67.019502576,8511.476827152,1.0,
1207,2024-03-01T15:00:00Z,2024-03-01T21:00:00Z,PCAR,MarketOnClose,Filled,buy,83,105.423819039,8750.176980237,1.0,
1208,2024-03-01T15:00:00Z,2024-03-01T21:00:00Z,T,MarketOnClose,Filled,buy,573,15.016743534,8604.594044982,2.865,
1209,2024-03-01T15:00:00Z,2024-03-01T21:00:00Z,DUK,MarketOnClose,Filled,buy,102,82.796102312,8445.202435824,1.0,
1210,2024-03-01T15:00:00Z,2024-03-01T21:00:00Z,DE,MarketOnClose,Filled,buy,2,355.536699455,711.07339891,1.0,
1211,2024-03-01T15:00:00Z,2024-03-01T21:00:00Z,VZ,MarketOnClose,Filled,buy,18,34.14224592,614.56042656,1.0,
1212,2024-03-01T15:00:00Z,2024-03-01T21:00:00Z,SO,MarketOnClose,Filled,buy,9,60.718909,546.470181,1.0,
1213,2024-04-01T14:00:00Z,2024-04-01T20:00:00Z,MPC,MarketOnClose,Filled,sell,-5,194.672479948,-973.36239974,1.0,
1214,2024-04-01T14:00:00Z,2024-04-01T20:00:00Z,COP,MarketOnClose,Filled,sell,-4,119.2239502,-476.8958008,1.0,
1215,2024-04-01T14:00:00Z,2024-04-01T20:00:00Z,XOM,MarketOnClose,Filled,sell,-4,107.946337248,-431.785348992,1.0,
1216,2024-04-01T14:00:00Z,2024-04-01T20:00:00Z,NFLX,MarketOnClose,Filled,buy,10,61.431,614.31,1.0,
1217,2024-05-01T14:00:00Z,2024-05-01T20:00:00Z,MCK,MarketOnClose,Filled,sell,-17,525.43810223,-8932.44773791,1.0,reached implied value
1218,2024-05-01T14:00:00Z,2024-05-01T20:00:00Z,EOG,MarketOnClose,Filled,sell,-8,120.834566285,-966.67653028,1.0,
1219,2024-05-01T14:00:00Z,2024-05-01T20:00:00Z,OXY,MarketOnClose,Filled,sell,-13,61.41947077,-798.45312001,1.0,
1220,2024-05-01T14:00:00Z,2024-05-01T20:00:00Z,XOM,MarketOnClose,Filled,sell,-5,107.023403448,-535.11701724,1.0,
1221,2024-05-01T14:00:00Z,2024-05-01T20:00:00Z,SO,MarketOnClose,Filled,sell,-7,67.675338,-473.727366,1.0,
1222,2024-05-01T14:00:00Z,2024-05-01T20:00:00Z,GILD,MarketOnClose,Filled,buy,147,60.760439837,8931.784656039,1.0,
1223,2024-05-01T14:00:00Z,2024-05-01T20:00:00Z,CVS,MarketOnClose,Filled,buy,17,51.603266709,877.255534053,1.0,
1224,2024-05-01T14:00:00Z,2024-05-01T20:00:00Z,PCAR,MarketOnClose,Filled,buy,7,99.043810554,693.306673878,1.0,
1225,2024-05-01T14:00:00Z,2024-05-01T20:00:00Z,NFLX,MarketOnClose,Filled,buy,10,55.171,551.71,1.0,
1226,2024-05-01T14:00:00Z,2024-05-01T20:00:00Z,MPC,MarketOnClose,Filled,buy,3,170.444370316,511.333110948,1.0,
1227,2024-05-01T14:00:00Z,2024-05-01T20:00:00Z,PSX,MarketOnClose,Filled,buy,3,129.09583372,387.28750116,1.0,
1228,2024-05-01T14:00:00Z,2024-05-01T20:00:00Z,HCA,MarketOnClose,Filled,buy,1,303.758248384,303.758248384,1.0,
1229,2024-06-03T14:00:00Z,2024-06-03T20:00:00Z,HCA,MarketOnClose,Filled,sell,-29,326.59116222,-9471.14370438,1.0,reached implied value
1230,2024-06-03T14:00:00Z,2024-06-03T20:00:00Z,NFLX,MarketOnClose,Filled,sell,-21,63.379,-1330.959,1.0,
1231,2024-06-03T14:00:00Z,2024-06-03T20:00:00Z,DUK,MarketOnClose,Filled,sell,-8,95.176216593,-761.409732744,1.0,
1232,2024-06-03T14:00:00Z,2024-06-03T20:00:00Z,SO,MarketOnClose,Filled,sell,-10,73.674428414,-736.74428414,1.0,
1233,2024-06-03T14:00:00Z,2024-06-03T20:00:00Z,MO,MarketOnClose,Filled,sell,-17,39.003011425,-663.051194225,1.0,
1234,2024-06-03T14:00:00Z,2024-06-03T20:00:00Z,BMY,MarketOnClose,Filled,buy,245,37.495191368,9186.32188516,1.225,
1235,2024-06-03T14:00:00Z,2024-06-03T20:00:00Z,CVS,MarketOnClose,Filled,buy,21,55.177280919,1158.722899299,1.0,
1236,2024-06-03T14:00:00Z,2024-06-03T20:00:00Z,EOG,MarketOnClose,Filled,buy,6,111.247768452,667.486610712,1.0,
1237,2024-06-03T14:00:00Z,2024-06-03T20:00:00Z,OXY,MarketOnClose,Filled,buy,11,57.721913802,634.941051822,1.0,
1238,2024-06-03T14:00:00Z,2024-06-03T20:00:00Z,COP,MarketOnClose,Filled,buy,5,106.173435604,530.86717802,1.0,
1239,2024-06-03T14:00:00Z,2024-06-03T20:00:00Z,FISV,MarketOnClose,Filled,buy,3,148.47,445.41,1.0,
1240,2024-06-03T14:00:00Z,2024-06-03T20:00:00Z,MPC,MarketOnClose,Filled,buy,2,167.215915875,334.43183175,1.0,
1241,2024-07-01T14:00:00Z,2024-07-01T20:00:00Z,T,MarketOnClose,Filled,sell,-47,17.059943342,-801.817337074,1.0,
1242,2024-07-01T14:00:00Z,2024-07-01T20:00:00Z,NFLX,MarketOnClose,Filled,sell,-7,67.361,-471.527,1.0,
1243,2024-07-01T14:00:00Z,2024-07-01T20:00:00Z,GILD,MarketOnClose,Filled,sell,-7,64.444222128,-451.109554896,1.0,
1244,2024-07-01T14:00:00Z,2024-07-01T20:00:00Z,PCAR,MarketOnClose,Filled,buy,4,95.11962932,380.47851728,1.0,
1245,2024-07-01T14:00:00Z,2024-07-01T20:00:00Z,DUK,MarketOnClose,Filled,buy,4,91.439484755,365.75793902,1.0,
1246,2024-07-01T14:00:00Z,2024-07-01T20:00:00Z,XOM,MarketOnClose,Filled,buy,3,106.962267288,320.886801864,1.0,
1247,2024-08-01T14:00:00Z,2024-08-01T20:00:00Z,BMY,MarketOnClose,Filled,sell,-30,43.897687092,-1316.93061276,1.0,
1248,2024-08-01T14:00:00Z,2024-08-01T20:00:00Z,GILD,MarketOnClose,Filled,sell,-10,71.814372823,-718.14372823,1.0,
1249,2024-08-01T14:00:00Z,2024-08-01T20:00:00Z,DUK,MarketOnClose,Filled,sell,-6,103.63448398,-621.80690388,1.0,
1250,2024-08-01T14:00:00Z,2024-08-01T20:00:00Z,FISV,MarketOnClose,Filled,sell,-3,161.39,-484.17,1.0,
1251,2024-08-01T14:00:00Z,2024-08-01T20:00:00Z,MO,MarketOnClose,Filled,sell,-11,42.827839286,-471.106232146,1.0,
1252,2024-08-01T14:00:00Z,2024-08-01T20:00:00Z,NFLX,MarketOnClose,Filled,buy,14,62.485,874.79,1.0,
1253,2024-08-01T14:00:00Z,2024-08-01T20:00:00Z,PCAR,MarketOnClose,Filled,buy,7,89.94521115,629.61647805,1.0,
1254,2024-08-01T14:00:00Z,2024-08-01T20:00:00Z,COP,MarketOnClose,Filled,buy,6,101.063833188,606.382999128,1.0,
1255,2024-08-01T14:00:00Z,2024-08-01T20:00:00Z,OXY,MarketOnClose,Filled,buy,8,56.797943832,454.383550656,1.0,
1256,2024-08-01T14:00:00Z,2024-08-01T20:00:00Z,DE,MarketOnClose,Filled,buy,1,348.570052222,348.570052222,1.0,
1257,2024-09-03T14:00:00Z,2024-09-03T20:00:00Z,NFLX,MarketOnClose,Filled,sell,-13,67.532,-877.916,1.0,
1258,2024-09-03T14:00:00Z,2024-09-03T20:00:00Z,MO,MarketOnClose,Filled,sell,-16,46.295507201,-740.728115216,1.0,
1259,2024-09-03T14:00:00Z,2024-09-03T20:00:00Z,FISV,MarketOnClose,Filled,sell,-3,174.0,-522.0,1.0,
1260,2024-09-03T14:00:00Z,2024-09-03T20:00:00Z,CVX,MarketOnClose,Filled,buy,6,133.137281292,798.823687752,1.0,
1261,2024-09-03T14:00:00Z,2024-09-03T20:00:00Z,OXY,MarketOnClose,Filled,buy,14,52.99100856,741.87411984,1.0,
1262,2024-09-03T14:00:00Z,2024-09-03T20:00:00Z,CVS,MarketOnClose,Filled,buy,14,53.177465848,744.484521872,1.0,
1263,2024-09-03T14:00:00Z,2024-09-03T20:00:00Z,PSX,MarketOnClose,Filled,buy,5,126.329301,631.646505,1.0,
1264,2024-09-03T14:00:00Z,2024-09-03T20:00:00Z,PCAR,MarketOnClose,Filled,buy,4,89.540761604,358.163046416,1.0,
1265,2024-09-03T14:00:00Z,2024-09-03T20:00:00Z,MPC,MarketOnClose,Filled,buy,2,167.129476998,334.258953996,1.0,
1266,2024-09-04T04:00:00Z,2024-09-04T20:00:00Z,PCAR,MarketOnOpen,Filled,sell,-105,89.081626263,-9353.570757615,1.0,left universe
1267,2024-10-01T04:00:00Z,,MPC,MarketOnOpen,Canceled,sell,-55,0.0,0.0,0.0,no valuation
1268,2024-10-01T04:00:00Z,,OXY,MarketOnOpen,Canceled,sell,-174,0.0,0.0,0.0,no valuation
1269,2024-10-01T14:00:00Z,2024-10-01T20:00:00Z,MPC,MarketOnClose,Filled,sell,-55,159.437405798,-8769.05731889,1.0,no valuation
1270,2024-10-01T14:00:00Z,2024-10-01T20:00:00Z,OXY,MarketOnClose,Filled,sell,-174,51.1501608,-8900.1279792,1.0,no valuation
1271,2024-10-01T14:00:00Z,2024-10-01T20:00:00Z,T,MarketOnClose,Filled,sell,-48,20.189289733,-969.085907184,1.0,
1272,2024-10-01T14:00:00Z,2024-10-01T20:00:00Z,CVS,MarketOnClose,Filled,sell,-15,57.032785784,-855.49178676,1.0,
1273,2024-10-01T14:00:00Z,2024-10-01T20:00:00Z,DE,MarketOnClose,Filled,sell,-2,407.004010972,-814.008021944,1.0,
1274,2024-10-01T14:00:00Z,2024-10-01T20:00:00Z,GILD,MarketOnClose,Filled,sell,-10,79.545505968,-795.45505968,1.0,
1275,2024-10-01T14:00:00Z,2024-10-01T20:00:00Z,SO,MarketOnClose,Filled,sell,-8,83.980263168,-671.842105344,1.0,
1276,2024-10-01T14:00:00Z,2024-10-01T20:00:00Z,BMY,MarketOnClose,Filled,sell,-12,48.20817204,-578.49806448,1.0,
1277,2024-10-01T14:00:00Z,2024-10-01T20:00:00Z,WMB,MarketOnClose,Filled,buy,224,43.468313544,9736.902233856,1.12,
1278,2024-10-01T14:00:00Z,2024-10-01T20:00:00Z,SLB,MarketOnClose,Filled,buy,241,40.881521778,9852.446748498,1.205,
1279,2024-10-01T14:00:00Z,2024-10-01T20:00:00Z,TGT,MarketOnClose,Filled,buy,66,140.84349046,9295.67037036,1.0,
1280,2024-10-01T14:00:00Z,2024-10-01T20:00:00Z,COP,MarketOnClose,Filled,buy,8,102.715262043,821.722096344,1.0,
1281,2024-10-01T14:00:00Z,2024-10-01T20:00:00Z,PSX,MarketOnClose,Filled,buy,6,124.448398074,746.690388444,1.0,
1282,2024-10-01T14:00:00Z,2024-10-01T20:00:00Z,EOG,MarketOnClose,Filled,buy,5,118.876824984,594.38412492,1.0,
1283,2024-10-01T14:00:00Z,2024-10-01T20:00:00Z,MO,MarketOnClose,Filled,buy,9,44.463351691,400.170165219,1.0,
1284,2024-11-01T04:00:00Z,,PSX,MarketOnOpen,Canceled,sell,-78,0.0,0.0,0.0,no valuation
1285,2024-11-01T14:00:00Z,2024-11-01T20:00:00Z,DE,MarketOnClose,Filled,sell,-23,391.347003346,-9000.981076958,1.0,reached implied value
1286,2024-11-01T14:00:00Z,2024-11-01T20:00:00Z,PSX,MarketOnClose,Filled,sell,-78,112.302069726,-8759.561438628,1.0,no valuation
1287,2024-11-01T14:00:00Z,2024-11-01T20:00:00Z,WMB,MarketOnClose,Filled,sell,-26,48.343965624,-1256.943106224,1.0,
1288,2024-11-01T14:00:00Z,2024-11-01T20:00:00Z,FISV,MarketOnClose,Filled,sell,-5,202.22,-1011.1,1.0,
1289,2024-11-01T14:00:00Z,2024-11-01T20:00:00Z,BMY,MarketOnClose,Filled,sell,-14,50.056358016,-700.789012224,1.0,
1290,2024-11-01T14:00:00Z,2024-11-01T20:00:00Z,NFLX,MarketOnClose,Filled,sell,-7,75.61,-529.27,1.0,
1291,2024-11-01T14:00:00Z,2024-11-01T20:00:00Z,MO,MarketOnClose,Filled,sell,-10,47.030056069,-470.30056069,1.0,
1292,2024-11-01T14:00:00Z,2024-11-01T20:00:00Z,DELL,MarketOnClose,Filled,buy,81,127.367028884,10316.729339604,1.0,
1293,2024-11-01T14:00:00Z,2024-11-01T20:00:00Z,ET,MarketOnClose,Filled,buy,683,14.213877239,9708.078154237,3.415,
1294,2024-11-01T14:00:00Z,2024-11-01T20:00:00Z,CVS,MarketOnClose,Filled,buy,20,52.298831051,1045.97662102,1.0,
1295,2024-11-01T14:00:00Z,2024-11-01T20:00:00Z,SLB,MarketOnClose,Filled,buy,15,37.678472552,565.17708828,1.0,
1296,2024-11-01T14:00:00Z,2024-11-01T20:00:00Z,TGT,MarketOnClose,Filled,buy,4,139.584967812,558.339871248,1.0,
1297,2024-11-01T14:00:00Z,2024-11-01T20:00:00Z,XOM,MarketOnClose,Filled,buy,5,107.842168078,539.21084039,1.0,
1298,2024-12-02T15:00:00Z,2024-12-02T21:00:00Z,NFLX,MarketOnClose,Filled,sell,-128,89.774,-11491.072,1.0,reached implied value
1299,2024-12-02T15:00:00Z,2024-12-02T21:00:00Z,ET,MarketOnClose,Filled,sell,-91,17.1176619,-1557.7072329,1.0,
1300,2024-12-02T15:00:00Z,2024-12-02T21:00:00Z,EPD,MarketOnClose,Filled,sell,-30,30.179627583,-905.38882749,1.0,
1301,2024-12-02T15:00:00Z,2024-12-02T21:00:00Z,FISV,MarketOnClose,Filled,sell,-3,218.455,-655.365,1.0,
1302,2024-12-02T15:00:00Z,2024-12-02T21:00:00Z,WMB,MarketOnClose,Filled,sell,-9,52.92895383,-476.36058447,1.0,
1303,2024-12-02T15:00:00Z,2024-12-02T21:00:00Z,PCAR,MarketOnClose,Filled,buy,94,109.19864576,10264.67270144,1.0,
1304,2024-12-02T15:00:00Z,2024-12-02T21:00:00Z,TGT,MarketOnClose,Filled,buy,14,121.841000864,1705.774012096,1.0,
1305,2024-12-02T15:00:00Z,2024-12-02T21:00:00Z,SO,MarketOnClose,Filled,buy,9,81.775993606,735.983942454,1.0,
1306,2024-12-02T15:00:00Z,2024-12-02T21:00:00Z,COP,MarketOnClose,Filled,buy,4,100.378370538,401.513482152,1.0,
1307,2024-12-02T15:00:00Z,2024-12-02T21:00:00Z,VZ,MarketOnClose,Filled,buy,10,39.06467581,390.6467581,1.0,
1308,2024-12-02T15:00:00Z,2024-12-02T21:00:00Z,XOM,MarketOnClose,Filled,buy,3,111.442271585,334.326814755,1.0,
1309,2024-12-03T05:00:00Z,2024-12-03T21:00:00Z,TGT,MarketOnOpen,Filled,sell,-84,121.710510196,-10223.682856464,1.0,left universe
