symbol,direction,quantity,entry_time,entry_price,exit_time,exit_price,profit_loss,total_fees,mae,mfe,end_trade_drawdown,duration,is_win,order_ids
HLT,long,98,2016-02-01T21:00:00Z,51.1763755578432,2016-02-02T21:00:00Z,50.3785256048256,-78.19,2.0,-189.89,0.0,189.89,1.00:00:00,False,12 21
HPQ,long,741,2016-02-01T21:00:00Z,6.902331697,2016-02-02T21:00:00Z,6.805408283,-71.82,7.41,-71.82,0.0,71.82,1.00:00:00,False,7 22
MPC,long,165,2016-02-01T21:00:00Z,30.149807381,2016-03-01T21:00:00Z,25.243699899,-809.51,2.0,-1314.84,0.0,1314.84,29.00:00:00,False,11 24
DOW,long,13,2016-02-01T21:00:00Z,52.4968856582607,2016-03-01T21:00:00Z,61.73130730176405,120.05,2.0,0.0,120.05,41.19,29.00:00:00,True,17 25
ETN,long,13,2016-02-01T21:00:00Z,38.619325638,2016-03-01T21:00:00Z,44.648308374,78.38,2.0,-12.2,78.38,20.29,29.00:00:00,True,15 26
LUV,long,15,2016-02-01T21:00:00Z,33.61498697,2016-03-01T21:00:00Z,37.3680315,56.3,2.0,-47.13,56.48,47.13,29.00:00:00,True,3 27
CSCO,long,24,2016-02-01T21:00:00Z,17.133940652,2016-03-01T21:00:00Z,19.578519067,58.67,2.435,-16.99,58.67,18.04,29.00:00:00,True,6 28
EMR,long,9,2016-02-01T21:00:00Z,34.656258,2016-03-01T21:00:00Z,38.450290975,34.15,2.0,0.0,34.15,7.99,29.00:00:00,True,13 29
GILD,long,4,2016-02-01T21:00:00Z,58.045930195,2016-03-01T21:00:00Z,61.940981311,15.58,2.0,-3.7,19.61,10.77,29.00:00:00,True,2 30
HPE,long,98,2016-02-01T21:00:00Z,10.335336095,2016-04-01T20:00:00Z,13.83974032,343.43,3.415,-110.17,343.43,114.58,59.23:00:00,True,8 38
MCK,long,4,2016-02-01T21:00:00Z,146.859883067,2016-05-02T20:00:00Z,155.625597697,35.06,2.0,-34.35,71.54,54.48,90.23:00:00,True,20 43
CRH,long,25,2016-02-01T21:00:00Z,20.69899845,2016-05-02T20:00:00Z,22.892599493,54.84,2.195,-59.13,65.46,59.13,90.23:00:00,True,14 44
HCA,long,7,2016-02-01T21:00:00Z,65.55873955,2016-05-02T20:00:00Z,74.965154025,65.84,2.0,-44.0,70.69,50.08,90.23:00:00,True,19 45
F,long,59,2016-02-01T21:00:00Z,7.124142485,2016-05-02T20:00:00Z,8.12767371,59.21,4.535,-31.34,75.76,39.7,90.23:00:00,True,5 46
ETN,long,9,2016-02-01T21:00:00Z,38.619325638,2016-05-02T20:00:00Z,49.28570132,96.0,1.0,-8.44,98.58,29.36,90.23:00:00,True,15 47
EMR,long,9,2016-02-01T21:00:00Z,34.656258,2016-05-02T20:00:00Z,42.482300675,70.43,1.0,0.0,77.91,16.9,90.23:00:00,True,13 48
AAL,long,127,2016-03-01T21:00:00Z,40.08372299,2016-05-03T20:00:00Z,33.385949442,-850.62,2.0,-888.45,199.58,1088.04,62.23:00:00,False,33 55
AAL,long,11,2016-04-01T20:00:00Z,37.87015856,2016-05-03T20:00:00Z,33.385949442,-49.33,1.0,-52.6,41.64,71.79,32.00:00:00,False,41 55
AAL,long,19,2016-05-02T20:00:00Z,33.088032219,2016-05-03T20:00:00Z,33.385949442,5.66,1.0,0.0,162.78,0.0,1.00:00:00,True,49 55
NFLX,long,63,2016-02-01T21:00:00Z,9.409,2016-06-01T20:00:00Z,10.151,46.75,3.715,-71.19,109.75,149.75,120.23:00:00,True,1 56
MCK,long,2,2016-02-01T21:00:00Z,146.859883067,2016-06-01T20:00:00Z,170.760355699,47.8,1.0,-17.17,47.8,27.24,120.23:00:00,True,20 57
HPE,long,23,2016-02-01T21:00:00Z,10.335336095,2016-06-01T20:00:00Z,13.757002742,78.7,1.0,-25.86,81.81,47.23,120.23:00:00,True,8 58
CSCO,long,14,2016-02-01T21:00:00Z,17.133940652,2016-06-01T20:00:00Z,21.28191376,58.07,1.0,-9.91,59.62,25.05,120.23:00:00,True,6 59
AAPL,long,13,2016-02-01T21:00:00Z,21.655612962,2016-06-01T20:00:00Z,22.3668357435,9.25,2.14,-14.73,47.52,62.26,120.23:00:00,True,4 60
CRH,long,214,2016-02-01T21:00:00Z,20.69899845,2016-07-01T20:00:00Z,23.183773842,531.74,1.145,-506.14,873.61,833.62,150.23:00:00,True,14 70
CRH,long,15,2016-03-01T21:00:00Z,20.26615905,2016-07-01T20:00:00Z,23.183773842,43.76,1.0,-28.98,67.73,58.43,121.23:00:00,True,35 70
T,long,42,2016-03-01T21:00:00Z,15.343748800769273,2016-07-01T20:00:00Z,18.060001987962753,114.08,2.655,0.0,114.08,21.46,121.23:00:00,True,31 71
VZ,long,20,2016-02-01T21:00:00Z,29.034775836,2016-07-01T20:00:00Z,32.508918984,69.48,2.0,-15.67,69.48,54.35,150.23:00:00,True,16 72
KR,long,10,2016-02-01T21:00:00Z,32.23295754,2016-07-01T20:00:00Z,29.544326265,-26.89,2.0,-45.72,5.28,51.0,150.23:00:00,False,18 73
HPE,long,45,2016-02-01T21:00:00Z,10.335336095,2016-08-01T20:00:00Z,15.907543484,250.75,1.0,-50.59,250.75,92.4,181.23:00:00,True,8 81
TGT,long,8,2016-06-01T20:00:00Z,50.269692936,2016-08-01T20:00:00Z,55.486983096,41.74,2.0,-9.76,46.38,12.11,61.00:00:00,True,61 82
GM,long,16,2016-02-01T21:00:00Z,24.06538739,2016-08-01T20:00:00Z,25.65269437,25.4,2.05,-41.05,37.85,62.15,181.23:00:00,True,9 83
EMR,long,9,2016-02-01T21:00:00Z,34.656258,2016-08-01T20:00:00Z,43.305383112,77.84,1.0,0.0,81.75,45.84,181.23:00:00,True,13 84
CSCO,long,12,2016-02-01T21:00:00Z,17.133940652,2016-08-01T20:00:00Z,22.83567811,68.42,1.0,-8.49,69.76,21.47,181.23:00:00,True,6 85
LUV,long,136,2016-02-01T21:00:00Z,33.61498697,2016-08-02T20:00:00Z,32.478186015,-154.6,1.0,-427.32,1135.81,1447.43,182.23:00:00,False,3 90
LUV,long,6,2016-06-01T20:00:00Z,37.403201412,2016-08-02T20:00:00Z,32.478186015,-29.55,1.0,-41.58,27.38,45.74,62.00:00:00,False,66 90
LUV,long,8,2016-07-01T20:00:00Z,34.90193124,2016-08-02T20:00:00Z,32.478186015,-19.39,1.0,-35.43,56.52,53.87,32.00:00:00,False,79 90
LUV,long,14,2016-08-01T20:00:00Z,32.645644776,2016-08-02T20:00:00Z,32.478186015,-2.34,1.0,-30.42,130.49,18.51,1.00:00:00,False,87 90
ETN,long,9,2016-02-01T21:00:00Z,38.619325638,2016-09-01T20:00:00Z,52.916427872,128.67,1.0,-8.44,134.37,54.21,212.23:00:00,True,15 91
VLO,long,10,2016-02-01T21:00:00Z,45.37488669,2016-09-01T20:00:00Z,37.010008755,-83.65,2.0,-135.27,0.0,135.27,212.23:00:00,False,10 92
AAPL,long,15,2016-02-01T21:00:00Z,21.655612962,2016-09-01T20:00:00Z,24.37684649725,40.82,1.0,-17.0,54.84,71.84,212.23:00:00,True,4 93
DOW,long,4,2016-02-01T21:00:00Z,52.4968856582607,2016-09-01T20:00:00Z,67.5488106007668,60.21,1.0,0.0,61.87,25.59,212.23:00:00,True,17 94
HPE,long,28,2016-02-01T21:00:00Z,10.335336095,2016-10-03T20:00:00Z,17.092308345,189.2,1.0,-31.48,201.66,57.5,244.23:00:00,True,8 101
HPQ,long,43,2016-09-01T20:00:00Z,10.24212575,2016-10-03T20:00:00Z,11.149524805,39.02,3.63,-13.06,39.02,18.83,32.00:00:00,True,95 102
AAPL,long,13,2016-02-01T21:00:00Z,21.655612962,2016-10-03T20:00:00Z,25.699267009,52.57,1.0,-14.73,61.62,62.26,244.23:00:00,True,4 103
DAL,long,8,2016-03-01T21:00:00Z,43.04467977,2016-10-03T20:00:00Z,35.497246498,-60.38,2.0,-108.68,8.59,117.27,215.23:00:00,False,32 104
CSCO,long,11,2016-02-01T21:00:00Z,17.133940652,2016-10-03T20:00:00Z,23.6013246,71.14,1.0,-7.79,72.04,19.68,244.23:00:00,True,6 105
NFLX,long,26,2016-02-01T21:00:00Z,9.409,2016-10-03T20:00:00Z,10.263,22.2,1.0,-29.38,45.29,68.07,244.23:00:00,True,1 106
AAPL,long,187,2016-02-01T21:00:00Z,21.655612962,2016-11-01T20:00:00Z,25.46401776425,712.17,1.035,-211.94,1000.89,895.55,273.23:00:00,True,4 111
AAPL,long,20,2016-05-02T20:00:00Z,21.14316288,2016-11-01T20:00:00Z,25.46401776425,86.42,1.0,-12.42,117.3,38.03,183.00:00:00,True,51 111
NFLX,long,116,2016-02-01T21:00:00Z,9.409,2016-11-01T20:00:00Z,12.33,338.84,1.0,-131.08,387.56,303.69,273.23:00:00,True,1 112
VLO,long,17,2016-02-01T21:00:00Z,45.37488669,2016-11-01T20:00:00Z,40.554898155,-81.94,1.0,-229.97,0.0,229.97,273.23:00:00,False,10 113
DAL,long,10,2016-03-01T21:00:00Z,43.04467977,2016-11-01T20:00:00Z,37.184209188,-58.6,1.0,-135.85,10.74,146.59,244.23:00:00,False,32 114
KR,long,11,2016-02-01T21:00:00Z,32.23295754,2016-11-01T20:00:00Z,24.980601301,-79.78,1.0,-97.18,5.8,102.98,273.23:00:00,False,18 115
EMR,long,115,2016-02-01T21:00:00Z,34.656258,2016-12-01T21:00:00Z,44.894488072,1177.4,1.0,0.0,1177.4,585.71,304.00:00:00,True,13 123
EMR,long,8,2016-06-01T20:00:00Z,40.494958464,2016-12-01T21:00:00Z,44.894488072,35.2,1.0,-46.71,35.2,40.31,183.01:00:00,True,63 123
EMR,long,6,2016-09-01T20:00:00Z,41.247556396,2016-12-01T21:00:00Z,44.894488072,21.88,1.0,-39.55,21.88,23.97,91.01:00:00,True,100 123
LUV,long,15,2016-11-01T20:00:00Z,35.067525376,2016-12-01T21:00:00Z,41.598498474,97.96,2.0,-0.93,103.93,12.06,30.01:00:00,True,116 124
DAL,long,14,2016-03-01T21:00:00Z,43.04467977,2016-12-01T21:00:00Z,42.606535923,-6.13,1.0,-190.18,15.03,205.22,275.00:00:00,False,32 125
MCK,long,4,2016-02-01T21:00:00Z,146.859883067,2016-12-01T21:00:00Z,132.865218332,-55.98,1.0,-126.12,147.09,273.21,304.00:00:00,False,20 126
GM,long,14,2016-02-01T21:00:00Z,24.06538739,2016-12-01T21:00:00Z,30.214572053,86.09,1.0,-35.92,86.09,54.38,304.00:00:00,True,9 127
TGT,long,6,2016-06-01T20:00:00Z,50.269692936,2016-12-01T21:00:00Z,58.129586718,47.16,1.0,-7.32,50.7,40.73,183.01:00:00,True,61 128
VLO,long,9,2016-02-01T21:00:00Z,45.37488669,2017-01-03T21:00:00Z,48.45554427,27.73,1.0,-121.75,27.73,121.75,337.00:00:00,True,10 135
T,long,23,2016-03-01T21:00:00Z,15.343748800769273,2017-01-03T21:00:00Z,18.29323126839663,67.84,1.0,0.0,67.84,65.9,308.00:00:00,True,31 136
MDLZ,long,8,2016-07-01T20:00:00Z,35.595439399,2017-01-03T21:00:00Z,35.69735286,0.82,2.0,-27.02,6.97,33.99,186.01:00:00,True,74 137
F,long,648,2016-02-01T21:00:00Z,7.124142485,2017-02-01T21:00:00Z,7.64648808,338.48,3.875,-344.23,832.03,960.09,366.00:00:00,True,5 144
F,long,45,2016-07-01T20:00:00Z,7.59060276,2017-02-01T21:00:00Z,7.64648808,2.51,1.0,-44.9,36.79,64.58,215.01:00:00,True,77 144
F,long,41,2016-10-03T20:00:00Z,7.29979327,2017-02-01T21:00:00Z,7.64648808,14.21,1.0,-28.98,45.44,26.04,121.01:00:00,True,109 144
F,long,41,2017-01-03T21:00:00Z,7.690032432,2017-02-01T21:00:00Z,7.64648808,-1.79,1.0,-44.98,29.44,16.56,29.00:00:00,False,140 144
NFLX,long,65,2016-02-01T21:00:00Z,9.409,2017-02-01T21:00:00Z,14.078,303.48,1.0,-73.45,314.34,170.17,366.00:00:00,True,1 145
HCA,long,7,2016-02-01T21:00:00Z,65.55873955,2017-02-01T21:00:00Z,75.6574809,70.69,1.0,-44.0,71.08,80.38,366.00:00:00,True,19 146
LUV,long,11,2016-11-01T20:00:00Z,35.067525376,2017-02-01T21:00:00Z,46.699781381,127.95,1.0,-0.68,139.55,21.63,92.01:00:00,True,116 147
MPC,long,158,2016-12-01T21:00:00Z,35.735858158,2017-03-01T21:00:00Z,38.443905401,427.87,2.0,-60.32,613.83,617.38,90.00:00:00,True,129 153
DOW,long,79,2016-02-01T21:00:00Z,52.4968856582607,2017-03-01T21:00:00Z,81.01514942735454,2252.94,1.0,0.0,2274.12,505.44,394.00:00:00,True,17 154
ETN,long,97,2016-02-01T21:00:00Z,38.619325638,2017-03-01T21:00:00Z,58.4612666,1924.67,1.0,-91.0,1924.67,584.22,394.00:00:00,True,15 155
ETN,long,4,2016-06-01T20:00:00Z,48.315111165,2017-03-01T21:00:00Z,58.4612666,40.58,1.0,-42.54,40.58,23.76,273.01:00:00,True,68 155
ETN,long,4,2016-11-01T20:00:00Z,47.99801512,2017-03-01T21:00:00Z,58.4612666,41.85,1.0,-41.27,41.85,14.53,120.01:00:00,True,122 155
GM,long,180,2016-02-01T21:00:00Z,24.06538739,2017-03-01T21:00:00Z,31.380716863,1316.76,1.0,-461.81,1445.03,699.18,394.00:00:00,True,9 156
GM,long,14,2016-07-01T20:00:00Z,23.677518861,2017-03-01T21:00:00Z,31.380716863,107.84,1.0,-30.49,117.82,37.56,243.01:00:00,True,78 156
MDLZ,long,136,2016-07-01T20:00:00Z,35.595439399,2017-03-01T21:00:00Z,35.052651504,-73.82,1.0,-459.34,118.42,577.75,243.01:00:00,False,74 157
MDLZ,long,10,2016-08-01T20:00:00Z,34.309237532,2017-03-01T21:00:00Z,35.052651504,7.43,1.0,-20.91,21.57,42.48,212.01:00:00,True,89 157
MDLZ,long,16,2016-12-01T21:00:00Z,32.3685588,2017-03-01T21:00:00Z,35.052651504,42.95,1.0,-2.41,65.56,36.55,90.00:00:00,True,132 157
HPQ,long,61,2016-09-01T20:00:00Z,10.24212575,2017-03-01T21:00:00Z,12.664468188,147.76,1.0,-25.05,148.64,80.4,181.01:00:00,True,95 158
CSCO,long,19,2016-02-01T21:00:00Z,17.133940652,2017-03-01T21:00:00Z,26.025681192,168.94,1.0,-13.45,168.94,34.88,394.00:00:00,True,6 159
LUV,long,8,2016-11-01T20:00:00Z,35.067525376,2017-03-01T21:00:00Z,52.146465536,136.63,1.0,-0.49,136.63,15.73,120.01:00:00,True,116 160
HCA,long,5,2016-02-01T21:00:00Z,65.55873955,2017-03-01T21:00:00Z,81.2699441,78.56,1.0,-31.43,78.56,57.42,394.00:00:00,True,19 161
GLW,long,274,2017-03-01T21:00:00Z,22.18168008,2017-04-03T20:00:00Z,21.111925296,-293.11,2.74,-293.11,0.0,293.11,32.23:00:00,False,163 174
KR,long,138,2016-02-01T21:00:00Z,32.23295754,2017-04-03T20:00:00Z,24.02796144,-1132.29,1.145,-1219.15,72.81,1291.96,426.23:00:00,False,18 175
KR,long,17,2016-04-01T20:00:00Z,30.882770096,2017-04-03T20:00:00Z,24.02796144,-116.53,1.0,-127.23,31.92,137.64,367.00:00:00,False,39 175
KR,long,8,2016-05-02T20:00:00Z,28.553667654,2017-04-03T20:00:00Z,24.02796144,-36.21,1.0,-41.24,33.66,57.64,336.00:00:00,False,54 175
KR,long,20,2016-08-01T20:00:00Z,27.491177463,2017-04-03T20:00:00Z,24.02796144,-69.26,1.0,-81.85,105.39,116.73,245.00:00:00,False,86 175
KR,long,12,2016-09-01T20:00:00Z,25.929847924,2017-04-03T20:00:00Z,24.02796144,-22.82,1.0,-30.38,81.97,70.04,214.00:00:00,False,98 175
KR,long,16,2016-10-03T20:00:00Z,23.755505232,2017-04-03T20:00:00Z,24.02796144,4.36,1.0,-5.71,144.08,93.38,182.00:00:00,True,108 175
KR,long,18,2017-03-01T21:00:00Z,26.201919856,2017-04-03T20:00:00Z,24.02796144,-39.13,1.0,-50.46,118.06,49.58,32.23:00:00,False,168 175
HPE,long,17,2016-02-01T21:00:00Z,10.335336095,2017-04-03T20:00:00Z,13.37387989,51.66,1.0,-19.11,143.95,92.29,426.23:00:00,True,8 176
HPQ,long,23,2016-09-01T20:00:00Z,10.24212575,2017-04-03T20:00:00Z,12.731126613,57.25,1.0,-9.44,62.24,30.31,214.00:00:00,True,95 177
BAX,long,16,2017-03-01T21:00:00Z,44.151848604,2017-05-01T20:00:00Z,47.928163716,60.42,2.0,-7.31,61.66,15.31,60.23:00:00,True,162 183
NFLX,long,30,2016-02-01T21:00:00Z,9.409,2017-05-01T20:00:00Z,15.535,183.78,1.0,-33.9,183.78,78.54,454.23:00:00,True,1 184
PPL,long,16,2017-03-01T21:00:00Z,24.029493254,2017-05-01T20:00:00Z,25.12700389,17.56,2.23,-3.29,19.36,6.24,60.23:00:00,True,165 185
HPQ,long,28,2016-09-01T20:00:00Z,10.24212575,2017-05-01T20:00:00Z,13.708217058,97.05,1.0,-11.5,97.05,36.9,242.00:00:00,True,95 186
LUV,long,7,2016-11-01T20:00:00Z,35.067525376,2017-05-01T20:00:00Z,49.930552308,104.04,1.0,-0.43,119.55,42.84,181.00:00:00,True,116 187
CRH,long,9,2017-04-03T20:00:00Z,27.825914655,2017-05-01T20:00:00Z,29.327630684,13.52,2.04,-8.89,13.52,10.62,28.00:00:00,True,178 188
CAH,long,92,2017-04-03T20:00:00Z,62.931465144,2017-05-02T20:00:00Z,56.40817638,-600.14,2.0,-625.89,126.61,752.5,29.00:00:00,False,179 192
CAH,long,10,2017-05-01T20:00:00Z,56.128273644,2017-05-02T20:00:00Z,56.40817638,2.8,1.0,0.0,81.79,3.42,1.00:00:00,True,190 192
MCK,long,6,2016-02-01T21:00:00Z,146.859883067,2017-06-01T20:00:00Z,154.626605424,46.6,1.0,-189.18,220.64,409.82,485.23:00:00,True,20 193
DAL,long,10,2016-03-01T21:00:00Z,43.04467977,2017-06-01T20:00:00Z,44.819352355,17.75,1.0,-135.85,31.38,146.59,456.23:00:00,True,32 194
NFLX,long,21,2016-02-01T21:00:00Z,9.409,2017-06-01T20:00:00Z,16.299,144.69,1.0,-23.73,145.17,54.98,485.23:00:00,True,1 195
LUV,long,6,2016-11-01T20:00:00Z,35.067525376,2017-06-01T20:00:00Z,53.49702033,110.58,1.0,-0.37,113.88,36.72,212.00:00:00,True,116 196
BAX,long,6,2017-03-01T21:00:00Z,44.151848604,2017-06-01T20:00:00Z,51.870174,46.31,1.0,-2.74,46.31,5.74,91.23:00:00,True,162 197
VLO,long,12,2016-02-01T21:00:00Z,45.37488669,2017-07-03T17:00:00Z,47.791524732,29.0,1.0,-162.33,36.97,162.33,517.20:00:00,True,10 205
GILD,long,11,2016-02-01T21:00:00Z,58.045930195,2017-07-03T17:00:00Z,50.7455613,-80.3,1.0,-136.3,142.31,278.61,517.20:00:00,False,2 206
DAL,long,11,2016-03-01T21:00:00Z,43.04467977,2017-07-03T17:00:00Z,48.604497258,61.16,1.0,-149.43,61.16,161.24,488.20:00:00,True,32 207
HCA,long,4,2016-02-01T21:00:00Z,65.55873955,2017-07-03T17:00:00Z,80.503769025,59.78,1.0,-25.15,71.89,45.93,517.20:00:00,True,19 208
LBTYA,long,9,2017-02-01T21:00:00Z,36.23,2017-07-03T17:00:00Z,31.94,-38.61,2.0,-67.86,10.98,78.84,151.20:00:00,False,148 209
NFLX,long,65,2016-02-01T21:00:00Z,9.409,2017-08-01T20:00:00Z,18.203,571.61,1.0,-73.45,617.44,170.17,546.23:00:00,True,1 215
VZ,long,16,2016-02-01T21:00:00Z,29.034775836,2017-08-01T20:00:00Z,29.92126668,14.18,1.0,-44.57,61.08,105.64,546.23:00:00,True,16 216
HPQ,long,32,2016-09-01T20:00:00Z,10.24212575,2017-08-01T20:00:00Z,13.95702198,118.88,1.0,-13.14,125.18,49.82,334.00:00:00,True,95 217
TGT,long,10,2016-06-01T20:00:00Z,50.269692936,2017-08-01T20:00:00Z,43.330123198,-69.4,1.0,-120.3,84.5,204.8,426.00:00:00,False,61 218
GILD,long,7,2016-02-01T21:00:00Z,58.045930195,2017-08-01T20:00:00Z,54.3343563,-25.98,1.0,-86.73,90.56,177.29,546.23:00:00,False,2 219
EBAY,long,9,2017-03-01T21:00:00Z,30.221482707,2017-08-01T20:00:00Z,31.667739831,13.02,2.0,-17.62,23.1,18.97,152.23:00:00,True,164 220
CSCO,long,207,2016-02-01T21:00:00Z,17.133940652,2017-09-01T20:00:00Z,24.85118395,1597.47,1.22,-146.52,1879.63,589.54,577.23:00:00,True,6 228
CSCO,long,23,2016-12-01T21:00:00Z,22.06536538,2017-09-01T20:00:00Z,24.85118395,64.07,1.0,-129.7,95.43,65.5,273.23:00:00,True,133 228
CSCO,long,14,2017-06-01T20:00:00Z,24.255265936,2017-09-01T20:00:00Z,24.85118395,8.34,1.0,-109.61,27.43,21.22,92.00:00:00,True,202 228
GLW,long,255,2017-06-01T20:00:00Z,23.460938331,2017-09-01T20:00:00Z,22.9759046,-123.68,2.55,-362.94,496.02,858.97,92.00:00:00,False,198 229
GILD,long,10,2016-02-01T21:00:00Z,58.045930195,2017-09-01T20:00:00Z,60.11231625,20.66,1.0,-123.91,129.37,253.28,577.23:00:00,True,2 230
HPE,long,34,2016-02-01T21:00:00Z,10.335336095,2017-09-01T20:00:00Z,10.934275293,20.36,1.0,-38.22,287.9,267.53,577.23:00:00,True,8 231
LBTYA,long,8,2017-02-01T21:00:00Z,36.23,2017-09-01T20:00:00Z,33.9,-18.64,1.0,-60.32,9.76,70.08,211.23:00:00,False,148 232
VLO,long,13,2016-02-01T21:00:00Z,45.37488669,2017-10-02T20:00:00Z,54.70281866,121.26,1.0,-175.86,121.26,175.86,608.23:00:00,True,10 237
CRH,long,14,2017-04-03T20:00:00Z,27.825914655,2017-10-02T20:00:00Z,30.040879768,31.01,1.0,-13.83,38.93,42.05,182.00:00:00,True,178 238
EBAY,long,11,2017-03-01T21:00:00Z,30.221482707,2017-10-02T20:00:00Z,34.154596593,43.26,1.0,-21.54,43.26,28.52,214.23:00:00,True,164 239
LOW,long,5,2017-09-01T20:00:00Z,63.100234115,2017-10-02T20:00:00Z,68.290260069,25.95,2.0,0.0,25.95,4.94,31.00:00:00,True,233 240
LUV,long,6,2016-11-01T20:00:00Z,35.067525376,2017-10-02T20:00:00Z,49.836505755,88.61,1.0,-0.37,132.12,71.56,335.00:00:00,True,116 241
DISH,long,103,2017-09-01T20:00:00Z,58.47,2017-10-03T20:00:00Z,53.85,-475.86,2.0,-650.96,0.0,650.96,32.00:00:00,False,234 245
DISH,long,9,2017-10-02T20:00:00Z,53.83,2017-10-03T20:00:00Z,53.85,0.18,1.0,-15.12,41.76,4.23,1.00:00:00,True,243 245
HPE,long,238,2016-02-01T21:00:00Z,10.335336095,2017-10-03T20:00:00Z,11.494548333,275.89,2.69,-267.56,2015.29,2089.15,609.23:00:00,True,8 246
HPE,long,22,2016-03-01T21:00:00Z,9.95310104,2017-10-03T20:00:00Z,11.494548333,33.91,1.0,-16.32,194.7,193.11,580.23:00:00,True,36 246
HPE,long,16,2017-01-03T21:00:00Z,17.60404864,2017-10-03T20:00:00Z,11.494548333,-97.75,1.0,-134.29,19.18,140.45,272.23:00:00,False,142 246
HPE,long,16,2017-03-01T21:00:00Z,17.588872736,2017-10-03T20:00:00Z,11.494548333,-97.51,1.0,-134.04,19.43,128.24,215.23:00:00,False,171 246
HPE,long,83,2017-05-01T20:00:00Z,14.27206875,2017-10-03T20:00:00Z,11.494548333,-230.53,1.0,-420.06,376.06,375.25,155.00:00:00,False,189 246
HPE,long,56,2017-07-03T17:00:00Z,12.737552001,2017-10-03T20:00:00Z,11.494548333,-69.61,1.0,-197.48,339.66,211.38,92.03:00:00,False,210 246
HPE,long,107,2017-10-02T20:00:00Z,11.502226722,2017-10-03T20:00:00Z,11.494548333,-0.82,1.0,-245.15,781.18,23.83,1.00:00:00,False,242 246
LBTYA,long,141,2017-02-01T21:00:00Z,36.23,2017-11-01T20:00:00Z,31.34,-689.49,1.0,-1063.14,172.02,1235.16,272.23:00:00,False,148 249
LBTYA,long,8,2017-03-01T21:00:00Z,35.2,2017-11-01T20:00:00Z,31.34,-30.88,1.0,-52.08,18.0,69.36,244.23:00:00,False,170 249
LBTYA,long,26,2017-06-01T20:00:00Z,31.35,2017-11-01T20:00:00Z,31.34,-0.26,1.0,-69.16,158.6,107.12,153.00:00:00,False,199 249
PPL,long,230,2017-03-01T21:00:00Z,24.029493254,2017-11-01T20:00:00Z,24.928523108,206.78,1.15,-47.26,655.34,448.56,244.23:00:00,True,165 250
HPQ,long,51,2016-09-01T20:00:00Z,10.24212575,2017-11-01T20:00:00Z,15.764351794,281.63,1.0,-20.94,305.97,79.39,426.00:00:00,True,95 251
NFLX,long,24,2016-02-01T21:00:00Z,9.409,2017-11-01T20:00:00Z,19.8,249.38,1.0,-27.12,260.62,62.83,638.23:00:00,True,1 252
BAX,long,7,2017-03-01T21:00:00Z,44.151848604,2017-11-01T20:00:00Z,55.64606904,80.46,1.0,-3.2,89.44,21.42,244.23:00:00,True,162 253
TGT,long,6,2016-06-01T20:00:00Z,50.269692936,2017-11-01T20:00:00Z,45.3595761,-29.46,1.0,-72.18,50.7,122.88,518.00:00:00,False,61 254
VLO,long,10,2016-02-01T21:00:00Z,45.37488669,2017-12-01T21:00:00Z,60.266780542,148.92,1.0,-135.27,159.3,135.27,669.00:00:00,True,10 263
HCA,long,7,2016-02-01T21:00:00Z,65.55873955,2017-12-01T21:00:00Z,77.586765125,84.2,1.0,-44.0,125.81,105.13,669.00:00:00,True,19 264
CVS,long,8,2017-11-01T20:00:00Z,52.2414042,2017-12-01T21:00:00Z,56.874989616,37.07,2.0,-13.33,46.03,15.69,30.01:00:00,True,257 265
LUV,long,7,2016-11-01T20:00:00Z,35.067525376,2017-12-01T21:00:00Z,53.372715368,128.14,1.0,-0.43,154.14,83.49,395.01:00:00,True,116 266
DAL,long,6,2016-03-01T21:00:00Z,43.04467977,2017-12-01T21:00:00Z,47.401702436,26.14,1.0,-81.51,41.02,87.95,640.00:00:00,True,32 267
T,long,16,2016-03-01T21:00:00Z,15.343748800769273,2017-12-01T21:00:00Z,16.29776532557485,15.26,1.0,-10.74,47.77,58.51,640.00:00:00,True,31 268
LOW,long,9,2017-09-01T20:00:00Z,63.100234115,2018-01-02T21:00:00Z,77.841460602,132.67,1.0,0.0,142.84,43.13,123.01:00:00,True,233 275
EBAY,long,10,2017-03-01T21:00:00Z,30.221482707,2018-01-02T21:00:00Z,33.563747646,33.42,1.0,-19.58,41.62,40.65,307.00:00:00,True,164 276
TGT,long,6,2016-06-01T20:00:00Z,50.269692936,2018-01-02T21:00:00Z,52.658577825,14.33,1.0,-72.18,50.7,122.88,580.01:00:00,True,61 277
LUV,long,5,2016-11-01T20:00:00Z,35.067525376,2018-01-02T21:00:00Z,59.166516374,120.49,1.0,-0.31,120.49,59.63,427.01:00:00,True,116 278
MCK,long,2,2016-02-01T21:00:00Z,146.859883067,2018-01-02T21:00:00Z,148.862319,4.0,1.0,-63.06,73.55,136.61,701.00:00:00,True,20 279
HPQ,long,288,2016-09-01T20:00:00Z,10.24212575,2018-02-01T21:00:00Z,17.22065021,2009.82,2.07,-118.25,2139.66,448.34,518.01:00:00,True,95 287
HPQ,long,32,2016-11-01T20:00:00Z,10.230490492,2018-02-01T21:00:00Z,17.22065021,223.69,1.0,-12.77,238.11,49.82,457.01:00:00,True,120 287
HPQ,long,23,2017-01-03T21:00:00Z,10.66746186,2018-02-01T21:00:00Z,17.22065021,150.72,1.0,-19.23,161.09,35.81,394.00:00:00,True,143 287
HPQ,long,36,2017-07-03T17:00:00Z,12.81216699,2018-02-01T21:00:00Z,17.22065021,158.71,1.0,-107.3,174.94,41.86,213.04:00:00,True,212 287
HPQ,long,16,2017-12-01T21:00:00Z,15.720296782,2018-02-01T21:00:00Z,17.22065021,24.01,1.0,-94.22,31.22,7.21,62.00:00:00,True,274 287
HPQ,long,19,2018-01-02T21:00:00Z,15.757264484,2018-02-01T21:00:00Z,17.22065021,27.8,1.0,-112.59,36.37,8.57,30.00:00:00,True,284 287
GLW,long,241,2017-11-01T20:00:00Z,25.14629282,2018-02-01T21:00:00Z,25.317787476,41.33,2.46,-49.16,649.76,698.92,92.01:00:00,True,256 288
GLW,long,10,2018-01-02T21:00:00Z,26.060783448,2018-02-01T21:00:00Z,25.317787476,-7.43,1.0,-11.18,17.82,29.0,30.00:00:00,False,285 288
NFLX,long,76,2016-02-01T21:00:00Z,9.409,2018-02-01T21:00:00Z,26.507,1299.45,1.0,-85.88,1447.8,198.97,731.00:00:00,True,1 289
GILD,long,10,2016-02-01T21:00:00Z,58.045930195,2018-02-01T21:00:00Z,60.71267565,26.67,1.0,-123.91,129.37,253.28,731.00:00:00,True,2 290
TGT,long,8,2016-06-01T20:00:00Z,50.269692936,2018-02-01T21:00:00Z,58.373703675,64.83,1.0,-96.24,87.32,163.84,610.01:00:00,True,61 291
HCA,long,5,2016-02-01T21:00:00Z,65.55873955,2018-02-01T21:00:00Z,94.3779996,144.1,1.0,-31.43,144.1,75.09,731.00:00:00,True,19 292
LOW,long,4,2017-09-01T20:00:00Z,63.100234115,2018-02-01T21:00:00Z,88.579784448,101.92,1.0,0.0,113.99,19.17,153.01:00:00,True,233 293
EBAY,long,169,2017-03-01T21:00:00Z,30.221482707,2018-03-01T21:00:00Z,37.276395507,1192.28,1.0,-330.86,1776.5,770.51,365.00:00:00,True,164 300
EBAY,long,24,2017-12-01T21:00:00Z,31.04161632,2018-03-01T21:00:00Z,37.276395507,149.63,1.0,-66.67,232.6,109.42,90.00:00:00,True,269 300
MO,long,156,2017-03-01T21:00:00Z,38.344509,2018-03-01T21:00:00Z,32.816148453,-862.42,2.0,-1006.48,266.96,1273.44,365.00:00:00,False,166 301
MO,long,22,2017-08-01T20:00:00Z,33.76211255,2018-03-01T21:00:00Z,32.816148453,-20.81,1.0,-41.13,138.46,125.01,212.01:00:00,False,221 301
MO,long,9,2018-02-01T21:00:00Z,36.758501703,2018-03-01T21:00:00Z,32.816148453,-35.48,1.0,-43.79,29.68,35.48,28.00:00:00,False,299 301
BAX,long,107,2017-03-01T21:00:00Z,44.151848604,2018-03-01T21:00:00Z,57.752681238,1455.29,1.0,-48.89,1993.88,901.83,365.00:00:00,True,162 302
BAX,long,7,2018-01-02T21:00:00Z,58.363616697,2018-03-01T21:00:00Z,57.752681238,-4.28,1.0,-102.68,30.96,59.0,58.00:00:00,False,283 302
MU,long,22,2017-11-01T20:00:00Z,43.276593374,2018-03-01T21:00:00Z,46.436038226,69.51,2.0,-106.84,113.7,220.54,120.01:00:00,True,255 303
NFLX,long,29,2016-02-01T21:00:00Z,9.409,2018-03-01T21:00:00Z,29.039,569.27,1.0,-32.77,580.2,101.85,759.00:00:00,True,1 304
TGT,long,7,2016-06-01T20:00:00Z,50.269692936,2018-03-01T21:00:00Z,58.196297649,55.49,1.0,-84.21,76.4,143.36,638.01:00:00,True,61 305
MPC,long,12,2018-02-01T21:00:00Z,52.843842079,2018-04-02T20:00:00Z,55.61298438,33.23,2.0,-54.47,50.7,54.47,59.23:00:00,True,295 314
PSX,long,6,2018-03-01T21:00:00Z,66.290055741,2018-04-02T20:00:00Z,69.266433285,17.86,2.0,0.0,23.11,12.08,31.23:00:00,True,306 315
MU,long,8,2017-11-01T20:00:00Z,43.276593374,2018-04-02T20:00:00Z,48.815373238,44.31,1.0,-38.85,130.82,86.51,152.00:00:00,True,255 316
F,long,46,2018-02-01T21:00:00Z,7.217045472,2018-04-02T20:00:00Z,7.177391376,-1.82,5.755,-20.67,6.99,20.67,59.23:00:00,False,294 317
EXC,long,16,2018-03-01T21:00:00Z,19.38128934126216,2018-04-02T20:00:00Z,20.08472725343148,11.26,2.695,-0.84,17.47,7.22,31.23:00:00,True,307 318
VLO,long,17,2016-02-01T21:00:00Z,45.37488669,2018-05-01T20:00:00Z,80.002385728,588.67,1.0,-229.97,598.74,229.97,819.23:00:00,True,10 323
PSX,long,12,2018-03-01T21:00:00Z,66.290055741,2018-05-01T20:00:00Z,81.595055955,183.66,1.0,0.0,189.53,24.16,60.23:00:00,True,306 324
CVS,long,14,2017-11-01T20:00:00Z,52.2414042,2018-05-01T20:00:00Z,52.2005604,-0.57,1.0,-85.05,160.58,245.63,181.00:00:00,False,257 325
MCK,long,5,2016-02-01T21:00:00Z,146.859883067,2018-05-01T20:00:00Z,144.69771036,-10.81,1.0,-157.65,183.86,341.51,819.23:00:00,False,20 326
CRH,long,15,2017-04-03T20:00:00Z,27.825914655,2018-05-01T20:00:00Z,29.032885376,18.1,1.0,-16.01,55.05,71.06,393.00:00:00,True,178 327
NFLX,long,11,2016-02-01T21:00:00Z,9.409,2018-05-01T20:00:00Z,31.33,241.13,1.0,-12.43,266.17,56.26,819.23:00:00,True,1 328
MCK,long,10,2016-02-01T21:00:00Z,146.859883067,2018-06-01T20:00:00Z,133.781001424,-130.79,1.0,-315.3,367.73,683.03,850.23:00:00,False,20 337
MCK,long,1,2016-03-01T21:00:00Z,144.741138035,2018-06-01T20:00:00Z,133.781001424,-10.96,1.0,-29.41,38.89,68.3,821.23:00:00,False,37 337
MCK,long,3,2016-04-01T20:00:00Z,145.443361239,2018-06-01T20:00:00Z,133.781001424,-34.99,1.0,-90.34,114.57,204.91,791.00:00:00,False,40 337
MCK,long,3,2016-10-03T20:00:00Z,153.22635603,2018-06-01T20:00:00Z,133.781001424,-58.34,1.0,-113.69,91.22,115.05,606.00:00:00,False,107 337
MCK,long,11,2016-11-01T20:00:00Z,119.80627257,2018-06-01T20:00:00Z,133.781001424,153.72,1.0,-49.24,702.09,387.87,577.00:00:00,True,117 337
MCK,long,3,2017-01-03T21:00:00Z,136.904662697,2018-06-01T20:00:00Z,133.781001424,-9.37,1.0,-64.72,140.18,105.78,513.23:00:00,False,139 337
MCK,long,1,2017-08-01T20:00:00Z,150.283789722,2018-06-01T20:00:00Z,133.781001424,-16.5,1.0,-34.95,33.35,35.26,304.00:00:00,False,226 337
MCK,long,3,2017-09-01T20:00:00Z,139.562670779,2018-06-01T20:00:00Z,133.781001424,-17.35,1.0,-72.7,132.21,105.78,273.00:00:00,False,235 337
MCK,long,4,2017-11-01T20:00:00Z,130.464615673,2018-06-01T20:00:00Z,133.781001424,13.27,1.0,-60.54,212.67,141.04,212.00:00:00,True,260 337
MCK,long,3,2018-03-01T21:00:00Z,137.50082664,2018-06-01T20:00:00Z,133.781001424,-11.16,1.0,-66.51,138.39,53.62,91.23:00:00,False,313 337
MCK,long,3,2018-04-02T20:00:00Z,131.18595996,2018-06-01T20:00:00Z,133.781001424,7.79,1.0,-47.57,157.34,47.6,60.00:00:00,True,321 337
MU,long,26,2017-11-01T20:00:00Z,43.276593374,2018-06-01T20:00:00Z,57.279565002,364.08,1.0,-126.26,462.45,386.9,212.00:00:00,True,255 338
LOW,long,10,2017-09-01T20:00:00Z,63.100234115,2018-06-01T20:00:00Z,82.130392358,190.3,1.0,0.0,284.99,217.67,273.00:00:00,True,233 339
NFLX,long,17,2016-02-01T21:00:00Z,9.409,2018-06-01T20:00:00Z,35.993,451.93,1.0,-19.21,451.93,86.96,850.23:00:00,True,1 340
VLO,long,6,2016-02-01T21:00:00Z,45.37488669,2018-06-01T20:00:00Z,90.060731238,268.12,1.0,-81.16,268.12,81.16,850.23:00:00,True,10 341
NFLX,long,22,2016-05-02T20:00:00Z,9.311,2018-07-02T20:00:00Z,39.818,671.15,2.0,-22.7,712.03,112.53,791.00:00:00,True,52 349
GILD,long,10,2016-02-01T21:00:00Z,58.045930195,2018-07-02T20:00:00Z,52.621362288,-54.25,1.0,-123.91,129.37,253.28,881.23:00:00,False,2 350
TGT,long,8,2016-06-01T20:00:00Z,50.269692936,2018-07-02T20:00:00Z,59.994026801,77.79,1.0,-96.24,98.7,163.84,761.00:00:00,True,61 351
KMB,long,6,2017-11-01T20:00:00Z,80.86547655,2018-07-02T20:00:00Z,77.823981222,-18.25,2.0,-51.29,53.6,104.89,243.00:00:00,False,258 352
VZ,long,14,2016-02-01T21:00:00Z,29.034775836,2018-07-02T20:00:00Z,31.980770708,41.24,1.0,-39.0,73.3,92.44,881.23:00:00,True,16 353
EXC,long,18,2018-03-01T21:00:00Z,19.38128934126216,2018-07-02T20:00:00Z,22.718624202026323,60.07,1.0,-0.94,60.07,16.11,122.23:00:00,True,307 354
HCA,long,12,2016-02-01T21:00:00Z,65.55873955,2018-08-01T20:00:00Z,115.784078932,602.7,1.0,-75.44,602.7,180.23,911.23:00:00,True,19 360
LUV,long,15,2016-11-01T20:00:00Z,35.067525376,2018-08-01T20:00:00Z,50.720700203,234.8,1.0,-0.93,361.48,212.36,638.00:00:00,True,116 361
MPC,long,12,2018-02-01T21:00:00Z,52.843842079,2018-08-01T20:00:00Z,62.922466116,120.94,1.0,-54.47,136.68,123.82,180.23:00:00,True,295 362
DAL,long,9,2016-03-01T21:00:00Z,43.04467977,2018-08-01T20:00:00Z,49.704682128,59.94,1.0,-122.26,105.34,131.93,882.23:00:00,True,32 363
ETN,long,5,2018-03-01T21:00:00Z,65.565485895,2018-08-01T20:00:00Z,69.037748303,17.36,2.0,-25.43,20.71,42.86,152.23:00:00,True,308 364
GILD,long,6,2016-02-01T21:00:00Z,58.045930195,2018-08-01T20:00:00Z,57.50847534,-3.22,1.0,-74.34,77.62,151.97,911.23:00:00,False,2 365
CRH,long,170,2017-04-03T20:00:00Z,27.825914655,2018-09-04T20:00:00Z,27.165369088,-112.29,1.275,-301.1,628.95,930.06,519.00:00:00,False,178 373
CRH,long,13,2017-08-01T20:00:00Z,27.994556562,2018-09-04T20:00:00Z,27.165369088,-10.78,1.0,-25.22,45.9,71.12,399.00:00:00,False,225 373
CRH,long,24,2017-12-01T21:00:00Z,28.05216706,2018-09-04T20:00:00Z,27.165369088,-21.28,1.0,-47.94,83.36,131.3,276.23:00:00,False,270 373
CRH,long,24,2018-03-01T21:00:00Z,27.106315894,2018-09-04T20:00:00Z,27.165369088,1.42,1.0,-25.24,106.06,131.3,186.23:00:00,True,310 373
CRH,long,24,2018-08-01T20:00:00Z,27.338134912,2018-09-04T20:00:00Z,27.165369088,-4.15,1.0,-30.8,100.5,35.74,34.00:00:00,False,369 373
CVS,long,16,2017-11-01T20:00:00Z,52.2414042,2018-09-04T20:00:00Z,57.23789,79.94,1.0,-97.19,183.52,280.72,307.00:00:00,True,257 374
LOW,long,6,2017-09-01T20:00:00Z,63.100234115,2018-09-04T20:00:00Z,94.663866998,189.38,1.0,0.0,189.38,130.6,368.00:00:00,True,233 375
TGT,long,8,2016-06-01T20:00:00Z,50.269692936,2018-09-04T20:00:00Z,70.983514305,165.71,1.0,-96.24,165.71,163.84,825.00:00:00,True,61 376
NFLX,long,12,2016-05-02T20:00:00Z,9.311,2018-09-04T20:00:00Z,36.36,324.59,1.0,-12.38,391.03,122.63,855.00:00:00,True,52 377
HCA,long,3,2016-02-01T21:00:00Z,65.55873955,2018-09-04T20:00:00Z,124.898562906,178.02,1.0,-18.86,178.24,45.06,945.23:00:00,True,19 378
HCA,long,27,2016-02-01T21:00:00Z,65.55873955,2018-10-01T20:00:00Z,130.74138906,1759.93,1.0,-169.73,1759.93,405.51,972.23:00:00,True,19 385
HCA,long,4,2016-06-01T20:00:00Z,72.343542925,2018-10-01T20:00:00Z,130.74138906,233.59,1.0,-52.28,233.59,60.08,852.00:00:00,True,65 385
HCA,long,11,2016-12-01T21:00:00Z,65.74336005,2018-10-01T20:00:00Z,130.74138906,714.98,1.0,-71.18,714.98,165.21,668.23:00:00,True,130 385
HCA,long,4,2017-06-01T20:00:00Z,77.309834375,2018-10-01T20:00:00Z,130.74138906,213.73,1.0,-72.15,213.73,48.08,487.00:00:00,True,204 385
HCA,long,7,2017-08-01T20:00:00Z,73.1835662,2018-10-01T20:00:00Z,130.74138906,402.9,1.0,-97.38,402.9,55.63,426.00:00:00,True,224 385
HCA,long,6,2017-11-01T20:00:00Z,70.921965075,2018-10-01T20:00:00Z,130.74138906,358.92,1.0,-69.9,358.92,47.69,334.00:00:00,True,261 385
LOW,long,61,2017-09-01T20:00:00Z,63.100234115,2018-10-01T20:00:00Z,98.246161974,2143.9,1.0,0.0,2288.36,1327.8,395.00:00:00,True,233 386
LOW,long,9,2018-03-01T21:00:00Z,75.019043328,2018-10-01T20:00:00Z,98.246161974,209.04,1.0,-107.27,230.36,56.97,213.23:00:00,True,309 386
LOW,long,9,2018-05-01T20:00:00Z,71.100254096,2018-10-01T20:00:00Z,98.246161974,244.31,1.0,-72.0,265.63,43.43,153.00:00:00,True,331 386
T,long,27,2016-03-01T21:00:00Z,15.343748800769273,2018-10-01T20:00:00Z,15.606430873145788,7.09,1.0,-33.67,80.61,114.29,943.23:00:00,True,31 387
CVS,long,6,2017-11-01T20:00:00Z,52.2414042,2018-10-01T20:00:00Z,61.4920575,55.5,1.0,-36.45,68.82,105.27,334.00:00:00,True,257 388
LUV,long,6,2016-11-01T20:00:00Z,35.067525376,2018-10-01T20:00:00Z,55.50352453,122.62,1.0,-0.37,144.59,84.95,699.00:00:00,True,116 389
NXPI,long,69,2018-06-01T20:00:00Z,99.9936408,2018-11-01T20:00:00Z,73.95572547,-1796.62,2.0,-2607.97,373.42,2981.39,153.00:00:00,False,342 396
NXPI,long,2,2018-07-02T20:00:00Z,95.43252736,2018-11-01T20:00:00Z,73.95572547,-42.95,1.0,-66.47,19.95,69.21,122.00:00:00,False,359 396
NXPI,long,15,2018-08-01T20:00:00Z,83.67888888,2018-11-01T20:00:00Z,73.95572547,-145.85,1.0,-322.23,325.9,333.94,92.00:00:00,False,366 396
NXPI,long,4,2018-09-04T20:00:00Z,83.029807352,2018-11-01T20:00:00Z,73.95572547,-36.3,1.0,-83.33,89.5,83.33,58.00:00:00,False,383 396
NXPI,long,8,2018-10-01T20:00:00Z,74.78243949,2018-11-01T20:00:00Z,73.95572547,-6.61,1.0,-100.68,244.99,108.35,31.00:00:00,False,393 396
VZ,long,36,2016-02-01T21:00:00Z,29.034775836,2018-11-01T20:00:00Z,36.368661518,264.02,1.0,-100.28,313.53,237.7,1003.23:00:00,True,16 397
F,long,137,2018-02-01T21:00:00Z,7.217045472,2018-11-01T20:00:00Z,6.422834732,-108.81,1.0,-213.0,122.46,335.45,272.23:00:00,False,294 398
EXC,long,33,2018-03-01T21:00:00Z,19.38128934126216,2018-11-01T20:00:00Z,23.30136816193472,129.36,1.0,-1.73,146.27,42.62,244.23:00:00,True,307 399
DAL,long,11,2016-03-01T21:00:00Z,43.04467977,2018-11-01T20:00:00Z,51.977055168,98.26,1.0,-149.43,134.68,161.24,974.23:00:00,True,32 400
INTC,long,12,2018-09-04T20:00:00Z,41.019967384,2018-11-01T20:00:00Z,41.242344188,2.67,2.0,-56.86,8.21,65.07,58.00:00:00,True,379 401
TGT,long,6,2016-06-01T20:00:00Z,50.269692936,2018-11-01T20:00:00Z,67.184958621,101.49,1.0,-72.18,125.77,122.88,883.00:00:00,True,61 402
KMB,long,67,2017-11-01T20:00:00Z,80.86547655,2018-12-03T21:00:00Z,84.643606509,253.13,1.0,-572.74,598.52,1171.25,397.01:00:00,True,258 411
KMB,long,8,2018-02-01T21:00:00Z,85.76840646,2018-12-03T21:00:00Z,84.643606509,-9.0,1.0,-107.61,32.24,107.61,305.00:00:00,False,297 411
KMB,long,7,2018-05-01T20:00:00Z,75.759793634,2018-12-03T21:00:00Z,84.643606509,62.19,1.0,-24.1,98.27,84.99,216.01:00:00,True,334 411
KMB,long,6,2018-06-01T20:00:00Z,74.042150798,2018-12-03T21:00:00Z,84.643606509,63.61,1.0,-10.35,94.54,72.85,185.01:00:00,True,346 411
AMAT,long,21,2018-10-01T20:00:00Z,35.250919362,2018-12-03T21:00:00Z,35.44912566,4.16,2.035,-139.4,11.2,150.6,63.01:00:00,True,391 412
CVS,long,11,2017-11-01T20:00:00Z,52.2414042,2018-12-03T21:00:00Z,61.932712688,106.6,1.0,-66.82,126.17,192.99,397.01:00:00,True,257 413
DAL,long,10,2016-03-01T21:00:00Z,43.04467977,2018-12-03T21:00:00Z,56.111637276,130.67,1.0,-135.85,136.18,146.59,1007.00:00:00,True,32 414
LUV,long,11,2016-11-01T20:00:00Z,35.067525376,2018-12-03T21:00:00Z,48.909669833,152.26,1.0,-0.68,265.09,176.75,762.01:00:00,True,116 415
CVX,long,4,2018-10-01T20:00:00Z,88.120935994,2018-12-03T21:00:00Z,86.321055227,-7.2,2.0,-43.81,6.89,50.69,63.01:00:00,False,390 416
LVS,long,7,2018-11-01T20:00:00Z,49.219345458,2018-12-03T21:00:00Z,50.323459762,7.73,2.0,-40.64,7.73,40.64,32.01:00:00,True,403 417
ETN,long,5,2018-03-01T21:00:00Z,65.565485895,2018-12-03T21:00:00Z,66.524189849,4.79,1.0,-30.63,46.05,76.68,277.00:00:00,True,308 418
EXC,long,32,2018-03-01T21:00:00Z,19.38128934126216,2019-01-02T21:00:00Z,23.698231989198064,138.14,1.0,-1.68,190.11,55.58,307.00:00:00,True,307 426
INTC,long,15,2018-09-04T20:00:00Z,41.019967384,2019-01-02T21:00:00Z,40.52072024,-7.49,1.0,-71.08,31.89,84.43,120.01:00:00,False,379 427
LVS,long,10,2018-11-01T20:00:00Z,49.219345458,2019-01-02T21:00:00Z,47.365617168,-18.54,1.0,-68.56,11.04,79.6,62.01:00:00,False,403 428
VZ,long,12,2016-02-01T21:00:00Z,29.034775836,2019-01-02T21:00:00Z,36.336224253,87.62,1.0,-33.43,123.74,79.23,1066.00:00:00,True,16 429
NFLX,long,6,2016-05-02T20:00:00Z,9.311,2019-01-02T21:00:00Z,26.766,104.73,1.0,-6.19,195.52,111.05,975.01:00:00,True,52 430
NFLX,long,5,2016-07-01T20:00:00Z,9.667,2019-01-02T21:00:00Z,26.766,85.5,1.0,-6.94,161.15,92.54,915.01:00:00,True,76 430
VLO,long,5,2016-02-01T21:00:00Z,45.37488669,2019-01-02T21:00:00Z,55.892963628,52.59,1.0,-67.64,225.83,197.72,1066.00:00:00,True,10 431
NFLX,long,29,2016-07-01T20:00:00Z,9.667,2019-02-01T21:00:00Z,33.985,705.22,1.0,-40.25,934.67,536.76,945.01:00:00,True,76 438
LUV,long,13,2016-11-01T20:00:00Z,35.067525376,2019-02-01T21:00:00Z,51.54417138,214.2,1.0,-0.8,313.29,248.05,822.01:00:00,True,116 439
MU,long,16,2017-11-01T20:00:00Z,43.276593374,2019-02-01T21:00:00Z,38.61543708,-74.58,1.0,-239.65,284.58,524.23,457.01:00:00,False,255 440
AMAT,long,12,2018-10-01T20:00:00Z,35.250919362,2019-02-01T21:00:00Z,36.34598669,13.14,1.0,-101.36,16.36,107.76,123.01:00:00,True,391 441
F,long,64,2018-02-01T21:00:00Z,7.217045472,2019-02-01T21:00:00Z,6.133784032,-69.33,1.0,-124.28,57.21,181.49,365.00:00:00,False,294 442
VLO,long,6,2016-02-01T21:00:00Z,45.37488669,2019-02-01T21:00:00Z,63.068211738,106.16,1.0,-81.16,271.0,237.27,1096.00:00:00,True,10 443
CVS,long,60,2017-11-01T20:00:00Z,52.2414042,2019-03-01T21:00:00Z,45.618308068,-397.39,1.0,-411.51,688.21,1099.72,485.01:00:00,False,257 449
CVS,long,10,2018-01-02T21:00:00Z,55.663594736,2019-03-01T21:00:00Z,45.618308068,-100.45,1.0,-102.81,80.48,183.29,423.00:00:00,False,280 449
CVS,long,10,2018-03-01T21:00:00Z,51.156703195,2019-03-01T21:00:00Z,45.618308068,-55.38,1.0,-57.74,125.55,175.47,365.00:00:00,False,312 449
CVS,long,12,2018-04-02T20:00:00Z,46.501938392,2019-03-01T21:00:00Z,45.618308068,-10.6,1.0,-13.43,206.52,210.56,333.01:00:00,False,320 449
CVS,long,18,2018-06-01T20:00:00Z,49.183675071,2019-03-01T21:00:00Z,45.618308068,-64.18,1.0,-68.41,261.5,315.84,273.01:00:00,False,343 449
CVS,long,10,2019-01-02T21:00:00Z,51.075796002,2019-03-01T21:00:00Z,45.618308068,-54.57,1.0,-56.93,126.36,94.56,58.00:00:00,False,435 449
CVS,long,12,2019-02-01T21:00:00Z,51.182281992,2019-03-01T21:00:00Z,45.618308068,-66.77,1.0,-69.59,150.35,113.48,28.00:00:00,False,447 449
ETN,long,89,2018-03-01T21:00:00Z,65.565485895,2019-03-01T21:00:00Z,68.417327927,253.81,1.0,-912.71,819.62,1732.33,365.00:00:00,True,308 450
ETN,long,9,2018-05-01T20:00:00Z,61.344083244,2019-03-01T21:00:00Z,68.417327927,63.66,1.0,-54.3,120.88,175.18,304.01:00:00,True,333 450
ETN,long,7,2018-11-01T20:00:00Z,62.891411375,2019-03-01T21:00:00Z,68.417327927,38.68,1.0,-53.07,83.18,78.5,120.01:00:00,True,408 450
EXC,long,240,2018-03-01T21:00:00Z,19.38128934126216,2019-03-01T21:00:00Z,26.30521211965972,1661.74,1.325,-12.6,1685.15,416.86,365.00:00:00,True,307 451
EXC,long,14,2018-08-01T20:00:00Z,22.24741526378807,2019-03-01T21:00:00Z,26.30521211965972,56.81,1.0,-40.86,58.17,24.32,212.01:00:00,True,370 451
EXC,long,11,2019-02-01T21:00:00Z,25.5104180977435,2019-03-01T21:00:00Z,26.30521211965972,8.74,1.0,-68.0,9.82,2.5,28.00:00:00,True,448 451
F,long,704,2018-02-01T21:00:00Z,7.217045472,2019-03-01T21:00:00Z,6.19005728,-723.0,5.505,-1367.09,629.27,1996.36,393.00:00:00,False,294 452
F,long,150,2018-08-01T20:00:00Z,6.717134705,2019-03-01T21:00:00Z,6.19005728,-79.06,1.0,-216.3,209.06,235.65,212.01:00:00,False,368 452
F,long,96,2018-09-04T20:00:00Z,6.42508537,2019-03-01T21:00:00Z,6.19005728,-22.56,1.0,-110.39,161.84,134.52,178.01:00:00,False,380 452
F,long,46,2018-12-03T21:00:00Z,6.63715968,2019-03-01T21:00:00Z,6.19005728,-20.57,1.0,-62.65,67.79,62.65,88.00:00:00,False,425 452
F,long,105,2019-01-02T21:00:00Z,5.468743028,2019-03-01T21:00:00Z,6.19005728,75.74,1.0,-20.33,277.43,50.82,58.00:00:00,True,432 452
INTC,long,18,2018-09-04T20:00:00Z,41.019967384,2019-03-01T21:00:00Z,46.16491555,92.61,1.0,-85.29,92.61,101.32,178.01:00:00,True,379 453
MU,long,10,2017-11-01T20:00:00Z,43.276593374,2019-03-01T21:00:00Z,40.546208934,-27.3,1.0,-149.78,177.87,327.65,485.01:00:00,False,255 454
LVS,long,7,2018-11-01T20:00:00Z,49.219345458,2019-03-01T21:00:00Z,52.82280792,25.22,1.0,-47.99,33.67,55.72,120.01:00:00,True,403 455
TGT,long,14,2016-06-01T20:00:00Z,50.269692936,2019-04-01T20:00:00Z,64.917046975,205.06,1.0,-168.42,293.46,308.61,1034.00:00:00,True,61 463
XOM,long,7,2018-12-03T21:00:00Z,57.509031178,2019-04-01T20:00:00Z,58.512623807,7.03,2.0,-77.87,7.33,77.87,118.23:00:00,True,419 464
VZ,long,10,2016-02-01T21:00:00Z,29.034775836,2019-04-01T20:00:00Z,38.734109536,96.99,1.0,-27.86,108.73,66.03,1154.23:00:00,True,16 465
CCL,long,127,2019-03-01T21:00:00Z,54.496292736,2019-04-02T20:00:00Z,49.04101032,-692.82,2.0,-897.44,0.0,897.44,31.23:00:00,False,458 469
CCL,long,18,2019-04-01T20:00:00Z,49.172916976,2019-04-02T20:00:00Z,49.04101032,-2.37,1.0,-31.37,95.82,5.43,1.00:00:00,False,466 469
LUV,long,40,2016-11-01T20:00:00Z,35.067525376,2019-04-02T20:00:00Z,48.132466083,522.6,1.0,-2.47,963.96,763.22,882.00:00:00,True,116 470
LUV,long,7,2017-04-03T20:00:00Z,47.9077794,2019-04-02T20:00:00Z,48.132466083,1.57,1.0,-90.31,78.81,133.56,729.00:00:00,True,180 470
LUV,long,11,2017-08-01T20:00:00Z,49.515761876,2019-04-02T20:00:00Z,48.132466083,-15.22,1.0,-159.61,106.16,209.89,609.00:00:00,False,223 470
LUV,long,7,2017-09-01T20:00:00Z,46.487350051,2019-04-02T20:00:00Z,48.132466083,11.52,1.0,-80.37,88.75,133.56,578.00:00:00,True,236 470
LUV,long,17,2018-02-01T21:00:00Z,53.829123586,2019-04-02T20:00:00Z,48.132466083,-96.84,1.0,-320.0,90.74,293.76,424.23:00:00,False,296 470
LUV,long,15,2018-05-01T20:00:00Z,47.352484758,2019-04-02T20:00:00Z,48.132466083,11.7,1.0,-185.2,177.21,259.2,336.00:00:00,True,330 470
LUV,long,10,2018-06-01T20:00:00Z,45.581462472,2019-04-02T20:00:00Z,48.132466083,25.51,1.0,-105.76,135.85,172.8,305.00:00:00,True,345 470
LUV,long,20,2018-11-01T20:00:00Z,45.833137355,2019-04-02T20:00:00Z,48.132466083,45.99,1.0,-216.55,266.67,180.61,152.00:00:00,True,405 470
LUV,long,6,2019-01-02T21:00:00Z,42.53093364,2019-04-02T20:00:00Z,48.132466083,33.61,1.0,-45.15,99.81,51.18,89.23:00:00,True,436 470
LUV,long,15,2019-04-01T20:00:00Z,47.426631837,2019-04-02T20:00:00Z,48.132466083,10.59,1.0,-186.31,176.1,0.0,1.00:00:00,True,467 470
DAL,long,19,2016-03-01T21:00:00Z,43.04467977,2019-05-01T20:00:00Z,54.065268168,209.39,1.0,-258.11,258.73,278.51,1155.23:00:00,True,32 471
AMAT,long,17,2018-10-01T20:00:00Z,35.250919362,2019-05-01T20:00:00Z,40.314265992,86.08,1.0,-143.6,106.3,152.66,212.00:00:00,True,391 472
VLO,long,6,2016-02-01T21:00:00Z,45.37488669,2019-05-01T20:00:00Z,67.129350679,130.53,1.0,-81.16,271.0,237.27,1184.23:00:00,True,10 473
VLO,long,4,2016-03-01T21:00:00Z,41.077764609,2019-05-01T20:00:00Z,67.129350679,104.21,1.0,-36.92,197.85,158.18,1155.23:00:00,True,34 473
LVS,long,10,2018-11-01T20:00:00Z,49.219345458,2019-05-01T20:00:00Z,60.126284119,109.07,1.0,-68.56,112.17,79.6,181.00:00:00,True,403 474
NFLX,long,12,2016-07-01T20:00:00Z,9.667,2019-05-01T20:00:00Z,37.881,338.57,1.0,-16.66,386.76,222.11,1034.00:00:00,True,76 475
TGT,long,16,2016-06-01T20:00:00Z,50.269692936,2019-06-03T20:00:00Z,67.94275236,282.77,1.0,-192.48,335.38,352.7,1097.00:00:00,True,61 482
T,long,50,2016-03-01T21:00:00Z,15.343748800769273,2019-06-03T20:00:00Z,15.186379955225673,-7.87,1.0,-120.21,149.29,269.5,1188.23:00:00,False,31 483
CVX,long,6,2018-10-01T20:00:00Z,88.120935994,2019-06-03T20:00:00Z,84.631859921,-20.93,1.0,-95.27,20.46,105.6,245.00:00:00,False,390 484
GILD,long,8,2016-02-01T21:00:00Z,58.045930195,2019-06-03T20:00:00Z,48.199826808,-78.77,1.0,-101.01,103.5,204.51,1217.23:00:00,False,2 485
HCA,long,3,2019-05-01T20:00:00Z,116.251532516,2019-06-03T20:00:00Z,115.635860091,-1.85,2.0,-7.68,13.18,20.87,33.00:00:00,False,477 486
COP,long,7,2019-03-01T21:00:00Z,52.489733169,2019-06-03T20:00:00Z,45.45799434,-49.22,2.0,-51.63,5.17,56.8,93.23:00:00,False,459 487
VLO,long,10,2016-03-01T21:00:00Z,41.077764609,2019-07-01T20:00:00Z,63.698252904,226.2,1.0,-92.3,494.63,395.45,1216.23:00:00,True,34 494
VLO,long,2,2016-05-02T20:00:00Z,39.897254082,2019-07-01T20:00:00Z,63.698252904,47.6,1.0,-16.1,101.29,79.09,1155.00:00:00,True,53 494
MPC,long,17,2018-02-01T21:00:00Z,52.843842079,2019-07-01T20:00:00Z,44.323943248,-144.84,1.0,-269.51,252.52,522.03,514.23:00:00,False,295 495
MU,long,16,2017-11-01T20:00:00Z,43.276593374,2019-07-01T20:00:00Z,39.112757103,-66.62,1.0,-239.65,284.58,524.23,607.00:00:00,False,255 496
PSX,long,6,2018-03-01T21:00:00Z,66.290055741,2019-07-01T20:00:00Z,71.44040124,30.9,1.0,-46.18,145.69,191.87,486.23:00:00,True,306 497
AMAT,long,8,2018-10-01T20:00:00Z,35.250919362,2019-07-01T20:00:00Z,42.66884292,59.34,1.0,-67.57,59.34,71.84,273.00:00:00,True,391 498
MU,long,22,2017-11-01T20:00:00Z,43.276593374,2019-08-01T20:00:00Z,42.51598628,-16.73,1.0,-329.52,391.3,720.82,638.00:00:00,False,255 503
DELL,long,29,2019-05-01T20:00:00Z,31.57570753517359,2019-08-01T20:00:00Z,26.58013409165312,-144.87,2.13,-239.67,16.29,255.96,92.00:00:00,False,476 504
AMAT,long,11,2018-10-01T20:00:00Z,35.250919362,2019-08-01T20:00:00Z,45.274930305,110.26,1.0,-92.91,147.97,98.78,304.00:00:00,True,391 505
PSX,long,6,2018-03-01T21:00:00Z,66.290055741,2019-08-01T20:00:00Z,77.50265562,67.28,1.0,-46.18,145.69,191.87,517.23:00:00,True,306 506
DAL,long,7,2016-03-01T21:00:00Z,43.04467977,2019-08-01T20:00:00Z,57.400879952,100.49,1.0,-95.09,119.41,102.61,1247.23:00:00,True,32 507
TGT,long,2,2016-06-01T20:00:00Z,50.269692936,2019-09-03T20:00:00Z,88.075510146,75.61,1.0,-24.06,77.63,44.09,1189.00:00:00,True,61 515
TGT,long,5,2016-09-01T20:00:00Z,52.278140172,2019-09-03T20:00:00Z,88.075510146,178.99,1.0,-70.19,184.02,110.22,1097.00:00:00,True,99 515
TGT,long,10,2017-01-03T21:00:00Z,54.342423975,2019-09-03T20:00:00Z,88.075510146,337.33,1.0,-161.03,347.4,220.44,972.23:00:00,True,138 515
TGT,long,6,2017-02-01T21:00:00Z,47.559891883,2019-09-03T20:00:00Z,88.075510146,243.09,1.0,-55.92,249.14,132.26,943.23:00:00,True,149 515
VZ,long,17,2016-02-01T21:00:00Z,29.034775836,2019-09-03T20:00:00Z,38.84173194,166.72,1.0,-47.35,184.84,112.25,1309.23:00:00,True,16 516
T,long,36,2016-03-01T21:00:00Z,15.343748800769273,2019-09-03T20:00:00Z,17.54312201757921,79.18,1.0,-86.55,107.49,194.04,1280.23:00:00,True,31 517
MU,long,8,2017-11-01T20:00:00Z,43.276593374,2019-09-03T20:00:00Z,43.871427127,4.76,1.0,-119.82,142.29,262.12,671.00:00:00,True,255 518
MPC,long,27,2018-02-01T21:00:00Z,52.843842079,2019-10-01T20:00:00Z,49.097972848,-101.14,1.0,-457.79,401.05,858.85,606.23:00:00,False,295 527
VLO,long,6,2016-05-02T20:00:00Z,39.897254082,2019-10-01T20:00:00Z,65.153774964,151.54,1.0,-48.3,303.86,237.27,1247.00:00:00,True,53 528
VLO,long,4,2016-06-01T20:00:00Z,37.57776201,2019-10-01T20:00:00Z,65.153774964,110.3,1.0,-22.92,211.85,158.18,1217.00:00:00,True,62 528
COP,long,9,2019-03-01T21:00:00Z,52.489733169,2019-10-01T20:00:00Z,42.42002331,-90.63,1.0,-123.3,6.65,129.95,213.23:00:00,False,459 529
AMAT,long,138,2018-10-01T20:00:00Z,35.250919362,2019-11-01T20:00:00Z,52.038012626,2316.62,1.0,-1165.66,2509.55,1239.25,396.00:00:00,True,391 534
AMAT,long,14,2018-11-01T20:00:00Z,32.501825755,2019-11-01T20:00:00Z,52.038012626,273.51,1.0,-79.77,293.08,121.03,365.00:00:00,True,409 534
PSX,long,10,2018-03-01T21:00:00Z,66.290055741,2019-11-01T20:00:00Z,90.77285184,244.83,1.0,-76.97,249.12,319.79,609.23:00:00,True,306 535
INTC,long,14,2018-09-04T20:00:00Z,41.019967384,2019-11-01T20:00:00Z,49.577443616,119.8,1.0,-66.34,138.96,183.03,423.00:00:00,True,379 536
VLO,long,7,2016-06-01T20:00:00Z,37.57776201,2019-11-01T20:00:00Z,76.346584932,271.38,1.0,-40.11,370.74,276.81,1248.00:00:00,True,62 537
VLO,long,2,2016-07-01T20:00:00Z,34.672125945,2019-11-01T20:00:00Z,76.346584932,83.35,1.0,-5.65,111.74,79.09,1218.00:00:00,True,80 537
MU,long,11,2017-11-01T20:00:00Z,43.276593374,2019-11-01T20:00:00Z,47.177142574,42.91,1.0,-164.76,195.65,360.41,730.00:00:00,True,255 538
LVS,long,7,2018-11-01T20:00:00Z,49.219345458,2019-11-01T20:00:00Z,57.3608724,56.99,1.0,-47.99,79.88,101.25,365.00:00:00,True,403 539
GILD,long,21,2016-02-01T21:00:00Z,58.045930195,2019-12-02T21:00:00Z,51.03528402,-147.22,1.0,-265.15,271.68,536.83,1400.00:00:00,False,2 550
GILD,long,5,2016-06-01T20:00:00Z,60.081351174,2019-12-02T21:00:00Z,51.03528402,-45.23,1.0,-73.31,54.51,95.77,1279.01:00:00,False,64 550
GILD,long,8,2016-08-01T20:00:00Z,56.148681114,2019-12-02T21:00:00Z,51.03528402,-40.91,1.0,-85.83,118.68,153.23,1218.01:00:00,False,88 550
GILD,long,6,2016-11-01T20:00:00Z,52.00254711,2019-12-02T21:00:00Z,51.03528402,-5.8,1.0,-39.5,113.88,114.93,1126.01:00:00,False,121 550
GILD,long,5,2016-12-01T21:00:00Z,51.13899732,2019-12-02T21:00:00Z,51.03528402,-0.52,1.0,-28.6,99.22,95.77,1096.00:00:00,False,134 550
GILD,long,6,2017-01-03T21:00:00Z,52.400951712,2019-12-02T21:00:00Z,51.03528402,-8.19,1.0,-41.89,111.49,114.93,1063.00:00:00,False,141 550
GILD,long,6,2017-03-01T21:00:00Z,49.595776708,2019-12-02T21:00:00Z,51.03528402,8.64,1.0,-25.06,128.32,114.93,1006.00:00:00,True,169 550
GILD,long,8,2017-06-01T20:00:00Z,46.011391524,2019-12-02T21:00:00Z,51.03528402,40.19,1.0,-4.73,199.77,153.23,914.01:00:00,True,201 550
GILD,long,5,2017-10-02T20:00:00Z,60.322086144,2019-12-02T21:00:00Z,51.03528402,-46.43,1.0,-74.51,53.31,95.77,791.01:00:00,False,244 550
GILD,long,6,2017-11-01T20:00:00Z,54.052980448,2019-12-02T21:00:00Z,51.03528402,-18.11,1.0,-51.8,101.58,114.93,761.01:00:00,False,262 550
GILD,long,5,2017-12-01T21:00:00Z,54.414104048,2019-12-02T21:00:00Z,51.03528402,-16.89,1.0,-44.97,82.85,95.77,731.00:00:00,False,273 550
GILD,long,8,2018-01-02T21:00:00Z,53.8844085,2019-12-02T21:00:00Z,51.03528402,-22.79,1.0,-67.72,136.79,153.23,699.00:00:00,False,281 550
GILD,long,7,2018-04-02T20:00:00Z,53.562769794,2019-12-02T21:00:00Z,51.03528402,-17.69,1.0,-57.0,121.94,93.48,609.01:00:00,False,322 550
GILD,long,7,2018-05-01T20:00:00Z,53.138017176,2019-12-02T21:00:00Z,51.03528402,-14.72,1.0,-54.03,124.92,93.48,580.01:00:00,False,336 550
GILD,long,14,2018-06-01T20:00:00Z,50.01828243,2019-12-02T21:00:00Z,51.03528402,14.24,1.0,-64.38,293.51,186.95,549.01:00:00,True,344 550
GILD,long,7,2018-09-04T20:00:00Z,54.843448434,2019-12-02T21:00:00Z,51.03528402,-26.66,1.0,-65.97,112.98,93.48,454.01:00:00,False,382 550
GILD,long,9,2019-03-01T21:00:00Z,49.523566834,2019-12-02T21:00:00Z,51.03528402,13.61,1.0,-36.93,193.14,49.45,276.00:00:00,True,461 550
GILD,long,7,2019-08-01T20:00:00Z,50.065949973,2019-12-02T21:00:00Z,51.03528402,6.79,1.0,-32.52,146.42,31.5,123.01:00:00,True,511 550
GILD,long,6,2019-11-01T20:00:00Z,49.90837061,2019-12-02T21:00:00Z,51.03528402,6.76,1.0,-26.93,126.45,9.63,31.01:00:00,True,548 550
TGT,long,8,2017-02-01T21:00:00Z,47.559891883,2019-12-02T21:00:00Z,102.936341486,443.01,1.0,-74.56,467.45,176.35,1034.00:00:00,True,149 551
TGT,long,14,2017-03-01T21:00:00Z,43.595446216,2019-12-02T21:00:00Z,102.936341486,830.77,1.0,-74.98,873.55,308.61,1006.00:00:00,True,167 551
TGT,long,7,2017-04-03T20:00:00Z,40.730796456,2019-12-02T21:00:00Z,102.936341486,435.44,1.0,-17.44,456.83,154.3,973.01:00:00,True,181 551
TGT,long,7,2017-07-03T17:00:00Z,40.091413673,2019-12-02T21:00:00Z,102.936341486,439.91,1.0,-12.96,461.3,154.3,882.04:00:00,True,213 551
TGT,long,11,2018-04-02T20:00:00Z,54.153252554,2019-12-02T21:00:00Z,102.936341486,536.61,1.0,-175.05,570.22,242.48,609.01:00:00,True,319 551
TGT,long,20,2018-12-03T21:00:00Z,58.2072959,2019-12-02T21:00:00Z,102.936341486,894.58,1.0,-399.35,955.69,192.59,364.00:00:00,True,420 551
TGT,long,5,2019-05-01T20:00:00Z,61.426446725,2019-12-02T21:00:00Z,102.936341486,207.55,1.0,-115.93,222.83,34.03,215.01:00:00,True,481 551
TGT,long,4,2019-08-01T20:00:00Z,67.672455696,2019-12-02T21:00:00Z,102.936341486,141.06,1.0,-117.73,153.28,22.48,123.01:00:00,True,513 551
TGT,long,5,2019-11-01T20:00:00Z,88.999927458,2019-12-02T21:00:00Z,102.936341486,69.68,1.0,-253.8,84.96,15.28,31.01:00:00,True,546 551
NFLX,long,2,2016-07-01T20:00:00Z,9.667,2019-12-02T21:00:00Z,30.999,42.66,1.0,-2.78,64.46,37.02,1249.01:00:00,True,76 552
NFLX,long,27,2016-12-01T21:00:00Z,11.722,2019-12-02T21:00:00Z,30.999,520.48,1.0,-92.96,814.72,499.74,1096.00:00:00,True,131 552
HCA,long,4,2019-05-01T20:00:00Z,116.251532516,2019-12-02T21:00:00Z,130.97373223,58.89,1.0,-30.88,84.5,115.37,215.01:00:00,True,477 553
COP,long,11,2019-03-01T21:00:00Z,52.489733169,2019-12-02T21:00:00Z,46.78632741,-62.74,1.0,-150.7,8.13,158.83,276.00:00:00,False,459 554
ET,long,818,2019-03-01T21:00:00Z,8.555952832,2019-12-03T21:00:00Z,6.5683216,-1625.88,9.495,-1789.4,355.08,2144.48,277.00:00:00,False,456 560
ET,long,37,2019-07-01T20:00:00Z,8.05333344,2019-12-03T21:00:00Z,6.5683216,-54.95,1.0,-62.34,34.66,83.47,155.01:00:00,False,502 560
ET,long,77,2019-10-01T20:00:00Z,7.419347616,2019-12-03T21:00:00Z,6.5683216,-65.53,1.0,-80.92,120.94,80.92,63.01:00:00,False,532 560
ET,long,70,2019-11-01T20:00:00Z,7.373654944,2019-12-03T21:00:00Z,6.5683216,-56.37,1.0,-70.37,113.15,70.37,32.01:00:00,False,544 560
ET,long,79,2019-12-02T21:00:00Z,6.642572192,2019-12-03T21:00:00Z,6.5683216,-5.87,1.0,-21.66,185.45,10.38,1.00:00:00,False,558 560
EOG,long,17,2019-12-02T21:00:00Z,52.652702967,2020-01-02T21:00:00Z,62.582263422,168.8,2.0,-25.42,168.8,25.42,31.00:00:00,True,556 561
MU,long,11,2017-12-01T21:00:00Z,40.946015227,2020-01-02T21:00:00Z,54.012855047,143.74,2.0,-139.12,221.29,360.41,762.00:00:00,True,272 562
LVS,long,9,2018-11-01T20:00:00Z,49.219345458,2020-01-02T21:00:00Z,65.1380532,143.27,1.0,-61.71,143.27,130.18,427.01:00:00,True,403 563
OXY,long,10,2019-03-01T21:00:00Z,56.918731065,2020-01-02T21:00:00Z,38.325312724,-185.93,2.0,-236.2,13.83,250.03,307.00:00:00,False,457 564
COP,long,7,2019-03-01T21:00:00Z,52.489733169,2020-01-02T21:00:00Z,50.73104178,-12.31,1.0,-95.9,5.17,101.07,307.00:00:00,False,459 565
INTC,long,19,2018-09-04T20:00:00Z,41.019967384,2020-02-03T21:00:00Z,56.828109442,300.35,1.0,-90.03,368.24,248.39,517.01:00:00,True,379 572
NFLX,long,23,2016-12-01T21:00:00Z,11.722,2020-02-03T21:00:00Z,35.8,553.79,1.0,-79.19,694.02,425.71,1159.00:00:00,True,131 573
NFLX,long,2,2017-07-03T17:00:00Z,14.617,2020-02-03T21:00:00Z,35.8,42.37,1.0,-12.68,54.56,37.02,945.04:00:00,True,211 573
EXC,long,31,2020-01-02T21:00:00Z,25.200012629607908,2020-02-03T21:00:00Z,26.736531119240617,47.63,2.5,0.0,47.63,11.69,32.00:00:00,True,566 574
MU,long,7,2018-01-02T21:00:00Z,42.584245891,2020-02-03T21:00:00Z,52.442883994,69.01,2.0,-100.0,129.35,229.35,762.00:00:00,True,282 575
VZ,long,8,2016-02-01T21:00:00Z,29.034775836,2020-02-03T21:00:00Z,39.64065648,84.85,1.0,-22.28,103.49,52.82,1463.00:00:00,True,16 576
DOW,long,240,2019-11-01T20:00:00Z,31.6116907802532,2020-03-02T21:00:00Z,20.62961612323065,-2635.7,2.72,-2861.5,322.47,3183.97,122.01:00:00,False,540 583
DOW,long,19,2020-01-02T21:00:00Z,28.9580615184195,2020-03-02T21:00:00Z,20.62961612323065,-158.24,1.0,-176.12,75.95,176.12,60.00:00:00,False,570 583
DOW,long,45,2020-02-03T21:00:00Z,23.6224816795926,2020-03-02T21:00:00Z,20.62961612323065,-134.68,1.0,-177.02,419.98,223.81,28.00:00:00,False,577 583
EXC,long,269,2020-01-02T21:00:00Z,25.200012629607908,2020-03-02T21:00:00Z,25.39280174693142,51.86,1.345,-296.97,738.61,1035.58,60.00:00:00,True,566 584
DOW,long,197,2019-12-02T21:00:00Z,36.815601828,2020-03-02T21:00:00Z,29.159278226,-1508.3,2.11,-1774.57,281.05,2055.62,91.00:00:00,False,555 585
DOW,long,25,2020-02-03T21:00:00Z,32.369473842,2020-03-02T21:00:00Z,29.159278226,-80.25,1.0,-114.05,146.82,163.74,28.00:00:00,False,579 585
OXY,long,114,2019-03-01T21:00:00Z,56.918731065,2020-03-02T21:00:00Z,29.675565066,-3105.72,1.02,-3224.75,157.63,3382.37,367.00:00:00,False,457 586
OXY,long,16,2019-05-01T20:00:00Z,49.01515032,2020-03-02T21:00:00Z,29.675565066,-309.43,1.0,-326.14,148.58,363.39,306.01:00:00,False,478 586
OXY,long,8,2019-06-03T20:00:00Z,42.05684088,2020-03-02T21:00:00Z,29.675565066,-99.05,1.0,-107.4,129.96,139.67,273.01:00:00,False,492 586
OXY,long,9,2019-07-01T20:00:00Z,43.135176436,2020-03-02T21:00:00Z,29.675565066,-121.14,1.0,-130.53,136.5,157.13,245.01:00:00,False,500 586
OXY,long,21,2019-09-03T20:00:00Z,36.982911416,2020-03-02T21:00:00Z,29.675565066,-153.45,1.0,-175.38,447.69,292.03,181.01:00:00,False,519 586
OXY,long,23,2019-11-01T20:00:00Z,37.293047432,2020-03-02T21:00:00Z,29.675565066,-175.2,1.0,-199.22,483.19,319.84,122.01:00:00,False,541 586
OXY,long,13,2019-12-02T21:00:00Z,34.109602144,2020-03-02T21:00:00Z,29.675565066,-57.64,1.0,-71.22,314.49,180.78,91.00:00:00,False,559 586
NFLX,long,32,2017-07-03T17:00:00Z,14.617,2020-03-02T21:00:00Z,38.105,751.62,1.0,-202.82,872.96,592.29,973.04:00:00,True,211 587
NFLX,long,4,2017-12-01T21:00:00Z,18.682,2020-03-02T21:00:00Z,38.105,77.69,1.0,-41.61,92.86,74.04,822.00:00:00,True,271 587
MU,long,3,2018-01-02T21:00:00Z,42.584245891,2020-03-02T21:00:00Z,53.232745207,31.95,1.0,-42.86,55.44,98.29,790.00:00:00,True,282 588
MU,long,12,2018-05-01T20:00:00Z,45.626674267,2020-03-02T21:00:00Z,53.232745207,91.27,1.0,-207.94,185.24,393.18,671.01:00:00,True,329 588
T,long,35,2016-03-01T21:00:00Z,15.343748800769273,2020-03-02T21:00:00Z,18.94006463676756,125.87,1.0,-84.15,159.87,188.65,1462.00:00:00,True,31 589
HCA,long,3,2019-05-01T20:00:00Z,116.251532516,2020-03-02T21:00:00Z,128.15310454,35.7,1.0,-23.16,79.77,86.53,306.01:00:00,True,477 590
VLO,long,5,2016-07-01T20:00:00Z,34.672125945,2020-03-03T21:00:00Z,53.407746861,93.68,1.0,-14.12,279.34,201.24,1341.01:00:00,True,80 600
VLO,long,7,2016-10-03T20:00:00Z,36.06243255,2020-03-03T21:00:00Z,53.407746861,121.42,1.0,-29.51,381.35,281.73,1247.01:00:00,True,110 600
VLO,long,5,2017-02-01T21:00:00Z,44.980672095,2020-03-03T21:00:00Z,53.407746861,42.14,1.0,-65.67,227.8,201.24,1126.00:00:00,True,152 600
VLO,long,9,2017-06-01T20:00:00Z,43.652543984,2020-03-03T21:00:00Z,53.407746861,87.8,1.0,-106.25,422.0,362.23,1006.01:00:00,True,200 600
VLO,long,7,2018-07-02T20:00:00Z,79.474338933,2020-03-03T21:00:00Z,53.407746861,-182.47,1.0,-333.39,77.47,269.59,610.01:00:00,False,355 600
VLO,long,15,2018-11-01T20:00:00Z,67.779033421,2020-03-03T21:00:00Z,53.407746861,-215.57,1.0,-538.97,341.43,408.45,488.01:00:00,False,404 600
VLO,long,16,2018-12-03T21:00:00Z,60.13893519,2020-03-03T21:00:00Z,53.407746861,-107.7,1.0,-452.66,486.43,435.68,456.00:00:00,False,421 600
VLO,long,8,2019-03-01T21:00:00Z,61.984536903,2020-03-03T21:00:00Z,53.407746861,-68.61,1.0,-241.1,228.45,217.84,368.00:00:00,False,460 600
VLO,long,15,2019-06-03T20:00:00Z,54.4429512,2020-03-03T21:00:00Z,53.407746861,-15.53,1.0,-338.93,541.47,408.45,274.01:00:00,False,489 600
VLO,long,10,2019-09-03T20:00:00Z,57.011464434,2020-03-03T21:00:00Z,53.407746861,-36.04,1.0,-251.64,335.29,272.3,182.01:00:00,False,521 600
VLO,long,8,2020-01-02T21:00:00Z,73.383862293,2020-03-03T21:00:00Z,53.407746861,-159.81,1.0,-332.29,137.26,195.58,61.00:00:00,False,569 600
VLO,long,16,2020-03-02T21:00:00Z,52.970682149,2020-03-03T21:00:00Z,53.407746861,6.99,1.0,-337.97,601.12,42.83,1.00:00:00,True,595 600
MPC,long,61,2018-02-01T21:00:00Z,52.843842079,2020-04-01T20:00:00Z,17.282795529,-2169.22,1.0,-2383.91,906.08,3290.0,789.23:00:00,False,295 605
MPC,long,9,2018-07-02T20:00:00Z,54.749401857,2020-04-01T20:00:00Z,17.282795529,-337.2,1.0,-368.87,116.53,485.41,639.00:00:00,False,358 605
MPC,long,7,2018-11-01T20:00:00Z,55.700327996,2020-04-01T20:00:00Z,17.282795529,-268.92,1.0,-293.56,83.98,293.56,517.00:00:00,False,410 605
MPC,long,13,2018-12-03T21:00:00Z,51.0396943,2020-04-01T20:00:00Z,17.282795529,-438.84,1.0,-484.59,216.55,540.11,484.23:00:00,False,423 605
MPC,long,6,2019-03-01T21:00:00Z,49.882567988,2020-04-01T20:00:00Z,17.282795529,-195.6,1.0,-216.72,106.89,249.28,396.23:00:00,False,462 605
MPC,long,6,2019-04-01T20:00:00Z,48.585366555,2020-04-01T20:00:00Z,17.282795529,-187.82,1.0,-208.93,114.67,249.28,366.00:00:00,False,468 605
MPC,long,24,2019-06-03T20:00:00Z,37.898901402,2020-04-01T20:00:00Z,17.282795529,-494.79,1.0,-579.25,715.17,997.13,303.00:00:00,False,488 605
MPC,long,15,2019-09-03T20:00:00Z,40.364746144,2020-04-01T20:00:00Z,17.282795529,-346.23,1.0,-399.02,409.99,623.21,211.00:00:00,False,520 605
MPC,long,12,2020-01-02T21:00:00Z,50.758919384,2020-04-01T20:00:00Z,17.282795529,-401.71,1.0,-443.95,203.27,443.95,89.23:00:00,False,568 605
MPC,long,6,2020-03-02T21:00:00Z,39.526010091,2020-04-01T20:00:00Z,17.282795529,-133.46,1.0,-154.58,169.03,154.58,29.23:00:00,False,599 605
DAL,long,3,2016-03-01T21:00:00Z,43.04467977,2020-04-01T20:00:00Z,22.997877005,-60.14,1.0,-67.31,51.18,118.48,1491.23:00:00,False,32 606
DAL,long,8,2016-04-01T20:00:00Z,41.380989693,2020-04-01T20:00:00Z,22.997877005,-147.06,1.0,-166.18,149.78,315.96,1461.00:00:00,False,42 606
DAL,long,17,2016-05-02T20:00:00Z,37.120534681,2020-04-01T20:00:00Z,22.997877005,-240.09,1.0,-280.7,390.71,671.41,1430.00:00:00,False,50 606
DAL,long,18,2016-07-01T20:00:00Z,32.471406827,2020-04-01T20:00:00Z,22.997877005,-170.52,1.0,-213.53,497.38,710.9,1370.00:00:00,False,75 606
DAL,long,8,2017-02-01T21:00:00Z,42.151661874,2020-04-01T20:00:00Z,22.997877005,-153.23,1.0,-172.34,143.61,315.96,1154.23:00:00,False,150 606
DAL,long,6,2017-04-03T20:00:00Z,41.466293539,2020-04-01T20:00:00Z,22.997877005,-110.81,1.0,-125.14,111.82,236.97,1094.00:00:00,False,182 606
DAL,long,13,2017-08-01T20:00:00Z,45.017150901,2020-04-01T20:00:00Z,22.997877005,-286.25,1.0,-317.31,196.12,513.43,974.00:00:00,False,222 606
DAL,long,11,2018-05-01T20:00:00Z,48.297957678,2020-04-01T20:00:00Z,22.997877005,-278.3,1.0,-304.58,129.86,434.44,701.00:00:00,False,335 606
DAL,long,11,2018-07-02T20:00:00Z,45.987192576,2020-04-01T20:00:00Z,22.997877005,-252.88,1.0,-279.16,155.28,434.44,639.00:00:00,False,357 606
DAL,long,11,2019-01-02T21:00:00Z,46.750364457,2020-04-01T20:00:00Z,22.997877005,-261.28,1.0,-287.56,146.88,434.44,454.23:00:00,False,434 606
DAL,long,15,2019-02-01T21:00:00Z,46.591698816,2020-04-01T20:00:00Z,22.997877005,-353.91,1.0,-389.74,202.68,592.42,424.23:00:00,False,445 606
DAL,long,6,2019-10-01T20:00:00Z,54.251063761,2020-04-01T20:00:00Z,22.997877005,-187.52,1.0,-201.85,35.11,233.14,183.00:00:00,False,533 606
DAL,long,9,2019-11-01T20:00:00Z,53.704514136,2020-04-01T20:00:00Z,22.997877005,-276.36,1.0,-297.86,57.59,349.72,152.00:00:00,False,545 606
EOG,long,121,2019-12-02T21:00:00Z,52.652702967,2020-04-01T20:00:00Z,25.82062022,-3246.68,1.0,-3683.72,1664.97,5348.69,120.23:00:00,False,556 607
EOG,long,9,2020-02-03T21:00:00Z,53.260626159,2020-04-01T20:00:00Z,25.82062022,-246.96,1.0,-279.47,118.37,319.16,57.23:00:00,False,580 607
ET,long,992,2020-03-02T21:00:00Z,6.756803872,2020-04-01T20:00:00Z,2.901484672,-3824.48,9.92,-4136.1,0.0,4136.1,29.23:00:00,False,591 608
VZ,long,39,2016-02-01T21:00:00Z,29.034775836,2020-04-01T20:00:00Z,36.15621408,277.74,1.0,-108.64,504.51,304.85,1520.23:00:00,True,16 609
NFLX,long,22,2017-12-01T21:00:00Z,18.682,2020-04-01T20:00:00Z,36.408,389.97,1.0,-228.87,510.73,407.2,851.23:00:00,True,271 610
NFLX,long,15,2018-08-01T20:00:00Z,33.838,2020-04-01T20:00:00Z,36.408,38.55,1.0,-383.38,120.88,221.32,609.00:00:00,True,367 610
NEM,long,36,2020-03-02T21:00:00Z,39.041585625,2020-04-01T20:00:00Z,38.850853152,-6.87,2.0,-216.65,170.11,386.75,29.23:00:00,False,593 611
CVS,long,26,2020-03-02T21:00:00Z,51.920639997,2020-04-01T20:00:00Z,47.306733366,-119.96,2.0,-247.3,42.38,289.68,29.23:00:00,False,594 612
CI,long,7,2020-03-02T21:00:00Z,174.792000156,2020-04-01T20:00:00Z,155.693322018,-133.69,2.0,-404.53,95.7,500.23,29.23:00:00,False,592 613
INTC,long,22,2018-09-04T20:00:00Z,41.019967384,2020-04-01T20:00:00Z,45.991324284,109.37,1.0,-104.24,426.38,458.79,575.00:00:00,True,379 614
DELL,long,52,2019-05-01T20:00:00Z,31.57570753517359,2020-04-01T20:00:00Z,16.989553923124895,-758.48,1.0,-950.49,29.21,979.7,336.00:00:00,False,476 615
COP,long,30,2019-03-01T21:00:00Z,52.489733169,2020-05-01T20:00:00Z,30.555725445,-658.02,1.0,-1043.89,22.16,1066.05,426.23:00:00,False,459 626
PSX,long,17,2018-03-01T21:00:00Z,66.290055741,2020-05-01T20:00:00Z,51.777827976,-246.71,1.0,-568.63,433.15,1001.78,791.23:00:00,False,306 627
NEM,long,15,2020-03-02T21:00:00Z,39.041585625,2020-05-01T20:00:00Z,50.990177184,179.23,1.0,-90.27,205.81,161.15,59.23:00:00,True,593 628
UTX,long,11,2020-04-01T20:00:00Z,41.89305163176917,2020-05-01T20:00:00Z,52.66001408,118.44,2.0,-27.03,182.88,64.45,30.00:00:00,True,619 629
EPD,long,42,2020-04-01T20:00:00Z,8.428841015,2020-05-01T20:00:00Z,10.747766268,97.39,3.86,0.0,129.54,39.02,30.00:00:00,True,617 630
CVX,long,5,2018-10-01T20:00:00Z,88.120935994,2020-05-01T20:00:00Z,67.35797952,-103.81,1.0,-236.4,21.04,257.44,578.00:00:00,False,390 631
XOM,long,8,2018-12-03T21:00:00Z,57.509031178,2020-05-01T20:00:00Z,32.490998247,-200.14,1.0,-271.01,17.48,288.49,514.23:00:00,False,419 632
CI,long,31,2020-03-02T21:00:00Z,174.792000156,2020-06-01T20:00:00Z,178.21024494,105.97,1.0,-1791.5,423.8,2215.3,90.23:00:00,True,592 642
CI,long,2,2020-05-01T20:00:00Z,168.305677566,2020-06-01T20:00:00Z,178.21024494,19.81,1.0,-102.61,40.31,16.88,31.00:00:00,True,638 642
DELL,long,35,2019-05-01T20:00:00Z,31.57570753517359,2020-06-01T20:00:00Z,22.73101022180694,-309.56,1.0,-639.76,19.66,659.42,397.00:00:00,False,476 643
PSX,long,6,2018-03-01T21:00:00Z,66.290055741,2020-06-01T20:00:00Z,62.288951323,-24.01,1.0,-200.69,152.88,353.57,822.23:00:00,False,306 644
EPD,long,30,2020-04-01T20:00:00Z,8.428841015,2020-06-01T20:00:00Z,12.090452772,109.85,1.0,0.0,112.3,28.42,61.00:00:00,True,617 645
DELL,long,32,2019-05-01T20:00:00Z,31.57570753517359,2020-07-01T20:00:00Z,24.991679863068274,-210.69,1.0,-584.92,17.97,602.89,427.00:00:00,False,476 650
MU,long,8,2018-05-01T20:00:00Z,45.626674267,2020-07-01T20:00:00Z,48.46432381,22.7,1.0,-138.63,123.49,262.12,792.00:00:00,True,329 651
MU,long,4,2018-07-02T20:00:00Z,53.125480104,2020-07-01T20:00:00Z,48.46432381,-18.64,1.0,-99.31,31.75,110.89,730.00:00:00,False,356 651
NEM,long,10,2020-03-02T21:00:00Z,39.041585625,2020-07-01T20:00:00Z,51.519794976,124.78,1.0,-60.18,177.26,107.89,120.23:00:00,True,593 652
NFLX,long,11,2018-08-01T20:00:00Z,33.838,2020-07-01T20:00:00Z,48.564,161.99,1.0,-281.15,161.99,162.3,700.00:00:00,True,367 653
CVS,long,7,2020-03-02T21:00:00Z,51.920639997,2020-07-01T20:00:00Z,52.788407208,6.07,1.0,-66.58,40.76,77.99,120.23:00:00,True,594 654
PSX,long,37,2018-03-01T21:00:00Z,66.290055741,2020-08-03T20:00:00Z,48.295074272,-665.81,1.0,-1237.62,942.74,2180.35,885.23:00:00,False,306 663
PSX,long,6,2018-10-01T20:00:00Z,84.652132968,2020-08-03T20:00:00Z,48.295074272,-218.14,1.0,-310.87,42.7,353.57,672.00:00:00,False,394 663
PSX,long,10,2018-12-03T21:00:00Z,68.66672432,2020-08-03T20:00:00Z,48.295074272,-203.72,1.0,-358.26,231.03,589.29,608.23:00:00,False,422 663
PSX,long,4,2019-06-03T20:00:00Z,62.4457782,2020-08-03T20:00:00Z,48.295074272,-56.6,1.0,-118.42,117.29,235.71,427.00:00:00,False,493 663
PSX,long,8,2020-01-02T21:00:00Z,86.67263748,2020-08-03T20:00:00Z,48.295074272,-307.02,1.0,-430.65,40.78,430.65,213.23:00:00,False,567 663
PSX,long,12,2020-02-03T21:00:00Z,68.71239843,2020-08-03T20:00:00Z,48.295074272,-245.01,1.0,-430.46,276.69,464.66,181.23:00:00,False,578 663
PSX,long,7,2020-03-02T21:00:00Z,58.59727066,2020-08-03T20:00:00Z,48.295074272,-72.12,1.0,-180.29,232.21,180.29,153.23:00:00,False,597 663
PSX,long,12,2020-04-01T20:00:00Z,38.630504266,2020-08-03T20:00:00Z,48.295074272,115.97,1.0,-69.47,637.67,291.57,124.00:00:00,True,623 663
PSX,long,6,2020-07-01T20:00:00Z,54.608517391,2020-08-03T20:00:00Z,48.295074272,-37.88,1.0,-130.61,222.97,48.03,33.00:00:00,False,659 663
HCA,long,15,2019-05-01T20:00:00Z,116.251532516,2020-08-03T20:00:00Z,119.441919796,47.86,1.0,-774.01,398.87,1172.88,460.00:00:00,True,477 664
PFE,long,39,2020-04-01T20:00:00Z,21.77760892729321,2020-08-03T20:00:00Z,26.834797493527557,197.23,2.115,0.0,211.97,166.21,124.00:00:00,True,618 665
NEM,long,11,2020-03-02T21:00:00Z,39.041585625,2020-08-03T20:00:00Z,57.22089354,199.97,1.0,-66.2,209.67,118.68,153.23:00:00,True,593 666
DELL,long,17,2019-05-01T20:00:00Z,31.57570753517359,2020-08-03T20:00:00Z,27.846293259365684,-63.4,1.0,-310.74,9.55,320.29,460.00:00:00,False,476 667
NFLX,long,8,2018-08-01T20:00:00Z,33.838,2020-08-03T20:00:00Z,49.862,128.19,1.0,-204.47,168.28,118.04,733.00:00:00,True,367 668
VZ,long,2,2016-02-01T21:00:00Z,29.034775836,2020-08-03T20:00:00Z,39.97266678,21.88,1.0,-5.57,25.87,15.63,1644.23:00:00,True,16 669
VZ,long,5,2016-06-01T20:00:00Z,29.150511813,2020-08-03T20:00:00Z,39.97266678,54.11,1.0,-14.51,64.1,39.08,1524.00:00:00,True,67 669
SO,long,6,2020-04-01T20:00:00Z,38.639398228,2020-08-03T20:00:00Z,42.1218249,20.89,2.0,0.0,50.13,43.88,124.00:00:00,True,616 670
LVS,long,16,2018-11-01T20:00:00Z,49.219345458,2020-09-01T20:00:00Z,46.590720915,-42.06,1.0,-221.93,302.69,524.62,670.00:00:00,False,403 678
PCLN,long,9,2020-08-03T20:00:00Z,64.48086387072,2020-09-01T20:00:00Z,75.36755810408,97.98,2.0,0.0,103.74,19.39,29.00:00:00,True,671 679
DELL,long,14,2019-05-01T20:00:00Z,31.57570753517359,2020-09-01T20:00:00Z,30.55817598584822,-14.25,1.0,-255.9,7.86,263.77,489.00:00:00,False,476 680
UTX,long,6,2020-04-01T20:00:00Z,41.89305163176917,2020-09-01T20:00:00Z,53.136608276,67.46,1.0,-14.75,135.41,91.16,153.00:00:00,True,619 681
NFLX,long,3,2018-08-01T20:00:00Z,33.838,2020-09-01T20:00:00Z,55.655,65.45,1.0,-76.68,65.45,44.26,762.00:00:00,True,367 682
NFLX,long,3,2018-11-01T20:00:00Z,31.738,2020-09-01T20:00:00Z,55.655,71.75,1.0,-70.38,71.75,39.13,670.00:00:00,True,406 682
INTC,long,14,2018-09-04T20:00:00Z,41.019967384,2020-10-01T20:00:00Z,46.88699332,82.14,1.0,-66.34,271.33,291.96,758.00:00:00,True,379 691
SO,long,13,2020-04-01T20:00:00Z,38.639398228,2020-10-01T20:00:00Z,43.09100157,57.87,1.0,0.0,108.63,95.08,183.00:00:00,True,616 692
MU,long,6,2018-07-02T20:00:00Z,53.125480104,2020-10-01T20:00:00Z,46.728579416,-38.38,1.0,-148.96,47.63,166.34,822.00:00:00,False,356 693
MU,long,4,2018-08-01T20:00:00Z,50.989929417,2020-10-01T20:00:00Z,46.728579416,-17.05,1.0,-90.77,40.29,99.54,792.00:00:00,False,371 693
DELL,long,14,2019-05-01T20:00:00Z,31.57570753517359,2020-10-01T20:00:00Z,31.096869159020475,-6.7,1.0,-255.9,7.86,263.77,519.00:00:00,False,476 694
VZ,long,2,2016-06-01T20:00:00Z,29.150511813,2020-10-01T20:00:00Z,41.515986025,24.73,1.0,-5.8,26.35,15.63,1583.00:00:00,True,67 695
VZ,long,6,2016-09-01T20:00:00Z,30.691418616,2020-10-01T20:00:00Z,41.515986025,64.95,1.0,-26.65,69.81,46.9,1491.00:00:00,True,96 695
EPD,long,60,2020-04-01T20:00:00Z,8.428841015,2020-11-02T21:00:00Z,10.82790976,143.94,1.0,0.0,334.14,248.53,215.01:00:00,True,617 701
MU,long,1,2018-08-01T20:00:00Z,50.989929417,2020-11-02T21:00:00Z,48.474075183,-2.52,1.0,-22.69,10.07,24.89,824.01:00:00,False,371 702
MU,long,5,2018-09-04T20:00:00Z,50.638879989,2020-11-02T21:00:00Z,48.474075183,-10.82,1.0,-111.7,52.12,124.43,790.01:00:00,False,384 702
MU,long,7,2018-10-01T20:00:00Z,44.027449095,2020-11-02T21:00:00Z,48.474075183,31.13,1.0,-110.1,119.25,174.2,763.01:00:00,True,392 702
SO,long,12,2020-04-01T20:00:00Z,38.639398228,2020-11-02T21:00:00Z,46.554375735,94.98,1.0,0.0,112.4,87.77,215.01:00:00,True,616 703
COP,long,69,2019-03-01T21:00:00Z,52.489733169,2020-11-03T21:00:00Z,24.763901952,-1913.08,1.205,-2400.94,50.97,2451.91,613.00:00:00,False,459 708
COP,long,13,2019-05-01T20:00:00Z,47.722785111,2020-11-03T21:00:00Z,24.763901952,-298.47,1.0,-390.38,71.57,439.77,552.01:00:00,False,479 708
COP,long,8,2019-07-01T20:00:00Z,47.631406864,2020-11-03T21:00:00Z,24.763901952,-182.94,1.0,-239.5,44.78,270.62,491.01:00:00,False,501 708
COP,long,7,2019-08-01T20:00:00Z,45.22751352,2020-11-03T21:00:00Z,24.763901952,-143.25,1.0,-192.74,56.01,236.8,460.01:00:00,False,512 708
COP,long,13,2019-09-03T20:00:00Z,40.020196062,2020-11-03T21:00:00Z,24.763901952,-198.33,1.0,-290.25,171.71,439.77,427.01:00:00,False,522 708
COP,long,10,2019-11-01T20:00:00Z,44.29084995,2020-11-03T21:00:00Z,24.763901952,-195.27,1.0,-265.97,89.38,338.28,368.01:00:00,False,547 708
COP,long,16,2020-03-02T21:00:00Z,38.422946709,2020-11-03T21:00:00Z,24.763901952,-218.54,1.0,-331.67,236.89,334.17,246.00:00:00,False,596 708
COP,long,42,2020-04-01T20:00:00Z,23.117767246,2020-11-03T21:00:00Z,24.763901952,69.14,1.0,-227.82,1264.65,696.67,216.01:00:00,True,621 708
COP,long,19,2020-08-03T20:00:00Z,29.233083408,2020-11-03T21:00:00Z,24.763901952,-84.91,1.0,-219.25,455.91,191.97,92.01:00:00,False,673 708
COP,long,23,2020-10-01T20:00:00Z,25.824813264,2020-11-03T21:00:00Z,24.763901952,-24.4,1.0,-187.02,630.28,121.21,33.01:00:00,False,697 708
COP,long,21,2020-11-02T21:00:00Z,24.368904818,2020-11-03T21:00:00Z,24.763901952,8.29,1.0,-140.18,606.05,15.57,1.00:00:00,True,705 708
BIIB,long,15,2020-04-01T20:00:00Z,293.27,2020-12-01T21:00:00Z,243.16,-751.65,2.0,-855.15,935.4,1790.55,244.01:00:00,False,620 710
BIIB,long,4,2020-05-01T20:00:00Z,293.09,2020-12-01T21:00:00Z,243.16,-199.72,1.0,-227.32,250.16,477.48,214.01:00:00,False,633 710
BIIB,long,2,2020-07-01T20:00:00Z,264.77,2020-12-01T21:00:00Z,243.16,-43.22,1.0,-57.02,181.72,238.74,153.01:00:00,False,656 710
BIIB,long,1,2020-11-02T21:00:00Z,248.99,2020-12-01T21:00:00Z,243.16,-5.83,1.0,-12.73,106.64,119.37,29.00:00:00,False,707 710
MU,long,16,2018-10-01T20:00:00Z,44.027449095,2020-12-01T21:00:00Z,65.412210084,342.16,1.0,-251.66,342.16,398.17,792.01:00:00,True,392 711
MU,long,15,2018-11-01T20:00:00Z,39.122508476,2020-12-01T21:00:00Z,65.412210084,394.35,1.0,-162.36,394.35,373.28,761.01:00:00,True,407 711
MU,long,17,2019-01-02T21:00:00Z,31.935746575,2020-12-01T21:00:00Z,65.412210084,569.1,1.0,-61.83,569.1,423.05,699.00:00:00,True,433 711
MU,long,25,2019-06-03T20:00:00Z,31.877238337,2020-12-01T21:00:00Z,65.412210084,838.37,1.0,-89.47,838.37,622.14,547.01:00:00,True,490 711
MU,long,14,2019-10-01T20:00:00Z,41.24830779,2020-12-01T21:00:00Z,65.412210084,338.29,1.0,-181.3,338.29,348.4,427.01:00:00,True,531 711
MU,long,6,2020-06-01T20:00:00Z,45.187862482,2020-12-01T21:00:00Z,65.412210084,121.35,1.0,-101.34,121.35,64.71,183.01:00:00,True,648 711
MU,long,20,2020-09-01T20:00:00Z,44.622282848,2020-12-01T21:00:00Z,65.412210084,415.8,1.0,-326.48,415.8,91.08,91.01:00:00,True,683 711
UTX,long,14,2020-04-01T20:00:00Z,41.89305163176917,2020-12-01T21:00:00Z,62.828293286,293.09,1.0,-34.41,331.74,260.79,244.01:00:00,True,619 712
CVX,long,11,2018-10-01T20:00:00Z,88.120935994,2020-12-01T21:00:00Z,68.795126416,-212.58,1.0,-520.08,46.3,566.37,792.01:00:00,False,390 713
HCA,long,4,2019-05-01T20:00:00Z,116.251532516,2020-12-01T21:00:00Z,144.23413961,111.93,1.0,-206.4,123.89,312.77,580.01:00:00,True,477 714
PCLN,long,7,2020-08-03T20:00:00Z,64.48086387072,2020-12-01T21:00:00Z,80.20526398676,110.07,1.0,-12.61,128.01,94.25,120.01:00:00,True,671 715
CVS,long,6,2020-03-02T21:00:00Z,51.920639997,2020-12-01T21:00:00Z,56.127306928,25.24,1.0,-57.07,54.81,67.59,274.00:00:00,True,594 716
LVS,long,6,2018-11-01T20:00:00Z,49.219345458,2020-12-01T21:00:00Z,53.131251122,23.47,1.0,-83.22,113.51,196.73,761.01:00:00,True,403 717
PCLN,long,74,2020-08-03T20:00:00Z,64.48086387072,2021-01-04T21:00:00Z,84.55845688224,1485.74,1.0,-133.32,1668.45,996.39,154.01:00:00,True,671 727
PCLN,long,5,2020-10-01T20:00:00Z,68.10455213144,2021-01-04T21:00:00Z,84.55845688224,82.27,1.0,-27.13,94.61,47.06,95.01:00:00,True,699 727
PFE,long,184,2020-04-01T20:00:00Z,21.77760892729321,2021-01-04T21:00:00Z,27.427292964,1039.54,1.145,0.0,1826.49,796.55,278.01:00:00,True,618 728
PFE,long,34,2020-07-01T20:00:00Z,23.380568270668665,2021-01-04T21:00:00Z,27.427292964,137.59,1.0,-54.5,283.0,147.19,187.01:00:00,True,655 728
PFE,long,11,2020-09-01T20:00:00Z,25.80618856743928,2021-01-04T21:00:00Z,27.427292964,17.83,1.0,-44.31,64.88,47.62,125.01:00:00,True,689 728
SO,long,89,2020-04-01T20:00:00Z,38.639398228,2021-01-04T21:00:00Z,47.307147888,771.43,1.0,0.0,1109.76,650.95,278.01:00:00,True,616 729
SO,long,13,2020-05-01T20:00:00Z,41.929989182,2021-01-04T21:00:00Z,47.307147888,69.9,1.0,-42.78,119.32,95.08,248.01:00:00,True,635 729
SO,long,11,2020-07-01T20:00:00Z,41.22511815,2021-01-04T21:00:00Z,47.307147888,66.9,1.0,-28.44,108.72,41.82,187.01:00:00,True,658 729
SO,long,9,2020-09-01T20:00:00Z,40.874126535,2021-01-04T21:00:00Z,47.307147888,57.9,1.0,-20.11,92.11,34.21,125.01:00:00,True,687 729
SO,long,10,2020-12-01T21:00:00Z,48.271461381,2021-01-04T21:00:00Z,47.307147888,-9.64,1.0,-96.32,28.37,20.08,34.00:00:00,False,723 729
XOM,long,19,2018-12-03T21:00:00Z,57.509031178,2021-01-04T21:00:00Z,33.2513272,-460.9,1.0,-643.65,41.51,685.17,763.00:00:00,False,419 730
NFLX,long,9,2018-11-01T20:00:00Z,31.738,2021-01-04T21:00:00Z,52.286,184.93,1.0,-211.13,215.25,117.4,795.01:00:00,True,406 731
HCA,long,3,2019-05-01T20:00:00Z,116.251532516,2021-01-04T21:00:00Z,155.877703872,118.88,1.0,-154.8,123.68,234.58,614.01:00:00,True,477 732
LVS,long,6,2018-11-01T20:00:00Z,49.219345458,2021-01-04T21:00:00Z,54.379300645,30.96,1.0,-83.22,113.51,196.73,795.01:00:00,True,403 733
DELL,long,9,2019-05-01T20:00:00Z,31.57570753517359,2021-01-04T21:00:00Z,33.37595566090308,16.2,1.0,-164.51,25.4,169.56,614.01:00:00,True,476 734
INTC,long,13,2018-09-04T20:00:00Z,41.019967384,2021-02-01T21:00:00Z,51.251087703,133.0,1.0,-61.6,251.95,271.11,881.01:00:00,True,379 743
XOM,long,18,2018-12-03T21:00:00Z,57.509031178,2021-02-01T21:00:00Z,35.999569424,-387.17,1.0,-609.78,39.33,649.1,791.00:00:00,False,419 744
EPD,long,41,2020-04-01T20:00:00Z,8.428841015,2021-02-01T21:00:00Z,14.03768496,229.96,1.0,0.0,284.87,169.83,306.01:00:00,True,617 745
CVS,long,6,2020-03-02T21:00:00Z,51.920639997,2021-02-01T21:00:00Z,59.782142574,47.17,1.0,-57.07,68.72,67.59,336.00:00:00,True,594 746
LVS,long,74,2018-11-01T20:00:00Z,49.219345458,2021-02-02T21:00:00Z,46.797165197,-179.24,1.0,-1026.41,1399.93,2426.35,824.01:00:00,False,403 752
LVS,long,11,2019-06-03T20:00:00Z,46.899741878,2021-02-02T21:00:00Z,46.797165197,-1.13,1.0,-127.06,233.61,360.67,610.01:00:00,False,491 752
LVS,long,6,2019-09-03T20:00:00Z,48.744645016,2021-02-02T21:00:00Z,46.797165197,-11.68,1.0,-80.37,116.36,196.73,518.01:00:00,False,526 752
LVS,long,6,2020-04-01T20:00:00Z,37.81683893,2021-02-02T21:00:00Z,46.797165197,53.88,1.0,-14.81,181.92,69.31,307.01:00:00,True,625 752
LVS,long,8,2020-06-01T20:00:00Z,46.008923393,2021-02-02T21:00:00Z,46.797165197,6.31,1.0,-85.28,177.03,92.41,246.01:00:00,True,647 752
LVS,long,10,2020-08-03T20:00:00Z,41.2888564,2021-02-02T21:00:00Z,46.797165197,55.08,1.0,-59.4,268.48,112.79,183.01:00:00,True,677 752
LVS,long,26,2021-02-01T21:00:00Z,46.046458717,2021-02-02T21:00:00Z,46.797165197,19.52,1.0,-278.14,574.36,55.87,1.00:00:00,True,747 752
CVX,long,59,2018-10-01T20:00:00Z,88.120935994,2021-03-01T21:00:00Z,81.358279716,-399.0,1.0,-2789.51,248.31,3037.83,882.01:00:00,False,390 753
CVX,long,3,2019-08-01T20:00:00Z,88.097687446,2021-03-01T21:00:00Z,81.358279716,-20.22,1.0,-141.77,12.7,153.6,578.01:00:00,False,514 753
CVX,long,6,2019-11-01T20:00:00Z,85.649295834,2021-03-01T21:00:00Z,81.358279716,-25.75,1.0,-268.85,40.08,297.32,486.01:00:00,False,543 753
CVX,long,5,2020-02-03T21:00:00Z,79.093785625,2021-03-01T21:00:00Z,81.358279716,11.32,1.0,-191.26,66.18,212.85,392.00:00:00,True,582 753
CVX,long,7,2020-08-03T20:00:00Z,64.808765802,2021-03-01T21:00:00Z,81.358279716,115.85,1.0,-167.77,192.65,122.36,210.01:00:00,True,676 753
CVX,long,12,2020-10-01T20:00:00Z,54.57291136,2021-03-01T21:00:00Z,81.358279716,321.42,1.0,-164.78,453.08,106.19,151.01:00:00,True,696 753
CVX,long,5,2021-01-04T21:00:00Z,66.632005016,2021-03-01T21:00:00Z,81.358279716,73.63,1.0,-128.95,128.49,40.67,56.00:00:00,True,739 753
EPD,long,399,2020-04-01T20:00:00Z,8.428841015,2021-03-01T21:00:00Z,15.104009106,2663.39,2.335,0.0,2772.3,1652.69,334.01:00:00,True,617 754
EPD,long,37,2020-09-01T20:00:00Z,11.302266384,2021-03-01T21:00:00Z,15.104009106,140.66,1.0,-106.32,150.76,63.79,181.01:00:00,True,685 754
EPD,long,31,2020-10-01T20:00:00Z,10.074318216,2021-03-01T21:00:00Z,15.104009106,155.92,1.0,-51.01,164.38,53.44,151.01:00:00,True,700 754
IBM,long,64,2020-06-01T20:00:00Z,92.56433252589005,2021-03-01T21:00:00Z,93.20386503719682,40.93,2.0,-798.97,515.14,1314.11,273.01:00:00,True,646 755
IBM,long,3,2020-12-01T21:00:00Z,93.81827951716932,2021-03-01T21:00:00Z,93.20386503719682,-1.84,1.0,-41.21,20.39,29.87,90.00:00:00,False,726 755
IBM,long,3,2021-02-01T21:00:00Z,91.82247006332891,2021-03-01T21:00:00Z,93.20386503719682,4.14,1.0,-35.23,26.37,9.91,28.00:00:00,True,751 755
COP,long,200,2021-01-04T21:00:00Z,31.898033862,2021-03-01T21:00:00Z,42.799292461,2180.25,2.0,0.0,2515.42,1263.99,56.00:00:00,True,735 756
UTX,long,84,2020-04-01T20:00:00Z,41.89305163176917,2021-03-01T21:00:00Z,65.992693052,2024.37,1.0,-206.43,2235.71,1564.72,334.01:00:00,True,619 757
UTX,long,4,2020-07-01T20:00:00Z,53.552385438,2021-03-01T21:00:00Z,65.992693052,49.76,1.0,-56.47,59.83,40.19,243.01:00:00,True,661 757
UTX,long,11,2020-08-03T20:00:00Z,49.988600658,2021-03-01T21:00:00Z,65.992693052,176.05,1.0,-116.08,203.72,110.53,210.01:00:00,True,674 757
UTX,long,9,2021-02-01T21:00:00Z,59.061947472,2021-03-01T21:00:00Z,65.992693052,62.38,1.0,-176.64,85.02,41.57,28.00:00:00,True,749 757
XOM,long,70,2018-12-03T21:00:00Z,57.509031178,2021-03-01T21:00:00Z,45.965327476,-808.06,1.0,-2371.35,152.94,2524.29,819.00:00:00,False,419 758
XOM,long,5,2019-01-02T21:00:00Z,49.345042881,2021-03-01T21:00:00Z,45.965327476,-16.9,1.0,-128.56,51.74,180.31,789.00:00:00,False,437 758
XOM,long,10,2019-08-01T20:00:00Z,52.470619212,2021-03-01T21:00:00Z,45.965327476,-65.05,1.0,-288.38,72.23,304.22,578.01:00:00,False,509 758
XOM,long,15,2019-11-01T20:00:00Z,51.0262656,2021-03-01T21:00:00Z,45.965327476,-75.91,1.0,-410.91,130.01,449.29,486.01:00:00,False,542 758
XOM,long,9,2020-02-03T21:00:00Z,45.052946664,2021-03-01T21:00:00Z,45.965327476,8.21,1.0,-192.78,131.77,206.21,392.00:00:00,True,581 758
XOM,long,8,2020-03-02T21:00:00Z,40.551655908,2021-03-01T21:00:00Z,45.965327476,43.31,1.0,-135.35,153.14,138.39,364.00:00:00,True,598 758
XOM,long,13,2020-04-01T20:00:00Z,28.253696414,2021-03-01T21:00:00Z,45.965327476,230.25,1.0,-60.07,408.72,224.88,334.01:00:00,True,624 758
XOM,long,15,2020-08-03T20:00:00Z,32.422805946,2021-03-01T21:00:00Z,45.965327476,203.14,1.0,-131.85,409.07,146.93,210.01:00:00,True,675 758
XOM,long,12,2020-09-01T20:00:00Z,30.856325728,2021-03-01T21:00:00Z,45.965327476,181.31,1.0,-86.69,346.05,73.89,181.01:00:00,True,686 758
XOM,long,20,2020-10-01T20:00:00Z,25.919626556,2021-03-01T21:00:00Z,45.965327476,400.91,1.0,-45.74,675.49,87.82,151.01:00:00,True,698 758
DELL,long,12,2019-05-01T20:00:00Z,31.57570753517359,2021-03-01T21:00:00Z,38.256423725540586,80.17,1.0,-219.34,80.17,226.09,670.01:00:00,True,476 759
INTC,long,7,2018-09-04T20:00:00Z,41.019967384,2021-03-01T21:00:00Z,57.191768304,113.2,1.0,-33.17,135.67,145.98,909.01:00:00,True,379 760
AEP,long,95,2021-01-04T21:00:00Z,66.374440632,2021-03-02T21:00:00Z,63.240447942,-297.73,2.0,-463.96,81.2,545.16,57.00:00:00,False,736 775
AEP,long,13,2021-03-01T21:00:00Z,63.018638109,2021-03-02T21:00:00Z,63.240447942,2.88,1.0,-19.86,54.74,2.78,1.00:00:00,True,769 775
T,long,102,2016-03-01T21:00:00Z,15.343748800769273,2021-04-01T20:00:00Z,16.648722612904148,133.11,2.19,-245.23,465.91,638.44,1856.23:00:00,True,31 776
T,long,22,2016-09-01T20:00:00Z,17.20773509260083,2021-04-01T20:00:00Z,16.648722612904148,-12.3,1.0,-93.9,59.48,137.7,1673.00:00:00,False,97 776
T,long,29,2016-11-01T20:00:00Z,15.54626999471364,2021-04-01T20:00:00Z,16.648722612904148,31.97,1.0,-75.6,126.59,181.52,1612.00:00:00,True,118 776
T,long,14,2017-03-01T21:00:00Z,18.084277363049093,2021-04-01T20:00:00Z,16.648722612904148,-20.1,1.0,-72.03,25.58,87.63,1491.23:00:00,False,172 776
T,long,19,2017-06-01T20:00:00Z,16.92042786342012,2021-04-01T20:00:00Z,16.648722612904148,-5.16,1.0,-75.64,56.83,118.92,1400.00:00:00,False,203 776
T,long,49,2017-11-01T20:00:00Z,14.980548675973594,2021-04-01T20:00:00Z,16.648722612904148,81.74,1.0,-100.01,241.62,306.7,1247.00:00:00,True,259 776
T,long,25,2018-02-01T21:00:00Z,17.717211234523372,2021-04-01T20:00:00Z,16.648722612904148,-26.71,1.0,-119.44,54.86,156.48,1154.23:00:00,False,298 776
T,long,41,2018-05-01T20:00:00Z,14.931654689400203,2021-04-01T20:00:00Z,16.648722612904148,70.4,1.0,-81.68,204.17,256.63,1066.00:00:00,True,332 776
T,long,20,2018-06-01T20:00:00Z,14.899533735858162,2021-04-01T20:00:00Z,16.648722612904148,34.98,1.0,-39.2,100.24,125.18,1035.00:00:00,True,348 776
T,long,29,2018-09-04T20:00:00Z,14.846846450236631,2021-04-01T20:00:00Z,16.648722612904148,52.25,1.0,-55.31,146.87,181.52,940.00:00:00,True,381 776
T,long,20,2020-05-01T20:00:00Z,15.49946425509404,2021-04-01T20:00:00Z,16.648722612904148,22.99,1.0,-51.2,88.24,59.76,335.00:00:00,True,640 776
T,long,16,2020-09-01T20:00:00Z,15.54179670926883,2021-04-01T20:00:00Z,16.648722612904148,17.71,1.0,-41.64,69.92,26.3,212.00:00:00,True,690 776
T,long,23,2020-12-01T21:00:00Z,15.505328897772909,2021-04-01T20:00:00Z,16.648722612904148,26.3,1.0,-59.01,101.34,37.8,120.23:00:00,True,725 776
T,long,29,2021-03-01T21:00:00Z,15.353336119385341,2021-04-01T20:00:00Z,16.648722612904148,37.57,1.0,-70.0,132.19,7.45,30.23:00:00,True,773 776
MO,long,22,2021-03-01T21:00:00Z,28.76842838,2021-04-01T20:00:00Z,33.5190564,104.51,2.185,-3.84,126.2,21.69,30.23:00:00,True,761 777
CI,long,2,2021-03-01T21:00:00Z,193.36846113,2021-04-01T20:00:00Z,218.475944874,50.21,2.0,0.0,60.55,12.74,30.23:00:00,True,764 778
NOC,long,3,2021-03-01T21:00:00Z,268.284448098,2021-05-03T20:00:00Z,330.0302793,185.24,2.0,0.0,185.24,23.67,62.23:00:00,True,762 785
DELL,long,12,2019-05-01T20:00:00Z,31.57570753517359,2021-05-03T20:00:00Z,45.02001578870332,161.33,1.0,-219.34,192.49,226.09,733.00:00:00,True,476 786
DELL,long,4,2019-07-01T20:00:00Z,23.73933334082167,2021-05-03T20:00:00Z,45.02001578870332,85.12,1.0,-41.77,95.51,53.15,672.00:00:00,True,499 786
HCA,long,3,2019-05-01T20:00:00Z,116.251532516,2021-05-03T20:00:00Z,195.297724344,237.14,1.0,-154.8,237.14,234.58,733.00:00:00,True,477 787
NEM,long,6,2020-03-02T21:00:00Z,39.041585625,2021-05-03T20:00:00Z,55.228696292,97.12,1.0,-36.11,120.26,77.66,426.23:00:00,True,593 788
CI,long,33,2021-03-01T21:00:00Z,193.36846113,2021-06-01T20:00:00Z,232.795275504,1301.08,1.0,0.0,1576.26,277.26,91.23:00:00,True,764 794
NEM,long,17,2020-03-02T21:00:00Z,39.041585625,2021-06-01T20:00:00Z,63.35963529,413.41,1.0,-102.31,419.67,220.04,455.23:00:00,True,593 795
CVS,long,13,2020-03-02T21:00:00Z,51.920639997,2021-06-01T20:00:00Z,72.308653944,265.04,1.0,-123.65,308.18,146.44,455.23:00:00,True,594 796
TGT,long,3,2021-03-01T21:00:00Z,158.15585839,2021-06-01T20:00:00Z,193.797793644,106.93,2.0,-41.42,106.93,41.42,91.23:00:00,True,766 797
DOW,long,10,2021-04-01T20:00:00Z,48.12366018,2021-06-01T20:00:00Z,52.9849332,48.61,2.0,-27.34,48.61,28.98,61.00:00:00,True,779 798
AEP,long,107,2021-06-01T20:00:00Z,70.50323101,2021-06-02T20:00:00Z,70.627502275,13.3,2.0,0.0,48.76,35.46,1.00:00:00,True,799 805
KMB,long,57,2020-12-01T21:00:00Z,112.410675264,2021-06-02T20:00:00Z,105.386840196,-400.36,2.0,-541.95,158.02,596.65,182.23:00:00,False,718 806
KMB,long,2,2021-01-04T21:00:00Z,106.96823072,2021-06-02T20:00:00Z,105.386840196,-3.16,1.0,-8.13,16.43,20.93,148.23:00:00,False,742 806
KMB,long,5,2021-03-01T21:00:00Z,102.950908112,2021-06-02T20:00:00Z,105.386840196,12.18,1.0,-0.24,61.16,52.34,92.23:00:00,True,772 806
KMB,long,4,2021-05-03T20:00:00Z,109.010827332,2021-06-02T20:00:00Z,105.386840196,-14.5,1.0,-24.43,24.69,22.29,30.00:00:00,False,791 806
KMB,long,4,2021-06-01T20:00:00Z,105.168430257,2021-06-02T20:00:00Z,105.386840196,0.87,1.0,-9.06,40.06,1.49,1.00:00:00,True,802 806
REGN,long,2,2021-03-01T21:00:00Z,458.72113077,2021-07-01T20:00:00Z,569.248107468,221.05,2.0,-32.33,221.05,70.71,121.23:00:00,True,767 807
TGT,long,3,2021-03-01T21:00:00Z,158.15585839,2021-07-01T20:00:00Z,207.647803188,148.48,1.0,-41.42,148.48,41.42,121.23:00:00,True,766 808
DG,long,3,2021-04-01T20:00:00Z,185.453746838,2021-07-01T20:00:00Z,199.899636167,43.34,2.0,-13.6,49.92,63.52,91.00:00:00,True,780 809
PM,long,6,2021-03-01T21:00:00Z,66.384542785,2021-07-01T20:00:00Z,80.068048158,82.1,2.0,-1.59,82.1,13.92,121.23:00:00,True,763 810
NFLX,long,7,2018-11-01T20:00:00Z,31.738,2021-07-01T20:00:00Z,53.354,151.31,1.0,-164.21,188.27,91.31,973.00:00:00,True,406 811
HCA,long,6,2019-05-01T20:00:00Z,116.251532516,2021-08-02T20:00:00Z,240.2483397,743.98,1.0,-309.61,743.98,469.15,824.00:00:00,True,477 820
DG,long,2,2021-04-01T20:00:00Z,185.453746838,2021-08-02T20:00:00Z,213.79395675,56.68,1.0,-9.07,57.6,42.35,123.00:00:00,True,780 821
DOW,long,142,2021-04-01T20:00:00Z,48.12366018,2021-08-03T20:00:00Z,46.016598,-299.2,1.0,-658.25,711.67,1369.92,124.00:00:00,False,779 826
DOW,long,6,2021-05-03T20:00:00Z,48.086412765,2021-08-03T20:00:00Z,46.016598,-12.42,1.0,-27.59,30.29,57.88,92.00:00:00,False,793 826
DOW,long,11,2021-07-01T20:00:00Z,47.78502,2021-08-03T20:00:00Z,46.016598,-19.45,1.0,-47.27,58.85,47.35,33.00:00:00,False,815 826
NEM,long,73,2020-03-02T21:00:00Z,39.041585625,2021-09-01T20:00:00Z,49.962612164,797.23,1.0,-439.31,1802.11,1101.29,547.23:00:00,True,593 828
NEM,long,5,2020-06-01T20:00:00Z,50.572156384,2021-09-01T20:00:00Z,49.962612164,-3.05,1.0,-87.74,65.78,75.43,457.00:00:00,False,649 828
NEM,long,6,2020-09-01T20:00:00Z,56.272109832,2021-09-01T20:00:00Z,49.962612164,-37.86,1.0,-139.49,44.74,90.52,365.00:00:00,False,688 828
NEM,long,20,2020-12-01T21:00:00Z,50.747113413,2021-09-01T20:00:00Z,49.962612164,-15.69,1.0,-354.47,259.62,301.72,273.23:00:00,False,721 828
NEM,long,17,2021-03-01T21:00:00Z,46.37018617,2021-09-01T20:00:00Z,49.962612164,61.07,1.0,-226.89,295.08,256.46,183.23:00:00,True,770 828
NEM,long,18,2021-07-01T20:00:00Z,54.261399458,2021-09-01T20:00:00Z,49.962612164,-77.38,1.0,-382.28,170.4,118.55,62.00:00:00,False,814 828
WMT,long,134,2020-12-01T21:00:00Z,47.06648841335069,2021-09-01T20:00:00Z,46.27544527045501,-106.0,2.0,-1018.26,47.99,1018.26,273.23:00:00,False,719 829
WMT,long,11,2021-01-04T21:00:00Z,45.3476260849036,2021-09-01T20:00:00Z,46.27544527045501,10.21,1.0,-64.68,22.85,72.99,239.23:00:00,True,738 829
WMT,long,21,2021-03-01T21:00:00Z,40.65595877140372,2021-09-01T20:00:00Z,46.27544527045501,118.01,1.0,-24.96,142.14,47.5,183.23:00:00,True,768 829
WMT,long,7,2021-07-01T20:00:00Z,43.46635421736414,2021-09-01T20:00:00Z,46.27544527045501,19.66,1.0,-27.99,27.71,10.81,62.00:00:00,True,817 829
REGN,long,2,2021-03-01T21:00:00Z,458.72113077,2021-09-01T20:00:00Z,674.593977344,431.75,1.0,-32.33,431.75,70.71,183.23:00:00,True,767 830
NFLX,long,1,2018-11-01T20:00:00Z,31.738,2021-09-01T20:00:00Z,58.207,26.47,1.0,-23.46,26.9,13.04,1035.00:00:00,True,406 831
NFLX,long,6,2018-12-03T21:00:00Z,29.03,2021-09-01T20:00:00Z,58.207,175.06,1.0,-124.51,177.62,78.26,1002.23:00:00,True,424 831
NFLX,long,14,2018-12-03T21:00:00Z,29.03,2021-10-01T20:00:00Z,61.315,451.99,1.0,-290.51,451.99,182.62,1032.23:00:00,True,424 840
NFLX,long,1,2019-08-01T20:00:00Z,31.95,2021-10-01T20:00:00Z,61.315,29.36,1.0,-23.67,29.36,10.14,792.00:00:00,True,508 840
DELL,long,18,2019-07-01T20:00:00Z,23.73933334082167,2021-10-01T20:00:00Z,48.703387912958036,449.35,1.0,-187.96,449.35,239.18,823.00:00:00,True,499 841
LOW,long,3,2021-07-01T20:00:00Z,177.008375462,2021-10-01T20:00:00Z,184.961743722,23.86,2.0,-34.71,42.51,50.6,92.00:00:00,True,813 842
FCX,long,25,2021-07-01T20:00:00Z,34.887829467,2021-11-01T20:00:00Z,36.205854891,32.95,2.09,-154.17,59.16,194.65,123.00:00:00,True,812 849
TGT,long,4,2021-03-01T21:00:00Z,158.15585839,2021-11-01T20:00:00Z,220.683363012,250.11,1.0,-55.22,267.97,127.36,244.23:00:00,True,766 850
LOW,long,4,2021-07-01T20:00:00Z,177.008375462,2021-11-01T20:00:00Z,211.1208201,136.45,1.0,-46.28,144.03,67.46,123.00:00:00,True,813 851
NFLX,long,10,2019-08-01T20:00:00Z,31.95,2021-11-01T20:00:00Z,68.117,361.67,1.0,-236.71,370.81,101.36,823.00:00:00,True,508 852
CVS,long,6,2020-03-02T21:00:00Z,51.920639997,2021-11-01T20:00:00Z,77.242275775,151.93,1.0,-57.07,151.93,67.59,608.23:00:00,True,594 853
VRTX,long,31,2021-03-01T21:00:00Z,210.38,2021-11-02T20:00:00Z,185.66,-766.32,2.0,-1034.47,332.32,1366.79,245.23:00:00,False,765 859
VRTX,long,2,2021-04-01T20:00:00Z,213.04,2021-11-02T20:00:00Z,185.66,-54.76,1.0,-72.06,16.12,88.18,215.00:00:00,False,784 859
VRTX,long,3,2021-06-01T20:00:00Z,209.67,2021-11-02T20:00:00Z,185.66,-72.03,1.0,-97.98,34.29,119.28,154.00:00:00,False,800 859
VRTX,long,1,2021-07-01T20:00:00Z,202.21,2021-11-02T20:00:00Z,185.66,-16.55,1.0,-25.2,18.89,25.98,124.00:00:00,False,819 859
VRTX,long,2,2021-09-01T20:00:00Z,197.14,2021-11-02T20:00:00Z,185.66,-22.96,1.0,-40.26,47.92,44.42,62.00:00:00,False,836 859
VRTX,long,2,2021-10-01T20:00:00Z,180.35,2021-11-02T20:00:00Z,185.66,10.62,1.0,-6.68,81.5,12.3,32.00:00:00,True,848 859
CI,long,40,2021-09-01T20:00:00Z,191.425241385,2021-12-01T21:00:00Z,177.431667968,-559.74,2.0,-662.53,316.12,978.64,91.01:00:00,False,834 861
DELL,long,45,2019-07-01T20:00:00Z,23.73933334082167,2021-12-01T21:00:00Z,50.59852612,1208.66,1.0,-469.91,1304.88,597.95,884.01:00:00,True,499 862
DELL,long,20,2019-09-03T20:00:00Z,23.513726798211067,2021-12-01T21:00:00Z,50.59852612,541.7,1.0,-204.34,584.46,251.67,820.01:00:00,True,523 862
DELL,long,12,2019-11-01T20:00:00Z,24.51284148691516,2021-12-01T21:00:00Z,50.59852612,313.03,1.0,-134.59,338.69,151.0,761.01:00:00,True,549 862
DELL,long,30,2019-12-02T21:00:00Z,21.971314721179404,2021-12-01T21:00:00Z,50.59852612,858.82,1.0,-260.23,922.96,337.86,730.00:00:00,True,557 862
DELL,long,23,2020-05-01T20:00:00Z,18.4168606212736,2021-12-01T21:00:00Z,50.59852612,740.18,1.0,-117.76,789.36,123.79,579.01:00:00,True,636 862
DELL,long,15,2020-11-02T21:00:00Z,27.758813171414634,2021-12-01T21:00:00Z,50.59852612,342.6,1.0,-216.93,374.67,80.73,394.00:00:00,True,706 862
DELL,long,10,2021-08-02T20:00:00Z,44.33398773056087,2021-12-01T21:00:00Z,50.59852612,62.65,1.0,-310.37,84.03,33.01,121.01:00:00,True,822 862
MU,long,22,2021-09-01T20:00:00Z,71.887121756,2021-12-01T21:00:00Z,83.149000545,247.76,2.0,-155.47,270.53,186.8,91.01:00:00,True,833 863
LOW,long,2,2021-07-01T20:00:00Z,177.008375462,2021-12-01T21:00:00Z,223.528438524,93.04,1.0,-23.14,106.38,33.73,153.01:00:00,True,813 864
LMT,long,20,2020-12-01T21:00:00Z,312.470035416,2022-01-03T21:00:00Z,312.543045752,1.46,2.0,-739.7,595.6,1136.02,398.00:00:00,True,720 874
LMT,long,1,2021-01-04T21:00:00Z,295.056367488,2022-01-03T21:00:00Z,312.543045752,17.49,1.0,-19.57,47.19,56.8,364.00:00:00,True,741 874
LMT,long,2,2021-02-01T21:00:00Z,277.454351136,2022-01-03T21:00:00Z,312.543045752,70.18,1.0,-3.94,129.59,113.6,336.00:00:00,True,748 874
LMT,long,1,2021-09-01T20:00:00Z,312.147955782,2022-01-03T21:00:00Z,312.543045752,0.4,1.0,-36.66,30.1,43.81,124.01:00:00,True,839 874
LMT,long,2,2021-11-01T20:00:00Z,289.429267335,2022-01-03T21:00:00Z,312.543045752,46.23,1.0,-27.89,105.64,24.57,63.01:00:00,True,856 874
MO,long,215,2021-03-01T21:00:00Z,28.76842838,2022-01-03T21:00:00Z,33.296523858,973.54,1.29,-37.5,1233.34,1175.11,308.00:00:00,True,761 875
MO,long,20,2021-05-03T20:00:00Z,31.790524668,2022-01-03T21:00:00Z,33.296523858,30.12,1.0,-63.93,54.29,102.19,245.01:00:00,True,790 875
MO,long,23,2021-11-01T20:00:00Z,29.99955651,2022-01-03T21:00:00Z,33.296523858,75.83,1.0,-32.33,103.62,40.1,63.01:00:00,True,854 875
CVS,long,9,2020-03-02T21:00:00Z,51.920639997,2022-01-03T21:00:00Z,88.75405896,331.5,1.0,-85.6,331.5,101.38,672.00:00:00,True,594 876
FDX,long,4,2021-09-01T20:00:00Z,155.7068845747378,2022-01-03T21:00:00Z,152.27960077557572,-13.71,2.0,-111.12,4.49,115.6,124.01:00:00,False,832 877
HCA,long,2,2019-05-01T20:00:00Z,116.251532516,2022-01-03T21:00:00Z,244.136807872,255.77,1.0,-103.2,269.31,156.38,978.01:00:00,True,477 878
FCX,long,11,2021-07-01T20:00:00Z,34.887829467,2022-01-03T21:00:00Z,39.181290396,47.23,1.0,-67.83,52.53,85.65,186.01:00:00,True,812 879
DG,long,34,2021-04-01T20:00:00Z,185.453746838,2022-02-01T21:00:00Z,193.025602,257.44,1.0,-154.14,1172.27,1064.83,306.01:00:00,True,780 885
DG,long,2,2021-06-01T20:00:00Z,184.848196687,2022-02-01T21:00:00Z,193.025602,16.35,1.0,-7.86,70.17,62.64,245.01:00:00,True,803 885
DG,long,2,2021-09-01T20:00:00Z,204.773231091,2022-02-01T21:00:00Z,193.025602,-23.5,1.0,-47.71,30.32,62.64,153.01:00:00,False,835 885
PM,long,16,2021-03-01T21:00:00Z,66.384542785,2022-02-01T21:00:00Z,84.923899375,296.63,1.0,-4.25,300.18,244.95,337.00:00:00,True,763 886
DE,long,3,2022-01-03T21:00:00Z,329.813878223,2022-02-01T21:00:00Z,355.974031884,78.48,2.0,0.0,95.52,56.18,29.00:00:00,True,881 887
T,long,52,2022-01-03T21:00:00Z,14.675303257431102,2022-02-01T21:00:00Z,14.378811221714082,-15.42,3.88,-24.76,73.38,98.13,29.00:00:00,False,880 888
CVS,long,7,2020-03-02T21:00:00Z,51.920639997,2022-02-01T21:00:00Z,91.03598296,273.81,1.0,-66.58,291.8,78.85,701.00:00:00,True,594 889
FISV,long,5,2021-12-01T21:00:00Z,95.55,2022-02-01T21:00:00Z,108.66,65.55,2.0,0.0,69.6,47.5,62.00:00:00,True,866 890
BDX,long,2,2021-12-01T21:00:00Z,169.4464481141703,2022-02-01T21:00:00Z,178.18071581688088,17.47,2.0,0.0,33.51,18.91,62.00:00:00,True,865 891
VZ,long,8,2016-09-01T20:00:00Z,30.691418616,2022-03-01T21:00:00Z,40.026362532,74.68,1.03,-35.54,103.06,62.53,2007.01:00:00,True,96 898
VZ,long,12,2016-11-01T20:00:00Z,28.148653708,2022-03-01T21:00:00Z,40.026362532,142.53,1.0,-22.79,185.1,93.8,1946.01:00:00,True,119 898
VZ,long,10,2017-02-01T21:00:00Z,28.886429856,2022-03-01T21:00:00Z,40.026362532,111.4,1.0,-26.37,146.87,78.17,1854.00:00:00,True,151 898
VZ,long,12,2017-05-01T20:00:00Z,27.71601624,2022-03-01T21:00:00Z,40.026362532,147.72,1.0,-17.6,190.29,93.8,1765.01:00:00,True,191 898
VZ,long,9,2017-07-03T17:00:00Z,27.18441,2022-03-01T21:00:00Z,40.026362532,115.58,1.0,-8.42,147.51,70.35,1702.04:00:00,True,214 898
VZ,long,18,2018-03-01T21:00:00Z,30.04240778,2022-03-01T21:00:00Z,40.026362532,179.71,1.0,-68.28,243.57,140.7,1461.00:00:00,True,311 898
VZ,long,10,2018-06-01T20:00:00Z,30.325280594,2022-03-01T21:00:00Z,40.026362532,97.01,1.0,-40.76,132.49,78.17,1369.01:00:00,True,347 898
VZ,long,21,2019-02-01T21:00:00Z,35.75809232,2022-03-01T21:00:00Z,40.026362532,89.63,1.0,-199.69,164.13,164.15,1124.00:00:00,True,444 898
VZ,long,11,2019-08-01T20:00:00Z,36.974598375,2022-03-01T21:00:00Z,40.026362532,33.57,1.0,-117.98,72.59,85.98,943.01:00:00,True,510 898
VZ,long,10,2020-01-02T21:00:00Z,41.287972114,2022-03-01T21:00:00Z,40.026362532,-12.62,1.0,-150.39,22.86,73.17,789.00:00:00,False,571 898
VZ,long,11,2020-05-01T20:00:00Z,39.2559916775,2022-03-01T21:00:00Z,40.026362532,8.47,1.0,-143.07,47.5,75.43,669.01:00:00,True,637 898
VZ,long,6,2020-07-01T20:00:00Z,37.753981265,2022-03-01T21:00:00Z,40.026362532,13.63,1.0,-69.03,34.92,41.14,608.01:00:00,True,660 898
VZ,long,10,2020-12-01T21:00:00Z,42.755177062,2022-03-01T21:00:00Z,40.026362532,-27.29,1.0,-165.06,8.19,68.57,455.00:00:00,False,724 898
VZ,long,8,2021-01-04T21:00:00Z,41.534205515,2022-03-01T21:00:00Z,40.026362532,-12.06,1.0,-122.28,16.32,49.57,421.00:00:00,False,740 898
VZ,long,7,2021-02-01T21:00:00Z,38.718645924,2022-03-01T21:00:00Z,40.026362532,9.15,1.0,-87.29,33.99,43.37,393.00:00:00,True,750 898
VZ,long,11,2021-04-01T20:00:00Z,41.58616539,2022-03-01T21:00:00Z,40.026362532,-17.16,1.0,-168.71,21.86,68.15,334.01:00:00,False,783 898
VZ,long,13,2021-06-01T20:00:00Z,40.648931332,2022-03-01T21:00:00Z,40.026362532,-8.09,1.0,-187.2,38.02,60.11,273.01:00:00,False,801 898
VZ,long,8,2021-09-01T20:00:00Z,40.055347536,2022-03-01T21:00:00Z,40.026362532,-0.23,1.0,-110.45,28.15,29.57,181.01:00:00,False,838 898
VZ,long,11,2021-12-01T21:00:00Z,36.716966433,2022-03-01T21:00:00Z,40.026362532,36.4,1.0,-115.15,75.43,26.45,90.00:00:00,True,872 898
FCX,long,47,2021-07-01T20:00:00Z,34.887829467,2022-03-01T21:00:00Z,45.32079576,490.35,1.0,-289.83,490.35,402.67,243.01:00:00,True,812 899
NOC,long,4,2021-03-01T21:00:00Z,268.284448098,2022-03-01T21:00:00Z,424.06517796,623.12,1.0,0.0,623.12,218.08,365.00:00:00,True,762 900
MU,long,7,2021-09-01T20:00:00Z,71.887121756,2022-03-01T21:00:00Z,84.32272979,87.05,1.0,-49.47,163.0,127.55,181.01:00:00,True,833 901
BDX,long,3,2021-12-01T21:00:00Z,169.4464481141703,2022-03-01T21:00:00Z,190.95867182222997,64.54,1.0,0.0,76.89,28.37,90.00:00:00,True,865 902
TYC,long,119,2022-02-01T21:00:00Z,65.765446061,2022-04-01T20:00:00Z,60.800237932,-590.86,2.0,-1313.91,1.08,1314.99,58.23:00:00,False,892 914
TYC,long,13,2022-03-01T21:00:00Z,56.916078198,2022-04-01T20:00:00Z,60.800237932,50.49,1.0,-28.49,115.16,52.85,30.23:00:00,True,905 914
REGN,long,2,2021-03-01T21:00:00Z,458.72113077,2022-04-01T20:00:00Z,688.334312262,459.23,1.0,-32.33,466.36,272.39,395.23:00:00,True,767 915
DE,long,3,2022-01-03T21:00:00Z,329.813878223,2022-04-01T20:00:00Z,393.63879912,191.47,1.0,-35.58,244.0,163.57,87.23:00:00,True,881 916
EMR,long,7,2021-12-01T21:00:00Z,79.034888229,2022-04-01T20:00:00Z,90.097142226,77.44,2.0,0.0,81.54,53.8,120.23:00:00,True,867 917
FCX,long,8,2021-07-01T20:00:00Z,34.887829467,2022-04-01T20:00:00Z,48.216028224,106.63,1.0,-49.33,113.97,68.54,274.00:00:00,True,812 918
TGT,long,8,2021-03-01T21:00:00Z,158.15585839,2022-05-02T20:00:00Z,198.2496614,320.75,1.0,-110.44,564.85,520.21,426.23:00:00,True,766 926
PM,long,14,2021-03-01T21:00:00Z,66.384542785,2022-05-02T20:00:00Z,82.171352665,221.02,1.0,-3.72,359.16,265.19,426.23:00:00,True,763 927
T,long,72,2022-01-03T21:00:00Z,14.675303257431102,2022-05-02T20:00:00Z,15.1202394,32.04,1.0,-86.64,101.6,188.23,118.23:00:00,True,880 928
NOC,long,2,2021-03-01T21:00:00Z,268.284448098,2022-05-02T20:00:00Z,407.812910232,279.06,1.0,0.0,352.19,109.04,426.23:00:00,True,762 929
FISV,long,6,2021-12-01T21:00:00Z,95.55,2022-05-02T20:00:00Z,97.13,9.48,1.0,-17.7,83.52,101.22,151.23:00:00,True,866 930
LOW,long,2,2021-07-01T20:00:00Z,177.008375462,2022-05-02T20:00:00Z,186.299719074,18.58,1.0,-23.14,122.14,114.4,305.00:00:00,True,813 931
COP,long,16,2022-04-01T20:00:00Z,84.495528024,2022-06-01T20:00:00Z,97.676181525,210.89,2.0,-124.47,210.89,163.31,61.00:00:00,True,919 939
T,long,48,2022-01-03T21:00:00Z,14.675303257431102,2022-06-01T20:00:00Z,16.78093515,101.07,1.0,-57.76,104.87,125.49,148.23:00:00,True,880 940
FDX,long,6,2021-09-01T20:00:00Z,155.7068845747378,2022-06-01T20:00:00Z,129.2292168417588,-158.87,1.0,-235.67,6.73,242.4,273.00:00:00,False,832 941
MMM,long,6,2021-01-04T21:00:00Z,98.54008359818872,2022-06-01T20:00:00Z,88.33424318809665,-61.24,2.0,-86.1,128.68,214.78,512.23:00:00,False,737 942
MU,long,7,2021-09-01T20:00:00Z,71.887121756,2022-06-01T20:00:00Z,71.996425415,0.77,1.0,-49.47,163.0,210.75,273.00:00:00,True,833 943
NOC,long,3,2021-03-01T21:00:00Z,268.284448098,2022-07-01T20:00:00Z,453.888995475,556.81,1.0,0.0,572.74,163.56,486.23:00:00,True,762 949
FDX,long,8,2021-09-01T20:00:00Z,155.7068845747378,2022-07-01T20:00:00Z,132.81818215081765,-183.11,1.0,-314.23,8.97,323.2,303.00:00:00,False,832 950
BDX,long,5,2021-12-01T21:00:00Z,169.4464481141703,2022-07-01T20:00:00Z,182.81843469240445,66.86,1.0,0.0,149.23,144.31,211.23:00:00,True,865 951
T,long,44,2022-01-03T21:00:00Z,14.675303257431102,2022-07-01T20:00:00Z,16.8560618625,95.95,1.0,-52.94,96.13,115.03,178.23:00:00,True,880 952
CVS,long,9,2020-03-02T21:00:00Z,51.920639997,2022-07-01T20:00:00Z,80.890710054,260.73,1.0,-85.6,387.19,167.38,850.23:00:00,True,594 953
PM,long,7,2021-03-01T21:00:00Z,66.384542785,2022-07-01T20:00:00Z,83.13003234,117.22,1.0,-1.86,179.58,132.6,486.23:00:00,True,763 954
FDX,long,32,2021-09-01T20:00:00Z,155.7068845747378,2022-08-01T20:00:00Z,141.18725413554563,-464.63,1.0,-1256.9,35.89,1292.79,334.00:00:00,False,832 962
FDX,long,7,2021-10-01T20:00:00Z,130.66390026575476,2022-08-01T20:00:00Z,141.18725413554563,73.66,1.0,-99.65,183.15,277.18,304.00:00:00,True,843 962
FDX,long,6,2022-03-01T21:00:00Z,126.5767124450937,2022-08-01T20:00:00Z,141.18725413554563,87.66,1.0,-60.89,181.51,147.37,152.23:00:00,True,904 962
FDX,long,3,2022-05-02T20:00:00Z,116.42862765809167,2022-08-01T20:00:00Z,141.18725413554563,74.28,1.0,0.0,121.2,51.59,91.00:00:00,True,936 962
F,long,132,2022-03-01T21:00:00Z,12.64980244,2022-08-01T20:00:00Z,11.689322757,-126.78,3.945,-555.56,139.48,695.04,152.23:00:00,False,903 963
NFLX,long,17,2019-08-01T20:00:00Z,31.95,2022-08-01T20:00:00Z,22.621,-158.59,1.0,-402.41,632.72,893.04,1096.00:00:00,False,508 964
NFLX,long,12,2019-09-03T20:00:00Z,28.929,2022-08-01T20:00:00Z,22.621,-75.7,1.0,-247.8,482.88,630.38,1063.00:00:00,False,525 964
NFLX,long,31,2019-10-01T20:00:00Z,26.958,2022-08-01T20:00:00Z,22.621,-134.45,1.0,-579.05,1308.54,1628.49,1035.00:00:00,False,530 964
NFLX,long,3,2020-05-01T20:00:00Z,41.527,2022-08-01T20:00:00Z,22.621,-56.72,1.0,-99.74,82.93,157.6,822.00:00:00,False,641 964
HCA,long,5,2019-05-01T20:00:00Z,116.251532516,2022-08-01T20:00:00Z,203.718243183,437.33,1.0,-258.0,743.48,523.09,1188.00:00:00,True,477 965
FISV,long,6,2021-12-01T21:00:00Z,95.55,2022-08-01T20:00:00Z,106.13,63.48,1.0,-43.02,83.52,126.54,242.23:00:00,True,866 966
TGT,long,3,2021-03-01T21:00:00Z,158.15585839,2022-08-01T20:00:00Z,143.35961178,-44.39,1.0,-112.48,211.82,324.3,517.23:00:00,False,766 967
DE,long,3,2022-01-03T21:00:00Z,329.813878223,2022-09-01T20:00:00Z,344.815946035,45.01,1.0,-167.22,252.82,420.03,240.23:00:00,True,881 976
COP,long,10,2022-04-01T20:00:00Z,84.495528024,2022-09-01T20:00:00Z,91.855040063,73.6,1.0,-150.94,190.54,341.48,153.00:00:00,True,919 977
MPC,long,9,2022-08-01T20:00:00Z,82.613057624,2022-09-01T20:00:00Z,89.042673976,57.87,2.0,-1.23,134.15,76.28,31.00:00:00,True,968 978
F,long,37,2022-03-01T21:00:00Z,12.64980244,2022-09-01T20:00:00Z,11.694238793,-35.36,1.0,-155.73,39.1,194.82,183.23:00:00,False,903 979
BDX,long,36,2021-12-01T21:00:00Z,169.4464481141703,2022-10-03T20:00:00Z,168.1217375598868,-47.69,1.0,-256.18,1074.48,1330.66,305.23:00:00,False,865 987
BDX,long,4,2022-08-01T20:00:00Z,177.71432986362126,2022-10-03T20:00:00Z,168.1217375598868,-38.37,1.0,-61.54,86.32,128.36,63.00:00:00,False,972 987
REGN,long,3,2021-03-01T21:00:00Z,458.72113077,2022-10-03T20:00:00Z,728.257563682,808.61,1.0,-48.5,819.64,566.13,580.23:00:00,True,767 988
NFLX,long,3,2020-05-01T20:00:00Z,41.527,2022-10-03T20:00:00Z,23.904,-52.87,1.0,-99.74,82.93,157.6,885.00:00:00,False,641 989
NFLX,long,14,2020-12-01T21:00:00Z,50.458,2022-10-03T20:00:00Z,23.904,-371.76,1.0,-590.51,261.95,735.45,670.23:00:00,False,722 989
NFLX,long,5,2021-03-01T21:00:00Z,55.064,2022-10-03T20:00:00Z,23.904,-155.8,1.0,-233.92,70.52,262.66,580.23:00:00,False,774 989
NFLX,long,14,2021-04-01T20:00:00Z,53.942,2022-10-03T20:00:00Z,23.904,-420.53,1.0,-639.28,213.18,735.45,550.00:00:00,False,781 989
NFLX,long,3,2021-05-03T20:00:00Z,50.911,2022-10-03T20:00:00Z,23.904,-81.02,1.0,-127.9,54.77,157.6,518.00:00:00,False,792 989
CVS,long,6,2020-03-02T21:00:00Z,51.920639997,2022-10-03T20:00:00Z,84.669486304,196.49,1.0,-57.07,258.13,111.59,944.23:00:00,True,594 990
NOC,long,1,2021-03-01T21:00:00Z,268.284448098,2022-10-03T20:00:00Z,454.864452169,186.58,1.0,0.0,196.65,54.52,580.23:00:00,True,762 991
MPC,long,4,2022-08-01T20:00:00Z,82.613057624,2022-10-03T20:00:00Z,94.591736854,47.91,1.0,-0.86,59.62,60.48,63.00:00:00,True,968 992
LOW,long,2,2021-07-01T20:00:00Z,177.008375462,2022-10-03T20:00:00Z,179.015553101,4.01,1.0,-38.66,122.14,160.8,459.00:00:00,True,813 993
MRNA,long,6,2022-10-03T20:00:00Z,120.99,2022-11-01T20:00:00Z,154.62,201.78,2.0,-15.66,201.78,125.22,29.00:00:00,True,994 1001
COP,long,8,2022-04-01T20:00:00Z,84.495528024,2022-11-01T20:00:00Z,112.248417668,222.02,1.0,-120.75,222.02,273.18,214.00:00:00,True,919 1002
NFLX,long,3,2021-05-03T20:00:00Z,50.911,2022-11-01T20:00:00Z,28.675,-66.71,1.0,-127.9,54.77,157.6,547.00:00:00,False,792 1003
NFLX,long,7,2021-06-01T20:00:00Z,49.908,2022-11-01T20:00:00Z,28.675,-148.63,1.0,-291.4,134.83,367.72,518.00:00:00,False,804 1003
NFLX,long,7,2021-12-01T21:00:00Z,61.777,2022-11-01T20:00:00Z,28.675,-231.71,1.0,-374.49,51.74,323.2,334.23:00:00,False,870 1003
NFLX,long,4,2022-01-03T21:00:00Z,59.737,2022-11-01T20:00:00Z,28.675,-124.25,1.0,-205.83,37.73,172.4,301.23:00:00,False,883 1003
T,long,28,2022-01-03T21:00:00Z,14.675303257431102,2022-11-01T20:00:00Z,14.960857491,8.0,1.0,-76.95,61.17,138.12,301.23:00:00,True,880 1004
F,long,30,2022-03-01T21:00:00Z,12.64980244,2022-11-01T20:00:00Z,10.311877342,-70.14,1.0,-126.26,31.7,157.96,244.23:00:00,False,903 1005
FCX,long,39,2021-07-01T20:00:00Z,34.887829467,2022-12-01T21:00:00Z,37.702636302,109.78,1.0,-430.72,555.59,986.31,518.01:00:00,True,812 1012
MRNA,long,4,2022-10-03T20:00:00Z,120.99,2022-12-01T21:00:00Z,181.48,241.96,1.0,-10.44,257.92,83.48,59.01:00:00,True,994 1013
HCA,long,3,2019-05-01T20:00:00Z,116.251532516,2022-12-01T21:00:00Z,230.958028071,344.12,1.0,-154.8,446.09,313.85,1310.01:00:00,True,477 1014
DE,long,2,2022-01-03T21:00:00Z,329.813878223,2023-01-03T21:00:00Z,404.629504554,149.63,1.0,-111.48,187.92,280.02,365.00:00:00,True,881 1020
EMR,long,8,2021-12-01T21:00:00Z,79.034888229,2023-01-03T21:00:00Z,89.52792121,83.94,1.0,-90.7,99.23,183.89,398.00:00:00,True,867 1021
MRNA,long,3,2022-10-03T20:00:00Z,120.99,2023-01-03T21:00:00Z,178.99,174.0,1.0,-7.83,267.15,100.62,92.01:00:00,True,994 1022
NOC,long,1,2021-03-01T21:00:00Z,268.284448098,2023-01-03T21:00:00Z,507.697255947,239.41,1.0,0.0,245.86,63.0,673.00:00:00,True,762 1023
PM,long,5,2021-03-01T21:00:00Z,66.384542785,2023-01-03T21:00:00Z,86.74518561,101.8,1.0,-1.33,128.27,109.25,673.00:00:00,True,763 1024
INTC,long,45,2018-09-04T20:00:00Z,41.019967384,2023-02-01T21:00:00Z,28.031555646,-584.48,1.515,-773.83,947.93,1721.76,1611.01:00:00,False,379 1029
INTC,long,16,2019-02-01T21:00:00Z,41.94083894,2023-02-01T21:00:00Z,28.031555646,-222.55,1.0,-289.87,322.31,612.18,1461.00:00:00,False,446 1029
INTC,long,9,2019-05-01T20:00:00Z,43.96493646,2023-02-01T21:00:00Z,28.031555646,-143.4,1.0,-181.27,163.08,344.35,1372.01:00:00,False,480 1029
INTC,long,6,2020-05-01T20:00:00Z,50.946827421,2023-02-01T21:00:00Z,28.031555646,-137.49,1.0,-162.74,66.83,229.57,1006.01:00:00,False,639 1029
INTC,long,28,2020-08-03T20:00:00Z,43.05954177,2023-02-01T21:00:00Z,28.031555646,-420.78,1.0,-538.6,532.72,1071.32,912.01:00:00,False,672 1029
INTC,long,16,2020-11-02T21:00:00Z,39.90420603,2023-02-01T21:00:00Z,28.031555646,-189.96,1.0,-257.29,354.89,612.18,821.00:00:00,False,704 1029
INTC,long,21,2021-05-03T20:00:00Z,52.080163058,2023-02-01T21:00:00Z,28.031555646,-505.02,1.0,-593.38,210.1,617.98,639.01:00:00,False,789 1029
INTC,long,7,2021-07-01T20:00:00Z,51.256554522,2023-02-01T21:00:00Z,28.031555646,-162.57,1.0,-192.03,75.8,197.54,580.01:00:00,False,816 1029
INTC,long,9,2021-08-02T20:00:00Z,49.124296496,2023-02-01T21:00:00Z,28.031555646,-189.83,1.0,-227.7,116.65,252.28,548.01:00:00,False,823 1029
INTC,long,15,2021-11-01T20:00:00Z,45.63903832,2023-02-01T21:00:00Z,28.031555646,-264.11,1.0,-327.23,246.69,420.46,457.01:00:00,False,855 1029
INTC,long,7,2022-05-02T20:00:00Z,42.01653624,2023-02-01T21:00:00Z,28.031555646,-97.89,1.0,-127.35,140.48,137.69,275.01:00:00,False,938 1029
INTC,long,7,2022-07-01T20:00:00Z,34.229325558,2023-02-01T21:00:00Z,28.031555646,-43.38,1.0,-72.84,194.99,100.99,215.01:00:00,False,961 1029
INTC,long,24,2022-08-01T20:00:00Z,34.813315152,2023-02-01T21:00:00Z,28.031555646,-162.76,1.0,-263.75,654.52,263.75,184.01:00:00,False,971 1029
INTC,long,24,2022-09-01T20:00:00Z,30.217346928,2023-02-01T21:00:00Z,28.031555646,-52.46,1.0,-153.45,764.83,153.45,153.01:00:00,False,981 1029
INTC,long,36,2022-10-03T20:00:00Z,25.660007766,2023-02-01T21:00:00Z,28.031555646,85.38,1.0,-66.11,1311.3,179.47,121.01:00:00,True,996 1029
INTC,long,33,2023-01-03T21:00:00Z,25.775145594,2023-02-01T21:00:00Z,28.031555646,74.46,1.0,-64.4,1198.23,74.46,29.00:00:00,True,1026 1029
LOW,long,30,2021-07-01T20:00:00Z,177.008375462,2023-02-01T21:00:00Z,199.186963524,665.36,1.0,-579.94,1832.05,2411.99,580.01:00:00,True,813 1030
LOW,long,2,2022-02-01T21:00:00Z,217.812790083,2023-02-01T21:00:00Z,199.186963524,-37.25,1.0,-120.27,40.53,121.68,365.00:00:00,False,895 1030
LOW,long,2,2022-03-01T21:00:00Z,202.44862995,2023-02-01T21:00:00Z,199.186963524,-6.52,1.0,-89.54,71.26,115.54,337.00:00:00,False,911 1030
LOW,long,4,2022-04-01T20:00:00Z,185.009714106,2023-02-01T21:00:00Z,199.186963524,56.71,1.0,-109.33,212.27,137.77,306.01:00:00,True,921 1030
LOW,long,3,2022-11-01T20:00:00Z,179.59953536,2023-02-01T21:00:00Z,199.186963524,58.76,1.0,-65.77,175.43,46.04,92.01:00:00,True,1008 1030
NOC,long,11,2021-03-01T21:00:00Z,268.284448098,2023-02-01T21:00:00Z,415.860175281,1623.33,1.0,0.0,2704.46,1132.19,702.00:00:00,True,762 1031
NOC,long,1,2021-08-02T20:00:00Z,332.206100048,2023-02-01T21:00:00Z,415.860175281,83.65,1.0,-63.92,181.94,102.93,548.01:00:00,True,825 1031
NOC,long,2,2022-08-01T20:00:00Z,443.866239525,2023-02-01T21:00:00Z,415.860175281,-56.01,1.0,-351.16,140.56,205.85,184.01:00:00,False,970 1031
NOC,long,1,2022-12-01T21:00:00Z,498.27300877,2023-02-01T21:00:00Z,415.860175281,-82.41,1.0,-229.99,15.87,101.44,62.00:00:00,False,1016 1031
PM,long,53,2021-03-01T21:00:00Z,66.384542785,2023-02-01T21:00:00Z,90.247533183,1264.74,1.0,-14.08,1359.66,1158.05,702.00:00:00,True,763 1032
PM,long,6,2021-11-01T20:00:00Z,75.806322282,2023-02-01T21:00:00Z,90.247533183,86.65,1.0,-58.12,97.39,131.1,457.01:00:00,True,858 1032
PM,long,8,2021-12-01T21:00:00Z,70.491278277,2023-02-01T21:00:00Z,90.247533183,158.05,1.0,-34.98,172.38,174.8,427.00:00:00,True,869 1032
PM,long,8,2022-04-01T20:00:00Z,80.67914691,2023-02-01T21:00:00Z,90.247533183,76.55,1.0,-116.48,90.88,162.55,306.01:00:00,True,922 1032
PM,long,8,2022-08-01T20:00:00Z,82.09632556,2023-02-01T21:00:00Z,90.247533183,65.21,1.0,-127.82,79.54,116.87,184.01:00:00,True,973 1032
PM,long,6,2022-10-03T20:00:00Z,71.896572308,2023-02-01T21:00:00Z,90.247533183,110.11,1.0,-34.67,120.85,21.73,121.01:00:00,True,997 1032
MU,long,20,2021-09-01T20:00:00Z,71.887121756,2023-02-01T21:00:00Z,61.66725374,-204.4,1.0,-478.92,465.73,944.64,518.01:00:00,False,833 1033
NFLX,long,12,2022-01-03T21:00:00Z,59.737,2023-02-01T21:00:00Z,36.199,-282.46,1.0,-617.5,113.18,517.2,394.00:00:00,False,883 1034
NFLX,long,18,2022-02-01T21:00:00Z,45.713,2023-02-01T21:00:00Z,36.199,-171.25,1.0,-673.81,422.21,523.37,365.00:00:00,False,893 1034
FCX,long,23,2021-07-01T20:00:00Z,34.887829467,2023-02-01T21:00:00Z,42.8514762775,183.16,1.0,-254.01,327.66,581.67,580.01:00:00,True,812 1035
F,long,78,2022-03-01T21:00:00Z,12.64980244,2023-02-01T21:00:00Z,10.73871564,-149.06,1.0,-328.29,82.42,410.71,337.00:00:00,False,903 1036
TGT,long,5,2021-03-01T21:00:00Z,158.15585839,2023-02-01T21:00:00Z,155.273146948,-14.41,1.0,-187.47,353.03,540.5,702.00:00:00,False,766 1037
MPC,long,4,2022-08-01T20:00:00Z,82.613057624,2023-02-01T21:00:00Z,113.870797959,125.03,1.0,-0.86,170.89,73.23,184.01:00:00,True,968 1038
T,long,26,2022-01-03T21:00:00Z,14.675303257431102,2023-02-01T21:00:00Z,16.702835694,52.72,1.0,-71.45,57.66,128.26,394.00:00:00,True,880 1039
CVS,long,35,2020-03-02T21:00:00Z,51.920639997,2023-03-01T21:00:00Z,72.354378246,715.18,1.0,-332.91,1505.76,790.58,1094.00:00:00,True,594 1049
CVS,long,12,2020-05-01T20:00:00Z,48.822735353,2023-03-01T21:00:00Z,72.354378246,282.38,1.0,-76.96,553.43,271.06,1034.01:00:00,True,634 1049
CVS,long,9,2020-09-01T20:00:00Z,49.673752084,2023-03-01T21:00:00Z,72.354378246,204.13,1.0,-65.38,407.42,203.29,911.01:00:00,True,684 1049
CVS,long,11,2021-03-01T21:00:00Z,57.958394032,2023-03-01T21:00:00Z,72.354378246,158.36,1.0,-171.04,406.82,248.47,730.00:00:00,True,771 1049
CVS,long,4,2021-07-01T20:00:00Z,69.235094064,2023-03-01T21:00:00Z,72.354378246,12.48,1.0,-107.3,102.83,90.35,608.01:00:00,True,818 1049
CVS,long,5,2022-04-01T20:00:00Z,86.59854632,2023-03-01T21:00:00Z,72.354378246,-71.22,1.0,-220.95,41.72,99.12,334.01:00:00,False,924 1049
CVS,long,4,2022-08-01T20:00:00Z,83.162480308,2023-03-01T21:00:00Z,72.354378246,-43.23,1.0,-163.01,47.12,79.3,212.01:00:00,False,975 1049
CVS,long,12,2022-11-01T20:00:00Z,82.444648494,2023-03-01T21:00:00Z,72.354378246,-121.08,1.0,-480.43,149.97,216.96,120.01:00:00,False,1006 1049
CVS,long,13,2023-02-01T21:00:00Z,76.758634082,2023-03-01T21:00:00Z,72.354378246,-57.26,1.0,-446.54,236.39,86.68,28.00:00:00,False,1044 1049
REGN,long,5,2021-03-01T21:00:00Z,458.72113077,2023-03-01T21:00:00Z,763.237464616,1522.58,1.0,-80.84,1585.44,943.55,730.00:00:00,True,767 1050
REGN,long,1,2021-04-01T20:00:00Z,470.490069402,2023-03-01T21:00:00Z,763.237464616,292.75,1.0,-27.94,305.32,188.71,699.01:00:00,True,782 1050
REGN,long,1,2021-10-01T20:00:00Z,565.453912606,2023-03-01T21:00:00Z,763.237464616,197.78,1.0,-122.9,210.35,188.71,516.01:00:00,True,844 1050
REGN,long,1,2022-01-03T21:00:00Z,621.23749294,2023-03-01T21:00:00Z,763.237464616,142.0,1.0,-178.68,154.57,188.71,422.00:00:00,True,884 1050
REGN,long,1,2022-08-01T20:00:00Z,571.288849352,2023-03-01T21:00:00Z,763.237464616,191.95,1.0,-128.74,204.52,85.1,212.01:00:00,True,974 1050
REGN,long,1,2022-11-01T20:00:00Z,752.805905374,2023-03-01T21:00:00Z,763.237464616,10.43,1.0,-310.25,23.0,85.1,120.01:00:00,True,1007 1050
F,long,312,2022-03-01T21:00:00Z,12.64980244,2023-03-01T21:00:00Z,9.702696474,-919.5,3.88,-1313.14,329.68,1642.82,365.00:00:00,False,903 1051
F,long,31,2022-04-01T20:00:00Z,12.61192878,2023-03-01T21:00:00Z,9.702696474,-90.19,1.0,-129.3,33.93,129.3,334.01:00:00,False,925 1051
F,long,57,2022-05-02T20:00:00Z,10.888684212,2023-03-01T21:00:00Z,9.702696474,-67.6,1.0,-139.52,160.61,235.75,303.01:00:00,False,934 1051
F,long,36,2022-06-01T20:00:00Z,10.332049795,2023-03-01T21:00:00Z,9.702696474,-22.66,1.0,-68.08,121.48,148.9,273.01:00:00,False,946 1051
F,long,62,2022-07-01T20:00:00Z,8.6278334635,2023-03-01T21:00:00Z,9.702696474,66.64,1.0,-11.58,314.88,256.43,243.01:00:00,True,959 1051
F,long,160,2022-10-03T20:00:00Z,8.829400577,2023-03-01T21:00:00Z,9.702696474,139.73,1.0,-62.14,780.33,425.8,149.01:00:00,True,995 1051
F,long,118,2023-01-03T21:00:00Z,9.085109065,2023-03-01T21:00:00Z,9.702696474,72.88,1.0,-76.0,545.32,213.16,57.00:00:00,True,1025 1051
T,long,306,2022-01-03T21:00:00Z,14.675303257431102,2023-03-01T21:00:00Z,15.437093316,233.11,2.42,-840.95,678.65,1509.47,422.00:00:00,True,880 1052
T,long,37,2022-03-01T21:00:00Z,13.854767733289613,2023-03-01T21:00:00Z,15.437093316,58.55,1.0,-71.32,112.42,182.52,365.00:00:00,True,910 1052
T,long,81,2022-08-01T20:00:00Z,15.000734736,2023-03-01T21:00:00Z,15.437093316,35.35,1.0,-248.96,153.28,248.96,212.01:00:00,True,969 1052
T,long,28,2022-09-01T20:00:00Z,14.02312275,2023-03-01T21:00:00Z,15.437093316,39.59,1.0,-58.69,80.36,58.69,181.01:00:00,True,984 1052
T,long,32,2022-10-03T20:00:00Z,12.74100867,2023-03-01T21:00:00Z,15.437093316,86.27,1.0,-26.05,132.87,46.59,149.01:00:00,True,998 1052
FISV,long,11,2021-12-01T21:00:00Z,95.55,2023-03-01T21:00:00Z,115.81,222.86,1.0,-78.87,244.09,231.99,455.00:00:00,True,866 1053
HCA,long,2,2019-05-01T20:00:00Z,116.251532516,2023-03-01T21:00:00Z,237.15148884,241.8,1.0,-103.2,297.39,209.23,1400.01:00:00,True,477 1054
TGT,long,3,2021-03-01T21:00:00Z,158.15585839,2023-03-01T21:00:00Z,143.329128928,-44.48,1.0,-112.48,211.82,324.3,730.00:00:00,False,766 1055
EPD,long,22,2023-02-01T21:00:00Z,20.152767768,2023-03-01T21:00:00Z,20.105681862,-1.04,3.03,-2.59,18.99,21.58,28.00:00:00,False,1040 1056
TGT,long,13,2021-03-01T21:00:00Z,158.15585839,2023-04-03T20:00:00Z,146.51441676,-151.34,1.0,-487.41,917.88,1405.29,762.23:00:00,False,766 1065
TGT,long,2,2021-10-01T20:00:00Z,195.45556116,2023-04-03T20:00:00Z,146.51441676,-97.88,1.0,-149.59,66.61,216.2,549.00:00:00,False,847 1065
TGT,long,2,2021-12-01T21:00:00Z,206.290148064,2023-04-03T20:00:00Z,146.51441676,-119.55,1.0,-171.25,44.94,188.69,487.23:00:00,False,871 1065
TGT,long,5,2022-01-03T21:00:00Z,199.163074184,2023-04-03T20:00:00Z,146.51441676,-263.24,1.0,-392.5,147.99,471.72,454.23:00:00,False,882 1065
TGT,long,4,2022-03-01T21:00:00Z,189.32376965,2023-04-03T20:00:00Z,146.51441676,-171.24,1.0,-274.64,157.75,377.37,397.23:00:00,False,907 1065
TGT,long,16,2022-06-01T20:00:00Z,135.56597538,2023-04-03T20:00:00Z,146.51441676,175.18,1.0,-238.45,1491.13,528.18,306.00:00:00,True,944 1065
TGT,long,3,2022-11-01T20:00:00Z,143.456491199,2023-04-03T20:00:00Z,146.51441676,9.17,1.0,-68.38,255.92,98.72,153.00:00:00,True,1010 1065
TGT,long,2,2022-12-01T21:00:00Z,144.750909748,2023-04-03T20:00:00Z,146.51441676,3.53,1.0,-48.18,168.02,42.02,122.23:00:00,True,1019 1065
TGT,long,4,2023-01-03T21:00:00Z,133.01861527,2023-04-03T20:00:00Z,146.51441676,53.98,1.0,-49.42,382.97,84.04,89.23:00:00,True,1028 1065
MPC,long,6,2022-08-01T20:00:00Z,82.613057624,2023-04-03T20:00:00Z,126.339870528,262.36,1.0,-1.29,262.36,109.84,245.00:00:00,True,968 1066
MRNA,long,4,2022-10-03T20:00:00Z,120.99,2023-04-03T20:00:00Z,159.48,153.96,1.0,-10.44,356.2,297.52,182.00:00:00,True,994 1067
HCA,long,2,2019-05-01T20:00:00Z,116.251532516,2023-04-03T20:00:00Z,257.053620512,281.6,1.0,-103.2,297.39,209.23,1433.00:00:00,True,477 1068
OXY,long,7,2023-02-01T21:00:00Z,59.5862791,2023-04-03T20:00:00Z,61.340389596,12.28,2.0,-42.93,18.65,61.58,60.23:00:00,True,1042 1069
MU,long,16,2021-09-01T20:00:00Z,71.887121756,2023-05-01T20:00:00Z,61.545105145,-165.47,1.0,-383.13,372.58,755.72,607.00:00:00,False,833 1074
HCA,long,3,2019-05-01T20:00:00Z,116.251532516,2023-05-01T20:00:00Z,276.369619782,480.35,1.0,-154.8,490.05,313.85,1461.00:00:00,True,477 1075
FISV,long,6,2021-12-01T21:00:00Z,95.55,2023-05-01T20:00:00Z,121.44,155.34,1.0,-43.02,159.42,126.54,515.23:00:00,True,866 1076
EOG,long,5,2023-02-01T21:00:00Z,111.885224181,2023-05-01T20:00:00Z,105.960575416,-29.62,2.0,-109.31,30.11,139.42,88.23:00:00,False,1043 1077
XOM,long,5,2023-03-01T21:00:00Z,98.83521054,2023-05-01T20:00:00Z,102.1721909175,16.68,2.0,-49.28,32.66,62.06,60.23:00:00,True,1060 1078
COP,long,5,2022-04-01T20:00:00Z,84.495528024,2023-05-01T20:00:00Z,91.946802135,37.26,1.0,-75.47,170.21,172.06,395.00:00:00,True,919 1079
EPD,long,17,2023-02-01T21:00:00Z,20.152767768,2023-05-01T20:00:00Z,21.02621091,14.85,1.0,-10.14,17.74,24.81,88.23:00:00,True,1040 1080
VLO,long,64,2023-03-01T21:00:00Z,126.08321865,2023-05-02T20:00:00Z,103.3540233,-1454.67,2.0,-1651.64,108.91,1760.55,61.23:00:00,False,1059 1089
VLO,long,10,2023-05-01T20:00:00Z,104.46740085,2023-05-02T20:00:00Z,103.3540233,-11.13,1.0,-41.91,233.18,41.91,1.00:00:00,False,1081 1089
PSX,long,84,2023-03-01T21:00:00Z,95.189677128,2023-06-01T20:00:00Z,83.50485656,-981.52,2.0,-1144.51,0.0,1144.51,91.23:00:00,False,1058 1091
PSX,long,3,2023-05-01T20:00:00Z,87.34300848,2023-06-01T20:00:00Z,83.50485656,-11.51,1.0,-17.34,23.54,17.34,31.00:00:00,False,1088 1091
NFLX,long,31,2022-02-01T21:00:00Z,45.713,2023-06-01T20:00:00Z,40.313,-167.4,1.0,-1160.45,727.14,901.36,484.23:00:00,False,893 1092
NFLX,long,14,2022-03-01T21:00:00Z,38.624,2023-06-01T20:00:00Z,40.313,23.65,1.0,-424.83,427.63,315.63,456.23:00:00,True,909 1092
MU,long,12,2021-09-01T20:00:00Z,71.887121756,2023-06-01T20:00:00Z,68.198096463,-44.27,1.0,-287.35,279.44,566.79,638.00:00:00,False,833 1093
DE,long,2,2022-01-03T21:00:00Z,329.813878223,2023-07-03T17:00:00Z,390.204791095,120.78,1.0,-111.48,187.92,280.02,545.20:00:00,True,881 1103
FCX,long,18,2021-07-01T20:00:00Z,34.887829467,2023-07-03T17:00:00Z,39.117701979,76.14,1.0,-198.79,256.43,455.22,731.21:00:00,True,812 1104
HCA,long,2,2019-09-03T20:00:00Z,113.125111056,2023-07-03T17:00:00Z,290.557749924,354.87,2.0,-96.95,365.63,209.23,1398.21:00:00,True,524 1105
CI,long,2,2023-06-01T20:00:00Z,236.899556173,2023-07-03T17:00:00Z,263.168752077,52.54,2.0,0.0,53.35,15.93,31.21:00:00,True,1095 1106
EMR,long,5,2021-12-01T21:00:00Z,79.034888229,2023-07-03T17:00:00Z,85.685019036,33.25,1.0,-56.69,62.39,114.93,578.20:00:00,True,867 1107
MRNA,long,39,2022-10-03T20:00:00Z,120.99,2023-08-01T20:00:00Z,113.94,-274.95,1.0,-274.95,3472.95,3747.9,302.00:00:00,False,994 1113
MRNA,long,3,2023-02-01T21:00:00Z,174.3,2023-08-01T20:00:00Z,113.94,-181.08,1.0,-181.08,107.22,190.02,180.23:00:00,False,1048 1113
MRNA,long,9,2023-03-01T21:00:00Z,135.66,2023-08-01T20:00:00Z,113.94,-195.48,1.0,-195.48,669.42,419.31,152.23:00:00,False,1061 1113
MRNA,long,7,2023-05-01T20:00:00Z,133.4,2023-08-01T20:00:00Z,113.94,-136.22,1.0,-136.22,536.48,166.67,92.00:00:00,False,1082 1113
MRNA,long,6,2023-07-03T17:00:00Z,121.74,2023-08-01T20:00:00Z,113.94,-46.8,1.0,-46.8,529.8,76.02,29.03:00:00,False,1109 1113
MPC,long,9,2022-08-01T20:00:00Z,82.613057624,2023-08-01T20:00:00Z,126.545760432,395.39,1.0,-1.93,395.39,256.35,365.00:00:00,True,968 1114
EOG,long,7,2023-02-01T21:00:00Z,111.885224181,2023-08-01T20:00:00Z,118.466846425,46.07,1.0,-153.03,50.98,195.18,180.23:00:00,True,1043 1115
MU,long,10,2021-09-01T20:00:00Z,71.887121756,2023-08-01T20:00:00Z,69.977967556,-19.09,1.0,-239.46,232.86,472.32,699.00:00:00,False,833 1116
COP,long,6,2022-04-01T20:00:00Z,84.495528024,2023-08-01T20:00:00Z,106.44241422,131.68,1.0,-90.56,204.26,206.47,487.00:00:00,True,919 1117
QCOM,long,5,2023-04-03T20:00:00Z,115.438163148,2023-08-01T20:00:00Z,123.079646144,38.21,2.0,-100.5,38.63,100.5,120.00:00:00,True,1070 1118
MMM,long,8,2021-01-04T21:00:00Z,98.54008359818872,2023-08-01T20:00:00Z,70.12631283763068,-227.31,1.0,-314.69,171.57,486.26,938.23:00:00,False,737 1119
FCX,long,13,2021-07-01T20:00:00Z,34.887829467,2023-08-01T20:00:00Z,42.122503548,94.05,1.0,-143.57,185.2,328.77,761.00:00:00,True,812 1120
MPC,long,5,2022-08-01T20:00:00Z,82.613057624,2023-09-01T20:00:00Z,137.574875324,274.81,1.0,-1.07,289.11,142.42,396.00:00:00,True,968 1127
XOM,long,5,2023-03-01T21:00:00Z,98.83521054,2023-09-01T20:00:00Z,102.866068536,20.15,1.0,-49.28,32.66,73.26,183.23:00:00,True,1060 1128
EMR,long,5,2021-12-01T21:00:00Z,79.034888229,2023-09-01T20:00:00Z,93.835106428,74.0,1.0,-56.69,74.0,114.93,638.23:00:00,True,867 1129
MCK,long,2,2023-08-01T20:00:00Z,399.096704006,2023-10-02T20:00:00Z,431.65764763,65.12,2.0,0.0,82.88,63.72,62.00:00:00,True,1121 1134
OXY,long,12,2023-02-01T21:00:00Z,59.5862791,2023-10-02T20:00:00Z,58.96822715,-7.42,1.0,-79.93,49.37,111.91,242.23:00:00,False,1042 1135
MPC,long,5,2022-08-01T20:00:00Z,82.613057624,2023-10-02T20:00:00Z,141.401636038,293.94,1.0,-1.07,323.73,142.42,427.00:00:00,True,968 1136
XOM,long,6,2023-03-01T21:00:00Z,98.83521054,2023-10-02T20:00:00Z,104.778043559,35.66,1.0,-59.13,60.5,87.92,214.23:00:00,True,1060 1137
CVX,long,4,2023-03-01T21:00:00Z,140.234727936,2023-10-02T20:00:00Z,146.903002136,26.67,2.0,-35.75,42.69,70.27,214.23:00:00,True,1057 1138
COP,long,5,2022-04-01T20:00:00Z,84.495528024,2023-10-02T20:00:00Z,107.18597441,113.45,1.0,-75.47,170.21,172.06,549.00:00:00,True,919 1139
CI,long,2,2023-06-01T20:00:00Z,236.899556173,2023-10-02T20:00:00Z,271.297641758,68.8,1.0,0.0,88.66,54.24,123.00:00:00,True,1095 1140
MU,long,14,2021-09-01T20:00:00Z,71.887121756,2023-11-01T20:00:00Z,68.74749426,-43.95,1.0,-335.24,326.01,661.25,791.00:00:00,False,833 1148
MU,long,7,2021-11-01T20:00:00Z,69.03857121,2023-11-01T20:00:00Z,68.74749426,-2.04,1.0,-147.68,182.94,330.63,730.00:00:00,False,857 1148
MU,long,4,2022-02-01T21:00:00Z,79.620755175,2023-11-01T20:00:00Z,68.74749426,-43.49,1.0,-126.72,62.21,183.85,637.23:00:00,False,897 1148
MU,long,14,2022-04-01T20:00:00Z,74.46911147,2023-11-01T20:00:00Z,68.74749426,-80.1,1.0,-371.39,289.86,391.78,579.00:00:00,False,920 1148
MU,long,5,2022-05-02T20:00:00Z,69.10873738,2023-11-01T20:00:00Z,68.74749426,-1.81,1.0,-105.84,130.32,129.18,548.00:00:00,False,937 1148
MU,long,19,2022-07-01T20:00:00Z,52.516767145,2023-11-01T20:00:00Z,68.74749426,308.38,1.0,-86.94,810.48,301.14,488.00:00:00,True,955 1148
MU,long,7,2022-09-01T20:00:00Z,56.209298409,2023-11-01T20:00:00Z,68.74749426,87.77,1.0,-57.88,272.75,96.18,426.00:00:00,True,985 1148
MU,long,6,2022-10-03T20:00:00Z,50.726660508,2023-11-01T20:00:00Z,68.74749426,108.13,1.0,-16.71,266.68,82.44,394.00:00:00,True,1000 1148
MU,long,8,2022-11-01T20:00:00Z,53.919880638,2023-11-01T20:00:00Z,68.74749426,118.62,1.0,-47.83,330.03,109.92,365.00:00:00,True,1011 1148
MU,long,15,2023-01-03T21:00:00Z,49.619481963,2023-11-01T20:00:00Z,68.74749426,286.92,1.0,-25.17,683.31,194.94,301.23:00:00,True,1027 1148
MU,long,17,2023-07-03T17:00:00Z,63.084966637,2023-11-01T20:00:00Z,68.74749426,96.26,1.0,-257.44,545.5,134.16,121.03:00:00,True,1108 1148
NFLX,long,14,2022-04-01T20:00:00Z,37.347,2023-11-01T20:00:00Z,42.019,65.41,2.0,-406.95,445.51,315.18,579.00:00:00,True,923 1149
NFLX,long,8,2022-05-02T20:00:00Z,19.946,2023-11-01T20:00:00Z,42.019,176.58,1.0,-93.34,393.78,105.12,548.00:00:00,True,932 1149
VZ,long,30,2023-06-01T20:00:00Z,28.697408708,2023-11-01T20:00:00Z,29.56696854,26.09,2.28,-92.43,42.42,134.85,153.00:00:00,True,1094 1150
CI,long,3,2023-06-01T20:00:00Z,236.899556173,2023-11-01T20:00:00Z,291.932264507,165.1,1.0,0.0,172.8,81.35,153.00:00:00,True,1095 1151
EMR,long,70,2021-12-01T21:00:00Z,79.034888229,2023-12-01T21:00:00Z,85.998370812,487.44,1.0,-793.66,1115.7,1609.03,730.00:00:00,True,867 1161
EMR,long,6,2022-09-01T20:00:00Z,75.98989193,2023-12-01T21:00:00Z,85.998370812,60.05,1.0,-49.76,113.9,109.35,456.01:00:00,True,982 1161
EMR,long,11,2023-02-01T21:00:00Z,85.38095286,2023-12-01T21:00:00Z,85.998370812,6.79,1.0,-194.52,105.52,160.38,303.00:00:00,True,1045 1161
EMR,long,5,2023-11-01T20:00:00Z,85.003678599,2023-12-01T21:00:00Z,85.998370812,4.97,1.0,-86.53,49.85,34.24,30.01:00:00,True,1158 1161
VLO,long,66,2023-11-01T20:00:00Z,117.620630328,2023-12-01T21:00:00Z,117.321978898,-19.71,2.0,-474.66,74.75,549.42,30.01:00:00,False,1152 1162
QCOM,long,61,2023-04-03T20:00:00Z,115.438163148,2023-12-01T21:00:00Z,122.463395245,428.54,1.0,-1226.12,471.25,1514.76,242.01:00:00,True,1070 1163
QCOM,long,5,2023-05-01T20:00:00Z,107.201834368,2023-12-01T21:00:00Z,122.463395245,76.31,1.0,-59.32,79.81,124.16,214.01:00:00,True,1084 1163
QCOM,long,9,2023-09-01T20:00:00Z,108.2836417135,2023-12-01T21:00:00Z,122.463395245,127.62,1.0,-116.51,133.92,99.41,91.01:00:00,True,1130 1163
FISV,long,9,2021-12-01T21:00:00Z,95.55,2023-12-01T21:00:00Z,130.61,315.54,1.0,-64.53,315.54,189.81,730.00:00:00,True,866 1164
NFLX,long,18,2022-05-02T20:00:00Z,19.946,2023-12-01T21:00:00Z,46.574,479.3,1.0,-210.01,886.01,236.52,578.01:00:00,True,932 1165
HCA,long,2,2019-09-03T20:00:00Z,113.125111056,2023-12-01T21:00:00Z,246.65439276,267.06,1.0,-96.95,365.63,209.23,1550.01:00:00,True,524 1166
HCA,long,1,2020-04-01T20:00:00Z,79.453975884,2023-12-01T21:00:00Z,246.65439276,167.2,1.0,-14.8,216.49,104.62,1339.01:00:00,True,622 1166
FCX,long,15,2021-07-01T20:00:00Z,34.887829467,2023-12-01T21:00:00Z,37.942109532,45.81,1.0,-165.66,213.69,379.35,883.01:00:00,True,812 1167
MMM,long,7,2021-01-04T21:00:00Z,98.54008359818872,2023-12-01T21:00:00Z,65.29183975757319,-232.74,1.0,-304.03,150.13,454.16,1061.00:00:00,False,737 1168
VZ,long,14,2023-06-01T20:00:00Z,28.697408708,2023-12-01T21:00:00Z,32.222984358,49.36,1.0,-43.13,49.36,62.93,183.01:00:00,True,1094 1169
FCX,long,19,2021-07-01T20:00:00Z,34.887829467,2024-01-02T21:00:00Z,40.697843787,110.39,1.0,-209.84,270.67,480.51,915.01:00:00,True,812 1179
FCX,long,3,2021-09-01T20:00:00Z,33.830089861,2024-01-02T21:00:00Z,40.697843787,20.6,1.0,-29.96,45.91,75.87,853.01:00:00,True,837 1179
CI,long,3,2023-06-01T20:00:00Z,236.899556173,2024-01-02T21:00:00Z,293.95855076,171.18,1.0,0.0,191.93,170.37,215.01:00:00,True,1095 1180
MMM,long,9,2021-01-04T21:00:00Z,98.54008359818872,2024-01-02T21:00:00Z,71.928917108994,-239.5,1.0,-390.9,193.02,583.92,1093.00:00:00,False,737 1181
HCA,long,4,2020-04-01T20:00:00Z,79.453975884,2024-02-01T21:00:00Z,308.249085694,915.18,1.0,-59.21,915.18,418.47,1401.01:00:00,True,622 1188
NFLX,long,21,2022-05-02T20:00:00Z,19.946,2024-02-01T21:00:00Z,56.751,772.9,1.0,-245.01,1033.68,275.94,640.01:00:00,True,932 1189
VZ,long,28,2023-06-01T20:00:00Z,28.697408708,2024-02-01T21:00:00Z,36.087164904,206.91,1.0,-86.27,206.91,125.86,245.01:00:00,True,1094 1190
MPC,long,5,2022-08-01T20:00:00Z,82.613057624,2024-02-01T21:00:00Z,158.775099989,380.81,1.0,-1.07,391.99,142.42,549.01:00:00,True,968 1191
PSX,long,4,2023-12-01T21:00:00Z,118.5622719,2024-02-01T21:00:00Z,133.05118485,57.96,2.0,-18.58,57.96,29.54,62.00:00:00,True,1172 1192
MCK,long,1,2023-08-01T20:00:00Z,399.096704006,2024-02-01T21:00:00Z,495.9121108,96.82,1.0,0.0,96.82,31.86,184.01:00:00,True,1121 1193
FCX,long,7,2021-09-01T20:00:00Z,33.830089861,2024-03-01T21:00:00Z,36.80913057,20.85,1.095,-69.9,107.13,177.03,912.01:00:00,True,837 1200
FCX,long,15,2021-10-01T20:00:00Z,30.964570965,2024-03-01T21:00:00Z,36.80913057,87.67,1.0,-106.81,272.54,379.35,882.01:00:00,True,846 1200
FCX,long,16,2022-02-01T21:00:00Z,36.909483144,2024-03-01T21:00:00Z,36.80913057,-1.61,1.0,-209.05,195.59,404.64,759.00:00:00,False,894 1200
FCX,long,22,2022-05-02T20:00:00Z,38.075978318,2024-03-01T21:00:00Z,36.80913057,-27.87,1.0,-313.11,243.27,379.82,669.01:00:00,False,933 1200
FCX,long,10,2022-06-01T20:00:00Z,37.554779013,2024-03-01T21:00:00Z,36.80913057,-7.46,1.0,-137.11,115.79,172.65,639.01:00:00,False,947 1200
FCX,long,37,2022-07-01T20:00:00Z,27.67094492,2024-03-01T21:00:00Z,36.80913057,338.11,1.0,-141.6,794.13,471.08,609.01:00:00,True,956 1200
FCX,long,16,2022-09-01T20:00:00Z,26.685288864,2024-03-01T21:00:00Z,36.80913057,161.98,1.0,-45.46,359.18,203.71,547.01:00:00,True,983 1200
FCX,long,9,2023-04-03T20:00:00Z,39.38607524,2024-03-01T21:00:00Z,36.80913057,-23.19,1.0,-139.88,87.73,97.9,333.01:00:00,False,1072 1200
FCX,long,12,2023-05-01T20:00:00Z,36.095362974,2024-03-01T21:00:00Z,36.80913057,8.57,1.0,-147.02,156.46,130.53,305.01:00:00,True,1086 1200
FCX,long,10,2023-06-01T20:00:00Z,34.032496669,2024-03-01T21:00:00Z,36.80913057,27.77,1.0,-101.89,151.01,108.78,274.01:00:00,True,1101 1200
FCX,long,20,2023-09-01T20:00:00Z,39.955708098,2024-03-01T21:00:00Z,36.80913057,-62.93,1.0,-322.24,183.56,156.3,182.01:00:00,False,1131 1200
FCX,long,10,2023-10-02T20:00:00Z,35.285060128,2024-03-01T21:00:00Z,36.80913057,15.24,1.0,-114.41,138.49,61.94,151.01:00:00,True,1147 1200
FCX,long,17,2023-11-01T20:00:00Z,32.595018153,2024-03-01T21:00:00Z,36.80913057,71.64,1.0,-148.77,281.16,105.31,121.01:00:00,True,1155 1200
FCX,long,18,2024-02-01T21:00:00Z,38.99264082,2024-03-01T21:00:00Z,36.80913057,-39.3,1.0,-272.68,182.54,61.49,29.00:00:00,False,1197 1200
CI,long,21,2023-06-01T20:00:00Z,236.899556173,2024-03-01T21:00:00Z,315.628632896,1653.31,1.0,0.0,1877.86,1192.58,274.01:00:00,True,1095 1201
CI,long,2,2023-09-01T20:00:00Z,259.881138727,2024-03-01T21:00:00Z,315.628632896,111.49,1.0,-45.96,132.88,113.58,182.01:00:00,True,1132 1201
CI,long,6,2023-12-01T21:00:00Z,253.823786554,2024-03-01T21:00:00Z,315.628632896,370.83,1.0,-101.55,434.99,89.92,91.00:00:00,True,1173 1201
MMM,long,34,2021-01-04T21:00:00Z,98.54008359818872,2024-03-01T21:00:00Z,61.064894977547006,-1274.16,1.0,-1476.74,729.19,2205.93,1152.00:00:00,False,737 1202
MMM,long,3,2021-08-02T20:00:00Z,115.01971079255709,2024-03-01T21:00:00Z,61.064894977547006,-161.86,1.0,-179.74,14.9,188.12,942.01:00:00,False,824 1202
MMM,long,5,2021-10-01T20:00:00Z,103.66954548964712,2024-03-01T21:00:00Z,61.064894977547006,-213.02,1.0,-242.81,81.59,263.41,882.01:00:00,False,845 1202
MMM,long,4,2021-12-01T21:00:00Z,100.99947662435402,2024-03-01T21:00:00Z,61.064894977547006,-159.74,1.0,-183.57,75.95,207.9,821.00:00:00,False,873 1202
MMM,long,4,2022-02-01T21:00:00Z,99.05922663414738,2024-03-01T21:00:00Z,61.064894977547006,-151.98,1.0,-175.81,83.71,175.81,759.00:00:00,False,896 1202
MMM,long,8,2022-03-01T21:00:00Z,86.44111777055709,2024-03-01T21:00:00Z,61.064894977547006,-203.01,1.0,-250.68,268.37,296.26,731.00:00:00,False,906 1202
MMM,long,11,2022-09-01T20:00:00Z,76.56957311661911,2024-03-01T21:00:00Z,61.064894977547006,-170.55,1.0,-236.09,477.59,285.37,547.01:00:00,False,980 1202
MMM,long,5,2022-10-03T20:00:00Z,69.00586697654714,2024-03-01T21:00:00Z,61.064894977547006,-39.7,1.0,-69.5,254.91,129.71,515.01:00:00,False,999 1202
MMM,long,6,2022-12-01T21:00:00Z,77.70046307969264,2024-03-01T21:00:00Z,61.064894977547006,-99.81,1.0,-135.56,253.72,148.51,456.00:00:00,False,1017 1202
MMM,long,11,2023-02-01T21:00:00Z,71.46025447429236,2024-03-01T21:00:00Z,61.064894977547006,-114.35,1.0,-179.89,533.79,209.87,394.00:00:00,False,1047 1202
MMM,long,9,2023-06-01T20:00:00Z,59.81921638673072,2024-03-01T21:00:00Z,61.064894977547006,11.21,1.0,-42.41,541.51,147.39,274.01:00:00,True,1098 1202
MMM,long,15,2023-10-02T20:00:00Z,58.08724478916743,2024-03-01T21:00:00Z,61.064894977547006,44.66,1.0,-44.71,928.49,172.43,151.01:00:00,True,1142 1202
MMM,long,21,2024-02-01T21:00:00Z,62.715476726578316,2024-03-01T21:00:00Z,61.064894977547006,-34.66,1.0,-159.79,1202.7,47.92,29.00:00:00,False,1194 1202
PFE,long,229,2023-02-01T21:00:00Z,35.480517558,2024-03-01T21:00:00Z,22.554959523,-2959.95,2.98,-3124.56,68.36,3192.91,394.00:00:00,False,1041 1203
PFE,long,17,2023-05-01T20:00:00Z,31.608155478,2024-03-01T21:00:00Z,22.554959523,-153.9,1.0,-166.12,70.9,187.33,305.01:00:00,False,1085 1203
PFE,long,16,2023-07-03T17:00:00Z,29.870728371,2024-03-01T21:00:00Z,22.554959523,-117.05,1.0,-128.55,94.53,140.03,242.04:00:00,False,1110 1203
PFE,long,14,2023-08-01T20:00:00Z,29.378969473,2024-03-01T21:00:00Z,22.554959523,-95.54,1.0,-105.6,89.6,121.76,213.01:00:00,False,1125 1203
PFE,long,14,2023-10-02T20:00:00Z,27.985467974,2024-03-01T21:00:00Z,22.554959523,-76.03,1.0,-86.09,109.11,86.09,151.01:00:00,False,1145 1203
PFE,long,18,2023-11-01T20:00:00Z,25.157237121,2024-03-01T21:00:00Z,22.554959523,-46.84,1.0,-59.78,191.19,70.91,121.01:00:00,False,1156 1203
PFE,long,35,2024-01-02T21:00:00Z,24.844590993,2024-03-01T21:00:00Z,22.554959523,-80.14,1.0,-105.29,382.7,81.03,59.00:00:00,False,1182 1203
PFE,long,24,2024-02-01T21:00:00Z,23.148734313,2024-03-01T21:00:00Z,22.554959523,-14.25,1.0,-31.5,303.13,24.43,29.00:00:00,False,1198 1203
FISV,long,4,2021-12-01T21:00:00Z,95.55,2024-03-01T21:00:00Z,150.35,219.2,1.0,-28.68,221.64,84.36,821.00:00:00,True,866 1204
NFLX,long,7,2022-05-02T20:00:00Z,19.946,2024-03-01T21:00:00Z,61.934,293.92,1.0,-81.67,344.56,91.98,669.01:00:00,True,932 1205
MPC,long,5,2022-08-01T20:00:00Z,82.613057624,2024-04-01T20:00:00Z,194.672479948,560.3,1.0,-1.07,560.3,142.42,609.00:00:00,True,968 1213
COP,long,4,2022-04-01T20:00:00Z,84.495528024,2024-04-01T20:00:00Z,119.2239502,138.91,1.0,-60.38,138.91,137.65,731.00:00:00,True,919 1214
XOM,long,4,2023-03-01T21:00:00Z,98.83521054,2024-04-01T20:00:00Z,107.946337248,36.44,1.0,-41.27,40.34,81.61,396.23:00:00,True,1060 1215
MCK,long,17,2023-08-01T20:00:00Z,399.096704006,2024-05-01T20:00:00Z,525.43810223,2147.8,1.0,0.0,2352.99,541.58,274.00:00:00,True,1121 1217
EOG,long,8,2023-02-01T21:00:00Z,111.885224181,2024-05-01T20:00:00Z,120.834566285,71.59,1.0,-174.9,124.2,223.06,454.23:00:00,True,1043 1218
OXY,long,13,2023-02-01T21:00:00Z,59.5862791,2024-05-01T20:00:00Z,61.41947077,23.83,1.0,-88.91,83.42,142.4,454.23:00:00,True,1042 1219
XOM,long,5,2023-03-01T21:00:00Z,98.83521054,2024-05-01T20:00:00Z,107.023403448,40.94,1.0,-51.59,69.74,102.01,426.23:00:00,True,1060 1220
SO,long,7,2023-12-01T21:00:00Z,64.270568304,2024-05-01T20:00:00Z,67.675338,23.83,2.0,-29.5,23.83,39.32,151.23:00:00,True,1171 1221
HCA,long,1,2020-04-01T20:00:00Z,79.453975884,2024-06-03T20:00:00Z,326.59116222,247.14,1.0,-14.8,254.06,104.62,1524.00:00:00,True,622 1229
HCA,long,5,2020-07-01T20:00:00Z,93.071132864,2024-06-03T20:00:00Z,326.59116222,1167.6,1.0,-142.1,1202.2,523.09,1433.00:00:00,True,657 1229
HCA,long,3,2021-12-01T21:00:00Z,216.353718042,2024-06-03T20:00:00Z,326.59116222,330.71,1.0,-455.11,351.47,313.85,914.23:00:00,True,868 1229
HCA,long,2,2022-05-02T20:00:00Z,202.995247044,2024-06-03T20:00:00Z,326.59116222,247.19,1.0,-276.69,261.03,158.29,763.00:00:00,True,935 1229
HCA,long,1,2022-06-01T20:00:00Z,199.26888519,2024-06-03T20:00:00Z,326.59116222,127.32,1.0,-134.62,134.24,79.15,733.00:00:00,True,948 1229
HCA,long,4,2022-07-01T20:00:00Z,169.090681578,2024-06-03T20:00:00Z,326.59116222,630.0,1.0,-417.76,657.68,316.58,703.00:00:00,True,957 1229
HCA,long,2,2022-09-01T20:00:00Z,192.649014285,2024-06-03T20:00:00Z,326.59116222,267.88,1.0,-256.0,281.73,158.29,641.00:00:00,True,986 1229
HCA,long,1,2023-06-01T20:00:00Z,260.663814834,2024-06-03T20:00:00Z,326.59116222,65.93,1.0,-196.01,72.85,79.15,368.00:00:00,True,1102 1229
HCA,long,4,2023-08-01T20:00:00Z,267.066220203,2024-06-03T20:00:00Z,326.59116222,238.1,1.0,-809.66,265.78,228.15,307.00:00:00,True,1123 1229
HCA,long,3,2023-10-02T20:00:00Z,241.62082911,2024-06-03T20:00:00Z,326.59116222,254.91,1.0,-530.91,275.67,107.58,245.00:00:00,True,1143 1229
HCA,long,2,2023-11-01T20:00:00Z,220.26483576,2024-06-03T20:00:00Z,326.59116222,212.65,1.0,-311.23,226.49,71.72,215.00:00:00,True,1157 1229
HCA,long,1,2024-05-01T20:00:00Z,303.758248384,2024-06-03T20:00:00Z,326.59116222,22.83,1.0,-239.11,29.75,11.43,33.00:00:00,True,1228 1229
NFLX,long,21,2022-05-02T20:00:00Z,19.946,2024-06-03T20:00:00Z,63.379,912.09,1.0,-245.01,1033.68,275.94,763.00:00:00,True,932 1230
DUK,long,8,2024-03-01T21:00:00Z,82.796102312,2024-06-03T20:00:00Z,95.176216593,99.04,2.0,0.0,106.18,32.44,93.23:00:00,True,1209 1231
SO,long,10,2023-12-01T21:00:00Z,64.270568304,2024-06-03T20:00:00Z,73.674428414,94.04,1.0,-42.15,94.04,56.16,184.23:00:00,True,1171 1232
MO,long,17,2023-12-01T21:00:00Z,34.10898078,2024-06-03T20:00:00Z,39.003011425,83.2,2.195,-26.28,83.2,45.87,184.23:00:00,True,1170 1233
T,long,47,2024-03-01T21:00:00Z,15.016743534,2024-07-01T20:00:00Z,17.059943342,96.03,3.865,-25.64,102.16,51.82,121.23:00:00,True,1208 1241
NFLX,long,7,2022-05-02T20:00:00Z,19.946,2024-07-01T20:00:00Z,67.361,331.9,1.0,-81.67,344.56,91.98,791.00:00:00,True,932 1242
GILD,long,7,2024-05-01T20:00:00Z,60.760439837,2024-07-01T20:00:00Z,64.444222128,25.79,2.0,-13.5,39.52,29.02,61.00:00:00,True,1222 1243
BMY,long,30,2024-06-03T20:00:00Z,37.495191368,2024-08-01T20:00:00Z,43.897687092,192.07,2.225,-46.05,254.41,79.71,59.00:00:00,True,1234 1247
GILD,long,10,2024-05-01T20:00:00Z,60.760439837,2024-08-01T20:00:00Z,71.814372823,110.54,1.0,-19.29,125.19,41.46,92.00:00:00,True,1222 1248
DUK,long,6,2024-03-01T21:00:00Z,82.796102312,2024-08-01T20:00:00Z,103.63448398,125.03,1.0,0.0,125.03,28.99,152.23:00:00,True,1209 1249
FISV,long,3,2021-12-01T21:00:00Z,95.55,2024-08-01T20:00:00Z,161.39,197.52,1.0,-21.51,204.12,63.27,973.23:00:00,True,866 1250
MO,long,11,2023-12-01T21:00:00Z,34.10898078,2024-08-01T20:00:00Z,42.827839286,95.91,1.0,-17.01,100.9,29.68,243.23:00:00,True,1170 1251
NFLX,long,13,2022-05-02T20:00:00Z,19.946,2024-09-03T20:00:00Z,67.532,618.62,1.0,-151.67,652.46,170.82,855.00:00:00,True,932 1257
MO,long,16,2023-12-01T21:00:00Z,34.10898078,2024-09-03T20:00:00Z,46.295507201,194.98,1.0,-24.74,194.98,43.17,276.23:00:00,True,1170 1258
FISV,long,3,2021-12-01T21:00:00Z,95.55,2024-09-03T20:00:00Z,174.0,235.35,1.0,-21.51,237.06,63.27,1006.23:00:00,True,866 1259
PCAR,long,83,2024-03-01T21:00:00Z,105.423819039,2024-09-04T20:00:00Z,89.081626263,-1356.4,2.0,-1645.98,871.23,2517.21,186.23:00:00,False,1207 1266
PCAR,long,7,2024-05-01T20:00:00Z,99.043810554,2024-09-04T20:00:00Z,89.081626263,-69.74,1.0,-94.16,118.14,120.1,126.00:00:00,False,1224 1266
PCAR,long,4,2024-07-01T20:00:00Z,95.11962932,2024-09-04T20:00:00Z,89.081626263,-24.15,1.0,-38.11,83.2,68.52,65.00:00:00,False,1244 1266
PCAR,long,7,2024-08-01T20:00:00Z,89.94521115,2024-09-04T20:00:00Z,89.081626263,-6.05,1.0,-30.47,181.83,30.47,34.00:00:00,False,1253 1266
PCAR,long,4,2024-09-03T20:00:00Z,89.540761604,2024-09-04T20:00:00Z,89.081626263,-1.84,1.0,-15.79,105.52,2.1,1.00:00:00,False,1264 1266
MPC,long,33,2022-08-01T20:00:00Z,82.613057624,2024-10-01T20:00:00Z,159.437405798,2535.2,1.0,-7.08,4160.58,1854.15,792.00:00:00,True,968 1269
MPC,long,5,2023-05-01T20:00:00Z,114.063554592,2024-10-01T20:00:00Z,159.437405798,226.87,1.0,-158.33,473.14,280.93,519.00:00:00,True,1083 1269
MPC,long,7,2023-06-01T20:00:00Z,99.284123736,2024-10-01T20:00:00Z,159.437405798,421.07,1.0,-118.2,765.85,393.3,488.00:00:00,True,1096 1269
MPC,long,3,2024-01-02T21:00:00Z,144.397864468,2024-10-01T20:00:00Z,159.437405798,45.12,1.0,-186.0,192.88,168.56,272.23:00:00,True,1184 1269
MPC,long,3,2024-05-01T20:00:00Z,170.444370316,2024-10-01T20:00:00Z,159.437405798,-33.02,1.0,-264.14,114.74,65.19,153.00:00:00,False,1226 1269
MPC,long,2,2024-06-03T20:00:00Z,167.215915875,2024-10-01T20:00:00Z,159.437405798,-15.56,1.0,-169.63,82.95,40.9,120.00:00:00,False,1240 1269
MPC,long,2,2024-09-03T20:00:00Z,167.129476998,2024-10-01T20:00:00Z,159.437405798,-15.38,1.0,-169.46,83.12,29.25,28.00:00:00,False,1265 1269
OXY,long,102,2023-02-01T21:00:00Z,59.5862791,2024-10-01T20:00:00Z,51.1501608,-860.48,1.0,-1187.73,654.54,1842.27,607.23:00:00,False,1042 1270
OXY,long,6,2023-03-01T21:00:00Z,56.029869686,2024-10-01T20:00:00Z,51.1501608,-29.28,1.0,-48.53,59.84,108.37,579.23:00:00,False,1064 1270
OXY,long,8,2023-07-03T17:00:00Z,55.861309878,2024-10-01T20:00:00Z,51.1501608,-37.69,1.0,-63.36,81.14,144.49,456.03:00:00,False,1111 1270
OXY,long,15,2023-12-01T21:00:00Z,55.683801015,2024-10-01T20:00:00Z,51.1501608,-68.0,1.0,-116.13,154.79,270.92,304.23:00:00,False,1174 1270
OXY,long,10,2024-02-01T21:00:00Z,54.428011112,2024-10-01T20:00:00Z,51.1501608,-32.78,1.0,-64.86,115.75,180.61,242.23:00:00,False,1199 1270
OXY,long,11,2024-06-03T20:00:00Z,57.721913802,2024-10-01T20:00:00Z,51.1501608,-72.29,1.0,-107.58,91.1,143.19,120.00:00:00,False,1237 1270
OXY,long,8,2024-08-01T20:00:00Z,56.797943832,2024-10-01T20:00:00Z,51.1501608,-45.18,1.0,-70.85,73.64,70.85,61.00:00:00,False,1255 1270
OXY,long,14,2024-09-03T20:00:00Z,52.99100856,2024-10-01T20:00:00Z,51.1501608,-25.77,1.0,-70.69,182.17,70.69,28.00:00:00,False,1261 1270
T,long,48,2024-03-01T21:00:00Z,15.016743534,2024-10-01T20:00:00Z,20.189289733,248.28,1.0,-26.18,254.41,52.93,213.23:00:00,True,1208 1271
CVS,long,15,2024-03-01T21:00:00Z,67.019502576,2024-10-01T20:00:00Z,57.032785784,-149.8,2.0,-268.08,80.6,348.68,213.23:00:00,False,1206 1272
DE,long,2,2022-01-03T21:00:00Z,329.813878223,2024-10-01T20:00:00Z,407.004010972,154.38,1.0,-111.48,196.97,280.02,1001.23:00:00,True,881 1273
GILD,long,10,2024-05-01T20:00:00Z,60.760439837,2024-10-01T20:00:00Z,79.545505968,187.85,1.0,-19.29,188.32,47.51,153.00:00:00,True,1222 1274
SO,long,8,2023-12-01T21:00:00Z,64.270568304,2024-10-01T20:00:00Z,83.980263168,157.68,1.0,-33.72,157.68,44.93,304.23:00:00,True,1171 1275
BMY,long,12,2024-06-03T20:00:00Z,37.495191368,2024-10-01T20:00:00Z,48.20817204,128.56,1.0,-18.42,128.56,43.2,120.00:00:00,True,1234 1276
DE,long,10,2022-01-03T21:00:00Z,329.813878223,2024-11-01T20:00:00Z,391.347003346,615.33,1.0,-557.39,984.87,1400.11,1032.23:00:00,True,881 1285
DE,long,1,2022-03-01T21:00:00Z,337.858808445,2024-11-01T20:00:00Z,391.347003346,53.49,1.0,-63.78,90.44,140.01,975.23:00:00,True,912 1285
DE,long,2,2022-06-01T20:00:00Z,332.581341435,2024-11-01T20:00:00Z,391.347003346,117.53,1.0,-117.01,191.44,185.59,884.00:00:00,True,945 1285
DE,long,1,2022-07-01T20:00:00Z,285.913719665,2024-11-01T20:00:00Z,391.347003346,105.43,1.0,-11.84,142.39,92.8,854.00:00:00,True,960 1285
DE,long,2,2023-02-01T21:00:00Z,407.204393574,2024-11-01T20:00:00Z,391.347003346,-31.71,1.0,-266.26,42.19,184.92,638.23:00:00,False,1046 1285
DE,long,1,2023-05-01T20:00:00Z,365.553645944,2024-11-01T20:00:00Z,391.347003346,25.79,1.0,-91.48,62.75,92.46,550.00:00:00,True,1087 1285
DE,long,1,2023-06-01T20:00:00Z,337.284750734,2024-11-01T20:00:00Z,391.347003346,54.06,1.0,-63.21,91.02,92.46,519.00:00:00,True,1100 1285
DE,long,1,2023-10-02T20:00:00Z,360.003732992,2024-11-01T20:00:00Z,391.347003346,31.34,1.0,-85.93,68.3,65.8,396.00:00:00,True,1146 1285
DE,long,1,2023-11-01T20:00:00Z,356.758460736,2024-11-01T20:00:00Z,391.347003346,34.59,1.0,-82.68,71.54,65.8,366.00:00:00,True,1159 1285
DE,long,2,2024-03-01T21:00:00Z,355.536699455,2024-11-01T20:00:00Z,391.347003346,71.62,1.0,-162.92,145.53,131.6,244.23:00:00,True,1210 1285
DE,long,1,2024-08-01T20:00:00Z,348.570052222,2024-11-01T20:00:00Z,391.347003346,42.78,1.0,-74.5,79.73,16.66,92.00:00:00,True,1256 1285
PSX,long,64,2023-12-01T21:00:00Z,118.5622719,2024-11-01T20:00:00Z,112.302069726,-400.65,1.0,-400.65,2589.27,2989.92,335.23:00:00,False,1172 1286
PSX,long,3,2024-05-01T20:00:00Z,129.09583372,2024-11-01T20:00:00Z,112.302069726,-50.38,1.0,-50.38,89.77,72.84,184.00:00:00,False,1227 1286
PSX,long,5,2024-09-03T20:00:00Z,126.329301,2024-11-01T20:00:00Z,112.302069726,-70.14,1.0,-70.14,163.45,88.52,59.00:00:00,False,1263 1286
PSX,long,6,2024-10-01T20:00:00Z,124.448398074,2024-11-01T20:00:00Z,112.302069726,-72.88,1.0,-72.88,207.43,106.23,31.00:00:00,False,1281 1286
WMB,long,26,2024-10-01T20:00:00Z,43.468313544,2024-11-01T20:00:00Z,48.343965624,126.77,2.12,0.0,152.61,25.84,31.00:00:00,True,1277 1287
FISV,long,5,2021-12-01T21:00:00Z,95.55,2024-11-01T20:00:00Z,202.22,533.35,1.0,-35.85,538.55,105.45,1065.23:00:00,True,866 1288
BMY,long,14,2024-06-03T20:00:00Z,37.495191368,2024-11-01T20:00:00Z,50.056358016,175.86,1.0,-21.49,194.56,50.4,151.00:00:00,True,1234 1289
NFLX,long,7,2022-05-02T20:00:00Z,19.946,2024-11-01T20:00:00Z,75.61,389.65,1.0,-81.67,400.83,91.98,914.00:00:00,True,932 1290
MO,long,10,2023-12-01T21:00:00Z,34.10898078,2024-11-01T20:00:00Z,47.030056069,129.21,1.0,-15.46,134.27,40.13,335.23:00:00,True,1170 1291
NFLX,long,69,2022-05-02T20:00:00Z,19.946,2024-12-02T21:00:00Z,89.774,4818.13,1.0,-805.02,4818.48,906.66,945.01:00:00,True,932 1298
NFLX,long,25,2023-10-02T20:00:00Z,38.033,2024-12-02T21:00:00Z,89.774,1293.52,1.0,-743.85,1293.65,230.25,427.01:00:00,True,1141 1298
NFLX,long,10,2024-04-01T20:00:00Z,61.431,2024-12-02T21:00:00Z,89.774,283.43,1.0,-531.52,283.48,92.1,245.01:00:00,True,1216 1298
NFLX,long,10,2024-05-01T20:00:00Z,55.171,2024-12-02T21:00:00Z,89.774,346.03,1.0,-468.92,346.08,92.1,215.01:00:00,True,1225 1298
NFLX,long,14,2024-08-01T20:00:00Z,62.485,2024-12-02T21:00:00Z,89.774,382.05,1.0,-758.88,382.12,59.7,123.01:00:00,True,1252 1298
ET,long,91,2024-11-01T20:00:00Z,14.213877239,2024-12-02T21:00:00Z,17.1176619,264.24,4.415,0.0,299.54,35.29,31.01:00:00,True,1293 1299
EPD,long,30,2023-02-01T21:00:00Z,20.152767768,2024-12-02T21:00:00Z,30.179627583,300.81,1.0,-17.89,317.41,43.79,670.00:00:00,True,1040 1300
FISV,long,3,2021-12-01T21:00:00Z,95.55,2024-12-02T21:00:00Z,218.455,368.72,1.0,-21.51,380.7,63.27,1097.00:00:00,True,866 1301
WMB,long,9,2024-10-01T20:00:00Z,43.468313544,2024-12-02T21:00:00Z,52.92895383,85.15,1.0,0.0,112.91,27.76,62.01:00:00,True,1277 1302
TGT,long,66,2024-10-01T20:00:00Z,140.84349046,2024-12-03T21:00:00Z,121.710510196,-1262.78,2.0,-1815.81,518.53,2334.34,63.01:00:00,False,1279 1309
TGT,long,4,2024-11-01T20:00:00Z,139.584967812,2024-12-03T21:00:00Z,121.710510196,-71.5,1.0,-105.02,36.46,126.19,32.01:00:00,False,1296 1309
TGT,long,14,2024-12-02T21:00:00Z,121.841000864,2024-12-03T21:00:00Z,121.710510196,-1.83,1.0,-119.14,376.03,11.35,1.00:00:00,False,1304 1309
