id,time,last_fill_time,symbol,type,status,direction,quantity,price,value,fee,tag
1,2016-02-01T15:00:00Z,2016-02-01T21:00:00Z,NFLX,MarketOnClose,Filled,buy,543,9.409,5109.087,2.715,
2,2016-02-01T15:00:00Z,2016-02-01T21:00:00Z,GILD,MarketOnClose,Filled,buy,87,58.045930195,5049.995926965,1.0,
3,2016-02-01T15:00:00Z,2016-02-01T21:00:00Z,LUV,MarketOnClose,Filled,buy,151,33.61498697,5075.86303247,1.0,
4,2016-02-01T15:00:00Z,2016-02-01T21:00:00Z,AAPL,MarketOnClose,Filled,buy,228,21.655612962,4937.479755336,1.14,
5,2016-02-01T15:00:00Z,2016-02-01T21:00:00Z,F,MarketOnClose,Filled,buy,707,7.124142485,5036.768736895,3.535,
6,2016-02-01T15:00:00Z,2016-02-01T21:00:00Z,CSCO,MarketOnClose,Filled,buy,287,17.133940652,4917.440967124,1.435,
7,2016-02-01T15:00:00Z,2016-02-01T21:00:00Z,HPQ,MarketOnClose,Filled,buy,741,6.902331697,5114.627787477,3.705,
8,2016-02-01T15:00:00Z,2016-02-01T21:00:00Z,HPE,MarketOnClose,Filled,buy,483,10.335336095,4991.967333885,2.415,
9,2016-02-01T15:00:00Z,2016-02-01T21:00:00Z,GM,MarketOnClose,Filled,buy,210,24.06538739,5053.7313519,1.05,
10,2016-02-01T15:00:00Z,2016-02-01T21:00:00Z,VLO,MarketOnClose,Filled,buy,111,45.37488669,5036.61242259,1.0,
11,2016-02-01T15:00:00Z,2016-02-01T21:00:00Z,MPC,MarketOnClose,Filled,buy,165,30.149807381,4974.718217865,1.0,
12,2016-02-01T15:00:00Z,2016-02-01T21:00:00Z,HLT,MarketOnClose,Filled,buy,98,51.1763755578432,5015.284804668634,1.0,
13,2016-02-01T15:00:00Z,2016-02-01T21:00:00Z,EMR,MarketOnClose,Filled,buy,142,34.656258,4921.188636,1.0,
14,2016-02-01T15:00:00Z,2016-02-01T21:00:00Z,CRH,MarketOnClose,Filled,buy,239,20.69899845,4947.06062955,1.195,
15,2016-02-01T15:00:00Z,2016-02-01T21:00:00Z,ETN,MarketOnClose,Filled,buy,128,38.619325638,4943.273681664,1.0,
16,2016-02-01T15:00:00Z,2016-02-01T21:00:00Z,VZ,MarketOnClose,Filled,buy,174,29.034775836,5052.050995464,1.0,
17,2016-02-01T15:00:00Z,2016-02-01T21:00:00Z,DD,MarketOnClose,Filled,buy,96,52.4968856582607,5039.701023193027,1.0,
18,2016-02-01T15:00:00Z,2016-02-01T21:00:00Z,KR,MarketOnClose,Filled,buy,159,32.23295754,5125.04024886,1.0,
19,2016-02-01T15:00:00Z,2016-02-01T21:00:00Z,HCA,MarketOnClose,Filled,buy,77,65.55873955,5048.02294535,1.0,
20,2016-02-01T15:00:00Z,2016-02-01T21:00:00Z,MCK,MarketOnClose,Filled,buy,33,146.859883067,4846.376141211,1.0,
21,2016-02-02T05:00:00Z,2016-02-02T21:00:00Z,HLT,MarketOnOpen,Filled,sell,-98,50.3785256048256,-4937.095509272909,1.0,left universe
22,2016-02-02T05:00:00Z,2016-02-02T21:00:00Z,HPQ,MarketOnOpen,Filled,sell,-741,6.805408283,-5042.807537703,3.705,left universe
23,2016-03-01T05:00:00Z,,MPC,MarketOnOpen,Canceled,sell,-165,0.0,0.0,0.0,no valuation
24,2016-03-01T15:00:00Z,2016-03-01T21:00:00Z,MPC,MarketOnClose,Filled,sell,-165,25.243699899,-4165.210483335,1.0,no valuation
25,2016-03-01T15:00:00Z,2016-03-01T21:00:00Z,DD,MarketOnClose,Filled,sell,-13,61.731307301764,-802.506994922932,1.0,
26,2016-03-01T15:00:00Z,2016-03-01T21:00:00Z,ETN,MarketOnClose,Filled,sell,-13,44.648308374,-580.428008862,1.0,
27,2016-03-01T15:00:00Z,2016-03-01T21:00:00Z,LUV,MarketOnClose,Filled,sell,-15,37.3680315,-560.5204725,1.0,
28,2016-03-01T15:00:00Z,2016-03-01T21:00:00Z,CSCO,MarketOnClose,Filled,sell,-24,19.578519067,-469.884457608,1.0,
29,2016-03-01T15:00:00Z,2016-03-01T21:00:00Z,EMR,MarketOnClose,Filled,sell,-9,38.450290975,-346.052618775,1.0,
30,2016-03-01T15:00:00Z,2016-03-01T21:00:00Z,GILD,MarketOnClose,Filled,sell,-4,61.940981311,-247.763925244,1.0,
31,2016-03-01T15:00:00Z,2016-03-01T21:00:00Z,T,MarketOnClose,Filled,buy,331,15.3437488007693,5078.780853054638,1.655,
32,2016-03-01T15:00:00Z,2016-03-01T21:00:00Z,DAL,MarketOnClose,Filled,buy,118,43.04467977,5079.27221286,1.0,
33,2016-03-01T15:00:00Z,2016-03-01T21:00:00Z,AAL,MarketOnClose,Filled,buy,127,40.08372299,5090.63281973,1.0,
34,2016-03-01T15:00:00Z,2016-03-01T21:00:00Z,VLO,MarketOnClose,Filled,buy,14,41.077764609,575.088704526,1.0,
35,2016-03-01T15:00:00Z,2016-03-01T21:00:00Z,CRH,MarketOnClose,Filled,buy,15,20.26615905,303.99238575,1.0,
36,2016-03-01T15:00:00Z,2016-03-01T21:00:00Z,HPE,MarketOnClose,Filled,buy,22,9.95310104,218.96822288,1.0,
37,2016-03-01T15:00:00Z,2016-03-01T21:00:00Z,MCK,MarketOnClose,Filled,buy,1,144.741138035,144.741138035,1.0,
38,2016-04-01T14:00:00Z,2016-04-01T20:00:00Z,HPE,MarketOnClose,Filled,sell,-98,13.83974032,-1356.29455136,1.0,
39,2016-04-01T14:00:00Z,2016-04-01T20:00:00Z,KR,MarketOnClose,Filled,buy,17,30.882770096,525.007091632,1.0,
40,2016-04-01T14:00:00Z,2016-04-01T20:00:00Z,MCK,MarketOnClose,Filled,buy,3,145.443361239,436.330083717,1.0,
41,2016-04-01T14:00:00Z,2016-04-01T20:00:00Z,AAL,MarketOnClose,Filled,buy,11,37.87015856,416.57174416,1.0,
42,2016-04-01T14:00:00Z,2016-04-01T20:00:00Z,DAL,MarketOnClose,Filled,buy,8,41.380989693,331.047917544,1.0,
43,2016-05-02T14:00:00Z,2016-05-02T20:00:00Z,MCK,MarketOnClose,Filled,sell,-4,155.625597697,-622.502390788,1.0,
44,2016-05-02T14:00:00Z,2016-05-02T20:00:00Z,CRH,MarketOnClose,Filled,sell,-25,22.892599493,-572.314987325,1.0,
45,2016-05-02T14:00:00Z,2016-05-02T20:00:00Z,HCA,MarketOnClose,Filled,sell,-7,74.965154025,-524.756078175,1.0,
46,2016-05-02T14:00:00Z,2016-05-02T20:00:00Z,F,MarketOnClose,Filled,sell,-59,8.12767371,-479.53274889,1.0,
47,2016-05-02T14:00:00Z,2016-05-02T20:00:00Z,ETN,MarketOnClose,Filled,sell,-9,49.28570132,-443.57131188,1.0,
48,2016-05-02T14:00:00Z,2016-05-02T20:00:00Z,EMR,MarketOnClose,Filled,sell,-9,42.482300675,-382.340706075,1.0,
49,2016-05-02T14:00:00Z,2016-05-02T20:00:00Z,AAL,MarketOnClose,Filled,buy,19,33.088032219,628.672612161,1.0,
50,2016-05-02T14:00:00Z,2016-05-02T20:00:00Z,DAL,MarketOnClose,Filled,buy,17,37.120534681,631.049089577,1.0,
51,2016-05-02T14:00:00Z,2016-05-02T20:00:00Z,AAPL,MarketOnClose,Filled,buy,20,21.14316288,422.8632576,1.0,
52,2016-05-02T14:00:00Z,2016-05-02T20:00:00Z,NFLX,MarketOnClose,Filled,buy,40,9.311,372.44,1.0,
53,2016-05-02T14:00:00Z,2016-05-02T20:00:00Z,VLO,MarketOnClose,Filled,buy,8,39.897254082,319.178032656,1.0,
54,2016-05-02T14:00:00Z,2016-05-02T20:00:00Z,KR,MarketOnClose,Filled,buy,8,28.553667654,228.429341232,1.0,
55,2016-05-03T04:00:00Z,2016-05-03T20:00:00Z,AAL,MarketOnOpen,Filled,sell,-157,33.385949442,-5241.594062394,1.0,left universe
56,2016-06-01T14:00:00Z,2016-06-01T20:00:00Z,NFLX,MarketOnClose,Filled,sell,-63,10.151,-639.513,1.0,
57,2016-06-01T14:00:00Z,2016-06-01T20:00:00Z,MCK,MarketOnClose,Filled,sell,-2,170.760355699,-341.520711398,1.0,
58,2016-06-01T14:00:00Z,2016-06-01T20:00:00Z,HPE,MarketOnClose,Filled,sell,-23,13.757002742,-316.411063066,1.0,
59,2016-06-01T14:00:00Z,2016-06-01T20:00:00Z,CSCO,MarketOnClose,Filled,sell,-14,21.28191376,-297.94679264,1.0,
60,2016-06-01T14:00:00Z,2016-06-01T20:00:00Z,AAPL,MarketOnClose,Filled,sell,-13,22.3668357435,-290.7688646655,1.0,
61,2016-06-01T14:00:00Z,2016-06-01T20:00:00Z,TGT,MarketOnClose,Filled,buy,105,50.269692936,5278.31775828,1.0,
62,2016-06-01T14:00:00Z,2016-06-01T20:00:00Z,VLO,MarketOnClose,Filled,buy,11,37.57776201,413.35538211,1.0,
63,2016-06-01T14:00:00Z,2016-06-01T20:00:00Z,EMR,MarketOnClose,Filled,buy,8,40.494958464,323.959667712,1.0,
64,2016-06-01T14:00:00Z,2016-06-01T20:00:00Z,GILD,MarketOnClose,Filled,buy,5,60.081351174,300.40675587,1.0,
65,2016-06-01T14:00:00Z,2016-06-01T20:00:00Z,HCA,MarketOnClose,Filled,buy,4,72.343542925,289.3741717,1.0,
66,2016-06-01T14:00:00Z,2016-06-01T20:00:00Z,LUV,MarketOnClose,Filled,buy,6,37.403201412,224.419208472,1.0,
67,2016-06-01T14:00:00Z,2016-06-01T20:00:00Z,VZ,MarketOnClose,Filled,buy,7,29.150511813,204.053582691,1.0,
68,2016-06-01T14:00:00Z,2016-06-01T20:00:00Z,ETN,MarketOnClose,Filled,buy,4,48.315111165,193.26044466,1.0,
69,2016-07-01T04:00:00Z,,CRH,MarketOnOpen,Canceled,sell,-229,0.0,0.0,0.0,no valuation
70,2016-07-01T14:00:00Z,2016-07-01T20:00:00Z,CRH,MarketOnClose,Filled,sell,-229,23.183773842,-5309.084209818,1.145,no valuation
71,2016-07-01T14:00:00Z,2016-07-01T20:00:00Z,T,MarketOnClose,Filled,sell,-42,18.0600019879628,-758.5200834944376,1.0,
72,2016-07-01T14:00:00Z,2016-07-01T20:00:00Z,VZ,MarketOnClose,Filled,sell,-20,32.508918984,-650.17837968,1.0,
73,2016-07-01T14:00:00Z,2016-07-01T20:00:00Z,KR,MarketOnClose,Filled,sell,-10,29.544326265,-295.44326265,1.0,
74,2016-07-01T14:00:00Z,2016-07-01T20:00:00Z,MDLZ,MarketOnClose,Filled,buy,144,35.595439399,5125.743273456,1.0,
75,2016-07-01T14:00:00Z,2016-07-01T20:00:00Z,DAL,MarketOnClose,Filled,buy,18,32.471406827,584.485322886,1.0,
76,2016-07-01T14:00:00Z,2016-07-01T20:00:00Z,NFLX,MarketOnClose,Filled,buy,48,9.667,464.016,1.0,
77,2016-07-01T14:00:00Z,2016-07-01T20:00:00Z,F,MarketOnClose,Filled,buy,45,7.59060276,341.5771242,1.0,
78,2016-07-01T14:00:00Z,2016-07-01T20:00:00Z,GM,MarketOnClose,Filled,buy,14,23.677518861,331.485264054,1.0,
79,2016-07-01T14:00:00Z,2016-07-01T20:00:00Z,LUV,MarketOnClose,Filled,buy,8,34.90193124,279.21544992,1.0,
80,2016-07-01T14:00:00Z,2016-07-01T20:00:00Z,VLO,MarketOnClose,Filled,buy,7,34.672125945,242.704881615,1.0,
81,2016-08-01T14:00:00Z,2016-08-01T20:00:00Z,HPE,MarketOnClose,Filled,sell,-45,15.907543484,-715.83945678,1.0,
82,2016-08-01T14:00:00Z,2016-08-01T20:00:00Z,TGT,MarketOnClose,Filled,sell,-8,55.486983096,-443.895864768,1.0,
83,2016-08-01T14:00:00Z,2016-08-01T20:00:00Z,GM,MarketOnClose,Filled,sell,-16,25.65269437,-410.44310992,1.0,
84,2016-08-01T14:00:00Z,2016-08-01T20:00:00Z,EMR,MarketOnClose,Filled,sell,-9,43.305383112,-389.748448008,1.0,
85,2016-08-01T14:00:00Z,2016-08-01T20:00:00Z,CSCO,MarketOnClose,Filled,sell,-12,22.83567811,-274.02813732,1.0,
86,2016-08-01T14:00:00Z,2016-08-01T20:00:00Z,KR,MarketOnClose,Filled,buy,20,27.491177463,549.82354926,1.0,
87,2016-08-01T14:00:00Z,2016-08-01T20:00:00Z,LUV,MarketOnClose,Filled,buy,14,32.645644776,457.039026864,1.0,
88,2016-08-01T14:00:00Z,2016-08-01T20:00:00Z,GILD,MarketOnClose,Filled,buy,8,56.148681114,449.189448912,1.0,
89,2016-08-01T14:00:00Z,2016-08-01T20:00:00Z,MDLZ,MarketOnClose,Filled,buy,10,34.309237532,343.09237532,1.0,
90,2016-08-02T04:00:00Z,2016-08-02T20:00:00Z,LUV,MarketOnOpen,Filled,sell,-164,32.478186015,-5326.42250646,1.0,left universe
91,2016-09-01T14:00:00Z,2016-09-01T20:00:00Z,ETN,MarketOnClose,Filled,sell,-9,52.916427872,-476.247850848,1.0,
92,2016-09-01T14:00:00Z,2016-09-01T20:00:00Z,VLO,MarketOnClose,Filled,sell,-10,37.010008755,-370.10008755,1.0,
93,2016-09-01T14:00:00Z,2016-09-01T20:00:00Z,AAPL,MarketOnClose,Filled,sell,-15,24.37684649725,-365.65269745875,1.0,
94,2016-09-01T14:00:00Z,2016-09-01T20:00:00Z,DD,MarketOnClose,Filled,sell,-4,67.5488106007668,-270.1952424030672,1.0,
95,2016-09-01T14:00:00Z,2016-09-01T20:00:00Z,HPQ,MarketOnClose,Filled,buy,526,10.24212575,5387.3581445,2.63,
96,2016-09-01T14:00:00Z,2016-09-01T20:00:00Z,VZ,MarketOnClose,Filled,buy,14,30.691418616,429.679860624,1.0,
97,2016-09-01T14:00:00Z,2016-09-01T20:00:00Z,T,MarketOnClose,Filled,buy,22,17.2077350926008,378.5701720372176,1.0,
98,2016-09-01T14:00:00Z,2016-09-01T20:00:00Z,KR,MarketOnClose,Filled,buy,12,25.929847924,311.158175088,1.0,
99,2016-09-01T14:00:00Z,2016-09-01T20:00:00Z,TGT,MarketOnClose,Filled,buy,5,52.278140172,261.39070086,1.0,
100,2016-09-01T14:00:00Z,2016-09-01T20:00:00Z,EMR,MarketOnClose,Filled,buy,6,41.247556396,247.485338376,1.0,
101,2016-10-03T14:00:00Z,2016-10-03T20:00:00Z,HPE,MarketOnClose,Filled,sell,-28,17.092308345,-478.58463366,1.0,
102,2016-10-03T14:00:00Z,2016-10-03T20:00:00Z,HPQ,MarketOnClose,Filled,sell,-43,11.149524805,-479.429566615,1.0,
103,2016-10-03T14:00:00Z,2016-10-03T20:00:00Z,AAPL,MarketOnClose,Filled,sell,-13,25.699267009,-334.090471117,1.0,
104,2016-10-03T14:00:00Z,2016-10-03T20:00:00Z,DAL,MarketOnClose,Filled,sell,-8,35.497246498,-283.977971984,1.0,
105,2016-10-03T14:00:00Z,2016-10-03T20:00:00Z,CSCO,MarketOnClose,Filled,sell,-11,23.6013246,-259.6145706,1.0,
106,2016-10-03T14:00:00Z,2016-10-03T20:00:00Z,NFLX,MarketOnClose,Filled,sell,-26,10.263,-266.838,1.0,
107,2016-10-03T14:00:00Z,2016-10-03T20:00:00Z,MCK,MarketOnClose,Filled,buy,3,153.22635603,459.67906809,1.0,
108,2016-10-03T14:00:00Z,2016-10-03T20:00:00Z,KR,MarketOnClose,Filled,buy,16,23.755505232,380.088083712,1.0,
109,2016-10-03T14:00:00Z,2016-10-03T20:00:00Z,F,MarketOnClose,Filled,buy,41,7.29979327,299.29152407,1.0,
110,2016-10-03T14:00:00Z,2016-10-03T20:00:00Z,VLO,MarketOnClose,Filled,buy,7,36.06243255,252.43702785,1.0,
111,2016-11-01T14:00:00Z,2016-11-01T20:00:00Z,AAPL,MarketOnClose,Filled,sell,-207,25.46401776425,-5271.05167719975,1.035,reached implied value
112,2016-11-01T14:00:00Z,2016-11-01T20:00:00Z,NFLX,MarketOnClose,Filled,sell,-116,12.33,-1430.28,1.0,
113,2016-11-01T14:00:00Z,2016-11-01T20:00:00Z,VLO,MarketOnClose,Filled,sell,-17,40.554898155,-689.433268635,1.0,
114,2016-11-01T14:00:00Z,2016-11-01T20:00:00Z,DAL,MarketOnClose,Filled,sell,-10,37.184209188,-371.84209188,1.0,
115,2016-11-01T14:00:00Z,2016-11-01T20:00:00Z,KR,MarketOnClose,Filled,sell,-11,24.980601301,-274.786614311,1.0,
116,2016-11-01T14:00:00Z,2016-11-01T20:00:00Z,LUV,MarketOnClose,Filled,buy,150,35.067525376,5260.1288064,1.0,
117,2016-11-01T14:00:00Z,2016-11-01T20:00:00Z,MCK,MarketOnClose,Filled,buy,11,119.80627257,1317.86899827,1.0,
118,2016-11-01T14:00:00Z,2016-11-01T20:00:00Z,T,MarketOnClose,Filled,buy,29,15.5462699947136,450.8418298466944,1.0,
119,2016-11-01T14:00:00Z,2016-11-01T20:00:00Z,VZ,MarketOnClose,Filled,buy,12,28.148653708,337.783844496,1.0,
120,2016-11-01T14:00:00Z,2016-11-01T20:00:00Z,HPQ,MarketOnClose,Filled,buy,32,10.230490492,327.375695744,1.0,
121,2016-11-01T14:00:00Z,2016-11-01T20:00:00Z,GILD,MarketOnClose,Filled,buy,6,52.00254711,312.01528266,1.0,
122,2016-11-01T14:00:00Z,2016-11-01T20:00:00Z,ETN,MarketOnClose,Filled,buy,4,47.99801512,191.99206048,1.0,
123,2016-12-01T15:00:00Z,2016-12-01T21:00:00Z,EMR,MarketOnClose,Filled,sell,-129,44.894488072,-5791.388961288,1.0,reached implied value
124,2016-12-01T15:00:00Z,2016-12-01T21:00:00Z,LUV,MarketOnClose,Filled,sell,-15,41.598498474,-623.97747711,1.0,
125,2016-12-01T15:00:00Z,2016-12-01T21:00:00Z,DAL,MarketOnClose,Filled,sell,-14,42.606535923,-596.491502922,1.0,
126,2016-12-01T15:00:00Z,2016-12-01T21:00:00Z,MCK,MarketOnClose,Filled,sell,-4,132.865218332,-531.460873328,1.0,
127,2016-12-01T15:00:00Z,2016-12-01T21:00:00Z,GM,MarketOnClose,Filled,sell,-14,30.214572053,-423.004008742,1.0,
128,2016-12-01T15:00:00Z,2016-12-01T21:00:00Z,TGT,MarketOnClose,Filled,sell,-6,58.129586718,-348.777520308,1.0,
129,2016-12-01T15:00:00Z,2016-12-01T21:00:00Z,MPC,MarketOnClose,Filled,buy,158,35.735858158,5646.265588964,1.0,
130,2016-12-01T15:00:00Z,2016-12-01T21:00:00Z,HCA,MarketOnClose,Filled,buy,11,65.74336005,723.17696055,1.0,
131,2016-12-01T15:00:00Z,2016-12-01T21:00:00Z,NFLX,MarketOnClose,Filled,buy,50,11.722,586.1,1.0,
132,2016-12-01T15:00:00Z,2016-12-01T21:00:00Z,MDLZ,MarketOnClose,Filled,buy,16,32.3685588,517.8969408,1.0,
133,2016-12-01T15:00:00Z,2016-12-01T21:00:00Z,CSCO,MarketOnClose,Filled,buy,23,22.06536538,507.50340374,1.0,
134,2016-12-01T15:00:00Z,2016-12-01T21:00:00Z,GILD,MarketOnClose,Filled,buy,5,51.13899732,255.6949866,1.0,
135,2017-01-03T15:00:00Z,2017-01-03T21:00:00Z,VLO,MarketOnClose,Filled,sell,-9,48.45554427,-436.09989843,1.0,
136,2017-01-03T15:00:00Z,2017-01-03T21:00:00Z,T,MarketOnClose,Filled,sell,-23,18.2932312683966,-420.7443191731218,1.0,
137,2017-01-03T15:00:00Z,2017-01-03T21:00:00Z,MDLZ,MarketOnClose,Filled,sell,-8,35.69735286,-285.57882288,1.0,
138,2017-01-03T15:00:00Z,2017-01-03T21:00:00Z,TGT,MarketOnClose,Filled,buy,10,54.342423975,543.42423975,1.0,
139,2017-01-03T15:00:00Z,2017-01-03T21:00:00Z,MCK,MarketOnClose,Filled,buy,3,136.904662697,410.713988091,1.0,
140,2017-01-03T15:00:00Z,2017-01-03T21:00:00Z,F,MarketOnClose,Filled,buy,41,7.690032432,315.291329712,1.0,
141,2017-01-03T15:00:00Z,2017-01-03T21:00:00Z,GILD,MarketOnClose,Filled,buy,6,52.400951712,314.405710272,1.0,
142,2017-01-03T15:00:00Z,2017-01-03T21:00:00Z,HPE,MarketOnClose,Filled,buy,16,17.60404864,281.66477824,1.0,
143,2017-01-03T15:00:00Z,2017-01-03T21:00:00Z,HPQ,MarketOnClose,Filled,buy,23,10.66746186,245.35162278,1.0,
144,2017-02-01T15:00:00Z,2017-02-01T21:00:00Z,ETN,MarketOnClose,Filled,sell,-105,56.92071165,-5976.67472325,1.0,reached implied value
145,2017-02-01T15:00:00Z,2017-02-01T21:00:00Z,F,MarketOnClose,Filled,sell,-775,7.64648808,-5926.028262,3.875,reached implied value
146,2017-02-01T15:00:00Z,2017-02-01T21:00:00Z,NFLX,MarketOnClose,Filled,sell,-65,14.078,-915.07,1.0,
147,2017-02-01T15:00:00Z,2017-02-01T21:00:00Z,HCA,MarketOnClose,Filled,sell,-7,75.6574809,-529.6023663,1.0,
148,2017-02-01T15:00:00Z,2017-02-01T21:00:00Z,LUV,MarketOnClose,Filled,sell,-11,46.699781381,-513.697595191,1.0,
149,2017-02-01T15:00:00Z,2017-02-01T21:00:00Z,CCL,MarketOnClose,Filled,buy,118,48.991031889,5780.941762902,1.0,
150,2017-02-01T15:00:00Z,2017-02-01T21:00:00Z,LBTYA,MarketOnClose,Filled,buy,158,36.23,5724.34,1.0,
151,2017-02-01T15:00:00Z,2017-02-01T21:00:00Z,TGT,MarketOnClose,Filled,buy,14,47.559891883,665.838486362,1.0,
152,2017-02-01T15:00:00Z,2017-02-01T21:00:00Z,DAL,MarketOnClose,Filled,buy,8,42.151661874,337.213294992,1.0,
153,2017-02-01T15:00:00Z,2017-02-01T21:00:00Z,VZ,MarketOnClose,Filled,buy,10,28.886429856,288.86429856,1.0,
154,2017-02-01T15:00:00Z,2017-02-01T21:00:00Z,VLO,MarketOnClose,Filled,buy,5,44.980672095,224.903360475,1.0,
155,2017-03-01T15:00:00Z,2017-03-01T21:00:00Z,MPC,MarketOnClose,Filled,sell,-158,38.443905401,-6074.137053358,1.0,reached implied value
156,2017-03-01T15:00:00Z,2017-03-01T21:00:00Z,DD,MarketOnClose,Filled,sell,-79,81.0151494273546,-6400.1968047610135,1.0,reached implied value
157,2017-03-01T15:00:00Z,2017-03-01T21:00:00Z,GM,MarketOnClose,Filled,sell,-194,31.380716863,-6087.859071422,1.0,no valuation
158,2017-03-01T15:00:00Z,2017-03-01T21:00:00Z,MDLZ,MarketOnClose,Filled,sell,-162,35.052651504,-5678.529543648,1.0,reached implied value
159,2017-03-01T15:00:00Z,2017-03-01T21:00:00Z,HPQ,MarketOnClose,Filled,sell,-61,12.664468188,-772.532559468,1.0,
160,2017-03-01T15:00:00Z,2017-03-01T21:00:00Z,CSCO,MarketOnClose,Filled,sell,-19,26.025681192,-494.487942648,1.0,
161,2017-03-01T15:00:00Z,2017-03-01T21:00:00Z,LUV,MarketOnClose,Filled,sell,-8,52.146465536,-417.171724288,1.0,
162,2017-03-01T15:00:00Z,2017-03-01T21:00:00Z,HCA,MarketOnClose,Filled,sell,-5,81.2699441,-406.3497205,1.0,
163,2017-03-01T15:00:00Z,2017-03-01T21:00:00Z,BAX,MarketOnClose,Filled,buy,136,44.151848604,6004.651410144,1.0,
164,2017-03-01T15:00:00Z,2017-03-01T21:00:00Z,GLW,MarketOnClose,Filled,buy,274,22.18168008,6077.78034192,1.37,
165,2017-03-01T15:00:00Z,2017-03-01T21:00:00Z,EBAY,MarketOnClose,Filled,buy,199,30.221482707,6014.075058693,1.0,
166,2017-03-01T15:00:00Z,2017-03-01T21:00:00Z,MO,MarketOnClose,Filled,buy,156,38.344509,5981.743404,1.0,
167,2017-03-01T15:00:00Z,2017-03-01T21:00:00Z,TGT,MarketOnClose,Filled,buy,14,43.595446216,610.336247024,1.0,
168,2017-03-01T15:00:00Z,2017-03-01T21:00:00Z,KR,MarketOnClose,Filled,buy,18,26.201919856,471.634557408,1.0,
169,2017-03-01T15:00:00Z,2017-03-01T21:00:00Z,GILD,MarketOnClose,Filled,buy,6,49.595776708,297.574660248,1.0,
170,2017-03-01T15:00:00Z,2017-03-01T21:00:00Z,LBTYA,MarketOnClose,Filled,buy,8,35.2,281.6,1.0,
171,2017-03-01T15:00:00Z,2017-03-01T21:00:00Z,HPE,MarketOnClose,Filled,buy,16,17.588872736,281.421963776,1.0,
172,2017-03-01T15:00:00Z,2017-03-01T21:00:00Z,T,MarketOnClose,Filled,buy,14,18.0842773630491,253.1798830826874,1.0,
173,2017-04-01T04:00:00Z,,GLW,MarketOnOpen,Canceled,sell,-274,0.0,0.0,0.0,no valuation
174,2017-04-03T14:00:00Z,2017-04-03T20:00:00Z,GLW,MarketOnClose,Filled,sell,-274,21.111925296,-5784.667531104,1.37,no valuation
175,2017-04-03T14:00:00Z,2017-04-03T20:00:00Z,KR,MarketOnClose,Filled,sell,-229,24.02796144,-5502.40316976,1.145,no valuation
176,2017-04-03T14:00:00Z,2017-04-03T20:00:00Z,CCL,MarketOnClose,Filled,sell,-6,52.197133212,-313.182799272,1.0,
177,2017-04-03T14:00:00Z,2017-04-03T20:00:00Z,HPE,MarketOnClose,Filled,sell,-17,13.37387989,-227.35595813,1.0,
178,2017-04-03T14:00:00Z,2017-04-03T20:00:00Z,HPQ,MarketOnClose,Filled,sell,-22,12.731126613,-280.084785486,1.0,
179,2017-04-03T14:00:00Z,2017-04-03T20:00:00Z,PPL,MarketOnClose,Filled,buy,238,24.54496221,5841.70100598,1.19,
180,2017-04-03T14:00:00Z,2017-04-03T20:00:00Z,CAH,MarketOnClose,Filled,buy,92,62.931465144,5789.694793248,1.0,
181,2017-04-03T14:00:00Z,2017-04-03T20:00:00Z,LUV,MarketOnClose,Filled,buy,7,47.9077794,335.3544558,1.0,
182,2017-04-03T14:00:00Z,2017-04-03T20:00:00Z,TGT,MarketOnClose,Filled,buy,7,40.730796456,285.115575192,1.0,
183,2017-04-03T14:00:00Z,2017-04-03T20:00:00Z,DAL,MarketOnClose,Filled,buy,6,41.466293539,248.797761234,1.0,
184,2017-05-01T14:00:00Z,2017-05-01T20:00:00Z,BAX,MarketOnClose,Filled,sell,-15,47.928163716,-718.92245574,1.0,
185,2017-05-01T14:00:00Z,2017-05-01T20:00:00Z,NFLX,MarketOnClose,Filled,sell,-30,15.535,-466.05,1.0,
186,2017-05-01T14:00:00Z,2017-05-01T20:00:00Z,HPQ,MarketOnClose,Filled,sell,-29,13.708217058,-397.538294682,1.0,
187,2017-05-01T14:00:00Z,2017-05-01T20:00:00Z,CCL,MarketOnClose,Filled,sell,-7,55.601100864,-389.207706048,1.0,
188,2017-05-01T14:00:00Z,2017-05-01T20:00:00Z,LUV,MarketOnClose,Filled,sell,-7,49.930552308,-349.513866156,1.0,
189,2017-05-01T14:00:00Z,2017-05-01T20:00:00Z,HPE,MarketOnClose,Filled,buy,83,14.27206875,1184.58170625,1.0,
190,2017-05-01T14:00:00Z,2017-05-01T20:00:00Z,CAH,MarketOnClose,Filled,buy,10,56.128273644,561.28273644,1.0,
191,2017-05-01T14:00:00Z,2017-05-01T20:00:00Z,VZ,MarketOnClose,Filled,buy,12,27.71601624,332.59219488,1.0,
192,2017-05-02T04:00:00Z,2017-05-02T20:00:00Z,CAH,MarketOnOpen,Filled,sell,-102,56.40817638,-5753.63399076,1.0,left universe
193,2017-06-01T14:00:00Z,2017-06-01T20:00:00Z,MCK,MarketOnClose,Filled,sell,-6,154.626605424,-927.759632544,1.0,
194,2017-06-01T14:00:00Z,2017-06-01T20:00:00Z,DAL,MarketOnClose,Filled,sell,-10,44.819352355,-448.19352355,1.0,
195,2017-06-01T14:00:00Z,2017-06-01T20:00:00Z,PPL,MarketOnClose,Filled,sell,-15,26.42998356,-396.4497534,1.0,
196,2017-06-01T14:00:00Z,2017-06-01T20:00:00Z,NFLX,MarketOnClose,Filled,sell,-20,16.299,-325.98,1.0,
197,2017-06-01T14:00:00Z,2017-06-01T20:00:00Z,LUV,MarketOnClose,Filled,sell,-6,53.49702033,-320.98212198,1.0,
198,2017-06-01T14:00:00Z,2017-06-01T20:00:00Z,BAX,MarketOnClose,Filled,sell,-6,51.870174,-311.221044,1.0,
199,2017-06-01T14:00:00Z,2017-06-01T20:00:00Z,GLW,MarketOnClose,Filled,buy,256,23.460938331,6006.000212736,1.28,
200,2017-06-01T14:00:00Z,2017-06-01T20:00:00Z,LBTYA,MarketOnClose,Filled,buy,26,31.35,815.1,1.0,
201,2017-06-01T14:00:00Z,2017-06-01T20:00:00Z,VLO,MarketOnClose,Filled,buy,9,43.652543984,392.872895856,1.0,
202,2017-06-01T14:00:00Z,2017-06-01T20:00:00Z,HCA,MarketOnClose,Filled,buy,5,77.309834375,386.549171875,1.0,
203,2017-06-01T14:00:00Z,2017-06-01T20:00:00Z,GILD,MarketOnClose,Filled,buy,8,46.011391524,368.091132192,1.0,
204,2017-06-01T14:00:00Z,2017-06-01T20:00:00Z,CSCO,MarketOnClose,Filled,buy,15,24.255265936,363.82898904,1.0,
205,2017-06-01T14:00:00Z,2017-06-01T20:00:00Z,T,MarketOnClose,Filled,buy,20,16.9204278634201,338.408557268402,1.0,
206,2017-07-03T14:00:00Z,2017-07-03T17:00:00Z,GILD,MarketOnClose,Filled,sell,-11,50.7455613,-558.2011743,1.0,
207,2017-07-03T14:00:00Z,2017-07-03T17:00:00Z,DAL,MarketOnClose,Filled,sell,-11,48.604497258,-534.649469838,1.0,
208,2017-07-03T14:00:00Z,2017-07-03T17:00:00Z,VLO,MarketOnClose,Filled,sell,-11,47.791524732,-525.706772052,1.0,
209,2017-07-03T14:00:00Z,2017-07-03T17:00:00Z,HCA,MarketOnClose,Filled,sell,-5,80.503769025,-402.518845125,1.0,
210,2017-07-03T14:00:00Z,2017-07-03T17:00:00Z,HPE,MarketOnClose,Filled,buy,59,12.737552001,751.515568059,1.0,
211,2017-07-03T14:00:00Z,2017-07-03T17:00:00Z,NFLX,MarketOnClose,Filled,buy,36,14.617,526.212,1.0,
212,2017-07-03T14:00:00Z,2017-07-03T17:00:00Z,HPQ,MarketOnClose,Filled,buy,39,12.81216699,499.67451261,1.0,
213,2017-07-03T14:00:00Z,2017-07-03T17:00:00Z,TGT,MarketOnClose,Filled,buy,7,40.091413673,280.639895711,1.0,
214,2017-07-03T14:00:00Z,2017-07-03T17:00:00Z,VZ,MarketOnClose,Filled,buy,10,27.18441,271.8441,1.0,
215,2017-08-01T14:00:00Z,2017-08-01T20:00:00Z,CSCO,MarketOnClose,Filled,sell,-245,24.351082725,-5966.015267625,1.225,reached implied value
216,2017-08-01T14:00:00Z,2017-08-01T20:00:00Z,NFLX,MarketOnClose,Filled,sell,-65,18.203,-1183.195,1.0,
217,2017-08-01T14:00:00Z,2017-08-01T20:00:00Z,LBTYA,MarketOnClose,Filled,sell,-14,34.4,-481.6,1.0,
218,2017-08-01T14:00:00Z,2017-08-01T20:00:00Z,VZ,MarketOnClose,Filled,sell,-16,29.92126668,-478.74026688,1.0,
219,2017-08-01T14:00:00Z,2017-08-01T20:00:00Z,HPQ,MarketOnClose,Filled,sell,-32,13.95702198,-446.62470336,1.0,
220,2017-08-01T14:00:00Z,2017-08-01T20:00:00Z,TGT,MarketOnClose,Filled,sell,-9,43.330123198,-389.971108782,1.0,
221,2017-08-01T14:00:00Z,2017-08-01T20:00:00Z,GILD,MarketOnClose,Filled,sell,-6,54.3343563,-326.0061378,1.0,
222,2017-08-01T14:00:00Z,2017-08-01T20:00:00Z,CRH,MarketOnClose,Filled,buy,214,27.994556562,5990.835104268,1.07,
223,2017-08-01T14:00:00Z,2017-08-01T20:00:00Z,MO,MarketOnClose,Filled,buy,24,33.76211255,810.2907012,1.0,
224,2017-08-01T14:00:00Z,2017-08-01T20:00:00Z,DAL,MarketOnClose,Filled,buy,14,45.017150901,630.240112614,1.0,
225,2017-08-01T14:00:00Z,2017-08-01T20:00:00Z,HCA,MarketOnClose,Filled,buy,8,73.1835662,585.4685296,1.0,
226,2017-08-01T14:00:00Z,2017-08-01T20:00:00Z,LUV,MarketOnClose,Filled,buy,12,49.515761876,594.189142512,1.0,
227,2017-08-01T14:00:00Z,2017-08-01T20:00:00Z,PPL,MarketOnClose,Filled,buy,12,25.792414362,309.508972344,1.0,
228,2017-08-01T14:00:00Z,2017-08-01T20:00:00Z,MCK,MarketOnClose,Filled,buy,2,150.283789722,300.567579444,1.0,
229,2017-09-01T04:00:00Z,,GLW,MarketOnOpen,Canceled,sell,-256,0.0,0.0,0.0,no valuation
230,2017-09-01T14:00:00Z,2017-09-01T20:00:00Z,GLW,MarketOnClose,Filled,sell,-256,22.9759046,-5881.8315776,1.28,no valuation
231,2017-09-01T14:00:00Z,2017-09-01T20:00:00Z,GILD,MarketOnClose,Filled,sell,-10,60.11231625,-601.1231625,1.0,
232,2017-09-01T14:00:00Z,2017-09-01T20:00:00Z,CCL,MarketOnClose,Filled,sell,-9,62.204114168,-559.837027512,1.0,
233,2017-09-01T14:00:00Z,2017-09-01T20:00:00Z,HPE,MarketOnClose,Filled,sell,-33,10.934275293,-360.831084669,1.0,
234,2017-09-01T14:00:00Z,2017-09-01T20:00:00Z,EBAY,MarketOnClose,Filled,sell,-11,32.055760035,-352.613360385,1.0,
235,2017-09-01T14:00:00Z,2017-09-01T20:00:00Z,LOW,MarketOnClose,Filled,buy,96,63.100234115,6057.62247504,1.0,
236,2017-09-01T14:00:00Z,2017-09-01T20:00:00Z,MCK,MarketOnClose,Filled,buy,3,139.562670779,418.688012337,1.0,
237,2017-09-01T14:00:00Z,2017-09-01T20:00:00Z,LUV,MarketOnClose,Filled,buy,7,46.487350051,325.411450357,1.0,
238,2017-10-02T14:00:00Z,2017-10-02T20:00:00Z,VLO,MarketOnClose,Filled,sell,-13,54.70281866,-711.13664258,1.0,
239,2017-10-02T14:00:00Z,2017-10-02T20:00:00Z,CRH,MarketOnClose,Filled,sell,-14,30.040879768,-420.572316752,1.0,
240,2017-10-02T14:00:00Z,2017-10-02T20:00:00Z,LOW,MarketOnClose,Filled,sell,-6,68.290260069,-409.741560414,1.0,
241,2017-10-02T14:00:00Z,2017-10-02T20:00:00Z,LUV,MarketOnClose,Filled,sell,-6,49.836505755,-299.01903453,1.0,
242,2017-10-02T14:00:00Z,2017-10-02T20:00:00Z,HPE,MarketOnClose,Filled,buy,108,11.502226722,1242.240485976,1.0,
243,2017-10-02T14:00:00Z,2017-10-02T20:00:00Z,CCL,MarketOnClose,Filled,buy,9,57.974990248,521.774912232,1.0,
244,2017-10-02T14:00:00Z,2017-10-02T20:00:00Z,GILD,MarketOnClose,Filled,buy,4,60.322086144,241.288344576,1.0,
245,2017-10-03T04:00:00Z,2017-10-03T20:00:00Z,HPE,MarketOnOpen,Filled,sell,-543,11.494548333,-6241.539744819,2.715,left universe
246,2017-11-01T04:00:00Z,,LBTYA,MarketOnOpen,Canceled,sell,-178,0.0,0.0,0.0,no valuation
247,2017-11-01T04:00:00Z,,PPL,MarketOnOpen,Canceled,sell,-235,0.0,0.0,0.0,no valuation
248,2017-11-01T14:00:00Z,2017-11-01T20:00:00Z,LBTYA,MarketOnClose,Filled,sell,-178,31.34,-5578.52,1.0,no valuation
249,2017-11-01T14:00:00Z,2017-11-01T20:00:00Z,PPL,MarketOnClose,Filled,sell,-235,24.928523108,-5858.20293038,1.175,no valuation
250,2017-11-01T14:00:00Z,2017-11-01T20:00:00Z,HPQ,MarketOnClose,Filled,sell,-50,15.764351794,-788.2175897,1.0,
251,2017-11-01T14:00:00Z,2017-11-01T20:00:00Z,NFLX,MarketOnClose,Filled,sell,-23,19.8,-455.4,1.0,
252,2017-11-01T14:00:00Z,2017-11-01T20:00:00Z,BAX,MarketOnClose,Filled,sell,-7,55.64606904,-389.52248328,1.0,
253,2017-11-01T14:00:00Z,2017-11-01T20:00:00Z,TGT,MarketOnClose,Filled,sell,-6,45.3595761,-272.1574566,1.0,
254,2017-11-01T14:00:00Z,2017-11-01T20:00:00Z,CVS,MarketOnClose,Filled,buy,117,52.2414042,6112.2442914,1.0,
255,2017-11-01T14:00:00Z,2017-11-01T20:00:00Z,MU,MarketOnClose,Filled,buy,140,43.276593374,6058.72307236,1.0,
256,2017-11-01T14:00:00Z,2017-11-01T20:00:00Z,GLW,MarketOnClose,Filled,buy,243,25.14629282,6110.54915526,1.215,
257,2017-11-01T14:00:00Z,2017-11-01T20:00:00Z,T,MarketOnClose,Filled,buy,53,14.9805486759736,793.9690798266008,1.0,
258,2017-11-01T14:00:00Z,2017-11-01T20:00:00Z,MCK,MarketOnClose,Filled,buy,4,130.464615673,521.858462692,1.0,
259,2017-11-01T14:00:00Z,2017-11-01T20:00:00Z,GILD,MarketOnClose,Filled,buy,8,54.052980448,432.423843584,1.0,
260,2017-11-01T14:00:00Z,2017-11-01T20:00:00Z,HCA,MarketOnClose,Filled,buy,5,70.921965075,354.609825375,1.0,
261,2017-12-01T15:00:00Z,2017-12-01T21:00:00Z,CCL,MarketOnClose,Filled,sell,-105,59.789268,-6277.87314,1.0,reached implied value
262,2017-12-01T15:00:00Z,2017-12-01T21:00:00Z,VLO,MarketOnClose,Filled,sell,-10,60.266780542,-602.66780542,1.0,
263,2017-12-01T15:00:00Z,2017-12-01T21:00:00Z,HCA,MarketOnClose,Filled,sell,-7,77.586765125,-543.107355875,1.0,
264,2017-12-01T15:00:00Z,2017-12-01T21:00:00Z,CVS,MarketOnClose,Filled,sell,-9,56.874989616,-511.874906544,1.0,
265,2017-12-01T15:00:00Z,2017-12-01T21:00:00Z,LUV,MarketOnClose,Filled,sell,-8,53.372715368,-426.981722944,1.0,
266,2017-12-01T15:00:00Z,2017-12-01T21:00:00Z,T,MarketOnClose,Filled,sell,-19,16.2977653255748,-309.6575411859212,1.0,
267,2017-12-01T15:00:00Z,2017-12-01T21:00:00Z,DAL,MarketOnClose,Filled,sell,-6,47.401702436,-284.410214616,1.0,
268,2017-12-01T15:00:00Z,2017-12-01T21:00:00Z,JCI,MarketOnClose,Filled,buy,203,30.574961468,6206.717178004,1.015,
269,2017-12-01T15:00:00Z,2017-12-01T21:00:00Z,CRH,MarketOnClose,Filled,buy,23,28.05216706,645.19984238,1.0,
270,2017-12-01T15:00:00Z,2017-12-01T21:00:00Z,EBAY,MarketOnClose,Filled,buy,16,31.04161632,496.66586112,1.0,
271,2017-12-01T15:00:00Z,2017-12-01T21:00:00Z,NFLX,MarketOnClose,Filled,buy,25,18.682,467.05,1.0,
272,2017-12-01T15:00:00Z,2017-12-01T21:00:00Z,MU,MarketOnClose,Filled,buy,11,40.946015227,450.406167497,1.0,
273,2018-01-02T15:00:00Z,2018-01-02T21:00:00Z,LOW,MarketOnClose,Filled,sell,-8,77.841460602,-622.731684816,1.0,
274,2018-01-02T15:00:00Z,2018-01-02T21:00:00Z,MCK,MarketOnClose,Filled,sell,-3,148.862319,-446.586957,1.0,
275,2018-01-02T15:00:00Z,2018-01-02T21:00:00Z,EBAY,MarketOnClose,Filled,sell,-10,33.563747646,-335.63747646,1.0,
276,2018-01-02T15:00:00Z,2018-01-02T21:00:00Z,TGT,MarketOnClose,Filled,sell,-6,52.658577825,-315.95146695,1.0,
277,2018-01-02T15:00:00Z,2018-01-02T21:00:00Z,MO,MarketOnClose,Filled,sell,-8,37.184275854,-297.474206832,1.0,
278,2018-01-02T15:00:00Z,2018-01-02T21:00:00Z,GILD,MarketOnClose,Filled,buy,12,53.8844085,646.612902,1.0,
279,2018-01-02T15:00:00Z,2018-01-02T21:00:00Z,CVS,MarketOnClose,Filled,buy,10,55.663594736,556.63594736,1.0,
280,2018-01-02T15:00:00Z,2018-01-02T21:00:00Z,HPQ,MarketOnClose,Filled,buy,34,15.757264484,535.746992456,1.0,
281,2018-01-02T15:00:00Z,2018-01-02T21:00:00Z,MU,MarketOnClose,Filled,buy,10,42.584245891,425.84245891,1.0,
282,2018-01-02T15:00:00Z,2018-01-02T21:00:00Z,BAX,MarketOnClose,Filled,buy,7,58.363616697,408.545316879,1.0,
283,2018-01-02T15:00:00Z,2018-01-02T21:00:00Z,GLW,MarketOnClose,Filled,buy,10,26.060783448,260.60783448,1.0,
284,2018-02-01T05:00:00Z,,GLW,MarketOnOpen,Canceled,sell,-253,0.0,0.0,0.0,no valuation
285,2018-02-01T15:00:00Z,2018-02-01T21:00:00Z,HPQ,MarketOnClose,Filled,sell,-417,17.22065021,-7181.01113757,2.085,reached implied value
286,2018-02-01T15:00:00Z,2018-02-01T21:00:00Z,GLW,MarketOnClose,Filled,sell,-253,25.317787476,-6405.400231428,1.265,no valuation
287,2018-02-01T15:00:00Z,2018-02-01T21:00:00Z,EBAY,MarketOnClose,Filled,sell,-194,40.733302779,-7902.260739126,1.0,reached implied value
288,2018-02-01T15:00:00Z,2018-02-01T21:00:00Z,LOW,MarketOnClose,Filled,sell,-82,88.579784448,-7263.542324736,1.0,reached implied value
289,2018-02-01T15:00:00Z,2018-02-01T21:00:00Z,NFLX,MarketOnClose,Filled,sell,-76,26.507,-2014.532,1.0,
290,2018-02-01T15:00:00Z,2018-02-01T21:00:00Z,GILD,MarketOnClose,Filled,sell,-10,60.71267565,-607.1267565,1.0,
291,2018-02-01T15:00:00Z,2018-02-01T21:00:00Z,TGT,MarketOnClose,Filled,sell,-8,58.373703675,-466.9896294,1.0,
292,2018-02-01T15:00:00Z,2018-02-01T21:00:00Z,HCA,MarketOnClose,Filled,sell,-5,94.3779996,-471.889998,1.0,
293,2018-02-01T15:00:00Z,2018-02-01T21:00:00Z,F,MarketOnClose,Filled,buy,961,7.217045472,6935.580698592,4.805,
294,2018-02-01T15:00:00Z,2018-02-01T21:00:00Z,INTC,MarketOnClose,Filled,buy,172,40.004619445,6880.79454454,1.0,
295,2018-02-01T15:00:00Z,2018-02-01T21:00:00Z,MPC,MarketOnClose,Filled,buy,130,52.843842079,6869.69947027,1.0,
296,2018-02-01T15:00:00Z,2018-02-01T21:00:00Z,ETN,MarketOnClose,Filled,buy,100,72.37823333,7237.823333,1.0,
297,2018-02-01T15:00:00Z,2018-02-01T21:00:00Z,LUV,MarketOnClose,Filled,buy,13,53.829123586,699.778606618,1.0,
298,2018-02-01T15:00:00Z,2018-02-01T21:00:00Z,MO,MarketOnClose,Filled,buy,16,36.758501703,588.136027248,1.0,
299,2018-02-01T15:00:00Z,2018-02-01T21:00:00Z,T,MarketOnClose,Filled,buy,27,17.7172112345234,478.3647033321318,1.0,
300,2018-02-01T15:00:00Z,2018-02-01T21:00:00Z,JCI,MarketOnClose,Filled,buy,13,32.755421178,425.820475314,1.0,
301,2018-03-01T15:00:00Z,2018-03-01T21:00:00Z,MO,MarketOnClose,Filled,sell,-188,32.816148453,-6169.435909164,1.0,reached implied value
302,2018-03-01T15:00:00Z,2018-03-01T21:00:00Z,BAX,MarketOnClose,Filled,sell,-115,57.752681238,-6641.55834237,1.0,reached implied value
303,2018-03-01T15:00:00Z,2018-03-01T21:00:00Z,MU,MarketOnClose,Filled,sell,-20,46.436038226,-928.72076452,1.0,
304,2018-03-01T15:00:00Z,2018-03-01T21:00:00Z,NFLX,MarketOnClose,Filled,sell,-28,29.039,-813.092,1.0,
305,2018-03-01T15:00:00Z,2018-03-01T21:00:00Z,INTC,MarketOnClose,Filled,sell,-11,40.43661648,-444.80278128,1.0,
306,2018-03-01T15:00:00Z,2018-03-01T21:00:00Z,TGT,MarketOnClose,Filled,sell,-6,58.196297649,-349.177785894,1.0,
307,2018-03-01T15:00:00Z,2018-03-01T21:00:00Z,EXC,MarketOnClose,Filled,buy,345,19.3812893412622,6686.544822735459,1.725,
308,2018-03-01T15:00:00Z,2018-03-01T21:00:00Z,PSX,MarketOnClose,Filled,buy,101,66.290055741,6695.295629841,1.0,
309,2018-03-01T15:00:00Z,2018-03-01T21:00:00Z,CRH,MarketOnClose,Filled,buy,28,27.106315894,758.976845032,1.0,
310,2018-03-01T15:00:00Z,2018-03-01T21:00:00Z,VZ,MarketOnClose,Filled,buy,21,30.04240778,630.89056338,1.0,
311,2018-03-01T15:00:00Z,2018-03-01T21:00:00Z,CVS,MarketOnClose,Filled,buy,12,51.156703195,613.88043834,1.0,
312,2018-03-01T15:00:00Z,2018-03-01T21:00:00Z,MCK,MarketOnClose,Filled,buy,4,137.50082664,550.00330656,1.0,
313,2018-03-01T15:00:00Z,2018-03-01T21:00:00Z,DAL,MarketOnClose,Filled,buy,6,48.856580245,293.13948147,1.0,
314,2018-03-01T15:00:00Z,2018-03-01T21:00:00Z,MPC,MarketOnClose,Filled,buy,5,50.183360139,250.916800695,1.0,
315,2018-04-02T14:00:00Z,2018-04-02T20:00:00Z,MPC,MarketOnClose,Filled,sell,-16,55.61298438,-889.80775008,1.0,
316,2018-04-02T14:00:00Z,2018-04-02T20:00:00Z,MU,MarketOnClose,Filled,sell,-8,48.815373238,-390.522985904,1.0,
317,2018-04-02T14:00:00Z,2018-04-02T20:00:00Z,INTC,MarketOnClose,Filled,sell,-8,41.34948324,-330.79586592,1.0,
318,2018-04-02T14:00:00Z,2018-04-02T20:00:00Z,PSX,MarketOnClose,Filled,sell,-5,69.266433285,-346.332166425,1.0,
319,2018-04-02T14:00:00Z,2018-04-02T20:00:00Z,EXC,MarketOnClose,Filled,sell,-15,20.0847272534315,-301.2709088014725,1.0,
320,2018-04-02T14:00:00Z,2018-04-02T20:00:00Z,TGT,MarketOnClose,Filled,buy,11,54.153252554,595.685778094,1.0,
321,2018-04-02T14:00:00Z,2018-04-02T20:00:00Z,CVS,MarketOnClose,Filled,buy,12,46.501938392,558.023260704,1.0,
322,2018-04-02T14:00:00Z,2018-04-02T20:00:00Z,JCI,MarketOnClose,Filled,buy,16,28.114689798,449.835036768,1.0,
323,2018-04-02T14:00:00Z,2018-04-02T20:00:00Z,GILD,MarketOnClose,Filled,buy,8,53.562769794,428.502158352,1.0,
324,2018-04-02T14:00:00Z,2018-04-02T20:00:00Z,MCK,MarketOnClose,Filled,buy,3,131.18595996,393.55787988,1.0,
325,2018-05-01T14:00:00Z,2018-05-01T20:00:00Z,VLO,MarketOnClose,Filled,sell,-16,80.002385728,-1280.038171648,1.0,
326,2018-05-01T14:00:00Z,2018-05-01T20:00:00Z,PSX,MarketOnClose,Filled,sell,-11,81.595055955,-897.545615505,1.0,
327,2018-05-01T14:00:00Z,2018-05-01T20:00:00Z,CVS,MarketOnClose,Filled,sell,-14,52.2005604,-730.8078456,1.0,
328,2018-05-01T14:00:00Z,2018-05-01T20:00:00Z,MCK,MarketOnClose,Filled,sell,-4,144.69771036,-578.79084144,1.0,
329,2018-05-01T14:00:00Z,2018-05-01T20:00:00Z,CRH,MarketOnClose,Filled,sell,-14,29.032885376,-406.460395264,1.0,
330,2018-05-01T14:00:00Z,2018-05-01T20:00:00Z,F,MarketOnClose,Filled,sell,-45,7.541596688,-339.37185096,1.0,
331,2018-05-01T14:00:00Z,2018-05-01T20:00:00Z,NFLX,MarketOnClose,Filled,sell,-10,31.33,-313.3,1.0,
332,2018-05-01T14:00:00Z,2018-05-01T20:00:00Z,MU,MarketOnClose,Filled,buy,20,45.626674267,912.53348534,1.0,
333,2018-05-01T14:00:00Z,2018-05-01T20:00:00Z,LUV,MarketOnClose,Filled,buy,18,47.352484758,852.344725644,1.0,
334,2018-05-01T14:00:00Z,2018-05-01T20:00:00Z,T,MarketOnClose,Filled,buy,48,14.9316546894002,716.7194250912096,1.0,
335,2018-05-01T14:00:00Z,2018-05-01T20:00:00Z,ETN,MarketOnClose,Filled,buy,10,61.344083244,613.44083244,1.0,
336,2018-05-01T14:00:00Z,2018-05-01T20:00:00Z,GILD,MarketOnClose,Filled,buy,8,53.138017176,425.104137408,1.0,
337,2018-05-01T14:00:00Z,2018-05-01T20:00:00Z,DAL,MarketOnClose,Filled,buy,8,48.297957678,386.383661424,1.0,
338,2018-05-01T14:00:00Z,2018-05-01T20:00:00Z,JCI,MarketOnClose,Filled,buy,13,29.780193084,387.142510092,1.0,
339,2018-05-01T14:00:00Z,2018-05-01T20:00:00Z,HCA,MarketOnClose,Filled,buy,3,89.10952128,267.32856384,1.0,
340,2018-06-01T14:00:00Z,2018-06-01T20:00:00Z,MCK,MarketOnClose,Filled,sell,-47,133.781001424,-6287.707066928,1.0,reached implied value
341,2018-06-01T14:00:00Z,2018-06-01T20:00:00Z,MU,MarketOnClose,Filled,sell,-27,57.279565002,-1546.548255054,1.0,
342,2018-06-01T14:00:00Z,2018-06-01T20:00:00Z,NFLX,MarketOnClose,Filled,sell,-18,35.993,-647.874,1.0,
343,2018-06-01T14:00:00Z,2018-06-01T20:00:00Z,VLO,MarketOnClose,Filled,sell,-6,90.060731238,-540.364387428,1.0,
344,2018-06-01T14:00:00Z,2018-06-01T20:00:00Z,NXPI,MarketOnClose,Filled,buy,71,99.9936408,7099.5484968,1.0,
345,2018-06-01T14:00:00Z,2018-06-01T20:00:00Z,CVS,MarketOnClose,Filled,buy,18,49.183675071,885.306151278,1.0,
346,2018-06-01T14:00:00Z,2018-06-01T20:00:00Z,GILD,MarketOnClose,Filled,buy,14,50.01828243,700.25595402,1.0,
347,2018-06-01T14:00:00Z,2018-06-01T20:00:00Z,LUV,MarketOnClose,Filled,buy,9,45.581462472,410.233162248,1.0,
348,2018-06-01T14:00:00Z,2018-06-01T20:00:00Z,VZ,MarketOnClose,Filled,buy,11,30.325280594,333.578086534,1.0,
349,2018-06-01T14:00:00Z,2018-06-01T20:00:00Z,T,MarketOnClose,Filled,buy,19,14.8995337358582,283.0911409813058,1.0,
350,2018-06-01T14:00:00Z,2018-06-01T20:00:00Z,JCI,MarketOnClose,Filled,buy,10,27.948968078,279.48968078,1.0,
351,2018-07-02T14:00:00Z,2018-07-02T20:00:00Z,NFLX,MarketOnClose,Filled,sell,-202,39.818,-8043.236,1.01,reached implied value
352,2018-07-02T14:00:00Z,2018-07-02T20:00:00Z,GILD,MarketOnClose,Filled,sell,-11,52.621362288,-578.834985168,1.0,
353,2018-07-02T14:00:00Z,2018-07-02T20:00:00Z,TGT,MarketOnClose,Filled,sell,-9,59.994026801,-539.946241209,1.0,
354,2018-07-02T14:00:00Z,2018-07-02T20:00:00Z,VZ,MarketOnClose,Filled,sell,-16,31.980770708,-511.692331328,1.0,
355,2018-07-02T14:00:00Z,2018-07-02T20:00:00Z,EXC,MarketOnClose,Filled,sell,-21,22.7186242020263,-477.0911082425523,1.0,
356,2018-07-02T14:00:00Z,2018-07-02T20:00:00Z,HCA,MarketOnClose,Filled,sell,-4,95.904311326,-383.617245304,1.0,
357,2018-07-02T14:00:00Z,2018-07-02T20:00:00Z,XOM,MarketOnClose,Filled,buy,121,56.725325104,6863.764337584,1.0,
358,2018-07-02T14:00:00Z,2018-07-02T20:00:00Z,MU,MarketOnClose,Filled,buy,10,53.125480104,531.25480104,1.0,
359,2018-07-02T14:00:00Z,2018-07-02T20:00:00Z,INTC,MarketOnClose,Filled,buy,12,42.67629006,512.11548072,1.0,
360,2018-07-02T14:00:00Z,2018-07-02T20:00:00Z,VLO,MarketOnClose,Filled,buy,6,79.474338933,476.846033598,1.0,
361,2018-07-02T14:00:00Z,2018-07-02T20:00:00Z,MPC,MarketOnClose,Filled,buy,8,54.749401857,437.995214856,1.0,
362,2018-07-02T14:00:00Z,2018-07-02T20:00:00Z,DAL,MarketOnClose,Filled,buy,9,45.987192576,413.884733184,1.0,
363,2018-08-01T14:00:00Z,2018-08-01T20:00:00Z,HCA,MarketOnClose,Filled,sell,-10,115.784078932,-1157.84078932,1.0,
364,2018-08-01T14:00:00Z,2018-08-01T20:00:00Z,LUV,MarketOnClose,Filled,sell,-15,50.720700203,-760.810503045,1.0,
365,2018-08-01T14:00:00Z,2018-08-01T20:00:00Z,MPC,MarketOnClose,Filled,sell,-11,62.922466116,-692.147127276,1.0,
366,2018-08-01T14:00:00Z,2018-08-01T20:00:00Z,JCI,MarketOnClose,Filled,sell,-21,31.46023776,-660.66499296,1.0,
367,2018-08-01T14:00:00Z,2018-08-01T20:00:00Z,PSX,MarketOnClose,Filled,sell,-5,90.329281347,-451.646406735,1.0,
368,2018-08-01T14:00:00Z,2018-08-01T20:00:00Z,DAL,MarketOnClose,Filled,sell,-8,49.704682128,-397.637457024,1.0,
369,2018-08-01T14:00:00Z,2018-08-01T20:00:00Z,ETN,MarketOnClose,Filled,sell,-5,69.037748303,-345.188741515,1.0,
370,2018-08-01T14:00:00Z,2018-08-01T20:00:00Z,GILD,MarketOnClose,Filled,sell,-6,57.50847534,-345.05085204,1.0,
371,2018-08-01T14:00:00Z,2018-08-01T20:00:00Z,NXPI,MarketOnClose,Filled,buy,16,83.67888888,1338.86222208,1.0,
372,2018-08-01T14:00:00Z,2018-08-01T20:00:00Z,F,MarketOnClose,Filled,buy,159,6.717134705,1068.024418095,1.0,
373,2018-08-01T14:00:00Z,2018-08-01T20:00:00Z,CRH,MarketOnClose,Filled,buy,22,27.338134912,601.438968064,1.0,
374,2018-08-01T14:00:00Z,2018-08-01T20:00:00Z,INTC,MarketOnClose,Filled,buy,14,41.494615893,580.924622502,1.0,
375,2018-08-01T14:00:00Z,2018-08-01T20:00:00Z,XOM,MarketOnClose,Filled,buy,8,55.774815131,446.198521048,1.0,
376,2018-08-01T14:00:00Z,2018-08-01T20:00:00Z,EXC,MarketOnClose,Filled,buy,16,22.2474152637881,355.9586442206096,1.0,
377,2018-08-01T14:00:00Z,2018-08-01T20:00:00Z,MU,MarketOnClose,Filled,buy,6,50.989929417,305.939576502,1.0,
378,2018-09-01T04:00:00Z,,CRH,MarketOnOpen,Canceled,sell,-259,0.0,0.0,0.0,no valuation
379,2018-09-04T14:00:00Z,2018-09-04T20:00:00Z,CRH,MarketOnClose,Filled,sell,-259,27.165369088,-7035.830593792,1.295,no valuation
380,2018-09-04T14:00:00Z,2018-09-04T20:00:00Z,HCA,MarketOnClose,Filled,sell,-63,124.898562906,-7868.609463078,1.0,reached implied value
381,2018-09-04T14:00:00Z,2018-09-04T20:00:00Z,CVS,MarketOnClose,Filled,sell,-18,57.23789,-1030.28202,1.0,
382,2018-09-04T14:00:00Z,2018-09-04T20:00:00Z,TGT,MarketOnClose,Filled,sell,-8,70.983514305,-567.86811444,1.0,
383,2018-09-04T14:00:00Z,2018-09-04T20:00:00Z,DAL,MarketOnClose,Filled,sell,-7,54.611152896,-382.278070272,1.0,
384,2018-09-04T14:00:00Z,2018-09-04T20:00:00Z,AMAT,MarketOnClose,Filled,buy,189,39.186076766,7406.168508774,1.0,
385,2018-09-04T14:00:00Z,2018-09-04T20:00:00Z,CVX,MarketOnClose,Filled,buy,89,84.210432202,7494.728465978,1.0,
386,2018-09-04T14:00:00Z,2018-09-04T20:00:00Z,F,MarketOnClose,Filled,buy,88,6.42508537,565.40751256,1.0,
387,2018-09-04T14:00:00Z,2018-09-04T20:00:00Z,PSX,MarketOnClose,Filled,buy,5,87.964864936,439.82432468,1.0,
388,2018-09-04T14:00:00Z,2018-09-04T20:00:00Z,T,MarketOnClose,Filled,buy,24,14.8468464502366,356.3243148056784,1.0,
389,2018-09-04T14:00:00Z,2018-09-04T20:00:00Z,GILD,MarketOnClose,Filled,buy,6,54.843448434,329.060690604,1.0,
390,2018-09-04T14:00:00Z,2018-09-04T20:00:00Z,NXPI,MarketOnClose,Filled,buy,4,83.029807352,332.119229408,1.0,
391,2018-10-01T14:00:00Z,2018-10-01T20:00:00Z,LUV,MarketOnClose,Filled,sell,-9,55.50352453,-499.53172077,1.0,
392,2018-10-01T14:00:00Z,2018-10-01T20:00:00Z,T,MarketOnClose,Filled,sell,-32,15.6064308731458,-499.4057879406656,1.0,
393,2018-10-01T14:00:00Z,2018-10-01T20:00:00Z,CVS,MarketOnClose,Filled,sell,-7,61.4920575,-430.4444025,1.0,
394,2018-10-01T14:00:00Z,2018-10-01T20:00:00Z,ETN,MarketOnClose,Filled,sell,-5,73.887545655,-369.437728275,1.0,
395,2018-10-01T14:00:00Z,2018-10-01T20:00:00Z,XOM,MarketOnClose,Filled,sell,-6,60.149300371,-360.895802226,1.0,
396,2018-10-01T14:00:00Z,2018-10-01T20:00:00Z,CVX,MarketOnClose,Filled,sell,-4,88.120935994,-352.483743976,1.0,
397,2018-10-01T14:00:00Z,2018-10-01T20:00:00Z,MU,MarketOnClose,Filled,buy,25,44.027449095,1100.686227375,1.0,
398,2018-10-01T14:00:00Z,2018-10-01T20:00:00Z,AMAT,MarketOnClose,Filled,buy,18,35.250919362,634.516548516,1.0,
399,2018-10-01T14:00:00Z,2018-10-01T20:00:00Z,NXPI,MarketOnClose,Filled,buy,7,74.78243949,523.47707643,1.0,
400,2018-10-01T14:00:00Z,2018-10-01T20:00:00Z,JCI,MarketOnClose,Filled,buy,16,29.578700206,473.259203296,1.0,
401,2018-10-01T14:00:00Z,2018-10-01T20:00:00Z,PSX,MarketOnClose,Filled,buy,3,84.652132968,253.956398904,1.0,
402,2018-11-01T04:00:00Z,,NXPI,MarketOnOpen,Canceled,sell,-98,0.0,0.0,0.0,no valuation
403,2018-11-01T14:00:00Z,2018-11-01T20:00:00Z,NXPI,MarketOnClose,Filled,sell,-98,73.95572547,-7247.66109606,1.0,no valuation
404,2018-11-01T14:00:00Z,2018-11-01T20:00:00Z,VZ,MarketOnClose,Filled,sell,-37,36.368661518,-1345.640476166,1.0,
405,2018-11-01T14:00:00Z,2018-11-01T20:00:00Z,F,MarketOnClose,Filled,sell,-140,6.422834732,-899.19686248,1.0,
406,2018-11-01T14:00:00Z,2018-11-01T20:00:00Z,EXC,MarketOnClose,Filled,sell,-36,23.3013681619347,-838.8492538296492,1.0,
407,2018-11-01T14:00:00Z,2018-11-01T20:00:00Z,INTC,MarketOnClose,Filled,sell,-11,41.242344188,-453.665786068,1.0,
408,2018-11-01T14:00:00Z,2018-11-01T20:00:00Z,TGT,MarketOnClose,Filled,sell,-6,67.184958621,-403.109751726,1.0,
409,2018-11-01T14:00:00Z,2018-11-01T20:00:00Z,LVS,MarketOnClose,Filled,buy,153,49.219345458,7530.559855074,1.0,
410,2018-11-01T14:00:00Z,2018-11-01T20:00:00Z,VLO,MarketOnClose,Filled,buy,15,67.779033421,1016.685501315,1.0,
411,2018-11-01T14:00:00Z,2018-11-01T20:00:00Z,LUV,MarketOnClose,Filled,buy,21,45.833137355,962.495884455,1.0,
412,2018-11-01T14:00:00Z,2018-11-01T20:00:00Z,ETN,MarketOnClose,Filled,buy,11,62.891411375,691.805525125,1.0,
413,2018-11-01T14:00:00Z,2018-11-01T20:00:00Z,MU,MarketOnClose,Filled,buy,16,39.122508476,625.960135616,1.0,
414,2018-11-01T14:00:00Z,2018-11-01T20:00:00Z,AMAT,MarketOnClose,Filled,buy,16,32.501825755,520.02921208,1.0,
415,2018-11-01T14:00:00Z,2018-11-01T20:00:00Z,MPC,MarketOnClose,Filled,buy,6,55.700327996,334.201967976,1.0,
416,2018-12-03T15:00:00Z,2018-12-03T21:00:00Z,DAL,MarketOnClose,Filled,sell,-16,56.111637276,-897.786196416,1.0,
417,2018-12-03T15:00:00Z,2018-12-03T21:00:00Z,AMAT,MarketOnClose,Filled,sell,-21,35.44912566,-744.43163886,1.0,
418,2018-12-03T15:00:00Z,2018-12-03T21:00:00Z,CVS,MarketOnClose,Filled,sell,-10,61.932712688,-619.32712688,1.0,
419,2018-12-03T15:00:00Z,2018-12-03T21:00:00Z,LUV,MarketOnClose,Filled,sell,-11,48.909669833,-538.006368163,1.0,
420,2018-12-03T15:00:00Z,2018-12-03T21:00:00Z,JCI,MarketOnClose,Filled,sell,-12,29.460990768,-353.531889216,1.0,
421,2018-12-03T15:00:00Z,2018-12-03T21:00:00Z,ETN,MarketOnClose,Filled,sell,-5,66.524189849,-332.620949245,1.0,
422,2018-12-03T15:00:00Z,2018-12-03T21:00:00Z,LVS,MarketOnClose,Filled,sell,-6,50.323459762,-301.940758572,1.0,
423,2018-12-03T15:00:00Z,2018-12-03T21:00:00Z,TGT,MarketOnClose,Filled,buy,21,58.2072959,1222.3532139,1.0,
424,2018-12-03T15:00:00Z,2018-12-03T21:00:00Z,VLO,MarketOnClose,Filled,buy,16,60.13893519,962.22296304,1.0,
425,2018-12-03T15:00:00Z,2018-12-03T21:00:00Z,PSX,MarketOnClose,Filled,buy,11,68.66672432,755.33396752,1.0,
426,2018-12-03T15:00:00Z,2018-12-03T21:00:00Z,MPC,MarketOnClose,Filled,buy,13,51.0396943,663.5160259,1.0,
427,2018-12-03T15:00:00Z,2018-12-03T21:00:00Z,F,MarketOnClose,Filled,buy,48,6.63715968,318.58366464,1.0,
428,2019-01-02T15:00:00Z,2019-01-02T21:00:00Z,EXC,MarketOnClose,Filled,sell,-33,23.6982319891981,-782.0416556435373,1.0,
429,2019-01-02T15:00:00Z,2019-01-02T21:00:00Z,INTC,MarketOnClose,Filled,sell,-15,40.52072024,-607.8108036,1.0,
430,2019-01-02T15:00:00Z,2019-01-02T21:00:00Z,LVS,MarketOnClose,Filled,sell,-11,47.365617168,-521.021788848,1.0,
431,2019-01-02T15:00:00Z,2019-01-02T21:00:00Z,CVX,MarketOnClose,Filled,sell,-6,79.181881189,-475.091287134,1.0,
432,2019-01-02T15:00:00Z,2019-01-02T21:00:00Z,VZ,MarketOnClose,Filled,sell,-12,36.336224253,-436.034691036,1.0,
433,2019-01-02T15:00:00Z,2019-01-02T21:00:00Z,TGT,MarketOnClose,Filled,sell,-6,53.4599494,-320.7596964,1.0,
434,2019-01-02T15:00:00Z,2019-01-02T21:00:00Z,VLO,MarketOnClose,Filled,sell,-5,55.892963628,-279.46481814,1.0,
435,2019-01-02T15:00:00Z,2019-01-02T21:00:00Z,F,MarketOnClose,Filled,buy,104,5.468743028,568.749274912,1.0,
436,2019-01-02T15:00:00Z,2019-01-02T21:00:00Z,MU,MarketOnClose,Filled,buy,17,31.935746575,542.907691775,1.0,
437,2019-01-02T15:00:00Z,2019-01-02T21:00:00Z,DAL,MarketOnClose,Filled,buy,11,46.750364457,514.254009027,1.0,
438,2019-01-02T15:00:00Z,2019-01-02T21:00:00Z,CVS,MarketOnClose,Filled,buy,10,51.075796002,510.75796002,1.0,
439,2019-01-02T15:00:00Z,2019-01-02T21:00:00Z,LUV,MarketOnClose,Filled,buy,7,42.53093364,297.71653548,1.0,
440,2019-01-02T15:00:00Z,2019-01-02T21:00:00Z,XOM,MarketOnClose,Filled,buy,5,49.345042881,246.725214405,1.0,
441,2019-02-01T15:00:00Z,2019-02-01T21:00:00Z,LUV,MarketOnClose,Filled,sell,-15,51.54417138,-773.1625707,1.0,
442,2019-02-01T15:00:00Z,2019-02-01T21:00:00Z,MU,MarketOnClose,Filled,sell,-17,38.61543708,-656.46243036,1.0,
443,2019-02-01T15:00:00Z,2019-02-01T21:00:00Z,AMAT,MarketOnClose,Filled,sell,-13,36.34598669,-472.49782697,1.0,
444,2019-02-01T15:00:00Z,2019-02-01T21:00:00Z,VLO,MarketOnClose,Filled,sell,-7,63.068211738,-441.477482166,1.0,
445,2019-02-01T15:00:00Z,2019-02-01T21:00:00Z,F,MarketOnClose,Filled,sell,-71,6.133784032,-435.498666272,1.0,
446,2019-02-01T15:00:00Z,2019-02-01T21:00:00Z,DAL,MarketOnClose,Filled,buy,15,46.591698816,698.87548224,1.0,
447,2019-02-01T15:00:00Z,2019-02-01T21:00:00Z,VZ,MarketOnClose,Filled,buy,19,35.75809232,679.40375408,1.0,
448,2019-02-01T15:00:00Z,2019-02-01T21:00:00Z,CVS,MarketOnClose,Filled,buy,12,51.182281992,614.187383904,1.0,
449,2019-02-01T15:00:00Z,2019-02-01T21:00:00Z,INTC,MarketOnClose,Filled,buy,15,41.94083894,629.1125841,1.0,
450,2019-02-01T15:00:00Z,2019-02-01T21:00:00Z,CVX,MarketOnClose,Filled,buy,4,84.675754597,338.703018388,1.0,
451,2019-03-01T15:00:00Z,2019-03-01T21:00:00Z,CVS,MarketOnClose,Filled,sell,-133,45.618308068,-6067.234973044,1.0,no valuation
452,2019-03-01T15:00:00Z,2019-03-01T21:00:00Z,ETN,MarketOnClose,Filled,sell,-106,68.417327927,-7252.236760262,1.0,reached implied value
453,2019-03-01T15:00:00Z,2019-03-01T21:00:00Z,EXC,MarketOnClose,Filled,sell,-256,26.3052121196597,-6734.134302632883,1.28,reached implied value
454,2019-03-01T15:00:00Z,2019-03-01T21:00:00Z,F,MarketOnClose,Filled,sell,-1104,6.19005728,-6833.82323712,5.52,no valuation
455,2019-03-01T15:00:00Z,2019-03-01T21:00:00Z,INTC,MarketOnClose,Filled,sell,-17,46.16491555,-784.80356435,1.0,
456,2019-03-01T15:00:00Z,2019-03-01T21:00:00Z,MU,MarketOnClose,Filled,sell,-10,40.546208934,-405.46208934,1.0,
457,2019-03-01T15:00:00Z,2019-03-01T21:00:00Z,LVS,MarketOnClose,Filled,sell,-7,52.82280792,-369.75965544,1.0,
458,2019-03-01T15:00:00Z,2019-03-01T21:00:00Z,XOM,MarketOnClose,Filled,sell,-6,57.274072,-343.644432,1.0,
459,2019-03-01T15:00:00Z,2019-03-01T21:00:00Z,ET,MarketOnClose,Filled,buy,820,8.555952832,7015.88132224,4.1,
460,2019-03-01T15:00:00Z,2019-03-01T21:00:00Z,COP,MarketOnClose,Filled,buy,134,52.489733169,7033.624244646,1.0,
461,2019-03-01T15:00:00Z,2019-03-01T21:00:00Z,OXY,MarketOnClose,Filled,buy,124,56.918731065,7057.92265206,1.0,
462,2019-03-01T15:00:00Z,2019-03-01T21:00:00Z,HCA,MarketOnClose,Filled,buy,53,129.723182428,6875.328668684,1.0,
463,2019-03-01T15:00:00Z,2019-03-01T21:00:00Z,VLO,MarketOnClose,Filled,buy,8,61.984536903,495.876295224,1.0,
464,2019-03-01T15:00:00Z,2019-03-01T21:00:00Z,GILD,MarketOnClose,Filled,buy,9,49.523566834,445.712101506,1.0,
465,2019-04-01T14:00:00Z,2019-04-01T20:00:00Z,TGT,MarketOnClose,Filled,sell,-9,64.917046975,-584.253422775,1.0,
466,2019-04-01T14:00:00Z,2019-04-01T20:00:00Z,JCI,MarketOnClose,Filled,sell,-16,31.52242522,-504.35880352,1.0,
467,2019-04-01T14:00:00Z,2019-04-01T20:00:00Z,CVX,MarketOnClose,Filled,sell,-5,90.27402266,-451.3701133,1.0,
468,2019-04-01T14:00:00Z,2019-04-01T20:00:00Z,VZ,MarketOnClose,Filled,sell,-8,38.734109536,-309.872876288,1.0,
469,2019-04-01T14:00:00Z,2019-04-01T20:00:00Z,LUV,MarketOnClose,Filled,buy,16,47.426631837,758.826109392,1.0,
470,2019-04-01T14:00:00Z,2019-04-01T20:00:00Z,MPC,MarketOnClose,Filled,buy,12,48.585366555,583.02439866,1.0,
471,2019-04-01T14:00:00Z,2019-04-01T20:00:00Z,HCA,MarketOnClose,Filled,buy,4,123.643140152,494.572560608,1.0,
472,2019-04-02T04:00:00Z,2019-04-02T20:00:00Z,LUV,MarketOnOpen,Filled,sell,-149,48.132466083,-7171.737446367,1.0,left universe
473,2019-05-01T14:00:00Z,2019-05-01T20:00:00Z,DAL,MarketOnClose,Filled,sell,-20,54.065268168,-1081.30536336,1.0,
474,2019-05-01T14:00:00Z,2019-05-01T20:00:00Z,AMAT,MarketOnClose,Filled,sell,-17,40.314265992,-685.342521864,1.0,
475,2019-05-01T14:00:00Z,2019-05-01T20:00:00Z,LVS,MarketOnClose,Filled,sell,-11,60.126284119,-661.389125309,1.0,
476,2019-05-01T14:00:00Z,2019-05-01T20:00:00Z,VLO,MarketOnClose,Filled,sell,-9,67.129350679,-604.164156111,1.0,
477,2019-05-01T14:00:00Z,2019-05-01T20:00:00Z,DELL,MarketOnClose,Filled,buy,227,31.5757075351736,7167.685610484407,1.135,
478,2019-05-01T14:00:00Z,2019-05-01T20:00:00Z,OXY,MarketOnClose,Filled,buy,16,49.01515032,784.24240512,1.0,
479,2019-05-01T14:00:00Z,2019-05-01T20:00:00Z,COP,MarketOnClose,Filled,buy,12,47.722785111,572.673421332,1.0,
480,2019-05-01T14:00:00Z,2019-05-01T20:00:00Z,INTC,MarketOnClose,Filled,buy,8,43.96493646,351.71949168,1.0,
481,2019-05-01T14:00:00Z,2019-05-01T20:00:00Z,TGT,MarketOnClose,Filled,buy,5,61.426446725,307.132233625,1.0,
482,2019-05-01T14:00:00Z,2019-05-01T20:00:00Z,CVX,MarketOnClose,Filled,buy,3,85.1150942,255.3452826,1.0,
483,2019-06-03T14:00:00Z,2019-06-03T20:00:00Z,TGT,MarketOnClose,Filled,sell,-16,67.94275236,-1087.08403776,1.0,
484,2019-06-03T14:00:00Z,2019-06-03T20:00:00Z,JCI,MarketOnClose,Filled,sell,-29,33.2983365,-965.6517585,1.0,
485,2019-06-03T14:00:00Z,2019-06-03T20:00:00Z,T,MarketOnClose,Filled,sell,-46,15.1863799552257,-698.5734779403822,1.0,
486,2019-06-03T14:00:00Z,2019-06-03T20:00:00Z,CVX,MarketOnClose,Filled,sell,-5,84.631859921,-423.159299605,1.0,
487,2019-06-03T14:00:00Z,2019-06-03T20:00:00Z,GILD,MarketOnClose,Filled,sell,-8,48.199826808,-385.598614464,1.0,
488,2019-06-03T14:00:00Z,2019-06-03T20:00:00Z,MPC,MarketOnClose,Filled,buy,24,37.898901402,909.573633648,1.0,
489,2019-06-03T14:00:00Z,2019-06-03T20:00:00Z,MU,MarketOnClose,Filled,buy,26,31.877238337,828.808196762,1.0,
490,2019-06-03T14:00:00Z,2019-06-03T20:00:00Z,VLO,MarketOnClose,Filled,buy,15,54.4429512,816.644268,1.0,
491,2019-06-03T14:00:00Z,2019-06-03T20:00:00Z,LVS,MarketOnClose,Filled,buy,12,46.899741878,562.796902536,1.0,
492,2019-06-03T14:00:00Z,2019-06-03T20:00:00Z,OXY,MarketOnClose,Filled,buy,9,42.05684088,378.51156792,1.0,
493,2019-06-03T14:00:00Z,2019-06-03T20:00:00Z,PSX,MarketOnClose,Filled,buy,4,62.4457782,249.7831128,1.0,
494,2019-07-01T14:00:00Z,2019-07-01T20:00:00Z,VLO,MarketOnClose,Filled,sell,-12,63.698252904,-764.379034848,1.0,
495,2019-07-01T14:00:00Z,2019-07-01T20:00:00Z,MPC,MarketOnClose,Filled,sell,-17,44.323943248,-753.507035216,1.0,
496,2019-07-01T14:00:00Z,2019-07-01T20:00:00Z,MU,MarketOnClose,Filled,sell,-15,39.112757103,-586.691356545,1.0,
497,2019-07-01T14:00:00Z,2019-07-01T20:00:00Z,PSX,MarketOnClose,Filled,sell,-6,71.44040124,-428.64240744,1.0,
498,2019-07-01T14:00:00Z,2019-07-01T20:00:00Z,HCA,MarketOnClose,Filled,sell,-3,126.454105638,-379.362316914,1.0,
499,2019-07-01T14:00:00Z,2019-07-01T20:00:00Z,DELL,MarketOnClose,Filled,buy,69,23.7393333408217,1638.0140005166973,1.0,
500,2019-07-01T14:00:00Z,2019-07-01T20:00:00Z,OXY,MarketOnClose,Filled,buy,10,43.135176436,431.35176436,1.0,
501,2019-07-01T14:00:00Z,2019-07-01T20:00:00Z,ET,MarketOnClose,Filled,buy,42,8.05333344,338.24000448,1.0,
502,2019-07-01T14:00:00Z,2019-07-01T20:00:00Z,INTC,MarketOnClose,Filled,buy,7,41.872591095,293.108137665,1.0,
503,2019-08-01T14:00:00Z,2019-08-01T20:00:00Z,MU,MarketOnClose,Filled,sell,-21,42.51598628,-892.83571188,1.0,
504,2019-08-01T14:00:00Z,2019-08-01T20:00:00Z,AMAT,MarketOnClose,Filled,sell,-17,45.274930305,-769.673815185,1.0,
505,2019-08-01T14:00:00Z,2019-08-01T20:00:00Z,DELL,MarketOnClose,Filled,sell,-27,26.5801340916531,-717.6636204746337,1.0,
506,2019-08-01T14:00:00Z,2019-08-01T20:00:00Z,PSX,MarketOnClose,Filled,sell,-6,77.50265562,-465.01593372,1.0,
507,2019-08-01T14:00:00Z,2019-08-01T20:00:00Z,XOM,MarketOnClose,Filled,buy,10,52.470619212,524.70619212,1.0,
508,2019-08-01T14:00:00Z,2019-08-01T20:00:00Z,COP,MarketOnClose,Filled,buy,11,45.22751352,497.50264872,1.0,
509,2019-08-01T14:00:00Z,2019-08-01T20:00:00Z,VZ,MarketOnClose,Filled,buy,12,36.974598375,443.6951805,1.0,
510,2019-08-01T14:00:00Z,2019-08-01T20:00:00Z,GILD,MarketOnClose,Filled,buy,8,50.065949973,400.527599784,1.0,
511,2019-08-01T14:00:00Z,2019-08-01T20:00:00Z,HCA,MarketOnClose,Filled,buy,3,121.754607138,365.263821414,1.0,
512,2019-08-01T14:00:00Z,2019-08-01T20:00:00Z,TGT,MarketOnClose,Filled,buy,5,67.672455696,338.36227848,1.0,
513,2019-08-01T14:00:00Z,2019-08-01T20:00:00Z,CVX,MarketOnClose,Filled,buy,3,88.097687446,264.293062338,1.0,
514,2019-09-03T14:00:00Z,2019-09-03T20:00:00Z,TGT,MarketOnClose,Filled,sell,-101,88.075510146,-8895.626524746,1.0,reached implied value
515,2019-09-03T14:00:00Z,2019-09-03T20:00:00Z,VZ,MarketOnClose,Filled,sell,-17,38.84173194,-660.30944298,1.0,
516,2019-09-03T14:00:00Z,2019-09-03T20:00:00Z,T,MarketOnClose,Filled,sell,-32,17.5431220175792,-561.3799045625344,1.0,
517,2019-09-03T14:00:00Z,2019-09-03T20:00:00Z,MU,MarketOnClose,Filled,sell,-8,43.871427127,-350.971417016,1.0,
518,2019-09-03T14:00:00Z,2019-09-03T20:00:00Z,DOW,MarketOnClose,Filled,buy,235,28.58234258,6716.8505063,1.175,
519,2019-09-03T14:00:00Z,2019-09-03T20:00:00Z,OXY,MarketOnClose,Filled,buy,23,36.982911416,850.606962568,1.0,
520,2019-09-03T14:00:00Z,2019-09-03T20:00:00Z,VLO,MarketOnClose,Filled,buy,12,57.011464434,684.137573208,1.0,
521,2019-09-03T14:00:00Z,2019-09-03T20:00:00Z,MPC,MarketOnClose,Filled,buy,17,40.364746144,686.200684448,1.0,
522,2019-09-03T14:00:00Z,2019-09-03T20:00:00Z,COP,MarketOnClose,Filled,buy,14,40.020196062,560.282744868,1.0,
523,2019-09-03T14:00:00Z,2019-09-03T20:00:00Z,DELL,MarketOnClose,Filled,buy,21,23.5137267982111,493.7882627624331,1.0,
524,2019-09-03T14:00:00Z,2019-09-03T20:00:00Z,LVS,MarketOnClose,Filled,buy,8,48.744645016,389.957160128,1.0,
525,2019-09-03T14:00:00Z,2019-09-03T20:00:00Z,HCA,MarketOnClose,Filled,buy,3,113.125111056,339.375333168,1.0,
526,2019-10-01T14:00:00Z,2019-10-01T20:00:00Z,MPC,MarketOnClose,Filled,sell,-26,49.097972848,-1276.547294048,1.0,
527,2019-10-01T14:00:00Z,2019-10-01T20:00:00Z,VLO,MarketOnClose,Filled,sell,-9,65.153774964,-586.383974676,1.0,
528,2019-10-01T14:00:00Z,2019-10-01T20:00:00Z,DOW,MarketOnClose,Filled,sell,-14,31.433738957,-440.072345398,1.0,
529,2019-10-01T14:00:00Z,2019-10-01T20:00:00Z,INTC,MarketOnClose,Filled,sell,-7,44.532844416,-311.729910912,1.0,
530,2019-10-01T14:00:00Z,2019-10-01T20:00:00Z,ET,MarketOnClose,Filled,buy,102,7.419347616,756.773456832,1.0,
531,2019-10-01T14:00:00Z,2019-10-01T20:00:00Z,MU,MarketOnClose,Filled,buy,17,41.24830779,701.22123243,1.0,
532,2019-10-01T14:00:00Z,2019-10-01T20:00:00Z,XOM,MarketOnClose,Filled,buy,7,50.5497272,353.8480904,1.0,
533,2019-10-01T14:00:00Z,2019-10-01T20:00:00Z,HCA,MarketOnClose,Filled,buy,3,110.371482144,331.114446432,1.0,
534,2019-10-01T14:00:00Z,2019-10-01T20:00:00Z,CVX,MarketOnClose,Filled,buy,3,85.516609086,256.549827258,1.0,
535,2019-11-01T14:00:00Z,2019-11-01T20:00:00Z,AMAT,MarketOnClose,Filled,sell,-155,52.038012626,-8065.89195703,1.0,reached implied value
536,2019-11-01T14:00:00Z,2019-11-01T20:00:00Z,VLO,MarketOnClose,Filled,sell,-10,76.346584932,-763.46584932,1.0,
537,2019-11-01T14:00:00Z,2019-11-01T20:00:00Z,PSX,MarketOnClose,Filled,sell,-8,90.77285184,-726.18281472,1.0,
538,2019-11-01T14:00:00Z,2019-11-01T20:00:00Z,MU,MarketOnClose,Filled,sell,-12,47.177142574,-566.125710888,1.0,
539,2019-11-01T14:00:00Z,2019-11-01T20:00:00Z,HCA,MarketOnClose,Filled,sell,-4,126.03510414,-504.14041656,1.0,
540,2019-11-01T14:00:00Z,2019-11-01T20:00:00Z,INTC,MarketOnClose,Filled,sell,-9,49.577443616,-446.196992544,1.0,
541,2019-11-01T14:00:00Z,2019-11-01T20:00:00Z,LVS,MarketOnClose,Filled,sell,-6,57.3608724,-344.1652344,1.0,
542,2019-11-01T14:00:00Z,2019-11-01T20:00:00Z,DD,MarketOnClose,Filled,buy,248,31.6116907802532,7839.699313502793,1.24,
543,2019-11-01T14:00:00Z,2019-11-01T20:00:00Z,OXY,MarketOnClose,Filled,buy,26,37.293047432,969.619233232,1.0,
544,2019-11-01T14:00:00Z,2019-11-01T20:00:00Z,DAL,MarketOnClose,Filled,buy,13,53.704514136,698.158683768,1.0,
545,2019-11-01T14:00:00Z,2019-11-01T20:00:00Z,XOM,MarketOnClose,Filled,buy,11,51.0262656,561.2889216,1.0,
546,2019-11-01T14:00:00Z,2019-11-01T20:00:00Z,ET,MarketOnClose,Filled,buy,71,7.373654944,523.529501024,1.0,
547,2019-11-01T14:00:00Z,2019-11-01T20:00:00Z,GILD,MarketOnClose,Filled,buy,9,49.90837061,449.17533549,1.0,
548,2019-11-01T14:00:00Z,2019-11-01T20:00:00Z,CVX,MarketOnClose,Filled,buy,5,85.649295834,428.24647917,1.0,
549,2019-11-01T14:00:00Z,2019-11-01T20:00:00Z,DELL,MarketOnClose,Filled,buy,15,24.5128414869152,367.692622303728,1.0,
550,2019-12-02T15:00:00Z,2019-12-02T21:00:00Z,GILD,MarketOnClose,Filled,sell,-151,51.03528402,-7706.32788702,1.0,reached implied value
551,2019-12-02T15:00:00Z,2019-12-02T21:00:00Z,JCI,MarketOnClose,Filled,sell,-193,36.542660166,-7052.733412038,1.0,reached implied value
552,2019-12-02T15:00:00Z,2019-12-02T21:00:00Z,DOW,MarketOnClose,Filled,sell,-20,36.815601828,-736.31203656,1.0,
553,2019-12-02T15:00:00Z,2019-12-02T21:00:00Z,COP,MarketOnClose,Filled,sell,-11,46.78632741,-514.64960151,1.0,
554,2019-12-02T15:00:00Z,2019-12-02T21:00:00Z,SLB,MarketOnClose,Filled,buy,244,30.62968218,7473.64245192,1.22,
555,2019-12-02T15:00:00Z,2019-12-02T21:00:00Z,EOG,MarketOnClose,Filled,buy,141,52.652702967,7424.031118347,1.0,
556,2019-12-02T15:00:00Z,2019-12-02T21:00:00Z,DELL,MarketOnClose,Filled,buy,28,21.9713147211794,615.1968121930232,1.0,
557,2019-12-02T15:00:00Z,2019-12-02T21:00:00Z,ET,MarketOnClose,Filled,buy,70,6.642572192,464.98005344,1.0,
558,2019-12-02T15:00:00Z,2019-12-02T21:00:00Z,OXY,MarketOnClose,Filled,buy,11,34.109602144,375.205623584,1.0,
559,2019-12-03T05:00:00Z,2019-12-03T21:00:00Z,ET,MarketOnOpen,Filled,sell,-1105,6.5683216,-7257.995368,5.525,left universe
560,2020-01-02T15:00:00Z,2020-01-02T21:00:00Z,EOG,MarketOnClose,Filled,sell,-16,62.582263422,-1001.316214752,1.0,
561,2020-01-02T15:00:00Z,2020-01-02T21:00:00Z,LVS,MarketOnClose,Filled,sell,-10,65.1380532,-651.380532,1.0,
562,2020-01-02T15:00:00Z,2020-01-02T21:00:00Z,MU,MarketOnClose,Filled,sell,-12,54.012855047,-648.154260564,1.0,
563,2020-01-02T15:00:00Z,2020-01-02T21:00:00Z,SLB,MarketOnClose,Filled,sell,-17,34.311052854,-583.287898518,1.0,
564,2020-01-02T15:00:00Z,2020-01-02T21:00:00Z,HCA,MarketOnClose,Filled,sell,-4,139.48527523,-557.94110092,1.0,
565,2020-01-02T15:00:00Z,2020-01-02T21:00:00Z,OXY,MarketOnClose,Filled,sell,-9,38.325312724,-344.927814516,1.0,
566,2020-01-02T15:00:00Z,2020-01-02T21:00:00Z,EXC,MarketOnClose,Filled,buy,308,25.2000126296079,7761.603889919234,1.54,
567,2020-01-02T15:00:00Z,2020-01-02T21:00:00Z,PSX,MarketOnClose,Filled,buy,7,86.67263748,606.70846236,1.0,
568,2020-01-02T15:00:00Z,2020-01-02T21:00:00Z,MPC,MarketOnClose,Filled,buy,12,50.758919384,609.107032608,1.0,
569,2020-01-02T15:00:00Z,2020-01-02T21:00:00Z,VLO,MarketOnClose,Filled,buy,8,73.383862293,587.070898344,1.0,
570,2020-01-02T15:00:00Z,2020-01-02T21:00:00Z,DD,MarketOnClose,Filled,buy,18,28.9580615184195,521.245107331551,1.0,
571,2020-01-02T15:00:00Z,2020-01-02T21:00:00Z,VZ,MarketOnClose,Filled,buy,12,41.287972114,495.455665368,1.0,
572,2020-02-03T15:00:00Z,2020-02-03T21:00:00Z,SLB,MarketOnClose,Filled,sell,-227,28.579731852,-6487.599130404,1.135,no valuation
573,2020-02-03T15:00:00Z,2020-02-03T21:00:00Z,INTC,MarketOnClose,Filled,sell,-23,56.828109442,-1307.046517166,1.0,
574,2020-02-03T15:00:00Z,2020-02-03T21:00:00Z,EXC,MarketOnClose,Filled,sell,-35,26.7365311192406,-935.778589173421,1.0,
575,2020-02-03T15:00:00Z,2020-02-03T21:00:00Z,MU,MarketOnClose,Filled,sell,-9,52.442883994,-471.985955946,1.0,
576,2020-02-03T15:00:00Z,2020-02-03T21:00:00Z,VZ,MarketOnClose,Filled,sell,-11,39.64065648,-436.04722128,1.0,
577,2020-02-03T15:00:00Z,2020-02-03T21:00:00Z,DAL,MarketOnClose,Filled,sell,-7,53.723687472,-376.065812304,1.0,
578,2020-02-03T15:00:00Z,2020-02-03T21:00:00Z,T,MarketOnClose,Filled,sell,-17,18.8279932483843,-320.0758852225331,1.0,
579,2020-02-03T15:00:00Z,2020-02-03T21:00:00Z,OXY,MarketOnClose,Filled,sell,-9,36.075118224,-324.676064016,1.0,
580,2020-02-03T15:00:00Z,2020-02-03T21:00:00Z,ET,MarketOnClose,Filled,buy,1002,7.31082752,7325.44917504,5.01,
581,2020-02-03T15:00:00Z,2020-02-03T21:00:00Z,DD,MarketOnClose,Filled,buy,43,23.6224816795926,1015.7667122224818,1.0,
582,2020-02-03T15:00:00Z,2020-02-03T21:00:00Z,PSX,MarketOnClose,Filled,buy,12,68.71239843,824.54878116,1.0,
583,2020-02-03T15:00:00Z,2020-02-03T21:00:00Z,DOW,MarketOnClose,Filled,buy,25,32.369473842,809.23684605,1.0,
584,2020-02-03T15:00:00Z,2020-02-03T21:00:00Z,EOG,MarketOnClose,Filled,buy,7,53.260626159,372.824383113,1.0,
585,2020-02-03T15:00:00Z,2020-02-03T21:00:00Z,XOM,MarketOnClose,Filled,buy,6,45.052946664,270.317679984,1.0,
586,2020-03-02T15:00:00Z,2020-03-02T21:00:00Z,CVX,MarketOnClose,Filled,sell,-87,72.7502328,-6329.2702536,1.0,reached implied value
587,2020-03-02T15:00:00Z,2020-03-02T21:00:00Z,DD,MarketOnClose,Filled,sell,-309,20.6296161232306,-6374.551382078255,1.545,no valuation
588,2020-03-02T15:00:00Z,2020-03-02T21:00:00Z,EXC,MarketOnClose,Filled,sell,-273,25.3928017469314,-6932.234876912272,1.365,no valuation
589,2020-03-02T15:00:00Z,2020-03-02T21:00:00Z,DOW,MarketOnClose,Filled,sell,-226,29.159278226,-6589.996879076,1.13,no valuation
590,2020-03-02T15:00:00Z,2020-03-02T21:00:00Z,OXY,MarketOnClose,Filled,sell,-201,29.675565066,-5964.788578266,1.005,no valuation
591,2020-03-02T15:00:00Z,2020-03-02T21:00:00Z,MU,MarketOnClose,Filled,sell,-17,53.232745207,-904.956668519,1.0,
592,2020-03-02T15:00:00Z,2020-03-02T21:00:00Z,T,MarketOnClose,Filled,sell,-26,18.9400646367676,-492.4416805559576,1.0,
593,2020-03-02T15:00:00Z,2020-03-02T21:00:00Z,HCA,MarketOnClose,Filled,sell,-3,128.15310454,-384.45931362,1.0,
594,2020-03-02T15:00:00Z,2020-03-02T21:00:00Z,VZ,MarketOnClose,Filled,sell,-8,39.16239968,-313.29919744,1.0,
595,2020-03-02T15:00:00Z,2020-03-02T21:00:00Z,LVS,MarketOnClose,Filled,sell,-5,53.60088954,-268.0044477,1.0,
596,2020-03-02T15:00:00Z,2020-03-02T21:00:00Z,NEM,MarketOnClose,Filled,buy,169,39.041585625,6598.027970625,1.0,
597,2020-03-02T15:00:00Z,2020-03-02T21:00:00Z,SO,MarketOnClose,Filled,buy,135,49.266388686,6650.96247261,1.0,
598,2020-03-02T15:00:00Z,2020-03-02T21:00:00Z,CI,MarketOnClose,Filled,buy,38,174.792000156,6642.096005928,1.0,
599,2020-03-02T15:00:00Z,2020-03-02T21:00:00Z,CVS,MarketOnClose,Filled,buy,130,51.920639997,6749.68319961,1.0,
600,2020-03-02T15:00:00Z,2020-03-02T21:00:00Z,BIIB,MarketOnClose,Filled,buy,20,327.89,6557.8,1.0,
601,2020-03-02T15:00:00Z,2020-03-02T21:00:00Z,VLO,MarketOnClose,Filled,buy,13,52.970682149,688.618867937,1.0,
602,2020-03-02T15:00:00Z,2020-03-02T21:00:00Z,DAL,MarketOnClose,Filled,buy,7,45.522765144,318.659356008,1.0,
603,2020-03-02T15:00:00Z,2020-03-02T21:00:00Z,PSX,MarketOnClose,Filled,buy,5,58.59727066,292.9863533,1.0,
604,2020-03-03T05:00:00Z,2020-03-03T21:00:00Z,VLO,MarketOnOpen,Filled,sell,-121,53.407746861,-6462.337370181,1.0,left universe
605,2020-04-01T04:00:00Z,,DAL,MarketOnOpen,Canceled,sell,-141,0.0,0.0,0.0,no valuation
606,2020-04-01T04:00:00Z,,EOG,MarketOnOpen,Canceled,sell,-132,0.0,0.0,0.0,no valuation
607,2020-04-01T04:00:00Z,,ET,MarketOnOpen,Canceled,sell,-1002,0.0,0.0,0.0,no valuation
608,2020-04-01T04:00:00Z,,MPC,MarketOnOpen,Canceled,sell,-157,0.0,0.0,0.0,no valuation
609,2020-04-01T14:00:00Z,2020-04-01T20:00:00Z,MPC,MarketOnClose,Filled,sell,-157,17.282795529,-2713.398898053,1.0,no valuation
610,2020-04-01T14:00:00Z,2020-04-01T20:00:00Z,DAL,MarketOnClose,Filled,sell,-141,22.997877005,-3242.700657705,1.0,no valuation
611,2020-04-01T14:00:00Z,2020-04-01T20:00:00Z,EOG,MarketOnClose,Filled,sell,-132,25.82062022,-3408.32186904,1.0,no valuation
612,2020-04-01T14:00:00Z,2020-04-01T20:00:00Z,ET,MarketOnClose,Filled,sell,-1002,2.901484672,-2907.287641344,5.01,no valuation
613,2020-04-01T14:00:00Z,2020-04-01T20:00:00Z,BIIB,MarketOnClose,Filled,sell,-5,293.27,-1466.35,1.0,
614,2020-04-01T14:00:00Z,2020-04-01T20:00:00Z,NEM,MarketOnClose,Filled,sell,-36,38.850853152,-1398.630713472,1.0,
615,2020-04-01T14:00:00Z,2020-04-01T20:00:00Z,CVS,MarketOnClose,Filled,sell,-25,47.306733366,-1182.66833415,1.0,
616,2020-04-01T14:00:00Z,2020-04-01T20:00:00Z,VZ,MarketOnClose,Filled,sell,-32,36.15621408,-1156.99885056,1.0,
617,2020-04-01T14:00:00Z,2020-04-01T20:00:00Z,CI,MarketOnClose,Filled,sell,-7,155.693322018,-1089.853254126,1.0,
618,2020-04-01T14:00:00Z,2020-04-01T20:00:00Z,INTC,MarketOnClose,Filled,sell,-22,45.991324284,-1011.809134248,1.0,
619,2020-04-01T14:00:00Z,2020-04-01T20:00:00Z,DELL,MarketOnClose,Filled,sell,-56,16.9895539231249,-951.4150196949944,1.0,
620,2020-04-01T14:00:00Z,2020-04-01T20:00:00Z,SO,MarketOnClose,Filled,sell,-14,38.639398228,-540.951575192,1.0,
621,2020-04-01T14:00:00Z,2020-04-01T20:00:00Z,EPD,MarketOnClose,Filled,buy,578,8.428841015,4871.87010667,2.89,
622,2020-04-01T14:00:00Z,2020-04-01T20:00:00Z,BKNG,MarketOnClose,Filled,buy,96,49.68719757364,4769.97096706944,1.0,
623,2020-04-01T14:00:00Z,2020-04-01T20:00:00Z,PFE,MarketOnClose,Filled,buy,225,21.7776089272932,4899.96200864097,1.125,
624,2020-04-01T14:00:00Z,2020-04-01T20:00:00Z,IBM,MarketOnClose,Filled,buy,62,76.8438349181211,4764.317764923509,1.0,
625,2020-04-01T14:00:00Z,2020-04-01T20:00:00Z,RTX,MarketOnClose,Filled,buy,116,41.8930516317692,4859.5939892852275,1.0,
626,2020-04-01T14:00:00Z,2020-04-01T20:00:00Z,COP,MarketOnClose,Filled,buy,50,23.117767246,1155.8883623,1.0,
627,2020-04-01T14:00:00Z,2020-04-01T20:00:00Z,HCA,MarketOnClose,Filled,buy,7,79.453975884,556.177831188,1.0,
628,2020-04-01T14:00:00Z,2020-04-01T20:00:00Z,XOM,MarketOnClose,Filled,buy,20,28.253696414,565.07392828,1.0,
629,2020-04-01T14:00:00Z,2020-04-01T20:00:00Z,PSX,MarketOnClose,Filled,buy,13,38.630504266,502.196555458,1.0,
630,2020-04-01T14:00:00Z,2020-04-01T20:00:00Z,LVS,MarketOnClose,Filled,buy,9,37.81683893,340.35155037,1.0,
631,2020-05-01T14:00:00Z,2020-05-01T20:00:00Z,COP,MarketOnClose,Filled,sell,-32,30.555725445,-977.78321424,1.0,
632,2020-05-01T14:00:00Z,2020-05-01T20:00:00Z,PSX,MarketOnClose,Filled,sell,-18,51.777827976,-932.000903568,1.0,
633,2020-05-01T14:00:00Z,2020-05-01T20:00:00Z,NEM,MarketOnClose,Filled,sell,-16,50.990177184,-815.842834944,1.0,
634,2020-05-01T14:00:00Z,2020-05-01T20:00:00Z,RTX,MarketOnClose,Filled,sell,-12,52.66001408,-631.92016896,1.0,
635,2020-05-01T14:00:00Z,2020-05-01T20:00:00Z,EPD,MarketOnClose,Filled,sell,-47,10.747766268,-505.145014596,1.0,
636,2020-05-01T14:00:00Z,2020-05-01T20:00:00Z,XOM,MarketOnClose,Filled,sell,-9,32.490998247,-292.418984223,1.0,
637,2020-05-01T14:00:00Z,2020-05-01T20:00:00Z,HCA,MarketOnClose,Filled,sell,-3,99.504883688,-298.514651064,1.0,
638,2020-05-01T14:00:00Z,2020-05-01T20:00:00Z,BIIB,MarketOnClose,Filled,buy,4,293.09,1172.36,1.0,
639,2020-05-01T14:00:00Z,2020-05-01T20:00:00Z,CVS,MarketOnClose,Filled,buy,11,48.822735353,537.050088883,1.0,
640,2020-05-01T14:00:00Z,2020-05-01T20:00:00Z,SO,MarketOnClose,Filled,buy,12,41.929989182,503.159870184,1.0,
641,2020-05-01T14:00:00Z,2020-05-01T20:00:00Z,VZ,MarketOnClose,Filled,buy,10,39.2559916775,392.559916775,1.0,
642,2020-05-01T14:00:00Z,2020-05-01T20:00:00Z,DELL,MarketOnClose,Filled,buy,20,18.4168606212736,368.337212425472,1.0,
643,2020-05-01T14:00:00Z,2020-05-01T20:00:00Z,CI,MarketOnClose,Filled,buy,2,168.305677566,336.611355132,1.0,
644,2020-05-01T14:00:00Z,2020-05-01T20:00:00Z,T,MarketOnClose,Filled,buy,20,15.499464255094,309.98928510188,1.0,
645,2020-05-01T14:00:00Z,2020-05-01T20:00:00Z,BKNG,MarketOnClose,Filled,buy,5,56.60948151012,283.0474075506,1.0,
646,2020-05-01T14:00:00Z,2020-05-01T20:00:00Z,INTC,MarketOnClose,Filled,buy,5,50.946827421,254.734137105,1.0,
647,2020-06-01T14:00:00Z,2020-06-01T20:00:00Z,CI,MarketOnClose,Filled,sell,-33,178.21024494,-5880.93808302,1.0,no valuation
648,2020-06-01T14:00:00Z,2020-06-01T20:00:00Z,DELL,MarketOnClose,Filled,sell,-34,22.7310102218069,-772.8543475414345,1.0,
649,2020-06-01T14:00:00Z,2020-06-01T20:00:00Z,BKNG,MarketOnClose,Filled,sell,-7,65.28148250844,-456.97037755908,1.0,
650,2020-06-01T14:00:00Z,2020-06-01T20:00:00Z,EPD,MarketOnClose,Filled,sell,-29,12.090452772,-350.623130388,1.0,
651,2020-06-01T14:00:00Z,2020-06-01T20:00:00Z,PSX,MarketOnClose,Filled,sell,-5,62.288951323,-311.444756615,1.0,
652,2020-06-01T14:00:00Z,2020-06-01T20:00:00Z,QCOM,MarketOnClose,Filled,buy,85,69.274215773,5888.308340705,1.0,
653,2020-06-01T14:00:00Z,2020-06-01T20:00:00Z,MU,MarketOnClose,Filled,buy,7,45.187862482,316.315037374,1.0,
654,2020-06-01T14:00:00Z,2020-06-01T20:00:00Z,LVS,MarketOnClose,Filled,buy,7,46.008923393,322.062463751,1.0,
655,2020-06-01T14:00:00Z,2020-06-01T20:00:00Z,HCA,MarketOnClose,Filled,buy,3,103.272138964,309.816416892,1.0,
656,2020-06-01T14:00:00Z,2020-06-01T20:00:00Z,NEM,MarketOnClose,Filled,buy,6,50.572156384,303.432938304,1.0,
657,2020-06-01T14:00:00Z,2020-06-01T20:00:00Z,IBM,MarketOnClose,Filled,buy,3,92.56433252589,277.69299757767,1.0,
658,2020-07-01T14:00:00Z,2020-07-01T20:00:00Z,QCOM,MarketOnClose,Filled,sell,-12,78.6100213,-943.3202556,1.0,
659,2020-07-01T14:00:00Z,2020-07-01T20:00:00Z,DELL,MarketOnClose,Filled,sell,-31,24.9916798630683,-774.7420757551173,1.0,
660,2020-07-01T14:00:00Z,2020-07-01T20:00:00Z,MU,MarketOnClose,Filled,sell,-12,48.46432381,-581.57188572,1.0,
661,2020-07-01T14:00:00Z,2020-07-01T20:00:00Z,NEM,MarketOnClose,Filled,sell,-10,51.519794976,-515.19794976,1.0,
662,2020-07-01T14:00:00Z,2020-07-01T20:00:00Z,CVS,MarketOnClose,Filled,sell,-6,52.788407208,-316.730443248,1.0,
663,2020-07-01T14:00:00Z,2020-07-01T20:00:00Z,PFE,MarketOnClose,Filled,buy,34,23.3805682706687,794.9393212027358,1.0,
664,2020-07-01T14:00:00Z,2020-07-01T20:00:00Z,BIIB,MarketOnClose,Filled,buy,2,264.77,529.54,1.0,
665,2020-07-01T14:00:00Z,2020-07-01T20:00:00Z,SO,MarketOnClose,Filled,buy,12,41.22511815,494.7014178,1.0,
666,2020-07-01T14:00:00Z,2020-07-01T20:00:00Z,HCA,MarketOnClose,Filled,buy,4,93.071132864,372.284531456,1.0,
667,2020-07-01T14:00:00Z,2020-07-01T20:00:00Z,PSX,MarketOnClose,Filled,buy,6,54.608517391,327.651104346,1.0,
668,2020-07-01T14:00:00Z,2020-07-01T20:00:00Z,RTX,MarketOnClose,Filled,buy,5,53.552385438,267.76192719,1.0,
669,2020-07-01T14:00:00Z,2020-07-01T20:00:00Z,VZ,MarketOnClose,Filled,buy,7,37.753981265,264.277868855,1.0,
670,2020-08-01T04:00:00Z,,PSX,MarketOnOpen,Canceled,sell,-103,0.0,0.0,0.0,no valuation
671,2020-08-03T14:00:00Z,2020-08-03T20:00:00Z,PSX,MarketOnClose,Filled,sell,-103,48.295074272,-4974.392650016,1.0,no valuation
672,2020-08-03T14:00:00Z,2020-08-03T20:00:00Z,HCA,MarketOnClose,Filled,sell,-14,119.441919796,-1672.186877144,1.0,
673,2020-08-03T14:00:00Z,2020-08-03T20:00:00Z,PFE,MarketOnClose,Filled,sell,-37,26.8347974935276,-992.8875072605211,1.0,
674,2020-08-03T14:00:00Z,2020-08-03T20:00:00Z,QCOM,MarketOnClose,Filled,sell,-9,95.95536015,-863.59824135,1.0,
675,2020-08-03T14:00:00Z,2020-08-03T20:00:00Z,NEM,MarketOnClose,Filled,sell,-10,57.22089354,-572.2089354,1.0,
676,2020-08-03T14:00:00Z,2020-08-03T20:00:00Z,DELL,MarketOnClose,Filled,sell,-15,27.8462932593657,-417.6943988904855,1.0,
677,2020-08-03T14:00:00Z,2020-08-03T20:00:00Z,GIS,MarketOnClose,Filled,buy,118,51.37905444,6062.72842392,1.0,
678,2020-08-03T14:00:00Z,2020-08-03T20:00:00Z,INTC,MarketOnClose,Filled,buy,30,43.05954177,1291.7862531,1.0,
679,2020-08-03T14:00:00Z,2020-08-03T20:00:00Z,COP,MarketOnClose,Filled,buy,23,29.233083408,672.360918384,1.0,
680,2020-08-03T14:00:00Z,2020-08-03T20:00:00Z,RTX,MarketOnClose,Filled,buy,12,49.988600658,599.863207896,1.0,
681,2020-08-03T14:00:00Z,2020-08-03T20:00:00Z,XOM,MarketOnClose,Filled,buy,18,32.422805946,583.610507028,1.0,
682,2020-08-03T14:00:00Z,2020-08-03T20:00:00Z,LVS,MarketOnClose,Filled,buy,13,41.2888564,536.7551332,1.0,
683,2020-08-03T14:00:00Z,2020-08-03T20:00:00Z,EPD,MarketOnClose,Filled,buy,27,11.295837336,304.987608072,1.0,
684,2020-08-03T14:00:00Z,2020-08-03T20:00:00Z,CVS,MarketOnClose,Filled,buy,5,52.623852158,263.11926079,1.0,
685,2020-08-03T14:00:00Z,2020-08-03T20:00:00Z,MU,MarketOnClose,Filled,buy,5,49.137168547,245.685842735,1.0,
686,2020-09-01T14:00:00Z,2020-09-01T20:00:00Z,BKNG,MarketOnClose,Filled,sell,-12,75.36755810408,-904.41069724896,1.0,
687,2020-09-01T14:00:00Z,2020-09-01T20:00:00Z,LVS,MarketOnClose,Filled,sell,-17,46.590720915,-792.042255555,1.0,
688,2020-09-01T14:00:00Z,2020-09-01T20:00:00Z,QCOM,MarketOnClose,Filled,sell,-5,106.83012585,-534.15062925,1.0,
689,2020-09-01T14:00:00Z,2020-09-01T20:00:00Z,DELL,MarketOnClose,Filled,sell,-14,30.5581759858482,-427.8144638018748,1.0,
690,2020-09-01T14:00:00Z,2020-09-01T20:00:00Z,RTX,MarketOnClose,Filled,sell,-6,53.136608276,-318.819649656,1.0,
691,2020-09-01T14:00:00Z,2020-09-01T20:00:00Z,MU,MarketOnClose,Filled,buy,17,44.622282848,758.578808416,1.0,
692,2020-09-01T14:00:00Z,2020-09-01T20:00:00Z,XOM,MarketOnClose,Filled,buy,12,30.856325728,370.275908736,1.0,
693,2020-09-01T14:00:00Z,2020-09-01T20:00:00Z,T,MarketOnClose,Filled,buy,23,15.5417967092688,357.4613243131824,1.0,
694,2020-09-01T14:00:00Z,2020-09-01T20:00:00Z,NEM,MarketOnClose,Filled,buy,6,56.272109832,337.632658992,1.0,
695,2020-09-01T14:00:00Z,2020-09-01T20:00:00Z,PFE,MarketOnClose,Filled,buy,11,25.8061885674393,283.8680742418323,1.0,
696,2020-09-01T14:00:00Z,2020-09-01T20:00:00Z,CVS,MarketOnClose,Filled,buy,5,49.673752084,248.36876042,1.0,
697,2020-10-01T14:00:00Z,2020-10-01T20:00:00Z,QCOM,MarketOnClose,Filled,sell,-59,105.210420192,-6207.414791328,1.0,reached implied value
698,2020-10-01T14:00:00Z,2020-10-01T20:00:00Z,INTC,MarketOnClose,Filled,sell,-13,46.88699332,-609.53091316,1.0,
699,2020-10-01T14:00:00Z,2020-10-01T20:00:00Z,VZ,MarketOnClose,Filled,sell,-12,41.515986025,-498.1918323,1.0,
700,2020-10-01T14:00:00Z,2020-10-01T20:00:00Z,MU,MarketOnClose,Filled,sell,-10,46.728579416,-467.28579416,1.0,
701,2020-10-01T14:00:00Z,2020-10-01T20:00:00Z,DELL,MarketOnClose,Filled,sell,-13,31.0968691590205,-404.2592990672665,1.0,
702,2020-10-01T14:00:00Z,2020-10-01T20:00:00Z,SO,MarketOnClose,Filled,sell,-7,43.09100157,-301.63701099,1.0,
703,2020-10-01T14:00:00Z,2020-10-01T20:00:00Z,LMT,MarketOnClose,Filled,buy,18,323.741146491,5827.340636838,1.0,
704,2020-10-01T14:00:00Z,2020-10-01T20:00:00Z,COP,MarketOnClose,Filled,buy,25,25.824813264,645.6203316,1.0,
705,2020-10-01T14:00:00Z,2020-10-01T20:00:00Z,XOM,MarketOnClose,Filled,buy,23,25.919626556,596.151410788,1.0,
706,2020-10-01T14:00:00Z,2020-10-01T20:00:00Z,EPD,MarketOnClose,Filled,buy,54,10.074318216,544.013183664,1.0,
707,2020-10-01T14:00:00Z,2020-10-01T20:00:00Z,BKNG,MarketOnClose,Filled,buy,6,68.10455213144,408.62731278864,1.0,
708,2020-10-01T14:00:00Z,2020-10-01T20:00:00Z,LVS,MarketOnClose,Filled,buy,6,43.372066882,260.232401292,1.0,
709,2020-11-02T15:00:00Z,2020-11-02T21:00:00Z,EPD,MarketOnClose,Filled,sell,-61,10.82790976,-660.50249536,1.0,
710,2020-11-02T15:00:00Z,2020-11-02T21:00:00Z,MU,MarketOnClose,Filled,sell,-13,48.474075183,-630.162977379,1.0,
711,2020-11-02T15:00:00Z,2020-11-02T21:00:00Z,SO,MarketOnClose,Filled,sell,-13,46.554375735,-605.206884555,1.0,
712,2020-11-02T15:00:00Z,2020-11-02T21:00:00Z,LVS,MarketOnClose,Filled,sell,-9,46.140297027,-415.262673243,1.0,
713,2020-11-02T15:00:00Z,2020-11-02T21:00:00Z,INTC,MarketOnClose,Filled,buy,16,39.90420603,638.46729648,1.0,
714,2020-11-02T15:00:00Z,2020-11-02T21:00:00Z,COP,MarketOnClose,Filled,buy,21,24.368904818,511.747001178,1.0,
715,2020-11-02T15:00:00Z,2020-11-02T21:00:00Z,DELL,MarketOnClose,Filled,buy,15,27.7588131714146,416.382197571219,1.0,
716,2020-11-02T15:00:00Z,2020-11-02T21:00:00Z,LMT,MarketOnClose,Filled,buy,1,299.544941157,299.544941157,1.0,
717,2020-11-02T15:00:00Z,2020-11-02T21:00:00Z,BIIB,MarketOnClose,Filled,buy,1,248.99,248.99,1.0,
718,2020-11-02T15:00:00Z,2020-11-02T21:00:00Z,IBM,MarketOnClose,Filled,buy,3,84.7808767126909,254.3426301380727,1.0,
719,2020-11-02T15:00:00Z,2020-11-02T21:00:00Z,RTX,MarketOnClose,Filled,buy,5,48.819477775,244.097388875,1.0,
720,2020-11-03T05:00:00Z,2020-11-03T21:00:00Z,COP,MarketOnOpen,Filled,sell,-247,24.763901952,-6116.683782144,1.235,left universe
721,2020-12-01T05:00:00Z,,BIIB,MarketOnOpen,Canceled,sell,-22,0.0,0.0,0.0,no valuation
722,2020-12-01T05:00:00Z,,GIS,MarketOnOpen,Canceled,sell,-118,0.0,0.0,0.0,no valuation
723,2020-12-01T15:00:00Z,2020-12-01T21:00:00Z,BIIB,MarketOnClose,Filled,sell,-22,243.16,-5349.52,1.0,no valuation
724,2020-12-01T15:00:00Z,2020-12-01T21:00:00Z,MU,MarketOnClose,Filled,sell,-116,65.412210084,-7587.816369744,1.0,reached implied value
725,2020-12-01T15:00:00Z,2020-12-01T21:00:00Z,GIS,MarketOnClose,Filled,sell,-118,49.169534813,-5802.005107934,1.0,no valuation
726,2020-12-01T15:00:00Z,2020-12-01T21:00:00Z,RTX,MarketOnClose,Filled,sell,-19,62.828293286,-1193.737572434,1.0,
727,2020-12-01T15:00:00Z,2020-12-01T21:00:00Z,HCA,MarketOnClose,Filled,sell,-4,144.23413961,-576.93655844,1.0,
728,2020-12-01T15:00:00Z,2020-12-01T21:00:00Z,BKNG,MarketOnClose,Filled,sell,-7,80.20526398676,-561.43684790732,1.0,
729,2020-12-01T15:00:00Z,2020-12-01T21:00:00Z,CVS,MarketOnClose,Filled,sell,-6,56.127306928,-336.763841568,1.0,
730,2020-12-01T15:00:00Z,2020-12-01T21:00:00Z,XOM,MarketOnClose,Filled,sell,-10,30.8476168,-308.476168,1.0,
731,2020-12-01T15:00:00Z,2020-12-01T21:00:00Z,KMB,MarketOnClose,Filled,buy,58,112.410675264,6519.819165312,1.0,
732,2020-12-01T15:00:00Z,2020-12-01T21:00:00Z,MRK,MarketOnClose,Filled,buy,101,64.5406794311848,6518.608622549665,1.0,
733,2020-12-01T15:00:00Z,2020-12-01T21:00:00Z,WMT,MarketOnClose,Filled,buy,136,47.0664884133507,6401.042424215695,1.0,
734,2020-12-01T15:00:00Z,2020-12-01T21:00:00Z,GD,MarketOnClose,Filled,buy,48,134.705317432,6465.855236736,1.0,
735,2020-12-01T15:00:00Z,2020-12-01T21:00:00Z,NEM,MarketOnClose,Filled,buy,20,50.747113413,1014.94226826,1.0,
736,2020-12-01T15:00:00Z,2020-12-01T21:00:00Z,SO,MarketOnClose,Filled,buy,9,48.271461381,434.443152429,1.0,
737,2020-12-01T15:00:00Z,2020-12-01T21:00:00Z,T,MarketOnClose,Filled,buy,23,15.5053288977729,356.6225646487767,1.0,
738,2020-12-01T15:00:00Z,2020-12-01T21:00:00Z,VZ,MarketOnClose,Filled,buy,8,42.755177062,342.041416496,1.0,
739,2020-12-01T15:00:00Z,2020-12-01T21:00:00Z,LMT,MarketOnClose,Filled,buy,1,312.470035416,312.470035416,1.0,
740,2021-01-04T15:00:00Z,2021-01-04T21:00:00Z,EPD,MarketOnClose,Filled,sell,-522,12.735998736,-6648.191340192,2.61,reached implied value
741,2021-01-04T15:00:00Z,2021-01-04T21:00:00Z,GD,MarketOnClose,Filled,sell,-48,129.539364958,-6217.889517984,1.0,reached implied value
742,2021-01-04T15:00:00Z,2021-01-04T21:00:00Z,KMB,MarketOnClose,Filled,sell,-58,106.96823072,-6204.15738176,1.0,reached implied value
743,2021-01-04T15:00:00Z,2021-01-04T21:00:00Z,MRK,MarketOnClose,Filled,sell,-101,64.5797311822782,-6522.552849410098,1.0,reached implied value
744,2021-01-04T15:00:00Z,2021-01-04T21:00:00Z,BKNG,MarketOnClose,Filled,sell,-81,84.55845688224,-6849.23500746144,1.0,reached implied value
745,2021-01-04T15:00:00Z,2021-01-04T21:00:00Z,PFE,MarketOnClose,Filled,sell,-233,27.427292964,-6390.559260612,1.165,reached implied value
746,2021-01-04T15:00:00Z,2021-01-04T21:00:00Z,SO,MarketOnClose,Filled,sell,-134,47.307147888,-6339.157816992,1.0,reached implied value
747,2021-01-04T15:00:00Z,2021-01-04T21:00:00Z,RTX,MarketOnClose,Filled,sell,-101,60.358558326,-6096.214390926,1.0,reached implied value
748,2021-01-04T15:00:00Z,2021-01-04T21:00:00Z,HCA,MarketOnClose,Filled,sell,-4,155.877703872,-623.510815488,1.0,
749,2021-01-04T15:00:00Z,2021-01-04T21:00:00Z,LVS,MarketOnClose,Filled,sell,-9,54.379300645,-489.413705805,1.0,
750,2021-01-04T15:00:00Z,2021-01-04T21:00:00Z,XOM,MarketOnClose,Filled,sell,-12,33.2513272,-399.0159264,1.0,
751,2021-01-04T15:00:00Z,2021-01-04T21:00:00Z,DELL,MarketOnClose,Filled,sell,-11,33.3759556609031,-367.1355122699341,1.0,
752,2021-01-04T15:00:00Z,2021-01-04T21:00:00Z,COP,MarketOnClose,Filled,buy,203,31.898033862,6475.300873986,1.015,
753,2021-01-04T15:00:00Z,2021-01-04T21:00:00Z,MMM,MarketOnClose,Filled,buy,65,98.5400835981887,6405.105433882265,1.0,
754,2021-01-04T15:00:00Z,2021-01-04T21:00:00Z,AEP,MarketOnClose,Filled,buy,96,66.374440632,6371.946300672,1.0,
755,2021-01-04T15:00:00Z,2021-01-04T21:00:00Z,NOC,MarketOnClose,Filled,buy,23,268.178631628,6168.108527444,1.0,
756,2021-01-04T15:00:00Z,2021-01-04T21:00:00Z,WMT,MarketOnClose,Filled,buy,10,45.3476260849036,453.476260849036,1.0,
757,2021-01-04T15:00:00Z,2021-01-04T21:00:00Z,VZ,MarketOnClose,Filled,buy,8,41.534205515,332.27364412,1.0,
758,2021-01-04T15:00:00Z,2021-01-04T21:00:00Z,LMT,MarketOnClose,Filled,buy,1,295.056367488,295.056367488,1.0,
759,2021-02-01T15:00:00Z,2021-02-01T21:00:00Z,INTC,MarketOnClose,Filled,sell,-15,51.251087703,-768.766315545,1.0,
760,2021-02-01T15:00:00Z,2021-02-01T21:00:00Z,XOM,MarketOnClose,Filled,sell,-19,35.999569424,-683.991819056,1.0,
761,2021-02-01T15:00:00Z,2021-02-01T21:00:00Z,CVS,MarketOnClose,Filled,sell,-7,59.782142574,-418.474998018,1.0,
762,2021-02-01T15:00:00Z,2021-02-01T21:00:00Z,PM,MarketOnClose,Filled,buy,103,61.781776958,6363.523026674,1.0,
763,2021-02-01T15:00:00Z,2021-02-01T21:00:00Z,LVS,MarketOnClose,Filled,buy,25,46.046458717,1151.161467925,1.0,
764,2021-02-01T15:00:00Z,2021-02-01T21:00:00Z,LMT,MarketOnClose,Filled,buy,2,277.454351136,554.908702272,1.0,
765,2021-02-01T15:00:00Z,2021-02-01T21:00:00Z,VZ,MarketOnClose,Filled,buy,7,38.718645924,271.030521468,1.0,
766,2021-02-01T15:00:00Z,2021-02-01T21:00:00Z,IBM,MarketOnClose,Filled,buy,3,91.8224700633289,275.4674101899867,1.0,
767,2021-02-01T15:00:00Z,2021-02-01T21:00:00Z,NOC,MarketOnClose,Filled,buy,1,265.949571893,265.949571893,1.0,
768,2021-02-02T05:00:00Z,2021-02-02T21:00:00Z,LVS,MarketOnOpen,Filled,sell,-142,46.797165197,-6645.197457974,1.0,left universe
769,2021-03-01T15:00:00Z,2021-03-01T21:00:00Z,IBM,MarketOnClose,Filled,sell,-71,93.2038650371968,-6617.474417640973,1.0,reached implied value
770,2021-03-01T15:00:00Z,2021-03-01T21:00:00Z,COP,MarketOnClose,Filled,sell,-203,42.799292461,-8688.256369583,1.015,no valuation
771,2021-03-01T15:00:00Z,2021-03-01T21:00:00Z,WMT,MarketOnClose,Filled,sell,-146,40.6559587714037,-5935.76998062494,1.0,reached implied value
772,2021-03-01T15:00:00Z,2021-03-01T21:00:00Z,XOM,MarketOnClose,Filled,sell,-179,45.965327476,-8227.793618204,1.0,no valuation
773,2021-03-01T15:00:00Z,2021-03-01T21:00:00Z,DELL,MarketOnClose,Filled,sell,-16,38.2564237255406,-612.1027796086496,1.0,
774,2021-03-01T15:00:00Z,2021-03-01T21:00:00Z,INTC,MarketOnClose,Filled,sell,-8,57.191768304,-457.534146432,1.0,
775,2021-03-01T15:00:00Z,2021-03-01T21:00:00Z,MO,MarketOnClose,Filled,buy,236,28.76842838,6789.34909768,1.18,
776,2021-03-01T15:00:00Z,2021-03-01T21:00:00Z,CI,MarketOnClose,Filled,buy,35,193.36846113,6767.89613955,1.0,
777,2021-03-01T15:00:00Z,2021-03-01T21:00:00Z,TGT,MarketOnClose,Filled,buy,42,158.15585839,6642.54605238,1.0,
778,2021-03-01T15:00:00Z,2021-03-01T21:00:00Z,REGN,MarketOnClose,Filled,buy,14,458.72113077,6422.09583078,1.0,
779,2021-03-01T15:00:00Z,2021-03-01T21:00:00Z,AEP,MarketOnClose,Filled,buy,12,63.018638109,756.223657308,1.0,
780,2021-03-01T15:00:00Z,2021-03-01T21:00:00Z,NEM,MarketOnClose,Filled,buy,15,46.37018617,695.55279255,1.0,
781,2021-03-01T15:00:00Z,2021-03-01T21:00:00Z,CVS,MarketOnClose,Filled,buy,9,57.958394032,521.625546288,1.0,
782,2021-03-01T15:00:00Z,2021-03-01T21:00:00Z,T,MarketOnClose,Filled,buy,21,15.3533361193853,322.4200585070913,1.0,
783,2021-03-01T15:00:00Z,2021-03-01T21:00:00Z,NOC,MarketOnClose,Filled,buy,1,268.284448098,268.284448098,1.0,
784,2021-03-02T05:00:00Z,2021-03-02T21:00:00Z,AEP,MarketOnOpen,Filled,sell,-108,63.240447942,-6829.968377736,1.0,left universe
785,2021-04-01T14:00:00Z,2021-04-01T20:00:00Z,T,MarketOnClose,Filled,sell,-437,16.6487226129041,-7275.491781839091,2.185,reached implied value
786,2021-04-01T14:00:00Z,2021-04-01T20:00:00Z,MO,MarketOnClose,Filled,sell,-24,33.5190564,-804.4573536,1.0,
787,2021-04-01T14:00:00Z,2021-04-01T20:00:00Z,CI,MarketOnClose,Filled,sell,-3,218.475944874,-655.427834622,1.0,
788,2021-04-01T14:00:00Z,2021-04-01T20:00:00Z,DOW,MarketOnClose,Filled,buy,150,48.12366018,7218.549027,1.0,
789,2021-04-01T14:00:00Z,2021-04-01T20:00:00Z,FCX,MarketOnClose,Filled,buy,231,31.684934848,7319.219949888,1.155,
790,2021-04-01T14:00:00Z,2021-04-01T20:00:00Z,DG,MarketOnClose,Filled,buy,38,185.453746838,7047.242379844,1.0,
791,2021-04-01T14:00:00Z,2021-04-01T20:00:00Z,LOW,MarketOnClose,Filled,buy,41,172.377971256,7067.496821496,1.0,
792,2021-04-01T14:00:00Z,2021-04-01T20:00:00Z,REGN,MarketOnClose,Filled,buy,1,470.490069402,470.490069402,1.0,
793,2021-04-01T14:00:00Z,2021-04-01T20:00:00Z,VZ,MarketOnClose,Filled,buy,7,41.58616539,291.10315773,1.0,
794,2021-05-03T14:00:00Z,2021-05-03T20:00:00Z,NOC,MarketOnClose,Filled,sell,-3,330.0302793,-990.0908379,1.0,
795,2021-05-03T14:00:00Z,2021-05-03T20:00:00Z,FCX,MarketOnClose,Filled,sell,-24,36.40223781,-873.65370744,1.0,
796,2021-05-03T14:00:00Z,2021-05-03T20:00:00Z,DELL,MarketOnClose,Filled,sell,-16,45.0200157887033,-720.3202526192528,1.0,
797,2021-05-03T14:00:00Z,2021-05-03T20:00:00Z,HCA,MarketOnClose,Filled,sell,-3,195.297724344,-585.893173032,1.0,
798,2021-05-03T14:00:00Z,2021-05-03T20:00:00Z,PM,MarketOnClose,Filled,sell,-6,75.908244555,-455.44946733,1.0,
799,2021-05-03T14:00:00Z,2021-05-03T20:00:00Z,NEM,MarketOnClose,Filled,sell,-7,55.228696292,-386.600874044,1.0,
800,2021-05-03T14:00:00Z,2021-05-03T20:00:00Z,AEP,MarketOnClose,Filled,buy,101,72.852207372,7358.072944572,1.0,
801,2021-05-03T14:00:00Z,2021-05-03T20:00:00Z,NFLX,MarketOnClose,Filled,buy,143,50.911,7280.273,1.0,
802,2021-05-03T14:00:00Z,2021-05-03T20:00:00Z,INTC,MarketOnClose,Filled,buy,20,52.080163058,1041.60326116,1.0,
803,2021-05-03T14:00:00Z,2021-05-03T20:00:00Z,MO,MarketOnClose,Filled,buy,22,31.790524668,699.391542696,1.0,
804,2021-05-03T14:00:00Z,2021-05-03T20:00:00Z,DOW,MarketOnClose,Filled,buy,8,48.086412765,384.69130212,1.0,
805,2021-06-01T14:00:00Z,2021-06-01T20:00:00Z,CI,MarketOnClose,Filled,sell,-32,232.795275504,-7449.448816128,1.0,no valuation
806,2021-06-01T14:00:00Z,2021-06-01T20:00:00Z,NEM,MarketOnClose,Filled,sell,-16,63.35963529,-1013.75416464,1.0,
807,2021-06-01T14:00:00Z,2021-06-01T20:00:00Z,CVS,MarketOnClose,Filled,sell,-11,72.308653944,-795.395193384,1.0,
808,2021-06-01T14:00:00Z,2021-06-01T20:00:00Z,FCX,MarketOnClose,Filled,sell,-17,41.57568246,-706.78660182,1.0,
809,2021-06-01T14:00:00Z,2021-06-01T20:00:00Z,TGT,MarketOnClose,Filled,sell,-3,193.797793644,-581.393380932,1.0,
810,2021-06-01T14:00:00Z,2021-06-01T20:00:00Z,DOW,MarketOnClose,Filled,sell,-9,52.9849332,-476.8643988,1.0,
811,2021-06-01T14:00:00Z,2021-06-01T20:00:00Z,VZ,MarketOnClose,Filled,buy,16,40.648931332,650.382901312,1.0,
812,2021-06-01T14:00:00Z,2021-06-01T20:00:00Z,DG,MarketOnClose,Filled,buy,3,184.848196687,554.544590061,1.0,
813,2021-06-01T14:00:00Z,2021-06-01T20:00:00Z,NFLX,MarketOnClose,Filled,buy,9,49.908,449.172,1.0,
814,2021-06-01T14:00:00Z,2021-06-01T20:00:00Z,AEP,MarketOnClose,Filled,buy,6,70.50323101,423.01938606,1.0,
815,2021-06-01T14:00:00Z,2021-06-01T20:00:00Z,LOW,MarketOnClose,Filled,buy,2,173.428796426,346.857592852,1.0,
816,2021-06-01T14:00:00Z,2021-06-01T20:00:00Z,INTC,MarketOnClose,Filled,buy,6,52.061870858,312.371225148,1.0,
817,2021-06-01T14:00:00Z,2021-06-01T20:00:00Z,DELL,MarketOnClose,Filled,buy,6,47.3543528724497,284.1261172346982,1.0,
818,2021-06-02T04:00:00Z,2021-06-02T20:00:00Z,AEP,MarketOnOpen,Filled,sell,-107,70.627502275,-7557.142743425,1.0,left universe
819,2021-07-01T14:00:00Z,2021-07-01T20:00:00Z,REGN,MarketOnClose,Filled,sell,-2,569.248107468,-1138.496214936,1.0,
820,2021-07-01T14:00:00Z,2021-07-01T20:00:00Z,TGT,MarketOnClose,Filled,sell,-3,207.647803188,-622.943409564,1.0,
821,2021-07-01T14:00:00Z,2021-07-01T20:00:00Z,DG,MarketOnClose,Filled,sell,-3,199.899636167,-599.698908501,1.0,
822,2021-07-01T14:00:00Z,2021-07-01T20:00:00Z,NFLX,MarketOnClose,Filled,sell,-8,53.354,-426.832,1.0,
823,2021-07-01T14:00:00Z,2021-07-01T20:00:00Z,VRTX,MarketOnClose,Filled,buy,37,202.21,7481.77,1.0,
824,2021-07-01T14:00:00Z,2021-07-01T20:00:00Z,NEM,MarketOnClose,Filled,buy,18,54.261399458,976.705190244,1.0,
825,2021-07-01T14:00:00Z,2021-07-01T20:00:00Z,FCX,MarketOnClose,Filled,buy,28,34.887829467,976.859225076,1.0,
826,2021-07-01T14:00:00Z,2021-07-01T20:00:00Z,DOW,MarketOnClose,Filled,buy,10,47.78502,477.8502,1.0,
827,2021-08-02T14:00:00Z,2021-08-02T20:00:00Z,HCA,MarketOnClose,Filled,sell,-6,240.2483397,-1441.4900382,1.0,
828,2021-08-02T14:00:00Z,2021-08-02T20:00:00Z,DG,MarketOnClose,Filled,sell,-2,213.79395675,-427.5879135,1.0,
829,2021-08-02T14:00:00Z,2021-08-02T20:00:00Z,FDX,MarketOnClose,Filled,buy,47,161.696736901288,7599.746634360536,1.0,
830,2021-08-02T14:00:00Z,2021-08-02T20:00:00Z,INTC,MarketOnClose,Filled,buy,11,49.124296496,540.367261456,1.0,
831,2021-08-02T14:00:00Z,2021-08-02T20:00:00Z,CVS,MarketOnClose,Filled,buy,5,69.81536211,349.07681055,1.0,
832,2021-08-02T14:00:00Z,2021-08-02T20:00:00Z,NOC,MarketOnClose,Filled,buy,1,332.206100048,332.206100048,1.0,
833,2021-08-03T04:00:00Z,2021-08-03T20:00:00Z,DOW,MarketOnOpen,Filled,sell,-159,46.016598,-7316.639082,1.0,left universe
834,2021-09-01T04:00:00Z,,NEM,MarketOnOpen,Canceled,sell,-139,0.0,0.0,0.0,no valuation
835,2021-09-01T14:00:00Z,2021-09-01T20:00:00Z,NEM,MarketOnClose,Filled,sell,-139,49.962612164,-6944.803090796,1.0,no valuation
836,2021-09-01T14:00:00Z,2021-09-01T20:00:00Z,REGN,MarketOnClose,Filled,sell,-2,674.593977344,-1349.187954688,1.0,
837,2021-09-01T14:00:00Z,2021-09-01T20:00:00Z,NFLX,MarketOnClose,Filled,sell,-8,58.207,-465.656,1.0,
838,2021-09-01T14:00:00Z,2021-09-01T20:00:00Z,MU,MarketOnClose,Filled,buy,108,71.887121756,7763.809149648,1.0,
839,2021-09-01T14:00:00Z,2021-09-01T20:00:00Z,CI,MarketOnClose,Filled,buy,40,191.425241385,7657.0096554,1.0,
840,2021-09-01T14:00:00Z,2021-09-01T20:00:00Z,FDX,MarketOnClose,Filled,buy,3,155.706884574738,467.120653724214,1.0,
841,2021-09-01T14:00:00Z,2021-09-01T20:00:00Z,MMM,MarketOnClose,Filled,buy,3,113.497850260711,340.493550782133,1.0,
842,2021-09-01T14:00:00Z,2021-09-01T20:00:00Z,LMT,MarketOnClose,Filled,buy,1,312.147955782,312.147955782,1.0,
843,2021-09-01T14:00:00Z,2021-09-01T20:00:00Z,DG,MarketOnClose,Filled,buy,1,204.773231091,204.773231091,1.0,
844,2021-09-01T14:00:00Z,2021-09-01T20:00:00Z,VRTX,MarketOnClose,Filled,buy,1,197.14,197.14,1.0,
845,2021-10-01T14:00:00Z,2021-10-01T20:00:00Z,NFLX,MarketOnClose,Filled,sell,-15,61.315,-919.725,1.0,
846,2021-10-01T14:00:00Z,2021-10-01T20:00:00Z,DELL,MarketOnClose,Filled,sell,-13,48.703387912958,-633.144042868454,1.0,
847,2021-10-01T14:00:00Z,2021-10-01T20:00:00Z,LOW,MarketOnClose,Filled,sell,-3,184.961743722,-554.885231166,1.0,
848,2021-10-01T14:00:00Z,2021-10-01T20:00:00Z,CVS,MarketOnClose,Filled,sell,-7,71.22166597,-498.55166179,1.0,
849,2021-10-01T14:00:00Z,2021-10-01T20:00:00Z,FDX,MarketOnClose,Filled,buy,7,130.663900265755,914.647301860285,1.0,
850,2021-10-01T14:00:00Z,2021-10-01T20:00:00Z,FCX,MarketOnClose,Filled,buy,24,30.964570965,743.14970316,1.0,
851,2021-10-01T14:00:00Z,2021-10-01T20:00:00Z,REGN,MarketOnClose,Filled,buy,1,565.453912606,565.453912606,1.0,
852,2021-10-01T14:00:00Z,2021-10-01T20:00:00Z,MMM,MarketOnClose,Filled,buy,4,103.669545489647,414.678181958588,1.0,
853,2021-10-01T14:00:00Z,2021-10-01T20:00:00Z,VRTX,MarketOnClose,Filled,buy,2,180.35,360.7,1.0,
854,2021-10-01T14:00:00Z,2021-10-01T20:00:00Z,TGT,MarketOnClose,Filled,buy,1,195.45556116,195.45556116,1.0,
855,2021-11-01T14:00:00Z,2021-11-01T20:00:00Z,FCX,MarketOnClose,Filled,sell,-26,36.205854891,-941.352227166,1.0,
856,2021-11-01T14:00:00Z,2021-11-01T20:00:00Z,LOW,MarketOnClose,Filled,sell,-4,211.1208201,-844.4832804,1.0,
857,2021-11-01T14:00:00Z,2021-11-01T20:00:00Z,NFLX,MarketOnClose,Filled,sell,-10,68.117,-681.17,1.0,
858,2021-11-01T14:00:00Z,2021-11-01T20:00:00Z,TGT,MarketOnClose,Filled,sell,-3,220.683363012,-662.050089036,1.0,
859,2021-11-01T14:00:00Z,2021-11-01T20:00:00Z,MO,MarketOnClose,Filled,buy,23,29.99955651,689.98979973,1.0,
860,2021-11-01T14:00:00Z,2021-11-01T20:00:00Z,INTC,MarketOnClose,Filled,buy,14,45.63903832,638.94653648,1.0,
861,2021-11-01T14:00:00Z,2021-11-01T20:00:00Z,LMT,MarketOnClose,Filled,buy,2,289.429267335,578.85853467,1.0,
862,2021-11-01T14:00:00Z,2021-11-01T20:00:00Z,MU,MarketOnClose,Filled,buy,6,69.03857121,414.23142726,1.0,
863,2021-11-01T14:00:00Z,2021-11-01T20:00:00Z,VZ,MarketOnClose,Filled,buy,9,39.062957055,351.566613495,1.0,
864,2021-11-01T14:00:00Z,2021-11-01T20:00:00Z,VRTX,MarketOnClose,Filled,buy,1,185.4,185.4,1.0,
865,2021-11-02T04:00:00Z,2021-11-02T20:00:00Z,VRTX,MarketOnOpen,Filled,sell,-41,185.66,-7612.06,1.0,left universe
866,2021-12-01T05:00:00Z,,DELL,MarketOnOpen,Canceled,sell,-155,0.0,0.0,0.0,no valuation
867,2021-12-01T15:00:00Z,2021-12-01T21:00:00Z,CI,MarketOnClose,Filled,sell,-40,177.431667968,-7097.26671872,1.0,no valuation
868,2021-12-01T15:00:00Z,2021-12-01T21:00:00Z,DELL,MarketOnClose,Filled,sell,-155,50.59852612,-7842.7715486,1.0,no valuation
869,2021-12-01T15:00:00Z,2021-12-01T21:00:00Z,MU,MarketOnClose,Filled,sell,-22,83.149000545,-1829.27801199,1.0,
870,2021-12-01T15:00:00Z,2021-12-01T21:00:00Z,LOW,MarketOnClose,Filled,sell,-2,223.528438524,-447.056877048,1.0,
871,2021-12-01T15:00:00Z,2021-12-01T21:00:00Z,EMR,MarketOnClose,Filled,buy,95,79.034888229,7508.314381755,1.0,
872,2021-12-01T15:00:00Z,2021-12-01T21:00:00Z,FISV,MarketOnClose,Filled,buy,78,95.55,7452.9,1.0,
873,2021-12-01T15:00:00Z,2021-12-01T21:00:00Z,BDX,MarketOnClose,Filled,buy,45,169.44644811417,7625.09016513765,1.0,
874,2021-12-01T15:00:00Z,2021-12-01T21:00:00Z,PM,MarketOnClose,Filled,buy,12,70.491278277,845.895339324,1.0,
875,2021-12-01T15:00:00Z,2021-12-01T21:00:00Z,HCA,MarketOnClose,Filled,buy,3,216.353718042,649.061154126,1.0,
876,2021-12-01T15:00:00Z,2021-12-01T21:00:00Z,NFLX,MarketOnClose,Filled,buy,7,61.777,432.439,1.0,
877,2021-12-01T15:00:00Z,2021-12-01T21:00:00Z,TGT,MarketOnClose,Filled,buy,2,206.290148064,412.580296128,1.0,
878,2021-12-01T15:00:00Z,2021-12-01T21:00:00Z,MMM,MarketOnClose,Filled,buy,3,100.999476624354,302.998429873062,1.0,
879,2022-01-03T15:00:00Z,2022-01-03T21:00:00Z,LMT,MarketOnClose,Filled,sell,-26,312.543045752,-8126.119189552,1.0,reached implied value
880,2022-01-03T15:00:00Z,2022-01-03T21:00:00Z,MO,MarketOnClose,Filled,sell,-257,33.296523858,-8557.206631506,1.285,reached implied value
881,2022-01-03T15:00:00Z,2022-01-03T21:00:00Z,CVS,MarketOnClose,Filled,sell,-11,88.75405896,-976.29464856,1.0,
882,2022-01-03T15:00:00Z,2022-01-03T21:00:00Z,FDX,MarketOnClose,Filled,sell,-4,152.279600775576,-609.118403102304,1.0,
883,2022-01-03T15:00:00Z,2022-01-03T21:00:00Z,HCA,MarketOnClose,Filled,sell,-2,244.136807872,-488.273615744,1.0,
884,2022-01-03T15:00:00Z,2022-01-03T21:00:00Z,FCX,MarketOnClose,Filled,sell,-10,39.181290396,-391.81290396,1.0,
885,2022-01-03T15:00:00Z,2022-01-03T21:00:00Z,PM,MarketOnClose,Filled,sell,-5,78.738642975,-393.693214875,1.0,
886,2022-01-03T15:00:00Z,2022-01-03T21:00:00Z,T,MarketOnClose,Filled,buy,573,14.6753032574311,8408.94876650802,2.865,
887,2022-01-03T15:00:00Z,2022-01-03T21:00:00Z,DE,MarketOnClose,Filled,buy,25,329.813878223,8245.346955575,1.0,
888,2022-01-03T15:00:00Z,2022-01-03T21:00:00Z,NFLX,MarketOnClose,Filled,buy,17,59.737,1015.529,1.0,
889,2022-01-03T15:00:00Z,2022-01-03T21:00:00Z,TGT,MarketOnClose,Filled,buy,4,199.163074184,796.652296736,1.0,
890,2022-01-03T15:00:00Z,2022-01-03T21:00:00Z,REGN,MarketOnClose,Filled,buy,1,621.23749294,621.23749294,1.0,
891,2022-01-03T15:00:00Z,2022-01-03T21:00:00Z,VZ,MarketOnClose,Filled,buy,15,38.686713276,580.30069914,1.0,
892,2022-02-01T15:00:00Z,2022-02-01T21:00:00Z,DG,MarketOnClose,Filled,sell,-37,193.025602,-7141.947274,1.0,reached implied value
893,2022-02-01T15:00:00Z,2022-02-01T21:00:00Z,DE,MarketOnClose,Filled,sell,-3,355.974031884,-1067.922095652,1.0,
894,2022-02-01T15:00:00Z,2022-02-01T21:00:00Z,PM,MarketOnClose,Filled,sell,-12,84.923899375,-1019.0867925,1.0,
895,2022-02-01T15:00:00Z,2022-02-01T21:00:00Z,T,MarketOnClose,Filled,sell,-52,14.3788112217141,-747.6981835291332,1.0,
896,2022-02-01T15:00:00Z,2022-02-01T21:00:00Z,CVS,MarketOnClose,Filled,sell,-7,91.03598296,-637.25188072,1.0,
897,2022-02-01T15:00:00Z,2022-02-01T21:00:00Z,VZ,MarketOnClose,Filled,sell,-15,39.72024784,-595.8037176,1.0,
898,2022-02-01T15:00:00Z,2022-02-01T21:00:00Z,FISV,MarketOnClose,Filled,sell,-4,108.66,-434.64,1.0,
899,2022-02-01T15:00:00Z,2022-02-01T21:00:00Z,JCI,MarketOnClose,Filled,buy,118,65.765446061,7760.322635198,1.0,
900,2022-02-01T15:00:00Z,2022-02-01T21:00:00Z,NFLX,MarketOnClose,Filled,buy,48,45.713,2194.224,1.0,
901,2022-02-01T15:00:00Z,2022-02-01T21:00:00Z,FCX,MarketOnClose,Filled,buy,16,36.909483144,590.551730304,1.0,
902,2022-02-01T15:00:00Z,2022-02-01T21:00:00Z,LOW,MarketOnClose,Filled,buy,2,217.812790083,435.625580166,1.0,
903,2022-02-01T15:00:00Z,2022-02-01T21:00:00Z,MU,MarketOnClose,Filled,buy,5,79.620755175,398.103775875,1.0,
904,2022-02-01T15:00:00Z,2022-02-01T21:00:00Z,MMM,MarketOnClose,Filled,buy,4,99.0592266341474,396.2369065365896,1.0,
905,2022-03-01T15:00:00Z,2022-03-01T21:00:00Z,VZ,MarketOnClose,Filled,sell,-197,40.026362532,-7885.193418804,1.0,no valuation
906,2022-03-01T15:00:00Z,2022-03-01T21:00:00Z,FCX,MarketOnClose,Filled,sell,-47,45.32079576,-2130.07740072,1.0,
907,2022-03-01T15:00:00Z,2022-03-01T21:00:00Z,NOC,MarketOnClose,Filled,sell,-5,424.06517796,-2120.3258898,1.0,
908,2022-03-01T15:00:00Z,2022-03-01T21:00:00Z,BDX,MarketOnClose,Filled,sell,-5,190.95867182223,-954.79335911115,1.0,
909,2022-03-01T15:00:00Z,2022-03-01T21:00:00Z,MU,MarketOnClose,Filled,sell,-8,84.32272979,-674.58183832,1.0,
910,2022-03-01T15:00:00Z,2022-03-01T21:00:00Z,F,MarketOnClose,Filled,buy,585,12.64980244,7400.1344274,2.925,
911,2022-03-01T15:00:00Z,2022-03-01T21:00:00Z,TGT,MarketOnClose,Filled,buy,5,189.32376965,946.61884825,1.0,
912,2022-03-01T15:00:00Z,2022-03-01T21:00:00Z,FDX,MarketOnClose,Filled,buy,6,126.576712445094,759.460274670564,1.0,
913,2022-03-01T15:00:00Z,2022-03-01T21:00:00Z,JCI,MarketOnClose,Filled,buy,13,56.916078198,739.909016574,1.0,
914,2022-03-01T15:00:00Z,2022-03-01T21:00:00Z,MMM,MarketOnClose,Filled,buy,8,86.4411177705571,691.5289421644568,1.0,
915,2022-03-01T15:00:00Z,2022-03-01T21:00:00Z,NFLX,MarketOnClose,Filled,buy,14,38.624,540.736,1.0,
916,2022-03-01T15:00:00Z,2022-03-01T21:00:00Z,T,MarketOnClose,Filled,buy,37,13.8547677332896,512.6264061317152,1.0,
917,2022-03-01T15:00:00Z,2022-03-01T21:00:00Z,FISV,MarketOnClose,Filled,buy,5,97.06,485.3,1.0,
918,2022-03-01T15:00:00Z,2022-03-01T21:00:00Z,LOW,MarketOnClose,Filled,buy,2,202.44862995,404.8972599,1.0,
919,2022-04-01T04:00:00Z,,JCI,MarketOnOpen,Canceled,sell,-131,0.0,0.0,0.0,no valuation
920,2022-04-01T14:00:00Z,2022-04-01T20:00:00Z,JCI,MarketOnClose,Filled,sell,-131,60.800237932,-7964.831169092,1.0,no valuation
921,2022-04-01T14:00:00Z,2022-04-01T20:00:00Z,REGN,MarketOnClose,Filled,sell,-2,688.334312262,-1376.668624524,1.0,
922,2022-04-01T14:00:00Z,2022-04-01T20:00:00Z,DE,MarketOnClose,Filled,sell,-2,393.63879912,-787.27759824,1.0,
923,2022-04-01T14:00:00Z,2022-04-01T20:00:00Z,EMR,MarketOnClose,Filled,sell,-8,90.097142226,-720.777137808,1.0,
924,2022-04-01T14:00:00Z,2022-04-01T20:00:00Z,FCX,MarketOnClose,Filled,sell,-8,48.216028224,-385.728225792,1.0,
925,2022-04-01T14:00:00Z,2022-04-01T20:00:00Z,TGT,MarketOnClose,Filled,sell,-2,181.51038035,-363.0207607,1.0,
926,2022-04-01T14:00:00Z,2022-04-01T20:00:00Z,COP,MarketOnClose,Filled,buy,94,84.495528024,7942.579634256,1.0,
927,2022-04-01T14:00:00Z,2022-04-01T20:00:00Z,MU,MarketOnClose,Filled,buy,14,74.46911147,1042.56756058,1.0,
928,2022-04-01T14:00:00Z,2022-04-01T20:00:00Z,LOW,MarketOnClose,Filled,buy,4,185.009714106,740.038856424,1.0,
929,2022-04-01T14:00:00Z,2022-04-01T20:00:00Z,PM,MarketOnClose,Filled,buy,8,80.67914691,645.43317528,1.0,
930,2022-04-01T14:00:00Z,2022-04-01T20:00:00Z,CVS,MarketOnClose,Filled,buy,6,86.59854632,519.59127792,1.0,
931,2022-04-01T14:00:00Z,2022-04-01T20:00:00Z,NFLX,MarketOnClose,Filled,buy,13,37.347,485.511,1.0,
932,2022-04-01T14:00:00Z,2022-04-01T20:00:00Z,F,MarketOnClose,Filled,buy,31,12.61192878,390.96979218,1.0,
933,2022-04-01T14:00:00Z,2022-04-01T20:00:00Z,BDX,MarketOnClose,Filled,buy,2,189.944251757032,379.888503514064,1.0,
934,2022-05-02T14:00:00Z,2022-05-02T20:00:00Z,TGT,MarketOnClose,Filled,sell,-7,198.2496614,-1387.7476298,1.0,
935,2022-05-02T14:00:00Z,2022-05-02T20:00:00Z,PM,MarketOnClose,Filled,sell,-13,82.171352665,-1068.227584645,1.0,
936,2022-05-02T14:00:00Z,2022-05-02T20:00:00Z,T,MarketOnClose,Filled,sell,-71,15.1202394,-1073.5369974,1.0,
937,2022-05-02T14:00:00Z,2022-05-02T20:00:00Z,FISV,MarketOnClose,Filled,sell,-5,97.13,-485.65,1.0,
938,2022-05-02T14:00:00Z,2022-05-02T20:00:00Z,LOW,MarketOnClose,Filled,sell,-2,186.299719074,-372.599438148,1.0,
939,2022-05-02T14:00:00Z,2022-05-02T20:00:00Z,NFLX,MarketOnClose,Filled,buy,171,19.946,3410.766,1.0,
940,2022-05-02T14:00:00Z,2022-05-02T20:00:00Z,FCX,MarketOnClose,Filled,buy,22,38.075978318,837.671522996,1.0,
941,2022-05-02T14:00:00Z,2022-05-02T20:00:00Z,F,MarketOnClose,Filled,buy,57,10.888684212,620.655000084,1.0,
942,2022-05-02T14:00:00Z,2022-05-02T20:00:00Z,HCA,MarketOnClose,Filled,buy,2,202.995247044,405.990494088,1.0,
943,2022-05-02T14:00:00Z,2022-05-02T20:00:00Z,MU,MarketOnClose,Filled,buy,5,69.10873738,345.5436869,1.0,
944,2022-05-02T14:00:00Z,2022-05-02T20:00:00Z,INTC,MarketOnClose,Filled,buy,7,42.01653624,294.11575368,1.0,
945,2022-05-02T14:00:00Z,2022-05-02T20:00:00Z,FDX,MarketOnClose,Filled,buy,2,116.428627658092,232.857255316184,1.0,
946,2022-06-01T14:00:00Z,2022-06-01T20:00:00Z,COP,MarketOnClose,Filled,sell,-16,97.676181525,-1562.8189044,1.0,
947,2022-06-01T14:00:00Z,2022-06-01T20:00:00Z,NOC,MarketOnClose,Filled,sell,-2,433.246224375,-866.49244875,1.0,
948,2022-06-01T14:00:00Z,2022-06-01T20:00:00Z,T,MarketOnClose,Filled,sell,-48,16.78093515,-805.4848872,1.0,
949,2022-06-01T14:00:00Z,2022-06-01T20:00:00Z,FDX,MarketOnClose,Filled,sell,-6,129.229216841759,-775.375301050554,1.0,
950,2022-06-01T14:00:00Z,2022-06-01T20:00:00Z,BDX,MarketOnClose,Filled,sell,-3,181.912323397021,-545.736970191063,1.0,
951,2022-06-01T14:00:00Z,2022-06-01T20:00:00Z,MMM,MarketOnClose,Filled,sell,-5,88.3342431880966,-441.671215940483,1.0,
952,2022-06-01T14:00:00Z,2022-06-01T20:00:00Z,MU,MarketOnClose,Filled,sell,-6,71.996425415,-431.97855249,1.0,
953,2022-06-01T14:00:00Z,2022-06-01T20:00:00Z,PM,MarketOnClose,Filled,sell,-4,88.16518472,-352.66073888,1.0,
954,2022-06-01T14:00:00Z,2022-06-01T20:00:00Z,TGT,MarketOnClose,Filled,buy,16,135.56597538,2169.05560608,1.0,
955,2022-06-01T14:00:00Z,2022-06-01T20:00:00Z,F,MarketOnClose,Filled,buy,36,10.332049795,371.95379262,1.0,
956,2022-06-01T14:00:00Z,2022-06-01T20:00:00Z,FCX,MarketOnClose,Filled,buy,10,37.554779013,375.54779013,1.0,
957,2022-06-01T14:00:00Z,2022-06-01T20:00:00Z,DE,MarketOnClose,Filled,buy,1,332.581341435,332.581341435,1.0,
958,2022-06-01T14:00:00Z,2022-06-01T20:00:00Z,EMR,MarketOnClose,Filled,buy,3,81.567115245,244.701345735,1.0,
959,2022-06-01T14:00:00Z,2022-06-01T20:00:00Z,HCA,MarketOnClose,Filled,buy,1,199.26888519,199.26888519,1.0,
960,2022-07-01T14:00:00Z,2022-07-01T20:00:00Z,FDX,MarketOnClose,Filled,sell,-7,132.818182150818,-929.727275055726,1.0,
961,2022-07-01T14:00:00Z,2022-07-01T20:00:00Z,NOC,MarketOnClose,Filled,sell,-2,453.888995475,-907.77799095,1.0,
962,2022-07-01T14:00:00Z,2022-07-01T20:00:00Z,T,MarketOnClose,Filled,sell,-45,16.8560618625,-758.5227838125,1.0,
963,2022-07-01T14:00:00Z,2022-07-01T20:00:00Z,CVS,MarketOnClose,Filled,sell,-9,80.890710054,-728.016390486,1.0,
964,2022-07-01T14:00:00Z,2022-07-01T20:00:00Z,BDX,MarketOnClose,Filled,sell,-3,182.818434692404,-548.455304077212,1.0,
965,2022-07-01T14:00:00Z,2022-07-01T20:00:00Z,PM,MarketOnClose,Filled,sell,-4,83.13003234,-332.52012936,1.0,
966,2022-07-01T14:00:00Z,2022-07-01T20:00:00Z,MU,MarketOnClose,Filled,buy,19,52.516767145,997.818575755,1.0,
967,2022-07-01T14:00:00Z,2022-07-01T20:00:00Z,FCX,MarketOnClose,Filled,buy,37,27.67094492,1023.82496204,1.0,
968,2022-07-01T14:00:00Z,2022-07-01T20:00:00Z,HCA,MarketOnClose,Filled,buy,4,169.090681578,676.362726312,1.0,
969,2022-07-01T14:00:00Z,2022-07-01T20:00:00Z,DE,MarketOnClose,Filled,buy,2,285.913719665,571.82743933,1.0,
970,2022-07-01T14:00:00Z,2022-07-01T20:00:00Z,COP,MarketOnClose,Filled,buy,7,77.369646744,541.587527208,1.0,
971,2022-07-01T14:00:00Z,2022-07-01T20:00:00Z,F,MarketOnClose,Filled,buy,62,8.6278334635,534.925674737,1.0,
972,2022-07-01T14:00:00Z,2022-07-01T20:00:00Z,INTC,MarketOnClose,Filled,buy,7,34.229325558,239.605278906,1.0,
973,2022-08-01T14:00:00Z,2022-08-01T20:00:00Z,FDX,MarketOnClose,Filled,sell,-48,141.187254135546,-6776.988198506208,1.0,no valuation
974,2022-08-01T14:00:00Z,2022-08-01T20:00:00Z,F,MarketOnClose,Filled,sell,-131,11.689322757,-1531.301281167,1.0,
975,2022-08-01T14:00:00Z,2022-08-01T20:00:00Z,NFLX,MarketOnClose,Filled,sell,-63,22.621,-1425.123,1.0,
976,2022-08-01T14:00:00Z,2022-08-01T20:00:00Z,HCA,MarketOnClose,Filled,sell,-6,203.718243183,-1222.309459098,1.0,
977,2022-08-01T14:00:00Z,2022-08-01T20:00:00Z,FISV,MarketOnClose,Filled,sell,-7,106.13,-742.91,1.0,
978,2022-08-01T14:00:00Z,2022-08-01T20:00:00Z,EMR,MarketOnClose,Filled,sell,-4,82.294817346,-329.179269384,1.0,
979,2022-08-01T14:00:00Z,2022-08-01T20:00:00Z,DE,MarketOnClose,Filled,sell,-1,320.568779145,-320.568779145,1.0,
980,2022-08-01T14:00:00Z,2022-08-01T20:00:00Z,MPC,MarketOnClose,Filled,buy,85,82.613057624,7022.10989804,1.0,
981,2022-08-01T14:00:00Z,2022-08-01T20:00:00Z,T,MarketOnClose,Filled,buy,82,15.000734736,1230.060248352,1.0,
982,2022-08-01T14:00:00Z,2022-08-01T20:00:00Z,NOC,MarketOnClose,Filled,buy,2,443.866239525,887.73247905,1.0,
983,2022-08-01T14:00:00Z,2022-08-01T20:00:00Z,INTC,MarketOnClose,Filled,buy,24,34.813315152,835.519563648,1.0,
984,2022-08-01T14:00:00Z,2022-08-01T20:00:00Z,PM,MarketOnClose,Filled,buy,9,82.09632556,738.86693004,1.0,
985,2022-08-01T14:00:00Z,2022-08-01T20:00:00Z,BDX,MarketOnClose,Filled,buy,4,177.714329863621,710.857319454484,1.0,
986,2022-08-01T14:00:00Z,2022-08-01T20:00:00Z,REGN,MarketOnClose,Filled,buy,1,571.288849352,571.288849352,1.0,
987,2022-08-01T14:00:00Z,2022-08-01T20:00:00Z,CVS,MarketOnClose,Filled,buy,4,83.162480308,332.649921232,1.0,
988,2022-09-01T14:00:00Z,2022-09-01T20:00:00Z,COP,MarketOnClose,Filled,sell,-10,91.855040063,-918.55040063,1.0,
989,2022-09-01T14:00:00Z,2022-09-01T20:00:00Z,MPC,MarketOnClose,Filled,sell,-9,89.042673976,-801.384065784,1.0,
990,2022-09-01T14:00:00Z,2022-09-01T20:00:00Z,DE,MarketOnClose,Filled,sell,-2,344.815946035,-689.63189207,1.0,
991,2022-09-01T14:00:00Z,2022-09-01T20:00:00Z,F,MarketOnClose,Filled,sell,-37,11.694238793,-432.686835341,1.0,
992,2022-09-01T14:00:00Z,2022-09-01T20:00:00Z,MMM,MarketOnClose,Filled,buy,11,76.5695731166191,842.2653042828101,1.0,
993,2022-09-01T14:00:00Z,2022-09-01T20:00:00Z,INTC,MarketOnClose,Filled,buy,24,30.217346928,725.216326272,1.0,
994,2022-09-01T14:00:00Z,2022-09-01T20:00:00Z,HCA,MarketOnClose,Filled,buy,3,192.649014285,577.947042855,1.0,
995,2022-09-01T14:00:00Z,2022-09-01T20:00:00Z,EMR,MarketOnClose,Filled,buy,7,75.98989193,531.92924351,1.0,
996,2022-09-01T14:00:00Z,2022-09-01T20:00:00Z,FCX,MarketOnClose,Filled,buy,16,26.685288864,426.964621824,1.0,
997,2022-09-01T14:00:00Z,2022-09-01T20:00:00Z,T,MarketOnClose,Filled,buy,28,14.02312275,392.647437,1.0,
998,2022-09-01T14:00:00Z,2022-09-01T20:00:00Z,MU,MarketOnClose,Filled,buy,6,56.209298409,337.255790454,1.0,
999,2022-09-01T14:00:00Z,2022-09-01T20:00:00Z,FISV,MarketOnClose,Filled,buy,3,103.5,310.5,1.0,
1000,2022-10-03T14:00:00Z,2022-10-03T20:00:00Z,BDX,MarketOnClose,Filled,sell,-40,168.121737559887,-6724.86950239548,1.0,reached implied value
1001,2022-10-03T14:00:00Z,2022-10-03T20:00:00Z,REGN,MarketOnClose,Filled,sell,-3,728.257563682,-2184.772691046,1.0,
1002,2022-10-03T14:00:00Z,2022-10-03T20:00:00Z,NFLX,MarketOnClose,Filled,sell,-39,23.904,-932.256,1.0,
1003,2022-10-03T14:00:00Z,2022-10-03T20:00:00Z,NOC,MarketOnClose,Filled,sell,-2,454.864452169,-909.728904338,1.0,
1004,2022-10-03T14:00:00Z,2022-10-03T20:00:00Z,CVS,MarketOnClose,Filled,sell,-7,84.669486304,-592.686404128,1.0,
1005,2022-10-03T14:00:00Z,2022-10-03T20:00:00Z,LOW,MarketOnClose,Filled,sell,-3,179.015553101,-537.046659303,1.0,
1006,2022-10-03T14:00:00Z,2022-10-03T20:00:00Z,MPC,MarketOnClose,Filled,sell,-4,94.591736854,-378.366947416,1.0,
1007,2022-10-03T14:00:00Z,2022-10-03T20:00:00Z,MRNA,MarketOnClose,Filled,buy,55,120.99,6654.45,1.0,
1008,2022-10-03T14:00:00Z,2022-10-03T20:00:00Z,F,MarketOnClose,Filled,buy,158,8.829400577,1395.045291166,1.0,
1009,2022-10-03T14:00:00Z,2022-10-03T20:00:00Z,INTC,MarketOnClose,Filled,buy,35,25.660007766,898.10027181,1.0,
1010,2022-10-03T14:00:00Z,2022-10-03T20:00:00Z,T,MarketOnClose,Filled,buy,31,12.74100867,394.97126877,1.0,
1011,2022-10-03T14:00:00Z,2022-10-03T20:00:00Z,PM,MarketOnClose,Filled,buy,5,71.896572308,359.48286154,1.0,
1012,2022-10-03T14:00:00Z,2022-10-03T20:00:00Z,MU,MarketOnClose,Filled,buy,7,50.726660508,355.086623556,1.0,
1013,2022-10-03T14:00:00Z,2022-10-03T20:00:00Z,EMR,MarketOnClose,Filled,buy,4,69.99483522,279.97934088,1.0,
1014,2022-10-03T14:00:00Z,2022-10-03T20:00:00Z,MMM,MarketOnClose,Filled,buy,4,69.0058669765471,276.0234679061884,1.0,
1015,2022-11-01T14:00:00Z,2022-11-01T20:00:00Z,COP,MarketOnClose,Filled,sell,-7,112.248417668,-785.738923676,1.0,
1016,2022-11-01T14:00:00Z,2022-11-01T20:00:00Z,MRNA,MarketOnClose,Filled,sell,-5,154.62,-773.1,1.0,
1017,2022-11-01T14:00:00Z,2022-11-01T20:00:00Z,NFLX,MarketOnClose,Filled,sell,-21,28.675,-602.175,1.0,
1018,2022-11-01T14:00:00Z,2022-11-01T20:00:00Z,T,MarketOnClose,Filled,sell,-28,14.960857491,-418.904009748,1.0,
1019,2022-11-01T14:00:00Z,2022-11-01T20:00:00Z,CVS,MarketOnClose,Filled,buy,12,82.444648494,989.335781928,1.0,
1020,2022-11-01T14:00:00Z,2022-11-01T20:00:00Z,REGN,MarketOnClose,Filled,buy,1,752.805905374,752.805905374,1.0,
1021,2022-11-01T14:00:00Z,2022-11-01T20:00:00Z,LOW,MarketOnClose,Filled,buy,4,179.59953536,718.39814144,1.0,
1022,2022-11-01T14:00:00Z,2022-11-01T20:00:00Z,MU,MarketOnClose,Filled,buy,7,53.919880638,377.439164466,1.0,
1023,2022-11-01T14:00:00Z,2022-11-01T20:00:00Z,PM,MarketOnClose,Filled,buy,4,77.553258992,310.213035968,1.0,
1024,2022-11-01T14:00:00Z,2022-11-01T20:00:00Z,FISV,MarketOnClose,Filled,buy,3,104.02,312.06,1.0,
1025,2022-12-01T15:00:00Z,2022-12-01T21:00:00Z,FCX,MarketOnClose,Filled,sell,-39,37.702636302,-1470.402815778,1.0,
1026,2022-12-01T15:00:00Z,2022-12-01T21:00:00Z,MRNA,MarketOnClose,Filled,sell,-5,181.48,-907.4,1.0,
1027,2022-12-01T15:00:00Z,2022-12-01T21:00:00Z,HCA,MarketOnClose,Filled,sell,-3,230.958028071,-692.874084213,1.0,
1028,2022-12-01T15:00:00Z,2022-12-01T21:00:00Z,EMR,MarketOnClose,Filled,sell,-7,89.14584098,-624.02088686,1.0,
1029,2022-12-01T15:00:00Z,2022-12-01T21:00:00Z,NOC,MarketOnClose,Filled,buy,2,498.27300877,996.54601754,1.0,
1030,2022-12-01T15:00:00Z,2022-12-01T21:00:00Z,COP,MarketOnClose,Filled,buy,6,108.515267868,651.091607208,1.0,
1031,2022-12-01T15:00:00Z,2022-12-01T21:00:00Z,MMM,MarketOnClose,Filled,buy,6,77.7004630796926,466.2027784781556,1.0,
1032,2022-12-01T15:00:00Z,2022-12-01T21:00:00Z,TGT,MarketOnClose,Filled,buy,3,144.750909748,434.252729244,1.0,
1033,2022-12-01T15:00:00Z,2022-12-01T21:00:00Z,FISV,MarketOnClose,Filled,buy,4,105.03,420.12,1.0,
1034,2023-01-03T15:00:00Z,2023-01-03T21:00:00Z,DE,MarketOnClose,Filled,sell,-2,404.629504554,-809.259009108,1.0,
1035,2023-01-03T15:00:00Z,2023-01-03T21:00:00Z,PM,MarketOnClose,Filled,sell,-9,86.74518561,-780.70667049,1.0,
1036,2023-01-03T15:00:00Z,2023-01-03T21:00:00Z,MRNA,MarketOnClose,Filled,sell,-3,178.99,-536.97,1.0,
1037,2023-01-03T15:00:00Z,2023-01-03T21:00:00Z,NOC,MarketOnClose,Filled,sell,-1,507.697255947,-507.697255947,1.0,
1038,2023-01-03T15:00:00Z,2023-01-03T21:00:00Z,EMR,MarketOnClose,Filled,sell,-5,89.52792121,-447.63960605,1.0,
1039,2023-01-03T15:00:00Z,2023-01-03T21:00:00Z,INTC,MarketOnClose,Filled,buy,33,25.775145594,850.579804602,1.0,
1040,2023-01-03T15:00:00Z,2023-01-03T21:00:00Z,F,MarketOnClose,Filled,buy,89,9.085109065,808.574706785,1.0,
1041,2023-01-03T15:00:00Z,2023-01-03T21:00:00Z,MU,MarketOnClose,Filled,buy,15,49.619481963,744.292229445,1.0,
1042,2023-01-03T15:00:00Z,2023-01-03T21:00:00Z,TGT,MarketOnClose,Filled,buy,3,133.01861527,399.05584581,1.0,
1043,2023-02-01T15:00:00Z,2023-02-01T21:00:00Z,INTC,MarketOnClose,Filled,sell,-301,28.031555646,-8437.498249446,1.505,no valuation
1044,2023-02-01T15:00:00Z,2023-02-01T21:00:00Z,LOW,MarketOnClose,Filled,sell,-41,199.186963524,-8166.665504484,1.0,reached implied value
1045,2023-02-01T15:00:00Z,2023-02-01T21:00:00Z,NOC,MarketOnClose,Filled,sell,-15,415.860175281,-6237.902629215,1.0,reached implied value
1046,2023-02-01T15:00:00Z,2023-02-01T21:00:00Z,PM,MarketOnClose,Filled,sell,-88,90.247533183,-7941.782920104,1.0,reached implied value
1047,2023-02-01T15:00:00Z,2023-02-01T21:00:00Z,MU,MarketOnClose,Filled,sell,-20,61.66725374,-1233.3450748,1.0,
1048,2023-02-01T15:00:00Z,2023-02-01T21:00:00Z,NFLX,MarketOnClose,Filled,sell,-29,36.199,-1049.771,1.0,
1049,2023-02-01T15:00:00Z,2023-02-01T21:00:00Z,FCX,MarketOnClose,Filled,sell,-23,42.8514762775,-985.5839543825,1.0,
1050,2023-02-01T15:00:00Z,2023-02-01T21:00:00Z,F,MarketOnClose,Filled,sell,-78,10.73871564,-837.61981992,1.0,
1051,2023-02-01T15:00:00Z,2023-02-01T21:00:00Z,TGT,MarketOnClose,Filled,sell,-5,155.273146948,-776.36573474,1.0,
1052,2023-02-01T15:00:00Z,2023-02-01T21:00:00Z,MPC,MarketOnClose,Filled,sell,-4,113.870797959,-455.483191836,1.0,
1053,2023-02-01T15:00:00Z,2023-02-01T21:00:00Z,T,MarketOnClose,Filled,sell,-25,16.702835694,-417.57089235,1.0,
1054,2023-02-01T15:00:00Z,2023-02-01T21:00:00Z,PFE,MarketOnClose,Filled,buy,228,35.480517558,8089.558003224,1.14,
1055,2023-02-01T15:00:00Z,2023-02-01T21:00:00Z,EPD,MarketOnClose,Filled,buy,404,20.152767768,8141.718178272,2.02,
1056,2023-02-01T15:00:00Z,2023-02-01T21:00:00Z,OXY,MarketOnClose,Filled,buy,133,59.5862791,7924.9751203,1.0,
1057,2023-02-01T15:00:00Z,2023-02-01T21:00:00Z,EOG,MarketOnClose,Filled,buy,69,111.885224181,7720.080468489,1.0,
1058,2023-02-01T15:00:00Z,2023-02-01T21:00:00Z,CVS,MarketOnClose,Filled,buy,13,76.758634082,997.862243066,1.0,
1059,2023-02-01T15:00:00Z,2023-02-01T21:00:00Z,EMR,MarketOnClose,Filled,buy,11,85.38095286,939.19048146,1.0,
1060,2023-02-01T15:00:00Z,2023-02-01T21:00:00Z,DE,MarketOnClose,Filled,buy,2,407.204393574,814.408787148,1.0,
1061,2023-02-01T15:00:00Z,2023-02-01T21:00:00Z,MMM,MarketOnClose,Filled,buy,11,71.4602544742924,786.0627992172164,1.0,
1062,2023-02-01T15:00:00Z,2023-02-01T21:00:00Z,MRNA,MarketOnClose,Filled,buy,4,174.3,697.2,1.0,
1063,2023-03-01T15:00:00Z,2023-03-01T21:00:00Z,CVS,MarketOnClose,Filled,sell,-104,72.354378246,-7524.855337584,1.0,reached implied value
1064,2023-03-01T15:00:00Z,2023-03-01T21:00:00Z,REGN,MarketOnClose,Filled,sell,-10,763.237464616,-7632.37464616,1.0,reached implied value
1065,2023-03-01T15:00:00Z,2023-03-01T21:00:00Z,F,MarketOnClose,Filled,sell,-772,9.702696474,-7490.481677928,3.86,no valuation
1066,2023-03-01T15:00:00Z,2023-03-01T21:00:00Z,T,MarketOnClose,Filled,sell,-482,15.437093316,-7440.678978312,2.41,no valuation
1067,2023-03-01T15:00:00Z,2023-03-01T21:00:00Z,FISV,MarketOnClose,Filled,sell,-11,115.81,-1273.91,1.0,
1068,2023-03-01T15:00:00Z,2023-03-01T21:00:00Z,HCA,MarketOnClose,Filled,sell,-2,237.15148884,-474.30297768,1.0,
1069,2023-03-01T15:00:00Z,2023-03-01T21:00:00Z,EPD,MarketOnClose,Filled,sell,-22,20.105681862,-442.325000964,1.0,
1070,2023-03-01T15:00:00Z,2023-03-01T21:00:00Z,DE,MarketOnClose,Filled,sell,-1,400.29987635,-400.29987635,1.0,
1071,2023-03-01T15:00:00Z,2023-03-01T21:00:00Z,CVX,MarketOnClose,Filled,buy,55,140.234727936,7712.91003648,1.0,
1072,2023-03-01T15:00:00Z,2023-03-01T21:00:00Z,PSX,MarketOnClose,Filled,buy,84,95.189677128,7995.932878752,1.0,
1073,2023-03-01T15:00:00Z,2023-03-01T21:00:00Z,VLO,MarketOnClose,Filled,buy,64,126.08321865,8069.3259936,1.0,
1074,2023-03-01T15:00:00Z,2023-03-01T21:00:00Z,XOM,MarketOnClose,Filled,buy,78,98.83521054,7709.14642212,1.0,
1075,2023-03-01T15:00:00Z,2023-03-01T21:00:00Z,MRNA,MarketOnClose,Filled,buy,9,135.66,1220.94,1.0,
1076,2023-03-01T15:00:00Z,2023-03-01T21:00:00Z,COP,MarketOnClose,Filled,buy,9,94.696343125,852.267088125,1.0,
1077,2023-03-01T15:00:00Z,2023-03-01T21:00:00Z,EOG,MarketOnClose,Filled,buy,8,103.728299989,829.826399912,1.0,
1078,2023-03-01T15:00:00Z,2023-03-01T21:00:00Z,OXY,MarketOnClose,Filled,buy,6,56.029869686,336.179218116,1.0,
1079,2023-04-03T14:00:00Z,2023-04-03T20:00:00Z,TGT,MarketOnClose,Filled,sell,-53,146.51441676,-7765.26408828,1.0,no valuation
1080,2023-04-03T14:00:00Z,2023-04-03T20:00:00Z,MRNA,MarketOnClose,Filled,sell,-5,159.48,-797.4,1.0,
1081,2023-04-03T14:00:00Z,2023-04-03T20:00:00Z,MPC,MarketOnClose,Filled,sell,-6,126.339870528,-758.039223168,1.0,
1082,2023-04-03T14:00:00Z,2023-04-03T20:00:00Z,HCA,MarketOnClose,Filled,sell,-2,257.053620512,-514.107241024,1.0,
1083,2023-04-03T14:00:00Z,2023-04-03T20:00:00Z,OXY,MarketOnClose,Filled,sell,-7,61.340389596,-429.382727172,1.0,
1084,2023-04-03T14:00:00Z,2023-04-03T20:00:00Z,QCOM,MarketOnClose,Filled,buy,66,115.438163148,7618.918767768,1.0,
1085,2023-04-03T14:00:00Z,2023-04-03T20:00:00Z,COP,MarketOnClose,Filled,buy,4,97.22883339,388.91533356,1.0,
1086,2023-04-03T14:00:00Z,2023-04-03T20:00:00Z,FCX,MarketOnClose,Filled,buy,9,39.38607524,354.47467716,1.0,
1087,2023-04-03T14:00:00Z,2023-04-03T20:00:00Z,FISV,MarketOnClose,Filled,buy,3,112.83,338.49,1.0,
1088,2023-04-03T14:00:00Z,2023-04-03T20:00:00Z,MMM,MarketOnClose,Filled,buy,4,65.3150972182383,261.2603888729532,1.0,
1089,2023-05-01T14:00:00Z,2023-05-01T20:00:00Z,MU,MarketOnClose,Filled,sell,-15,61.545105145,-923.176577175,1.0,
1090,2023-05-01T14:00:00Z,2023-05-01T20:00:00Z,FISV,MarketOnClose,Filled,sell,-7,121.44,-850.08,1.0,
1091,2023-05-01T14:00:00Z,2023-05-01T20:00:00Z,HCA,MarketOnClose,Filled,sell,-3,276.369619782,-829.108859346,1.0,
1092,2023-05-01T14:00:00Z,2023-05-01T20:00:00Z,XOM,MarketOnClose,Filled,sell,-6,102.1721909175,-613.033145505,1.0,
1093,2023-05-01T14:00:00Z,2023-05-01T20:00:00Z,EOG,MarketOnClose,Filled,sell,-5,105.960575416,-529.80287708,1.0,
1094,2023-05-01T14:00:00Z,2023-05-01T20:00:00Z,CVX,MarketOnClose,Filled,sell,-3,144.690606816,-434.071820448,1.0,
1095,2023-05-01T14:00:00Z,2023-05-01T20:00:00Z,COP,MarketOnClose,Filled,sell,-4,91.946802135,-367.78720854,1.0,
1096,2023-05-01T14:00:00Z,2023-05-01T20:00:00Z,EPD,MarketOnClose,Filled,sell,-17,21.02621091,-357.44558547,1.0,
1097,2023-05-01T14:00:00Z,2023-05-01T20:00:00Z,VLO,MarketOnClose,Filled,buy,10,104.46740085,1044.6740085,1.0,
1098,2023-05-01T14:00:00Z,2023-05-01T20:00:00Z,MRNA,MarketOnClose,Filled,buy,7,133.4,933.8,1.0,
1099,2023-05-01T14:00:00Z,2023-05-01T20:00:00Z,DE,MarketOnClose,Filled,buy,2,365.553645944,731.107291888,1.0,
1100,2023-05-01T14:00:00Z,2023-05-01T20:00:00Z,MPC,MarketOnClose,Filled,buy,5,114.063554592,570.31777296,1.0,
1101,2023-05-01T14:00:00Z,2023-05-01T20:00:00Z,QCOM,MarketOnClose,Filled,buy,5,107.201834368,536.00917184,1.0,
1102,2023-05-01T14:00:00Z,2023-05-01T20:00:00Z,PFE,MarketOnClose,Filled,buy,16,31.608155478,505.730487648,1.0,
1103,2023-05-01T14:00:00Z,2023-05-01T20:00:00Z,FCX,MarketOnClose,Filled,buy,12,36.095362974,433.144355688,1.0,
1104,2023-05-01T14:00:00Z,2023-05-01T20:00:00Z,PSX,MarketOnClose,Filled,buy,3,87.34300848,262.02902544,1.0,
1105,2023-05-02T04:00:00Z,2023-05-02T20:00:00Z,VLO,MarketOnOpen,Filled,sell,-74,103.3540233,-7648.1977242,1.0,left universe
1106,2023-06-01T04:00:00Z,,PSX,MarketOnOpen,Canceled,sell,-87,0.0,0.0,0.0,no valuation
1107,2023-06-01T14:00:00Z,2023-06-01T20:00:00Z,PSX,MarketOnClose,Filled,sell,-87,83.50485656,-7264.92252072,1.0,no valuation
1108,2023-06-01T14:00:00Z,2023-06-01T20:00:00Z,NFLX,MarketOnClose,Filled,sell,-45,40.313,-1814.085,1.0,
1109,2023-06-01T14:00:00Z,2023-06-01T20:00:00Z,MU,MarketOnClose,Filled,sell,-13,68.198096463,-886.575254019,1.0,
1110,2023-06-01T14:00:00Z,2023-06-01T20:00:00Z,VZ,MarketOnClose,Filled,buy,255,28.697408708,7317.83922054,1.275,
1111,2023-06-01T14:00:00Z,2023-06-01T20:00:00Z,CI,MarketOnClose,Filled,buy,31,236.899556173,7343.886241363,1.0,
1112,2023-06-01T14:00:00Z,2023-06-01T20:00:00Z,MPC,MarketOnClose,Filled,buy,7,99.284123736,694.988866152,1.0,
1113,2023-06-01T14:00:00Z,2023-06-01T20:00:00Z,XOM,MarketOnClose,Filled,buy,7,92.907043655,650.349305585,1.0,
1114,2023-06-01T14:00:00Z,2023-06-01T20:00:00Z,CVX,MarketOnClose,Filled,buy,3,132.97589196,398.92767588,1.0,
1115,2023-06-01T14:00:00Z,2023-06-01T20:00:00Z,EOG,MarketOnClose,Filled,buy,4,96.591674235,386.36669694,1.0,
1116,2023-06-01T14:00:00Z,2023-06-01T20:00:00Z,FISV,MarketOnClose,Filled,buy,3,112.75,338.25,1.0,
1117,2023-06-01T14:00:00Z,2023-06-01T20:00:00Z,DE,MarketOnClose,Filled,buy,1,337.284750734,337.284750734,1.0,
1118,2023-06-01T14:00:00Z,2023-06-01T20:00:00Z,FCX,MarketOnClose,Filled,buy,10,34.032496669,340.32496669,1.0,
1119,2023-06-01T14:00:00Z,2023-06-01T20:00:00Z,MMM,MarketOnClose,Filled,buy,5,59.8192163867307,299.0960819336535,1.0,
1120,2023-06-01T14:00:00Z,2023-06-01T20:00:00Z,HCA,MarketOnClose,Filled,buy,1,260.663814834,260.663814834,1.0,
1121,2023-07-03T14:00:00Z,2023-07-03T17:00:00Z,HCA,MarketOnClose,Filled,sell,-28,290.557749924,-8135.616997872,1.0,reached implied value
1122,2023-07-03T14:00:00Z,2023-07-03T17:00:00Z,DE,MarketOnClose,Filled,sell,-2,390.204791095,-780.40958219,1.0,
1123,2023-07-03T14:00:00Z,2023-07-03T17:00:00Z,FCX,MarketOnClose,Filled,sell,-18,39.117701979,-704.118635622,1.0,
1124,2023-07-03T14:00:00Z,2023-07-03T17:00:00Z,CI,MarketOnClose,Filled,sell,-2,263.168752077,-526.337504154,1.0,
1125,2023-07-03T14:00:00Z,2023-07-03T17:00:00Z,FISV,MarketOnClose,Filled,sell,-4,125.89,-503.56,1.0,
1126,2023-07-03T14:00:00Z,2023-07-03T17:00:00Z,EMR,MarketOnClose,Filled,sell,-5,85.685019036,-428.42509518,1.0,
1127,2023-07-03T14:00:00Z,2023-07-03T17:00:00Z,MO,MarketOnClose,Filled,buy,220,35.94639681,7908.2072982,1.1,
1128,2023-07-03T14:00:00Z,2023-07-03T17:00:00Z,MU,MarketOnClose,Filled,buy,17,63.084966637,1072.444432829,1.0,
1129,2023-07-03T14:00:00Z,2023-07-03T17:00:00Z,MRNA,MarketOnClose,Filled,buy,7,121.74,852.18,1.0,
1130,2023-07-03T14:00:00Z,2023-07-03T17:00:00Z,PFE,MarketOnClose,Filled,buy,17,29.870728371,507.802382307,1.0,
1131,2023-07-03T14:00:00Z,2023-07-03T17:00:00Z,OXY,MarketOnClose,Filled,buy,8,55.861309878,446.890479024,1.0,
1132,2023-08-01T04:00:00Z,,MRNA,MarketOnOpen,Canceled,sell,-64,0.0,0.0,0.0,no valuation
1133,2023-08-01T14:00:00Z,2023-08-01T20:00:00Z,MRNA,MarketOnClose,Filled,sell,-64,113.94,-7292.16,1.0,no valuation
1134,2023-08-01T14:00:00Z,2023-08-01T20:00:00Z,MPC,MarketOnClose,Filled,sell,-9,126.545760432,-1138.911843888,1.0,
1135,2023-08-01T14:00:00Z,2023-08-01T20:00:00Z,EOG,MarketOnClose,Filled,sell,-7,118.466846425,-829.267924975,1.0,
1136,2023-08-01T14:00:00Z,2023-08-01T20:00:00Z,COP,MarketOnClose,Filled,sell,-6,106.44241422,-638.65448532,1.0,
1137,2023-08-01T14:00:00Z,2023-08-01T20:00:00Z,MU,MarketOnClose,Filled,sell,-9,69.977967556,-629.801708004,1.0,
1138,2023-08-01T14:00:00Z,2023-08-01T20:00:00Z,QCOM,MarketOnClose,Filled,sell,-5,123.079646144,-615.39823072,1.0,
1139,2023-08-01T14:00:00Z,2023-08-01T20:00:00Z,FCX,MarketOnClose,Filled,sell,-12,42.122503548,-505.470042576,1.0,
1140,2023-08-01T14:00:00Z,2023-08-01T20:00:00Z,MMM,MarketOnClose,Filled,sell,-7,70.1263128376307,-490.8841898634149,1.0,
1141,2023-08-01T14:00:00Z,2023-08-01T20:00:00Z,MCK,MarketOnClose,Filled,buy,20,399.096704006,7981.93408012,1.0,
1142,2023-08-01T14:00:00Z,2023-08-01T20:00:00Z,VZ,MarketOnClose,Filled,buy,40,27.338047757,1093.52191028,1.0,
1143,2023-08-01T14:00:00Z,2023-08-01T20:00:00Z,XOM,MarketOnClose,Filled,buy,6,95.8101079,574.8606474,1.0,
1144,2023-08-01T14:00:00Z,2023-08-01T20:00:00Z,FISV,MarketOnClose,Filled,buy,4,126.97,507.88,1.0,
1145,2023-08-01T14:00:00Z,2023-08-01T20:00:00Z,PFE,MarketOnClose,Filled,buy,15,29.378969473,440.684542095,1.0,
1146,2023-08-01T14:00:00Z,2023-08-01T20:00:00Z,MO,MarketOnClose,Filled,buy,11,35.374700303,389.121703333,1.0,
1147,2023-08-01T14:00:00Z,2023-08-01T20:00:00Z,EMR,MarketOnClose,Filled,buy,4,86.477525268,345.910101072,1.0,
1148,2023-08-01T14:00:00Z,2023-08-01T20:00:00Z,EPD,MarketOnClose,Filled,buy,15,21.74982267,326.24734005,1.0,
1149,2023-08-01T14:00:00Z,2023-08-01T20:00:00Z,CVX,MarketOnClose,Filled,buy,2,141.852600648,283.705201296,1.0,
1150,2023-09-01T14:00:00Z,2023-09-01T20:00:00Z,EMR,MarketOnClose,Filled,sell,-8,93.835106428,-750.680851424,1.0,
1151,2023-09-01T14:00:00Z,2023-09-01T20:00:00Z,MPC,MarketOnClose,Filled,sell,-5,137.574875324,-687.87437662,1.0,
1152,2023-09-01T14:00:00Z,2023-09-01T20:00:00Z,XOM,MarketOnClose,Filled,sell,-5,102.866068536,-514.33034268,1.0,
1153,2023-09-01T14:00:00Z,2023-09-01T20:00:00Z,VZ,MarketOnClose,Filled,sell,-12,28.507458714,-342.089504568,1.0,
1154,2023-09-01T14:00:00Z,2023-09-01T20:00:00Z,QCOM,MarketOnClose,Filled,buy,9,108.2836417135,974.5527754215,1.0,
1155,2023-09-01T14:00:00Z,2023-09-01T20:00:00Z,FCX,MarketOnClose,Filled,buy,19,39.955708098,759.158453862,1.0,
1156,2023-09-01T14:00:00Z,2023-09-01T20:00:00Z,CI,MarketOnClose,Filled,buy,2,259.881138727,519.762277454,1.0,
1157,2023-10-02T14:00:00Z,2023-10-02T20:00:00Z,MCK,MarketOnClose,Filled,sell,-2,431.65764763,-863.31529526,1.0,
1158,2023-10-02T14:00:00Z,2023-10-02T20:00:00Z,MPC,MarketOnClose,Filled,sell,-5,141.401636038,-707.00818019,1.0,
1159,2023-10-02T14:00:00Z,2023-10-02T20:00:00Z,OXY,MarketOnClose,Filled,sell,-11,58.96822715,-648.65049865,1.0,
1160,2023-10-02T14:00:00Z,2023-10-02T20:00:00Z,XOM,MarketOnClose,Filled,sell,-6,104.778043559,-628.668261354,1.0,
1161,2023-10-02T14:00:00Z,2023-10-02T20:00:00Z,CVX,MarketOnClose,Filled,sell,-4,146.903002136,-587.612008544,1.0,
1162,2023-10-02T14:00:00Z,2023-10-02T20:00:00Z,COP,MarketOnClose,Filled,sell,-5,107.18597441,-535.92987205,1.0,
1163,2023-10-02T14:00:00Z,2023-10-02T20:00:00Z,CI,MarketOnClose,Filled,sell,-2,271.297641758,-542.595283516,1.0,
1164,2023-10-02T14:00:00Z,2023-10-02T20:00:00Z,EPD,MarketOnClose,Filled,sell,-24,22.15712272,-531.77094528,1.0,
1165,2023-10-02T14:00:00Z,2023-10-02T20:00:00Z,NFLX,MarketOnClose,Filled,buy,26,38.033,988.858,1.0,
1166,2023-10-02T14:00:00Z,2023-10-02T20:00:00Z,MMM,MarketOnClose,Filled,buy,16,58.0872447891674,929.3959166266784,1.0,
1167,2023-10-02T14:00:00Z,2023-10-02T20:00:00Z,FISV,MarketOnClose,Filled,buy,5,112.85,564.25,1.0,
1168,2023-10-02T14:00:00Z,2023-10-02T20:00:00Z,VZ,MarketOnClose,Filled,buy,17,25.972372024,441.530324408,1.0,
1169,2023-10-02T14:00:00Z,2023-10-02T20:00:00Z,FCX,MarketOnClose,Filled,buy,11,35.285060128,388.135661408,1.0,
1170,2023-10-02T14:00:00Z,2023-10-02T20:00:00Z,PFE,MarketOnClose,Filled,buy,14,27.985467974,391.796551636,1.0,
1171,2023-10-02T14:00:00Z,2023-10-02T20:00:00Z,DE,MarketOnClose,Filled,buy,1,360.003732992,360.003732992,1.0,
1172,2023-11-01T14:00:00Z,2023-11-01T20:00:00Z,MU,MarketOnClose,Filled,sell,-116,68.74749426,-7974.70933416,1.0,no valuation
1173,2023-11-01T14:00:00Z,2023-11-01T20:00:00Z,VZ,MarketOnClose,Filled,sell,-34,29.56696854,-1005.27693036,1.0,
1174,2023-11-01T14:00:00Z,2023-11-01T20:00:00Z,CI,MarketOnClose,Filled,sell,-3,291.932264507,-875.796793521,1.0,
1175,2023-11-01T14:00:00Z,2023-11-01T20:00:00Z,NFLX,MarketOnClose,Filled,sell,-21,42.019,-882.399,1.0,
1176,2023-11-01T14:00:00Z,2023-11-01T20:00:00Z,VLO,MarketOnClose,Filled,buy,66,117.620630328,7762.961601648,1.0,
1177,2023-11-01T14:00:00Z,2023-11-01T20:00:00Z,CVX,MarketOnClose,Filled,buy,7,127.003087832,889.021614824,1.0,
1178,2023-11-01T14:00:00Z,2023-11-01T20:00:00Z,XOM,MarketOnClose,Filled,buy,7,95.725612052,670.079284364,1.0,
1179,2023-11-01T14:00:00Z,2023-11-01T20:00:00Z,FCX,MarketOnClose,Filled,buy,18,32.595018153,586.710326754,1.0,
1180,2023-11-01T14:00:00Z,2023-11-01T20:00:00Z,PFE,MarketOnClose,Filled,buy,19,25.157237121,477.987505299,1.0,
1181,2023-11-01T14:00:00Z,2023-11-01T20:00:00Z,EMR,MarketOnClose,Filled,buy,5,85.003678599,425.018392995,1.0,
1182,2023-11-01T14:00:00Z,2023-11-01T20:00:00Z,MO,MarketOnClose,Filled,buy,11,31.94714397,351.41858367,1.0,
1183,2023-11-01T14:00:00Z,2023-11-01T20:00:00Z,DE,MarketOnClose,Filled,buy,1,356.758460736,356.758460736,1.0,
1184,2023-12-01T05:00:00Z,,VLO,MarketOnOpen,Canceled,sell,-66,0.0,0.0,0.0,no valuation
1185,2023-12-01T15:00:00Z,2023-12-01T21:00:00Z,EMR,MarketOnClose,Filled,sell,-92,85.998370812,-7911.850114704,1.0,reached implied value
1186,2023-12-01T15:00:00Z,2023-12-01T21:00:00Z,VLO,MarketOnClose,Filled,sell,-66,117.321978898,-7743.250607268,1.0,no valuation
1187,2023-12-01T15:00:00Z,2023-12-01T21:00:00Z,QCOM,MarketOnClose,Filled,sell,-75,122.463395245,-9184.754643375,1.0,reached implied value
1188,2023-12-01T15:00:00Z,2023-12-01T21:00:00Z,FISV,MarketOnClose,Filled,sell,-9,130.61,-1175.49,1.0,
1189,2023-12-01T15:00:00Z,2023-12-01T21:00:00Z,NFLX,MarketOnClose,Filled,sell,-19,46.574,-884.906,1.0,
1190,2023-12-01T15:00:00Z,2023-12-01T21:00:00Z,FCX,MarketOnClose,Filled,sell,-16,37.942109532,-607.073752512,1.0,
1191,2023-12-01T15:00:00Z,2023-12-01T21:00:00Z,MMM,MarketOnClose,Filled,sell,-8,65.2918397575732,-522.3347180605856,1.0,
1192,2023-12-01T15:00:00Z,2023-12-01T21:00:00Z,VZ,MarketOnClose,Filled,sell,-14,32.222984358,-451.121781012,1.0,
1193,2023-12-01T15:00:00Z,2023-12-01T21:00:00Z,SO,MarketOnClose,Filled,buy,126,64.270568304,8098.091606304,1.0,
1194,2023-12-01T15:00:00Z,2023-12-01T21:00:00Z,PSX,MarketOnClose,Filled,buy,68,118.5622719,8062.2344892,1.0,
1195,2023-12-01T15:00:00Z,2023-12-01T21:00:00Z,NXPI,MarketOnClose,Filled,buy,41,195.041366544,7996.696028304,1.0,
1196,2023-12-01T15:00:00Z,2023-12-01T21:00:00Z,CI,MarketOnClose,Filled,buy,6,253.823786554,1522.942719324,1.0,
1197,2023-12-01T15:00:00Z,2023-12-01T21:00:00Z,OXY,MarketOnClose,Filled,buy,15,55.683801015,835.257015225,1.0,
1198,2023-12-01T15:00:00Z,2023-12-01T21:00:00Z,CVX,MarketOnClose,Filled,buy,3,129.06529352,387.19588056,1.0,
1199,2023-12-01T15:00:00Z,2023-12-01T21:00:00Z,XOM,MarketOnClose,Filled,buy,4,94.168557492,376.674229968,1.0,
1200,2023-12-01T15:00:00Z,2023-12-01T21:00:00Z,DE,MarketOnClose,Filled,buy,1,355.159899328,355.159899328,1.0,
1201,2023-12-01T15:00:00Z,2023-12-01T21:00:00Z,EOG,MarketOnClose,Filled,buy,3,111.82785396,335.48356188,1.0,
1202,2023-12-01T15:00:00Z,2023-12-01T21:00:00Z,COP,MarketOnClose,Filled,buy,3,106.006115052,318.018345156,1.0,
1203,2024-01-02T15:00:00Z,2024-01-02T21:00:00Z,FCX,MarketOnClose,Filled,sell,-22,40.697843787,-895.352563314,1.0,
1204,2024-01-02T15:00:00Z,2024-01-02T21:00:00Z,NXPI,MarketOnClose,Filled,sell,-4,210.708409844,-842.833639376,1.0,
1205,2024-01-02T15:00:00Z,2024-01-02T21:00:00Z,CI,MarketOnClose,Filled,sell,-3,293.95855076,-881.87565228,1.0,
1206,2024-01-02T15:00:00Z,2024-01-02T21:00:00Z,DE,MarketOnClose,Filled,sell,-2,387.490058933,-774.980117866,1.0,
1207,2024-01-02T15:00:00Z,2024-01-02T21:00:00Z,MMM,MarketOnClose,Filled,sell,-8,71.928917108994,-575.431336871952,1.0,
1208,2024-01-02T15:00:00Z,2024-01-02T21:00:00Z,PFE,MarketOnClose,Filled,buy,36,24.844590993,894.405275748,1.0,
1209,2024-01-02T15:00:00Z,2024-01-02T21:00:00Z,MPC,MarketOnClose,Filled,buy,4,144.397864468,577.591457872,1.0,
1210,2024-01-02T15:00:00Z,2024-01-02T21:00:00Z,EPD,MarketOnClose,Filled,buy,23,22.109164704,508.510788192,1.0,
1211,2024-01-02T15:00:00Z,2024-01-02T21:00:00Z,XOM,MarketOnClose,Filled,buy,5,93.629040606,468.14520303,1.0,
1212,2024-01-02T15:00:00Z,2024-01-02T21:00:00Z,VZ,MarketOnClose,Filled,buy,11,32.473551888,357.209070768,1.0,
1213,2024-01-02T15:00:00Z,2024-01-02T21:00:00Z,SO,MarketOnClose,Filled,buy,5,63.668481045,318.342405225,1.0,
1214,2024-02-01T15:00:00Z,2024-02-01T21:00:00Z,NXPI,MarketOnClose,Filled,sell,-37,202.925211958,-7508.232842446,1.0,reached implied value
1215,2024-02-01T15:00:00Z,2024-02-01T21:00:00Z,NFLX,MarketOnClose,Filled,sell,-22,56.751,-1248.522,1.0,
1216,2024-02-01T15:00:00Z,2024-02-01T21:00:00Z,VZ,MarketOnClose,Filled,sell,-30,36.087164904,-1082.61494712,1.0,
1217,2024-02-01T15:00:00Z,2024-02-01T21:00:00Z,MCK,MarketOnClose,Filled,sell,-2,495.9121108,-991.8242216,1.0,
1218,2024-02-01T15:00:00Z,2024-02-01T21:00:00Z,MPC,MarketOnClose,Filled,sell,-6,158.775099989,-952.650599934,1.0,
1219,2024-02-01T15:00:00Z,2024-02-01T21:00:00Z,PSX,MarketOnClose,Filled,sell,-5,133.05118485,-665.25592425,1.0,
1220,2024-02-01T15:00:00Z,2024-02-01T21:00:00Z,CVS,MarketOnClose,Filled,buy,124,67.092113088,8319.422022912,1.0,
1221,2024-02-01T15:00:00Z,2024-02-01T21:00:00Z,MMM,MarketOnClose,Filled,buy,20,62.7154767265783,1254.309534531566,1.0,
1222,2024-02-01T15:00:00Z,2024-02-01T21:00:00Z,EOG,MarketOnClose,Filled,buy,7,103.99734874,727.98144118,1.0,
1223,2024-02-01T15:00:00Z,2024-02-01T21:00:00Z,COP,MarketOnClose,Filled,buy,6,102.464298312,614.785789872,1.0,
1224,2024-02-01T15:00:00Z,2024-02-01T21:00:00Z,FCX,MarketOnClose,Filled,buy,16,38.99264082,623.88225312,1.0,
1225,2024-02-01T15:00:00Z,2024-02-01T21:00:00Z,OXY,MarketOnClose,Filled,buy,9,54.428011112,489.852100008,1.0,
1226,2024-02-01T15:00:00Z,2024-02-01T21:00:00Z,PFE,MarketOnClose,Filled,buy,20,23.148734313,462.97468626,1.0,
1227,2024-02-01T15:00:00Z,2024-02-01T21:00:00Z,MO,MarketOnClose,Filled,buy,13,34.193970664,444.521618632,1.0,
1228,2024-02-01T15:00:00Z,2024-02-01T21:00:00Z,DE,MarketOnClose,Filled,buy,1,380.502073784,380.502073784,1.0,
1229,2024-03-01T15:00:00Z,2024-03-01T21:00:00Z,FCX,MarketOnClose,Filled,sell,-217,36.80913057,-7987.58133369,1.085,no valuation
1230,2024-03-01T15:00:00Z,2024-03-01T21:00:00Z,CI,MarketOnClose,Filled,sell,-29,315.628632896,-9153.230353984,1.0,reached implied value
1231,2024-03-01T15:00:00Z,2024-03-01T21:00:00Z,MMM,MarketOnClose,Filled,sell,-136,61.064894977547,-8304.825716946392,1.0,no valuation
1232,2024-03-01T15:00:00Z,2024-03-01T21:00:00Z,PFE,MarketOnClose,Filled,sell,-365,22.554959523,-8232.560225895,1.825,reached implied value
1233,2024-03-01T15:00:00Z,2024-03-01T21:00:00Z,FISV,MarketOnClose,Filled,sell,-4,150.35,-601.4,1.0,
1234,2024-03-01T15:00:00Z,2024-03-01T21:00:00Z,NFLX,MarketOnClose,Filled,sell,-7,61.934,-433.538,1.0,
1235,2024-03-01T15:00:00Z,2024-03-01T21:00:00Z,T,MarketOnClose,Filled,buy,569,15.016743534,8544.527070846,2.845,
1236,2024-03-01T15:00:00Z,2024-03-01T21:00:00Z,NEE,MarketOnClose,Filled,buy,165,51.381103685,8477.882108025,1.0,
1237,2024-03-01T15:00:00Z,2024-03-01T21:00:00Z,PCAR,MarketOnClose,Filled,buy,82,105.423819039,8644.753161198,1.0,
1238,2024-03-01T15:00:00Z,2024-03-01T21:00:00Z,DUK,MarketOnClose,Filled,buy,101,82.796102312,8362.406333512,1.0,
1239,2024-03-01T15:00:00Z,2024-03-01T21:00:00Z,DE,MarketOnClose,Filled,buy,2,355.536699455,711.07339891,1.0,
1240,2024-03-01T15:00:00Z,2024-03-01T21:00:00Z,VZ,MarketOnClose,Filled,buy,17,34.14224592,580.41818064,1.0,
1241,2024-03-01T15:00:00Z,2024-03-01T21:00:00Z,SO,MarketOnClose,Filled,buy,8,60.718909,485.751272,1.0,
1242,2024-04-01T14:00:00Z,2024-04-01T20:00:00Z,MPC,MarketOnClose,Filled,sell,-5,194.672479948,-973.36239974,1.0,
1243,2024-04-01T14:00:00Z,2024-04-01T20:00:00Z,NEE,MarketOnClose,Filled,sell,-10,58.98450193,-589.8450193,1.0,
1244,2024-04-01T14:00:00Z,2024-04-01T20:00:00Z,XOM,MarketOnClose,Filled,sell,-4,107.946337248,-431.785348992,1.0,
1245,2024-04-01T14:00:00Z,2024-04-01T20:00:00Z,NFLX,MarketOnClose,Filled,buy,11,61.431,675.741,1.0,
1246,2024-04-01T14:00:00Z,2024-04-01T20:00:00Z,MCK,MarketOnClose,Filled,buy,1,530.770641057,530.770641057,1.0,
1247,2024-04-01T14:00:00Z,2024-04-01T20:00:00Z,T,MarketOnClose,Filled,buy,24,15.47662025,371.438886,1.0,
1248,2024-05-01T14:00:00Z,2024-05-01T20:00:00Z,MCK,MarketOnClose,Filled,sell,-17,525.43810223,-8932.44773791,1.0,reached implied value
1249,2024-05-01T14:00:00Z,2024-05-01T20:00:00Z,EOG,MarketOnClose,Filled,sell,-7,120.834566285,-845.841963995,1.0,
1250,2024-05-01T14:00:00Z,2024-05-01T20:00:00Z,NEE,MarketOnClose,Filled,sell,-12,63.851793585,-766.22152302,1.0,
1251,2024-05-01T14:00:00Z,2024-05-01T20:00:00Z,OXY,MarketOnClose,Filled,sell,-11,61.41947077,-675.61417847,1.0,
1252,2024-05-01T14:00:00Z,2024-05-01T20:00:00Z,COP,MarketOnClose,Filled,sell,-4,115.2028751,-460.8115004,1.0,
1253,2024-05-01T14:00:00Z,2024-05-01T20:00:00Z,XOM,MarketOnClose,Filled,sell,-4,107.023403448,-428.093613792,1.0,
1254,2024-05-01T14:00:00Z,2024-05-01T20:00:00Z,MO,MarketOnClose,Filled,sell,-11,36.71561677,-403.87178447,1.0,
1255,2024-05-01T14:00:00Z,2024-05-01T20:00:00Z,GILD,MarketOnClose,Filled,buy,148,60.760439837,8992.545095876,1.0,
1256,2024-05-01T14:00:00Z,2024-05-01T20:00:00Z,CVS,MarketOnClose,Filled,buy,20,51.603266709,1032.06533418,1.0,
1257,2024-05-01T14:00:00Z,2024-05-01T20:00:00Z,PCAR,MarketOnClose,Filled,buy,8,99.043810554,792.350484432,1.0,
1258,2024-05-01T14:00:00Z,2024-05-01T20:00:00Z,NFLX,MarketOnClose,Filled,buy,10,55.171,551.71,1.0,
1259,2024-05-01T14:00:00Z,2024-05-01T20:00:00Z,PSX,MarketOnClose,Filled,buy,4,129.09583372,516.38333488,1.0,
1260,2024-05-01T14:00:00Z,2024-05-01T20:00:00Z,MPC,MarketOnClose,Filled,buy,3,170.444370316,511.333110948,1.0,
1261,2024-05-01T14:00:00Z,2024-05-01T20:00:00Z,VZ,MarketOnClose,Filled,buy,13,33.83207744,439.81700672,1.0,
1262,2024-06-03T14:00:00Z,2024-06-03T20:00:00Z,NEE,MarketOnClose,Filled,sell,-21,72.789154128,-1528.572236688,1.0,
1263,2024-06-03T14:00:00Z,2024-06-03T20:00:00Z,NFLX,MarketOnClose,Filled,sell,-20,63.379,-1267.58,1.0,
1264,2024-06-03T14:00:00Z,2024-06-03T20:00:00Z,SO,MarketOnClose,Filled,sell,-15,73.674428414,-1105.11642621,1.0,
1265,2024-06-03T14:00:00Z,2024-06-03T20:00:00Z,T,MarketOnClose,Filled,sell,-36,16.188070579,-582.770540844,1.0,
1266,2024-06-03T14:00:00Z,2024-06-03T20:00:00Z,DUK,MarketOnClose,Filled,sell,-6,95.176216593,-571.057299558,1.0,
1267,2024-06-03T14:00:00Z,2024-06-03T20:00:00Z,CVS,MarketOnClose,Filled,buy,23,55.177280919,1269.077461137,1.0,
1268,2024-06-03T14:00:00Z,2024-06-03T20:00:00Z,COP,MarketOnClose,Filled,buy,7,106.173435604,743.214049228,1.0,
1269,2024-06-03T14:00:00Z,2024-06-03T20:00:00Z,EOG,MarketOnClose,Filled,buy,6,111.247768452,667.486610712,1.0,
1270,2024-06-03T14:00:00Z,2024-06-03T20:00:00Z,OXY,MarketOnClose,Filled,buy,11,57.721913802,634.941051822,1.0,
1271,2024-06-03T14:00:00Z,2024-06-03T20:00:00Z,MPC,MarketOnClose,Filled,buy,3,167.215915875,501.647747625,1.0,
1272,2024-06-03T14:00:00Z,2024-06-03T20:00:00Z,FISV,MarketOnClose,Filled,buy,3,148.47,445.41,1.0,
1273,2024-06-03T14:00:00Z,2024-06-03T20:00:00Z,DE,MarketOnClose,Filled,buy,1,357.114942164,357.114942164,1.0,
1274,2024-07-01T14:00:00Z,2024-07-01T20:00:00Z,NFLX,MarketOnClose,Filled,sell,-8,67.361,-538.888,1.0,
1275,2024-07-01T14:00:00Z,2024-07-01T20:00:00Z,GILD,MarketOnClose,Filled,sell,-8,64.444222128,-515.553777024,1.0,
1276,2024-07-01T14:00:00Z,2024-07-01T20:00:00Z,T,MarketOnClose,Filled,sell,-29,17.059943342,-494.738356918,1.0,
1277,2024-07-01T14:00:00Z,2024-07-01T20:00:00Z,MO,MarketOnClose,Filled,sell,-12,39.411544229,-472.938530748,1.0,
1278,2024-07-01T14:00:00Z,2024-07-01T20:00:00Z,EPD,MarketOnClose,Filled,sell,-16,24.961532206,-399.384515296,1.0,
1279,2024-07-01T14:00:00Z,2024-07-01T20:00:00Z,NEE,MarketOnClose,Filled,buy,14,65.47370832,916.63191648,1.0,
1280,2024-07-01T14:00:00Z,2024-07-01T20:00:00Z,PCAR,MarketOnClose,Filled,buy,4,95.11962932,380.47851728,1.0,
1281,2024-08-01T14:00:00Z,2024-08-01T20:00:00Z,GILD,MarketOnClose,Filled,sell,-10,71.814372823,-718.14372823,1.0,
1282,2024-08-01T14:00:00Z,2024-08-01T20:00:00Z,FISV,MarketOnClose,Filled,sell,-4,161.39,-645.56,1.0,
1283,2024-08-01T14:00:00Z,2024-08-01T20:00:00Z,NEE,MarketOnClose,Filled,sell,-6,73.426094352,-440.556566112,1.0,
1284,2024-08-01T14:00:00Z,2024-08-01T20:00:00Z,MO,MarketOnClose,Filled,sell,-10,42.827839286,-428.27839286,1.0,
1285,2024-08-01T14:00:00Z,2024-08-01T20:00:00Z,NFLX,MarketOnClose,Filled,buy,14,62.485,874.79,1.0,
1286,2024-08-01T14:00:00Z,2024-08-01T20:00:00Z,PCAR,MarketOnClose,Filled,buy,7,89.94521115,629.61647805,1.0,
1287,2024-08-01T14:00:00Z,2024-08-01T20:00:00Z,COP,MarketOnClose,Filled,buy,5,101.063833188,505.31916594,1.0,
1288,2024-08-01T14:00:00Z,2024-08-01T20:00:00Z,OXY,MarketOnClose,Filled,buy,7,56.797943832,397.585606824,1.0,
1289,2024-09-03T14:00:00Z,2024-09-03T20:00:00Z,NFLX,MarketOnClose,Filled,sell,-13,67.532,-877.916,1.0,
1290,2024-09-03T14:00:00Z,2024-09-03T20:00:00Z,MO,MarketOnClose,Filled,sell,-16,46.295507201,-740.728115216,1.0,
1291,2024-09-03T14:00:00Z,2024-09-03T20:00:00Z,DUK,MarketOnClose,Filled,sell,-6,107.564255242,-645.385531452,1.0,
1292,2024-09-03T14:00:00Z,2024-09-03T20:00:00Z,SO,MarketOnClose,Filled,sell,-5,82.159828326,-410.79914163,1.0,
1293,2024-09-03T14:00:00Z,2024-09-03T20:00:00Z,CVX,MarketOnClose,Filled,buy,6,133.137281292,798.823687752,1.0,
1294,2024-09-03T14:00:00Z,2024-09-03T20:00:00Z,OXY,MarketOnClose,Filled,buy,14,52.99100856,741.87411984,1.0,
1295,2024-09-03T14:00:00Z,2024-09-03T20:00:00Z,PSX,MarketOnClose,Filled,buy,5,126.329301,631.646505,1.0,
1296,2024-09-03T14:00:00Z,2024-09-03T20:00:00Z,CVS,MarketOnClose,Filled,buy,12,53.177465848,638.129590176,1.0,
1297,2024-09-03T14:00:00Z,2024-09-03T20:00:00Z,XOM,MarketOnClose,Filled,buy,4,108.339266261,433.357065044,1.0,
1298,2024-09-03T14:00:00Z,2024-09-03T20:00:00Z,PCAR,MarketOnClose,Filled,buy,4,89.540761604,358.163046416,1.0,
1299,2024-09-04T04:00:00Z,2024-09-04T20:00:00Z,PCAR,MarketOnOpen,Filled,sell,-105,89.081626263,-9353.570757615,1.0,left universe
1300,2024-10-01T04:00:00Z,,MPC,MarketOnOpen,Canceled,sell,-54,0.0,0.0,0.0,no valuation
1301,2024-10-01T04:00:00Z,,OXY,MarketOnOpen,Canceled,sell,-174,0.0,0.0,0.0,no valuation
1302,2024-10-01T14:00:00Z,2024-10-01T20:00:00Z,MPC,MarketOnClose,Filled,sell,-54,159.437405798,-8609.619913092,1.0,no valuation
1303,2024-10-01T14:00:00Z,2024-10-01T20:00:00Z,OXY,MarketOnClose,Filled,sell,-174,51.1501608,-8900.1279792,1.0,no valuation
1304,2024-10-01T14:00:00Z,2024-10-01T20:00:00Z,VZ,MarketOnClose,Filled,sell,-263,39.657642354,-10429.959939102,1.315,reached implied value
1305,2024-10-01T14:00:00Z,2024-10-01T20:00:00Z,T,MarketOnClose,Filled,sell,-50,20.189289733,-1009.46448665,1.0,
1306,2024-10-01T14:00:00Z,2024-10-01T20:00:00Z,CVS,MarketOnClose,Filled,sell,-15,57.032785784,-855.49178676,1.0,
1307,2024-10-01T14:00:00Z,2024-10-01T20:00:00Z,DE,MarketOnClose,Filled,sell,-2,407.004010972,-814.008021944,1.0,
1308,2024-10-01T14:00:00Z,2024-10-01T20:00:00Z,NEE,MarketOnClose,Filled,sell,-10,80.387729718,-803.87729718,1.0,
1309,2024-10-01T14:00:00Z,2024-10-01T20:00:00Z,GILD,MarketOnClose,Filled,sell,-10,79.545505968,-795.45505968,1.0,
1310,2024-10-01T14:00:00Z,2024-10-01T20:00:00Z,FISV,MarketOnClose,Filled,sell,-3,181.33,-543.99,1.0,
1311,2024-10-01T14:00:00Z,2024-10-01T20:00:00Z,WMB,MarketOnClose,Filled,buy,224,43.468313544,9736.902233856,1.12,
1312,2024-10-01T14:00:00Z,2024-10-01T20:00:00Z,SLB,MarketOnClose,Filled,buy,241,40.881521778,9852.446748498,1.205,
1313,2024-10-01T14:00:00Z,2024-10-01T20:00:00Z,BMY,MarketOnClose,Filled,buy,203,48.20817204,9786.25892412,1.015,
1314,2024-10-01T14:00:00Z,2024-10-01T20:00:00Z,TGT,MarketOnClose,Filled,buy,66,140.84349046,9295.67037036,1.0,
1315,2024-10-01T14:00:00Z,2024-10-01T20:00:00Z,COP,MarketOnClose,Filled,buy,8,102.715262043,821.722096344,1.0,
1316,2024-10-01T14:00:00Z,2024-10-01T20:00:00Z,PSX,MarketOnClose,Filled,buy,6,124.448398074,746.690388444,1.0,
1317,2024-10-01T14:00:00Z,2024-10-01T20:00:00Z,EOG,MarketOnClose,Filled,buy,5,118.876824984,594.38412492,1.0,
1318,2024-10-01T14:00:00Z,2024-10-01T20:00:00Z,MO,MarketOnClose,Filled,buy,9,44.463351691,400.170165219,1.0,
1319,2024-11-01T04:00:00Z,,PSX,MarketOnOpen,Canceled,sell,-78,0.0,0.0,0.0,no valuation
1320,2024-11-01T14:00:00Z,2024-11-01T20:00:00Z,DE,MarketOnClose,Filled,sell,-23,391.347003346,-9000.981076958,1.0,reached implied value
1321,2024-11-01T14:00:00Z,2024-11-01T20:00:00Z,PSX,MarketOnClose,Filled,sell,-78,112.302069726,-8759.561438628,1.0,no valuation
1322,2024-11-01T14:00:00Z,2024-11-01T20:00:00Z,WMB,MarketOnClose,Filled,sell,-26,48.343965624,-1256.943106224,1.0,
1323,2024-11-01T14:00:00Z,2024-11-01T20:00:00Z,FISV,MarketOnClose,Filled,sell,-4,202.22,-808.88,1.0,
1324,2024-11-01T14:00:00Z,2024-11-01T20:00:00Z,BMY,MarketOnClose,Filled,sell,-14,50.056358016,-700.789012224,1.0,
1325,2024-11-01T14:00:00Z,2024-11-01T20:00:00Z,NFLX,MarketOnClose,Filled,sell,-7,75.61,-529.27,1.0,
1326,2024-11-01T14:00:00Z,2024-11-01T20:00:00Z,MO,MarketOnClose,Filled,sell,-11,47.030056069,-517.330616759,1.0,
1327,2024-11-01T14:00:00Z,2024-11-01T20:00:00Z,ET,MarketOnClose,Filled,buy,683,14.213877239,9708.078154237,3.415,
1328,2024-11-01T14:00:00Z,2024-11-01T20:00:00Z,DELL,MarketOnClose,Filled,buy,80,127.367028884,10189.36231072,1.0,
1329,2024-11-01T14:00:00Z,2024-11-01T20:00:00Z,CVS,MarketOnClose,Filled,buy,20,52.298831051,1045.97662102,1.0,
1330,2024-11-01T14:00:00Z,2024-11-01T20:00:00Z,NEE,MarketOnClose,Filled,buy,10,72.92120199,729.2120199,1.0,
1331,2024-11-01T14:00:00Z,2024-11-01T20:00:00Z,SLB,MarketOnClose,Filled,buy,15,37.678472552,565.17708828,1.0,
1332,2024-11-01T14:00:00Z,2024-11-01T20:00:00Z,TGT,MarketOnClose,Filled,buy,4,139.584967812,558.339871248,1.0,
1333,2024-11-01T14:00:00Z,2024-11-01T20:00:00Z,EPD,MarketOnClose,Filled,buy,17,25.725432326,437.332349542,1.0,
1334,2024-12-02T15:00:00Z,2024-12-02T21:00:00Z,NFLX,MarketOnClose,Filled,sell,-128,89.774,-11491.072,1.0,reached implied value
1335,2024-12-02T15:00:00Z,2024-12-02T21:00:00Z,ET,MarketOnClose,Filled,sell,-93,17.1176619,-1591.9425567,1.0,
1336,2024-12-02T15:00:00Z,2024-12-02T21:00:00Z,EPD,MarketOnClose,Filled,sell,-44,30.179627583,-1327.903613652,1.0,
1337,2024-12-02T15:00:00Z,2024-12-02T21:00:00Z,FISV,MarketOnClose,Filled,sell,-3,218.455,-655.365,1.0,
1338,2024-12-02T15:00:00Z,2024-12-02T21:00:00Z,WMB,MarketOnClose,Filled,sell,-10,52.92895383,-529.2895383,1.0,
1339,2024-12-02T15:00:00Z,2024-12-02T21:00:00Z,PCAR,MarketOnClose,Filled,buy,94,109.19864576,10264.67270144,1.0,
1340,2024-12-02T15:00:00Z,2024-12-02T21:00:00Z,TGT,MarketOnClose,Filled,buy,13,121.841000864,1583.933011232,1.0,
1341,2024-12-02T15:00:00Z,2024-12-02T21:00:00Z,XOM,MarketOnClose,Filled,buy,6,111.442271585,668.65362951,1.0,
1342,2024-12-02T15:00:00Z,2024-12-02T21:00:00Z,NEE,MarketOnClose,Filled,buy,8,73.144169805,585.15335844,1.0,
1343,2024-12-02T15:00:00Z,2024-12-02T21:00:00Z,DUK,MarketOnClose,Filled,buy,5,108.017451074,540.08725537,1.0,
1344,2024-12-02T15:00:00Z,2024-12-02T21:00:00Z,SO,MarketOnClose,Filled,buy,5,81.775993606,408.87996803,1.0,
1345,2024-12-03T05:00:00Z,2024-12-03T21:00:00Z,TGT,MarketOnOpen,Filled,sell,-83,121.710510196,-10101.972346268,1.0,left universe
