symbol,direction,quantity,entry_time,entry_price,exit_time,exit_price,profit_loss,total_fees,mae,mfe,end_trade_drawdown,duration,is_win,order_ids
HLT,long,98,2016-02-01T21:00:00Z,51.1763755578432,2016-02-02T21:00:00Z,50.3785256048256,-78.19,2.0,-189.89,0.0,189.89,1.00:00:00,False,12 21
HPQ,long,741,2016-02-01T21:00:00Z,6.902331697,2016-02-02T21:00:00Z,6.805408283,-71.82,7.41,-71.82,0.0,71.82,1.00:00:00,False,7 22
MPC,long,165,2016-02-01T21:00:00Z,30.149807381,2016-03-01T21:00:00Z,25.243699899,-809.51,2.0,-1314.84,0.0,1314.84,29.00:00:00,False,11 24
DOW,long,13,2016-02-01T21:00:00Z,52.4968856582607,2016-03-01T21:00:00Z,61.73130730176405,120.05,2.0,0.0,120.05,41.19,29.00:00:00,True,17 25
ETN,long,13,2016-02-01T21:00:00Z,38.619325638,2016-03-01T21:00:00Z,44.648308374,78.38,2.0,-12.2,78.38,20.29,29.00:00:00,True,15 26
LUV,long,15,2016-02-01T21:00:00Z,33.61498697,2016-03-01T21:00:00Z,37.3680315,56.3,2.0,-47.13,56.48,47.13,29.00:00:00,True,3 27
CSCO,long,24,2016-02-01T21:00:00Z,17.133940652,2016-03-01T21:00:00Z,19.578519067,58.67,2.435,-16.99,58.67,18.04,29.00:00:00,True,6 28
EMR,long,9,2016-02-01T21:00:00Z,34.656258,2016-03-01T21:00:00Z,38.450290975,34.15,2.0,0.0,34.15,7.99,29.00:00:00,True,13 29
GILD,long,4,2016-02-01T21:00:00Z,58.045930195,2016-03-01T21:00:00Z,61.940981311,15.58,2.0,-3.7,19.61,10.77,29.00:00:00,True,2 30
HPE,long,98,2016-02-01T21:00:00Z,10.335336095,2016-04-01T20:00:00Z,13.83974032,343.43,3.415,-110.17,343.43,114.58,59.23:00:00,True,8 38
MCK,long,4,2016-02-01T21:00:00Z,146.859883067,2016-05-02T20:00:00Z,155.625597697,35.06,2.0,-34.35,71.54,54.48,90.23:00:00,True,20 43
CRH,long,25,2016-02-01T21:00:00Z,20.69899845,2016-05-02T20:00:00Z,22.892599493,54.84,2.195,-59.13,65.46,59.13,90.23:00:00,True,14 44
HCA,long,7,2016-02-01T21:00:00Z,65.55873955,2016-05-02T20:00:00Z,74.965154025,65.84,2.0,-44.0,70.69,50.08,90.23:00:00,True,19 45
F,long,59,2016-02-01T21:00:00Z,7.124142485,2016-05-02T20:00:00Z,8.12767371,59.21,4.535,-31.34,75.76,39.7,90.23:00:00,True,5 46
ETN,long,9,2016-02-01T21:00:00Z,38.619325638,2016-05-02T20:00:00Z,49.28570132,96.0,1.0,-8.44,98.58,29.36,90.23:00:00,True,15 47
EMR,long,9,2016-02-01T21:00:00Z,34.656258,2016-05-02T20:00:00Z,42.482300675,70.43,1.0,0.0,77.91,16.9,90.23:00:00,True,13 48
AAL,long,127,2016-03-01T21:00:00Z,40.08372299,2016-05-03T20:00:00Z,33.385949442,-850.62,2.0,-888.45,199.58,1088.04,62.23:00:00,False,33 55
AAL,long,11,2016-04-01T20:00:00Z,37.87015856,2016-05-03T20:00:00Z,33.385949442,-49.33,1.0,-52.6,41.64,71.79,32.00:00:00,False,41 55
AAL,long,19,2016-05-02T20:00:00Z,33.088032219,2016-05-03T20:00:00Z,33.385949442,5.66,1.0,0.0,162.78,0.0,1.00:00:00,True,49 55
NFLX,long,63,2016-02-01T21:00:00Z,9.409,2016-06-01T20:00:00Z,10.151,46.75,3.715,-71.19,109.75,149.75,120.23:00:00,True,1 56
MCK,long,2,2016-02-01T21:00:00Z,146.859883067,2016-06-01T20:00:00Z,170.760355699,47.8,1.0,-17.17,47.8,27.24,120.23:00:00,True,20 57
HPE,long,23,2016-02-01T21:00:00Z,10.335336095,2016-06-01T20:00:00Z,13.757002742,78.7,1.0,-25.86,81.81,47.23,120.23:00:00,True,8 58
CSCO,long,14,2016-02-01T21:00:00Z,17.133940652,2016-06-01T20:00:00Z,21.28191376,58.07,1.0,-9.91,59.62,25.05,120.23:00:00,True,6 59
AAPL,long,13,2016-02-01T21:00:00Z,21.655612962,2016-06-01T20:00:00Z,22.3668357435,9.25,2.14,-14.73,47.52,62.26,120.23:00:00,True,4 60
CRH,long,214,2016-02-01T21:00:00Z,20.69899845,2016-07-01T20:00:00Z,23.183773842,531.74,1.145,-506.14,873.61,833.62,150.23:00:00,True,14 70
CRH,long,15,2016-03-01T21:00:00Z,20.26615905,2016-07-01T20:00:00Z,23.183773842,43.76,1.0,-28.98,67.73,58.43,121.23:00:00,True,35 70
T,long,42,2016-03-01T21:00:00Z,15.343748800769273,2016-07-01T20:00:00Z,18.060001987962753,114.08,2.655,0.0,114.08,21.46,121.23:00:00,True,31 71
VZ,long,20,2016-02-01T21:00:00Z,29.034775836,2016-07-01T20:00:00Z,32.508918984,69.48,2.0,-15.67,69.48,54.35,150.23:00:00,True,16 72
KR,long,10,2016-02-01T21:00:00Z,32.23295754,2016-07-01T20:00:00Z,29.544326265,-26.89,2.0,-45.72,5.28,51.0,150.23:00:00,False,18 73
HPE,long,45,2016-02-01T21:00:00Z,10.335336095,2016-08-01T20:00:00Z,15.907543484,250.75,1.0,-50.59,250.75,92.4,181.23:00:00,True,8 81
TGT,long,8,2016-06-01T20:00:00Z,50.269692936,2016-08-01T20:00:00Z,55.486983096,41.74,2.0,-9.76,46.38,12.11,61.00:00:00,True,61 82
GM,long,16,2016-02-01T21:00:00Z,24.06538739,2016-08-01T20:00:00Z,25.65269437,25.4,2.05,-41.05,37.85,62.15,181.23:00:00,True,9 83
EMR,long,9,2016-02-01T21:00:00Z,34.656258,2016-08-01T20:00:00Z,43.305383112,77.84,1.0,0.0,81.75,45.84,181.23:00:00,True,13 84
CSCO,long,12,2016-02-01T21:00:00Z,17.133940652,2016-08-01T20:00:00Z,22.83567811,68.42,1.0,-8.49,69.76,21.47,181.23:00:00,True,6 85
LUV,long,136,2016-02-01T21:00:00Z,33.61498697,2016-08-02T20:00:00Z,32.478186015,-154.6,1.0,-427.32,1135.81,1447.43,182.23:00:00,False,3 90
LUV,long,6,2016-06-01T20:00:00Z,37.403201412,2016-08-02T20:00:00Z,32.478186015,-29.55,1.0,-41.58,27.38,45.74,62.00:00:00,False,66 90
LUV,long,8,2016-07-01T20:00:00Z,34.90193124,2016-08-02T20:00:00Z,32.478186015,-19.39,1.0,-35.43,56.52,53.87,32.00:00:00,False,79 90
LUV,long,14,2016-08-01T20:00:00Z,32.645644776,2016-08-02T20:00:00Z,32.478186015,-2.34,1.0,-30.42,130.49,18.51,1.00:00:00,False,87 90
ETN,long,9,2016-02-01T21:00:00Z,38.619325638,2016-09-01T20:00:00Z,52.916427872,128.67,1.0,-8.44,134.37,54.21,212.23:00:00,True,15 91
VLO,long,10,2016-02-01T21:00:00Z,45.37488669,2016-09-01T20:00:00Z,37.010008755,-83.65,2.0,-135.27,0.0,135.27,212.23:00:00,False,10 92
AAPL,long,15,2016-02-01T21:00:00Z,21.655612962,2016-09-01T20:00:00Z,24.37684649725,40.82,1.0,-17.0,54.84,71.84,212.23:00:00,True,4 93
DOW,long,4,2016-02-01T21:00:00Z,52.4968856582607,2016-09-01T20:00:00Z,67.5488106007668,60.21,1.0,0.0,61.87,25.59,212.23:00:00,True,17 94
HPE,long,28,2016-02-01T21:00:00Z,10.335336095,2016-10-03T20:00:00Z,17.092308345,189.2,1.0,-31.48,201.66,57.5,244.23:00:00,True,8 101
HPQ,long,43,2016-09-01T20:00:00Z,10.24212575,2016-10-03T20:00:00Z,11.149524805,39.02,3.63,-13.06,39.02,18.83,32.00:00:00,True,95 102
AAPL,long,13,2016-02-01T21:00:00Z,21.655612962,2016-10-03T20:00:00Z,25.699267009,52.57,1.0,-14.73,61.62,62.26,244.23:00:00,True,4 103
DAL,long,8,2016-03-01T21:00:00Z,43.04467977,2016-10-03T20:00:00Z,35.497246498,-60.38,2.0,-108.68,8.59,117.27,215.23:00:00,False,32 104
CSCO,long,11,2016-02-01T21:00:00Z,17.133940652,2016-10-03T20:00:00Z,23.6013246,71.14,1.0,-7.79,72.04,19.68,244.23:00:00,True,6 105
NFLX,long,26,2016-02-01T21:00:00Z,9.409,2016-10-03T20:00:00Z,10.263,22.2,1.0,-29.38,45.29,68.07,244.23:00:00,True,1 106
AAPL,long,187,2016-02-01T21:00:00Z,21.655612962,2016-11-01T20:00:00Z,25.46401776425,712.17,1.035,-211.94,1000.89,895.55,273.23:00:00,True,4 111
AAPL,long,20,2016-05-02T20:00:00Z,21.14316288,2016-11-01T20:00:00Z,25.46401776425,86.42,1.0,-12.42,117.3,38.03,183.00:00:00,True,51 111
NFLX,long,116,2016-02-01T21:00:00Z,9.409,2016-11-01T20:00:00Z,12.33,338.84,1.0,-131.08,387.56,303.69,273.23:00:00,True,1 112
VLO,long,17,2016-02-01T21:00:00Z,45.37488669,2016-11-01T20:00:00Z,40.554898155,-81.94,1.0,-229.97,0.0,229.97,273.23:00:00,False,10 113
DAL,long,10,2016-03-01T21:00:00Z,43.04467977,2016-11-01T20:00:00Z,37.184209188,-58.6,1.0,-135.85,10.74,146.59,244.23:00:00,False,32 114
KR,long,11,2016-02-01T21:00:00Z,32.23295754,2016-11-01T20:00:00Z,24.980601301,-79.78,1.0,-97.18,5.8,102.98,273.23:00:00,False,18 115
EMR,long,115,2016-02-01T21:00:00Z,34.656258,2016-12-01T21:00:00Z,44.894488072,1177.4,1.0,0.0,1177.4,585.71,304.00:00:00,True,13 123
EMR,long,8,2016-06-01T20:00:00Z,40.494958464,2016-12-01T21:00:00Z,44.894488072,35.2,1.0,-46.71,35.2,40.31,183.01:00:00,True,63 123
EMR,long,6,2016-09-01T20:00:00Z,41.247556396,2016-12-01T21:00:00Z,44.894488072,21.88,1.0,-39.55,21.88,23.97,91.01:00:00,True,100 123
LUV,long,15,2016-11-01T20:00:00Z,35.067525376,2016-12-01T21:00:00Z,41.598498474,97.96,2.0,-0.93,103.93,12.06,30.01:00:00,True,116 124
DAL,long,14,2016-03-01T21:00:00Z,43.04467977,2016-12-01T21:00:00Z,42.606535923,-6.13,1.0,-190.18,15.03,205.22,275.00:00:00,False,32 125
MCK,long,4,2016-02-01T21:00:00Z,146.859883067,2016-12-01T21:00:00Z,132.865218332,-55.98,1.0,-126.12,147.09,273.21,304.00:00:00,False,20 126
GM,long,14,2016-02-01T21:00:00Z,24.06538739,2016-12-01T21:00:00Z,30.214572053,86.09,1.0,-35.92,86.09,54.38,304.00:00:00,True,9 127
TGT,long,6,2016-06-01T20:00:00Z,50.269692936,2016-12-01T21:00:00Z,58.129586718,47.16,1.0,-7.32,50.7,40.73,183.01:00:00,True,61 128
VLO,long,9,2016-02-01T21:00:00Z,45.37488669,2017-01-03T21:00:00Z,48.45554427,27.73,1.0,-121.75,27.73,121.75,337.00:00:00,True,10 135
T,long,23,2016-03-01T21:00:00Z,15.343748800769273,2017-01-03T21:00:00Z,18.29323126839663,67.84,1.0,0.0,67.84,65.9,308.00:00:00,True,31 136
MDLZ,long,8,2016-07-01T20:00:00Z,35.595439399,2017-01-03T21:00:00Z,35.69735286,0.82,2.0,-27.02,6.97,33.99,186.01:00:00,True,74 137
ETN,long,97,2016-02-01T21:00:00Z,38.619325638,2017-02-01T21:00:00Z,56.92071165,1775.23,1.0,-91.0,1775.23,584.22,366.00:00:00,True,15 144
ETN,long,4,2016-06-01T20:00:00Z,48.315111165,2017-02-01T21:00:00Z,56.92071165,34.42,1.0,-42.54,34.42,23.76,245.01:00:00,True,68 144
ETN,long,4,2016-11-01T20:00:00Z,47.99801512,2017-02-01T21:00:00Z,56.92071165,35.69,1.0,-41.27,35.69,14.53,92.01:00:00,True,122 144
F,long,648,2016-02-01T21:00:00Z,7.124142485,2017-02-01T21:00:00Z,7.64648808,338.48,3.875,-344.23,832.03,960.09,366.00:00:00,True,5 145
F,long,45,2016-07-01T20:00:00Z,7.59060276,2017-02-01T21:00:00Z,7.64648808,2.51,1.0,-44.9,36.79,64.58,215.01:00:00,True,77 145
F,long,41,2016-10-03T20:00:00Z,7.29979327,2017-02-01T21:00:00Z,7.64648808,14.21,1.0,-28.98,45.44,26.04,121.01:00:00,True,109 145
F,long,41,2017-01-03T21:00:00Z,7.690032432,2017-02-01T21:00:00Z,7.64648808,-1.79,1.0,-44.98,29.44,16.56,29.00:00:00,False,140 145
NFLX,long,65,2016-02-01T21:00:00Z,9.409,2017-02-01T21:00:00Z,14.078,303.48,1.0,-73.45,314.34,170.17,366.00:00:00,True,1 146
HCA,long,7,2016-02-01T21:00:00Z,65.55873955,2017-02-01T21:00:00Z,75.6574809,70.69,1.0,-44.0,71.08,80.38,366.00:00:00,True,19 147
LUV,long,11,2016-11-01T20:00:00Z,35.067525376,2017-02-01T21:00:00Z,46.699781381,127.95,1.0,-0.68,139.55,21.63,92.01:00:00,True,116 148
MPC,long,158,2016-12-01T21:00:00Z,35.735858158,2017-03-01T21:00:00Z,38.443905401,427.87,2.0,-60.32,613.83,617.38,90.00:00:00,True,129 155
DOW,long,79,2016-02-01T21:00:00Z,52.4968856582607,2017-03-01T21:00:00Z,81.01514942735454,2252.94,1.0,0.0,2274.12,505.44,394.00:00:00,True,17 156
GM,long,180,2016-02-01T21:00:00Z,24.06538739,2017-03-01T21:00:00Z,31.380716863,1316.76,1.0,-461.81,1445.03,699.18,394.00:00:00,True,9 157
GM,long,14,2016-07-01T20:00:00Z,23.677518861,2017-03-01T21:00:00Z,31.380716863,107.84,1.0,-30.49,117.82,37.56,243.01:00:00,True,78 157
MDLZ,long,136,2016-07-01T20:00:00Z,35.595439399,2017-03-01T21:00:00Z,35.052651504,-73.82,1.0,-459.34,118.42,577.75,243.01:00:00,False,74 158
MDLZ,long,10,2016-08-01T20:00:00Z,34.309237532,2017-03-01T21:00:00Z,35.052651504,7.43,1.0,-20.91,21.57,42.48,212.01:00:00,True,89 158
MDLZ,long,16,2016-12-01T21:00:00Z,32.3685588,2017-03-01T21:00:00Z,35.052651504,42.95,1.0,-2.41,65.56,36.55,90.00:00:00,True,132 158
HPQ,long,61,2016-09-01T20:00:00Z,10.24212575,2017-03-01T21:00:00Z,12.664468188,147.76,1.0,-25.05,148.64,80.4,181.01:00:00,True,95 159
CSCO,long,19,2016-02-01T21:00:00Z,17.133940652,2017-03-01T21:00:00Z,26.025681192,168.94,1.0,-13.45,168.94,34.88,394.00:00:00,True,6 160
LUV,long,8,2016-11-01T20:00:00Z,35.067525376,2017-03-01T21:00:00Z,52.146465536,136.63,1.0,-0.49,136.63,15.73,120.01:00:00,True,116 161
HCA,long,5,2016-02-01T21:00:00Z,65.55873955,2017-03-01T21:00:00Z,81.2699441,78.56,1.0,-31.43,78.56,57.42,394.00:00:00,True,19 162
GLW,long,274,2017-03-01T21:00:00Z,22.18168008,2017-04-03T20:00:00Z,21.111925296,-293.11,2.74,-293.11,0.0,293.11,32.23:00:00,False,164 174
KR,long,138,2016-02-01T21:00:00Z,32.23295754,2017-04-03T20:00:00Z,24.02796144,-1132.29,1.145,-1219.15,72.81,1291.96,426.23:00:00,False,18 175
KR,long,17,2016-04-01T20:00:00Z,30.882770096,2017-04-03T20:00:00Z,24.02796144,-116.53,1.0,-127.23,31.92,137.64,367.00:00:00,False,39 175
KR,long,8,2016-05-02T20:00:00Z,28.553667654,2017-04-03T20:00:00Z,24.02796144,-36.21,1.0,-41.24,33.66,57.64,336.00:00:00,False,54 175
KR,long,20,2016-08-01T20:00:00Z,27.491177463,2017-04-03T20:00:00Z,24.02796144,-69.26,1.0,-81.85,105.39,116.73,245.00:00:00,False,86 175
KR,long,12,2016-09-01T20:00:00Z,25.929847924,2017-04-03T20:00:00Z,24.02796144,-22.82,1.0,-30.38,81.97,70.04,214.00:00:00,False,98 175
KR,long,16,2016-10-03T20:00:00Z,23.755505232,2017-04-03T20:00:00Z,24.02796144,4.36,1.0,-5.71,144.08,93.38,182.00:00:00,True,108 175
KR,long,18,2017-03-01T21:00:00Z,26.201919856,2017-04-03T20:00:00Z,24.02796144,-39.13,1.0,-50.46,118.06,49.58,32.23:00:00,False,168 175
CCL,long,6,2017-02-01T21:00:00Z,48.991031889,2017-04-03T20:00:00Z,52.197133212,19.24,2.0,-1.01,22.22,5.72,60.23:00:00,True,149 176
HPE,long,17,2016-02-01T21:00:00Z,10.335336095,2017-04-03T20:00:00Z,13.37387989,51.66,1.0,-19.11,143.95,92.29,426.23:00:00,True,8 177
HPQ,long,22,2016-09-01T20:00:00Z,10.24212575,2017-04-03T20:00:00Z,12.731126613,54.76,1.0,-9.03,59.53,29.0,214.00:00:00,True,95 178
BAX,long,15,2017-03-01T21:00:00Z,44.151848604,2017-05-01T20:00:00Z,47.928163716,56.64,2.0,-6.85,57.81,14.36,60.23:00:00,True,163 184
NFLX,long,30,2016-02-01T21:00:00Z,9.409,2017-05-01T20:00:00Z,15.535,183.78,1.0,-33.9,183.78,78.54,454.23:00:00,True,1 185
HPQ,long,29,2016-09-01T20:00:00Z,10.24212575,2017-05-01T20:00:00Z,13.708217058,100.52,1.0,-11.91,100.52,38.22,242.00:00:00,True,95 186
CCL,long,7,2017-02-01T21:00:00Z,48.991031889,2017-05-01T20:00:00Z,55.601100864,46.27,1.0,-1.17,46.27,11.32,88.23:00:00,True,149 187
LUV,long,7,2016-11-01T20:00:00Z,35.067525376,2017-05-01T20:00:00Z,49.930552308,104.04,1.0,-0.43,119.55,42.84,181.00:00:00,True,116 188
CAH,long,92,2017-04-03T20:00:00Z,62.931465144,2017-05-02T20:00:00Z,56.40817638,-600.14,2.0,-625.89,126.61,752.5,29.00:00:00,False,180 192
CAH,long,10,2017-05-01T20:00:00Z,56.128273644,2017-05-02T20:00:00Z,56.40817638,2.8,1.0,0.0,81.79,3.42,1.00:00:00,True,190 192
MCK,long,6,2016-02-01T21:00:00Z,146.859883067,2017-06-01T20:00:00Z,154.626605424,46.6,1.0,-189.18,220.64,409.82,485.23:00:00,True,20 193
DAL,long,10,2016-03-01T21:00:00Z,43.04467977,2017-06-01T20:00:00Z,44.819352355,17.75,1.0,-135.85,31.38,146.59,456.23:00:00,True,32 194
PPL,long,15,2017-04-03T20:00:00Z,24.54496221,2017-06-01T20:00:00Z,26.42998356,28.28,2.19,0.0,28.28,3.47,59.00:00:00,True,179 195
NFLX,long,20,2016-02-01T21:00:00Z,9.409,2017-06-01T20:00:00Z,16.299,137.8,1.0,-22.6,138.26,52.36,485.23:00:00,True,1 196
LUV,long,6,2016-11-01T20:00:00Z,35.067525376,2017-06-01T20:00:00Z,53.49702033,110.58,1.0,-0.37,113.88,36.72,212.00:00:00,True,116 197
BAX,long,6,2017-03-01T21:00:00Z,44.151848604,2017-06-01T20:00:00Z,51.870174,46.31,1.0,-2.74,46.31,5.74,91.23:00:00,True,163 198
GILD,long,11,2016-02-01T21:00:00Z,58.045930195,2017-07-03T17:00:00Z,50.7455613,-80.3,1.0,-136.3,142.31,278.61,517.20:00:00,False,2 206
DAL,long,11,2016-03-01T21:00:00Z,43.04467977,2017-07-03T17:00:00Z,48.604497258,61.16,1.0,-149.43,61.16,161.24,488.20:00:00,True,32 207
VLO,long,11,2016-02-01T21:00:00Z,45.37488669,2017-07-03T17:00:00Z,47.791524732,26.58,1.0,-148.8,33.89,148.8,517.20:00:00,True,10 208
HCA,long,5,2016-02-01T21:00:00Z,65.55873955,2017-07-03T17:00:00Z,80.503769025,74.73,1.0,-31.43,89.86,57.42,517.20:00:00,True,19 209
CSCO,long,207,2016-02-01T21:00:00Z,17.133940652,2017-08-01T20:00:00Z,24.351082725,1493.95,1.225,-146.52,1879.63,533.8,546.23:00:00,True,6 215
CSCO,long,23,2016-12-01T21:00:00Z,22.06536538,2017-08-01T20:00:00Z,24.351082725,52.57,1.0,-129.7,95.43,59.31,242.23:00:00,True,133 215
CSCO,long,15,2017-06-01T20:00:00Z,24.255265936,2017-08-01T20:00:00Z,24.351082725,1.44,1.0,-117.44,29.39,14.1,61.00:00:00,True,204 215
NFLX,long,65,2016-02-01T21:00:00Z,9.409,2017-08-01T20:00:00Z,18.203,571.61,1.0,-73.45,617.44,170.17,546.23:00:00,True,1 216
LBTYA,long,14,2017-02-01T21:00:00Z,36.23,2017-08-01T20:00:00Z,34.4,-25.62,2.0,-105.56,17.08,122.64,180.23:00:00,False,150 217
VZ,long,16,2016-02-01T21:00:00Z,29.034775836,2017-08-01T20:00:00Z,29.92126668,14.18,1.0,-44.57,61.08,105.64,546.23:00:00,True,16 218
HPQ,long,32,2016-09-01T20:00:00Z,10.24212575,2017-08-01T20:00:00Z,13.95702198,118.88,1.0,-13.14,125.18,49.82,334.00:00:00,True,95 219
TGT,long,9,2016-06-01T20:00:00Z,50.269692936,2017-08-01T20:00:00Z,43.330123198,-62.46,1.0,-108.27,76.05,184.32,426.00:00:00,False,61 220
GILD,long,6,2016-02-01T21:00:00Z,58.045930195,2017-08-01T20:00:00Z,54.3343563,-22.27,1.0,-74.34,77.62,151.97,546.23:00:00,False,2 221
GLW,long,256,2017-06-01T20:00:00Z,23.460938331,2017-09-01T20:00:00Z,22.9759046,-124.17,2.56,-364.37,497.97,862.34,92.00:00:00,False,199 230
GILD,long,10,2016-02-01T21:00:00Z,58.045930195,2017-09-01T20:00:00Z,60.11231625,20.66,1.0,-123.91,129.37,253.28,577.23:00:00,True,2 231
CCL,long,9,2017-02-01T21:00:00Z,48.991031889,2017-09-01T20:00:00Z,62.204114168,118.92,1.0,-1.51,121.75,27.76,211.23:00:00,True,149 232
HPE,long,33,2016-02-01T21:00:00Z,10.335336095,2017-09-01T20:00:00Z,10.934275293,19.76,1.0,-37.1,279.43,259.67,577.23:00:00,True,8 233
EBAY,long,11,2017-03-01T21:00:00Z,30.221482707,2017-09-01T20:00:00Z,32.055760035,20.18,2.0,-21.54,28.23,28.52,183.23:00:00,True,165 234
VLO,long,13,2016-02-01T21:00:00Z,45.37488669,2017-10-02T20:00:00Z,54.70281866,121.26,1.0,-175.86,121.26,175.86,608.23:00:00,True,10 238
CRH,long,14,2017-08-01T20:00:00Z,27.994556562,2017-10-02T20:00:00Z,30.040879768,28.65,2.07,-9.44,36.57,14.95,62.00:00:00,True,222 239
LOW,long,6,2017-09-01T20:00:00Z,63.100234115,2017-10-02T20:00:00Z,68.290260069,31.14,2.0,0.0,31.14,5.93,31.00:00:00,True,235 240
LUV,long,6,2016-11-01T20:00:00Z,35.067525376,2017-10-02T20:00:00Z,49.836505755,88.61,1.0,-0.37,132.12,71.56,335.00:00:00,True,116 241
HPE,long,239,2016-02-01T21:00:00Z,10.335336095,2017-10-03T20:00:00Z,11.494548333,277.05,2.715,-268.69,2023.76,2097.93,609.23:00:00,True,8 245
HPE,long,22,2016-03-01T21:00:00Z,9.95310104,2017-10-03T20:00:00Z,11.494548333,33.91,1.0,-16.32,194.7,193.11,580.23:00:00,True,36 245
HPE,long,16,2017-01-03T21:00:00Z,17.60404864,2017-10-03T20:00:00Z,11.494548333,-97.75,1.0,-134.29,19.18,140.45,272.23:00:00,False,142 245
HPE,long,16,2017-03-01T21:00:00Z,17.588872736,2017-10-03T20:00:00Z,11.494548333,-97.51,1.0,-134.04,19.43,128.24,215.23:00:00,False,171 245
HPE,long,83,2017-05-01T20:00:00Z,14.27206875,2017-10-03T20:00:00Z,11.494548333,-230.53,1.0,-420.06,376.06,375.25,155.00:00:00,False,189 245
HPE,long,59,2017-07-03T17:00:00Z,12.737552001,2017-10-03T20:00:00Z,11.494548333,-73.34,1.0,-208.06,357.86,222.7,92.03:00:00,False,210 245
HPE,long,108,2017-10-02T20:00:00Z,11.502226722,2017-10-03T20:00:00Z,11.494548333,-0.83,1.0,-247.44,788.48,24.05,1.00:00:00,False,242 245
LBTYA,long,144,2017-02-01T21:00:00Z,36.23,2017-11-01T20:00:00Z,31.34,-704.16,1.0,-1085.76,175.68,1261.44,272.23:00:00,False,150 248
LBTYA,long,8,2017-03-01T21:00:00Z,35.2,2017-11-01T20:00:00Z,31.34,-30.88,1.0,-52.08,18.0,69.36,244.23:00:00,False,170 248
LBTYA,long,26,2017-06-01T20:00:00Z,31.35,2017-11-01T20:00:00Z,31.34,-0.26,1.0,-69.16,158.6,107.12,153.00:00:00,False,200 248
PPL,long,223,2017-04-03T20:00:00Z,24.54496221,2017-11-01T20:00:00Z,24.928523108,85.53,1.175,0.0,520.45,434.91,212.00:00:00,True,179 249
PPL,long,12,2017-08-01T20:00:00Z,25.792414362,2017-11-01T20:00:00Z,24.928523108,-10.37,1.0,-14.97,13.04,23.4,92.00:00:00,False,227 249
HPQ,long,50,2016-09-01T20:00:00Z,10.24212575,2017-11-01T20:00:00Z,15.764351794,276.11,1.0,-20.53,299.97,77.84,426.00:00:00,True,95 250
NFLX,long,23,2016-02-01T21:00:00Z,9.409,2017-11-01T20:00:00Z,19.8,238.99,1.0,-25.99,249.76,60.21,638.23:00:00,True,1 251
BAX,long,7,2017-03-01T21:00:00Z,44.151848604,2017-11-01T20:00:00Z,55.64606904,80.46,1.0,-3.2,89.44,21.42,244.23:00:00,True,163 252
TGT,long,6,2016-06-01T20:00:00Z,50.269692936,2017-11-01T20:00:00Z,45.3595761,-29.46,1.0,-72.18,50.7,122.88,518.00:00:00,False,61 253
CCL,long,96,2017-02-01T21:00:00Z,48.991031889,2017-12-01T21:00:00Z,59.789268,1036.63,1.0,-16.11,1298.69,516.56,303.00:00:00,True,149 261
CCL,long,9,2017-10-02T20:00:00Z,57.974990248,2017-12-01T21:00:00Z,59.789268,16.33,1.0,-82.37,40.9,29.72,60.01:00:00,True,243 261
VLO,long,10,2016-02-01T21:00:00Z,45.37488669,2017-12-01T21:00:00Z,60.266780542,148.92,1.0,-135.27,159.3,135.27,669.00:00:00,True,10 262
HCA,long,7,2016-02-01T21:00:00Z,65.55873955,2017-12-01T21:00:00Z,77.586765125,84.2,1.0,-44.0,125.81,105.13,669.00:00:00,True,19 263
CVS,long,9,2017-11-01T20:00:00Z,52.2414042,2017-12-01T21:00:00Z,56.874989616,41.7,2.0,-14.99,51.79,17.65,30.01:00:00,True,254 264
LUV,long,8,2016-11-01T20:00:00Z,35.067525376,2017-12-01T21:00:00Z,53.372715368,146.44,1.0,-0.49,176.16,95.42,395.01:00:00,True,116 265
T,long,19,2016-03-01T21:00:00Z,15.343748800769273,2017-12-01T21:00:00Z,16.29776532557485,18.13,1.0,-12.75,56.73,69.48,640.00:00:00,True,31 266
DAL,long,6,2016-03-01T21:00:00Z,43.04467977,2017-12-01T21:00:00Z,47.401702436,26.14,1.0,-81.51,41.02,87.95,640.00:00:00,True,32 267
LOW,long,8,2017-09-01T20:00:00Z,63.100234115,2018-01-02T21:00:00Z,77.841460602,117.93,1.0,0.0,126.97,38.33,123.01:00:00,True,235 273
MCK,long,3,2016-02-01T21:00:00Z,146.859883067,2018-01-02T21:00:00Z,148.862319,6.01,1.0,-94.59,110.32,204.91,701.00:00:00,True,20 274
EBAY,long,10,2017-03-01T21:00:00Z,30.221482707,2018-01-02T21:00:00Z,33.563747646,33.42,1.0,-19.58,41.62,40.65,307.00:00:00,True,165 275
TGT,long,6,2016-06-01T20:00:00Z,50.269692936,2018-01-02T21:00:00Z,52.658577825,14.33,1.0,-72.18,50.7,122.88,580.01:00:00,True,61 276
MO,long,8,2017-03-01T21:00:00Z,38.344509,2018-01-02T21:00:00Z,37.184275854,-9.28,2.0,-51.61,13.69,65.3,307.00:00:00,False,166 277
HPQ,long,289,2016-09-01T20:00:00Z,10.24212575,2018-02-01T21:00:00Z,17.22065021,2016.79,2.085,-118.66,2147.09,449.9,518.01:00:00,True,95 285
HPQ,long,32,2016-11-01T20:00:00Z,10.230490492,2018-02-01T21:00:00Z,17.22065021,223.69,1.0,-12.77,238.11,49.82,457.01:00:00,True,120 285
HPQ,long,23,2017-01-03T21:00:00Z,10.66746186,2018-02-01T21:00:00Z,17.22065021,150.72,1.0,-19.23,161.09,35.81,394.00:00:00,True,143 285
HPQ,long,39,2017-07-03T17:00:00Z,12.81216699,2018-02-01T21:00:00Z,17.22065021,171.93,1.0,-116.24,189.51,45.34,213.04:00:00,True,212 285
HPQ,long,34,2018-01-02T21:00:00Z,15.757264484,2018-02-01T21:00:00Z,17.22065021,49.76,1.0,-201.47,65.08,15.33,30.00:00:00,True,280 285
GLW,long,243,2017-11-01T20:00:00Z,25.14629282,2018-02-01T21:00:00Z,25.317787476,41.67,2.48,-49.57,655.15,704.72,92.01:00:00,True,256 286
GLW,long,10,2018-01-02T21:00:00Z,26.060783448,2018-02-01T21:00:00Z,25.317787476,-7.43,1.0,-11.18,17.82,29.0,30.00:00:00,False,283 286
EBAY,long,178,2017-03-01T21:00:00Z,30.221482707,2018-02-01T21:00:00Z,40.733302779,1871.1,1.0,-348.48,1871.1,723.64,337.00:00:00,True,165 287
EBAY,long,16,2017-12-01T21:00:00Z,31.04161632,2018-02-01T21:00:00Z,40.733302779,155.07,1.0,-44.45,155.07,29.91,62.00:00:00,True,270 287
LOW,long,82,2017-09-01T20:00:00Z,63.100234115,2018-02-01T21:00:00Z,88.579784448,2089.32,1.0,0.0,2336.9,392.93,153.01:00:00,True,235 288
NFLX,long,76,2016-02-01T21:00:00Z,9.409,2018-02-01T21:00:00Z,26.507,1299.45,1.0,-85.88,1447.8,198.97,731.00:00:00,True,1 289
GILD,long,10,2016-02-01T21:00:00Z,58.045930195,2018-02-01T21:00:00Z,60.71267565,26.67,1.0,-123.91,129.37,253.28,731.00:00:00,True,2 290
TGT,long,8,2016-06-01T20:00:00Z,50.269692936,2018-02-01T21:00:00Z,58.373703675,64.83,1.0,-96.24,87.32,163.84,610.01:00:00,True,61 291
HCA,long,5,2016-02-01T21:00:00Z,65.55873955,2018-02-01T21:00:00Z,94.3779996,144.1,1.0,-31.43,144.1,75.09,731.00:00:00,True,19 292
MO,long,148,2017-03-01T21:00:00Z,38.344509,2018-03-01T21:00:00Z,32.816148453,-818.2,1.0,-954.87,253.27,1208.13,365.00:00:00,False,166 301
MO,long,24,2017-08-01T20:00:00Z,33.76211255,2018-03-01T21:00:00Z,32.816148453,-22.7,1.0,-44.87,151.05,136.37,212.01:00:00,False,223 301
MO,long,16,2018-02-01T21:00:00Z,36.758501703,2018-03-01T21:00:00Z,32.816148453,-63.08,1.0,-77.85,52.76,63.08,28.00:00:00,False,298 301
BAX,long,108,2017-03-01T21:00:00Z,44.151848604,2018-03-01T21:00:00Z,57.752681238,1468.89,1.0,-49.35,2012.52,910.25,365.00:00:00,True,163 302
BAX,long,7,2018-01-02T21:00:00Z,58.363616697,2018-03-01T21:00:00Z,57.752681238,-4.28,1.0,-102.68,30.96,59.0,58.00:00:00,False,282 302
MU,long,20,2017-11-01T20:00:00Z,43.276593374,2018-03-01T21:00:00Z,46.436038226,63.19,2.0,-97.12,103.36,200.49,120.01:00:00,True,255 303
NFLX,long,28,2016-02-01T21:00:00Z,9.409,2018-03-01T21:00:00Z,29.039,549.64,1.0,-31.64,560.2,98.34,759.00:00:00,True,1 304
INTC,long,11,2018-02-01T21:00:00Z,40.004619445,2018-03-01T21:00:00Z,40.43661648,4.75,2.0,-42.57,24.0,42.57,28.00:00:00,True,294 305
TGT,long,6,2016-06-01T20:00:00Z,50.269692936,2018-03-01T21:00:00Z,58.196297649,47.56,1.0,-72.18,65.49,122.88,638.01:00:00,True,61 306
MPC,long,16,2018-02-01T21:00:00Z,52.843842079,2018-04-02T20:00:00Z,55.61298438,44.31,2.0,-72.62,67.6,72.62,59.23:00:00,True,295 315
MU,long,8,2017-11-01T20:00:00Z,43.276593374,2018-04-02T20:00:00Z,48.815373238,44.31,1.0,-38.85,130.82,86.51,152.00:00:00,True,255 316
INTC,long,8,2018-02-01T21:00:00Z,40.004619445,2018-04-02T20:00:00Z,41.34948324,10.76,1.0,-30.96,34.83,30.96,59.23:00:00,True,294 317
PSX,long,5,2018-03-01T21:00:00Z,66.290055741,2018-04-02T20:00:00Z,69.266433285,14.88,2.0,0.0,19.26,10.07,31.23:00:00,True,308 318
EXC,long,15,2018-03-01T21:00:00Z,19.38128934126216,2018-04-02T20:00:00Z,20.08472725343148,10.55,2.725,-0.79,16.38,6.77,31.23:00:00,True,307 319
VLO,long,16,2016-02-01T21:00:00Z,45.37488669,2018-05-01T20:00:00Z,80.002385728,554.04,1.0,-216.44,563.52,216.44,819.23:00:00,True,10 325
PSX,long,11,2018-03-01T21:00:00Z,66.290055741,2018-05-01T20:00:00Z,81.595055955,168.36,1.0,0.0,173.73,22.15,60.23:00:00,True,308 326
CVS,long,14,2017-11-01T20:00:00Z,52.2414042,2018-05-01T20:00:00Z,52.2005604,-0.57,1.0,-85.05,160.58,245.63,181.00:00:00,False,254 327
MCK,long,4,2016-02-01T21:00:00Z,146.859883067,2018-05-01T20:00:00Z,144.69771036,-8.65,1.0,-126.12,147.09,273.21,819.23:00:00,False,20 328
CRH,long,14,2017-08-01T20:00:00Z,27.994556562,2018-05-01T20:00:00Z,29.032885376,14.54,1.0,-17.3,49.02,66.32,273.00:00:00,True,222 329
F,long,45,2018-02-01T21:00:00Z,7.217045472,2018-05-01T20:00:00Z,7.541596688,14.6,5.805,-20.22,21.24,20.22,88.23:00:00,True,293 330
NFLX,long,10,2016-02-01T21:00:00Z,9.409,2018-05-01T20:00:00Z,31.33,219.21,1.0,-11.3,241.97,51.15,819.23:00:00,True,1 331
MCK,long,10,2016-02-01T21:00:00Z,146.859883067,2018-06-01T20:00:00Z,133.781001424,-130.79,1.0,-315.3,367.73,683.03,850.23:00:00,False,20 340
MCK,long,1,2016-03-01T21:00:00Z,144.741138035,2018-06-01T20:00:00Z,133.781001424,-10.96,1.0,-29.41,38.89,68.3,821.23:00:00,False,37 340
MCK,long,3,2016-04-01T20:00:00Z,145.443361239,2018-06-01T20:00:00Z,133.781001424,-34.99,1.0,-90.34,114.57,204.91,791.00:00:00,False,40 340
MCK,long,3,2016-10-03T20:00:00Z,153.22635603,2018-06-01T20:00:00Z,133.781001424,-58.34,1.0,-113.69,91.22,115.05,606.00:00:00,False,107 340
MCK,long,11,2016-11-01T20:00:00Z,119.80627257,2018-06-01T20:00:00Z,133.781001424,153.72,1.0,-49.24,702.09,387.87,577.00:00:00,True,117 340
MCK,long,3,2017-01-03T21:00:00Z,136.904662697,2018-06-01T20:00:00Z,133.781001424,-9.37,1.0,-64.72,140.18,105.78,513.23:00:00,False,139 340
MCK,long,2,2017-08-01T20:00:00Z,150.283789722,2018-06-01T20:00:00Z,133.781001424,-33.01,1.0,-69.91,66.7,70.52,304.00:00:00,False,228 340
MCK,long,3,2017-09-01T20:00:00Z,139.562670779,2018-06-01T20:00:00Z,133.781001424,-17.35,1.0,-72.7,132.21,105.78,273.00:00:00,False,236 340
MCK,long,4,2017-11-01T20:00:00Z,130.464615673,2018-06-01T20:00:00Z,133.781001424,13.27,1.0,-60.54,212.67,141.04,212.00:00:00,True,258 340
MCK,long,4,2018-03-01T21:00:00Z,137.50082664,2018-06-01T20:00:00Z,133.781001424,-14.88,1.0,-88.68,184.53,71.5,91.23:00:00,False,312 340
MCK,long,3,2018-04-02T20:00:00Z,131.18595996,2018-06-01T20:00:00Z,133.781001424,7.79,1.0,-47.57,157.34,47.6,60.00:00:00,True,324 340
MU,long,27,2017-11-01T20:00:00Z,43.276593374,2018-06-01T20:00:00Z,57.279565002,378.08,1.0,-131.12,480.24,401.78,212.00:00:00,True,255 341
NFLX,long,18,2016-02-01T21:00:00Z,9.409,2018-06-01T20:00:00Z,35.993,478.51,1.0,-20.34,478.51,92.07,850.23:00:00,True,1 342
VLO,long,6,2016-02-01T21:00:00Z,45.37488669,2018-06-01T20:00:00Z,90.060731238,268.12,1.0,-81.16,268.12,81.16,850.23:00:00,True,10 343
NFLX,long,3,2016-02-01T21:00:00Z,9.409,2018-07-02T20:00:00Z,39.818,91.23,1.01,-3.39,96.8,15.34,881.23:00:00,True,1 351
NFLX,long,40,2016-05-02T20:00:00Z,9.311,2018-07-02T20:00:00Z,39.818,1220.28,1.0,-41.28,1294.6,204.6,791.00:00:00,True,52 351
NFLX,long,48,2016-07-01T20:00:00Z,9.667,2018-07-02T20:00:00Z,39.818,1447.25,1.0,-66.62,1536.43,245.52,731.00:00:00,True,76 351
NFLX,long,50,2016-12-01T21:00:00Z,11.722,2018-07-02T20:00:00Z,39.818,1404.8,1.0,-172.15,1497.7,255.75,577.23:00:00,True,131 351
NFLX,long,36,2017-07-03T17:00:00Z,14.617,2018-07-02T20:00:00Z,39.818,907.24,1.0,-228.17,974.12,184.14,364.03:00:00,True,211 351
NFLX,long,25,2017-12-01T21:00:00Z,18.682,2018-07-02T20:00:00Z,39.818,528.4,1.0,-260.08,574.85,127.88,212.23:00:00,True,271 351
GILD,long,11,2016-02-01T21:00:00Z,58.045930195,2018-07-02T20:00:00Z,52.621362288,-59.67,1.0,-136.3,142.31,278.61,881.23:00:00,False,2 352
TGT,long,9,2016-06-01T20:00:00Z,50.269692936,2018-07-02T20:00:00Z,59.994026801,87.52,1.0,-108.27,111.04,184.32,761.00:00:00,True,61 353
VZ,long,16,2016-02-01T21:00:00Z,29.034775836,2018-07-02T20:00:00Z,31.980770708,47.14,1.0,-44.57,83.77,105.64,881.23:00:00,True,16 354
EXC,long,21,2018-03-01T21:00:00Z,19.38128934126216,2018-07-02T20:00:00Z,22.718624202026323,70.08,1.0,-1.1,70.08,18.79,122.23:00:00,True,307 355
HCA,long,4,2016-02-01T21:00:00Z,65.55873955,2018-07-02T20:00:00Z,95.904311326,121.38,1.0,-25.15,138.48,60.08,881.23:00:00,True,19 356
HCA,long,10,2016-02-01T21:00:00Z,65.55873955,2018-08-01T20:00:00Z,115.784078932,502.25,1.0,-62.86,502.25,150.19,911.23:00:00,True,19 363
LUV,long,15,2016-11-01T20:00:00Z,35.067525376,2018-08-01T20:00:00Z,50.720700203,234.8,1.0,-0.93,361.48,212.36,638.00:00:00,True,116 364
MPC,long,11,2018-02-01T21:00:00Z,52.843842079,2018-08-01T20:00:00Z,62.922466116,110.86,1.0,-49.93,125.29,113.5,180.23:00:00,True,295 365
TYC,long,21,2017-12-01T21:00:00Z,30.574961468,2018-08-01T20:00:00Z,31.46023776,18.59,2.015,-63.32,73.78,137.11,242.23:00:00,True,268 366
PSX,long,5,2018-03-01T21:00:00Z,66.290055741,2018-08-01T20:00:00Z,90.329281347,120.2,1.0,0.0,121.41,41.45,152.23:00:00,True,308 367
DAL,long,8,2016-03-01T21:00:00Z,43.04467977,2018-08-01T20:00:00Z,49.704682128,53.28,1.0,-108.68,93.64,117.27,882.23:00:00,True,32 368
ETN,long,5,2018-02-01T21:00:00Z,72.37823333,2018-08-01T20:00:00Z,69.037748303,-16.7,2.0,-59.49,0.0,59.49,180.23:00:00,False,296 369
GILD,long,6,2016-02-01T21:00:00Z,58.045930195,2018-08-01T20:00:00Z,57.50847534,-3.22,1.0,-74.34,77.62,151.97,911.23:00:00,False,2 370
CRH,long,186,2017-08-01T20:00:00Z,27.994556562,2018-09-04T20:00:00Z,27.165369088,-154.23,1.295,-360.81,656.78,1017.59,399.00:00:00,False,222 379
CRH,long,23,2017-12-01T21:00:00Z,28.05216706,2018-09-04T20:00:00Z,27.165369088,-20.4,1.0,-45.94,79.89,125.83,276.23:00:00,False,269 379
CRH,long,28,2018-03-01T21:00:00Z,27.106315894,2018-09-04T20:00:00Z,27.165369088,1.65,1.0,-29.44,123.74,153.19,186.23:00:00,True,309 379
CRH,long,22,2018-08-01T20:00:00Z,27.338134912,2018-09-04T20:00:00Z,27.165369088,-3.8,1.0,-28.23,92.13,32.76,34.00:00:00,False,373 379
HCA,long,27,2016-02-01T21:00:00Z,65.55873955,2018-09-04T20:00:00Z,124.898562906,1602.18,1.0,-169.73,1604.19,405.51,945.23:00:00,True,19 380
HCA,long,4,2016-06-01T20:00:00Z,72.343542925,2018-09-04T20:00:00Z,124.898562906,210.22,1.0,-52.28,210.52,60.08,825.00:00:00,True,65 380
HCA,long,11,2016-12-01T21:00:00Z,65.74336005,2018-09-04T20:00:00Z,124.898562906,650.71,1.0,-71.18,651.53,165.21,641.23:00:00,True,130 380
HCA,long,5,2017-06-01T20:00:00Z,77.309834375,2018-09-04T20:00:00Z,124.898562906,237.94,1.0,-90.19,238.32,60.09,460.00:00:00,True,202 380
HCA,long,8,2017-08-01T20:00:00Z,73.1835662,2018-09-04T20:00:00Z,124.898562906,413.72,1.0,-111.29,414.32,63.58,399.00:00:00,True,225 380
HCA,long,5,2017-11-01T20:00:00Z,70.921965075,2018-09-04T20:00:00Z,124.898562906,269.88,1.0,-58.25,270.26,39.74,307.00:00:00,True,260 380
HCA,long,3,2018-05-01T20:00:00Z,89.10952128,2018-09-04T20:00:00Z,124.898562906,107.37,1.0,-89.51,107.59,14.5,126.00:00:00,True,339 380
CVS,long,18,2017-11-01T20:00:00Z,52.2414042,2018-09-04T20:00:00Z,57.23789,89.94,1.0,-109.34,206.46,315.81,307.00:00:00,True,254 381
TGT,long,8,2016-06-01T20:00:00Z,50.269692936,2018-09-04T20:00:00Z,70.983514305,165.71,1.0,-96.24,165.71,163.84,825.00:00:00,True,61 382
DAL,long,7,2016-03-01T21:00:00Z,43.04467977,2018-09-04T20:00:00Z,54.611152896,80.97,1.0,-95.09,81.93,102.61,916.23:00:00,True,32 383
LUV,long,9,2016-11-01T20:00:00Z,35.067525376,2018-10-01T20:00:00Z,55.50352453,183.92,1.0,-0.56,216.89,127.42,699.00:00:00,True,116 391
T,long,32,2016-03-01T21:00:00Z,15.343748800769273,2018-10-01T20:00:00Z,15.606430873145788,8.41,1.0,-39.91,95.54,135.45,943.23:00:00,True,31 392
CVS,long,7,2017-11-01T20:00:00Z,52.2414042,2018-10-01T20:00:00Z,61.4920575,64.75,1.0,-42.52,80.29,122.81,334.00:00:00,True,254 393
ETN,long,5,2018-02-01T21:00:00Z,72.37823333,2018-10-01T20:00:00Z,73.887545655,7.55,1.0,-59.49,11.98,59.49,241.23:00:00,True,296 394
XOM,long,6,2018-07-02T20:00:00Z,56.725325104,2018-10-01T20:00:00Z,60.149300371,20.54,2.0,-16.76,23.87,27.04,91.00:00:00,True,357 395
CVX,long,4,2018-09-04T20:00:00Z,84.210432202,2018-10-01T20:00:00Z,88.120935994,15.64,2.0,-12.44,15.64,12.58,27.00:00:00,True,385 396
NXPI,long,71,2018-06-01T20:00:00Z,99.9936408,2018-11-01T20:00:00Z,73.95572547,-1848.69,2.0,-2683.56,384.25,3067.81,153.00:00:00,False,344 403
NXPI,long,16,2018-08-01T20:00:00Z,83.67888888,2018-11-01T20:00:00Z,73.95572547,-155.57,1.0,-343.71,347.63,356.2,92.00:00:00,False,371 403
NXPI,long,4,2018-09-04T20:00:00Z,83.029807352,2018-11-01T20:00:00Z,73.95572547,-36.3,1.0,-83.33,89.5,83.33,58.00:00:00,False,390 403
NXPI,long,7,2018-10-01T20:00:00Z,74.78243949,2018-11-01T20:00:00Z,73.95572547,-5.79,1.0,-88.1,214.36,94.81,31.00:00:00,False,399 403
VZ,long,37,2016-02-01T21:00:00Z,29.034775836,2018-11-01T20:00:00Z,36.368661518,271.35,1.0,-103.07,322.24,244.3,1003.23:00:00,True,16 404
F,long,140,2018-02-01T21:00:00Z,7.217045472,2018-11-01T20:00:00Z,6.422834732,-111.19,1.0,-217.66,125.14,342.8,272.23:00:00,False,293 405
EXC,long,36,2018-03-01T21:00:00Z,19.38128934126216,2018-11-01T20:00:00Z,23.30136816193472,141.12,1.0,-1.89,159.57,46.5,244.23:00:00,True,307 406
INTC,long,11,2018-02-01T21:00:00Z,40.004619445,2018-11-01T20:00:00Z,41.242344188,13.61,1.0,-42.57,93.73,134.68,272.23:00:00,True,294 407
TGT,long,6,2016-06-01T20:00:00Z,50.269692936,2018-11-01T20:00:00Z,67.184958621,101.49,1.0,-72.18,125.77,122.88,883.00:00:00,True,61 408
DAL,long,16,2016-03-01T21:00:00Z,43.04467977,2018-12-03T21:00:00Z,56.111637276,209.07,1.0,-217.35,217.88,234.54,1007.00:00:00,True,32 416
AMAT,long,21,2018-09-04T20:00:00Z,39.186076766,2018-12-03T21:00:00Z,35.44912566,-78.48,2.0,-222.04,0.0,222.04,90.01:00:00,False,384 417
CVS,long,10,2017-11-01T20:00:00Z,52.2414042,2018-12-03T21:00:00Z,61.932712688,96.91,1.0,-60.75,114.7,175.45,397.01:00:00,True,254 418
LUV,long,11,2016-11-01T20:00:00Z,35.067525376,2018-12-03T21:00:00Z,48.909669833,152.26,1.0,-0.68,265.09,176.75,762.01:00:00,True,116 419
TYC,long,12,2017-12-01T21:00:00Z,30.574961468,2018-12-03T21:00:00Z,29.460990768,-13.37,1.0,-51.4,42.16,93.57,367.00:00:00,False,268 420
ETN,long,5,2018-02-01T21:00:00Z,72.37823333,2018-12-03T21:00:00Z,66.524189849,-29.27,1.0,-64.69,11.98,76.68,305.00:00:00,False,296 421
LVS,long,6,2018-11-01T20:00:00Z,49.219345458,2018-12-03T21:00:00Z,50.323459762,6.62,2.0,-34.83,6.62,34.83,32.01:00:00,True,409 422
EXC,long,33,2018-03-01T21:00:00Z,19.38128934126216,2019-01-02T21:00:00Z,23.698231989198064,142.46,1.0,-1.73,196.05,57.32,307.00:00:00,True,307 428
INTC,long,15,2018-02-01T21:00:00Z,40.004619445,2019-01-02T21:00:00Z,40.52072024,7.74,1.0,-58.05,127.81,183.65,335.00:00:00,True,294 429
LVS,long,11,2018-11-01T20:00:00Z,49.219345458,2019-01-02T21:00:00Z,47.365617168,-20.39,1.0,-75.42,12.15,87.56,62.01:00:00,False,409 430
CVX,long,6,2018-09-04T20:00:00Z,84.210432202,2019-01-02T21:00:00Z,79.181881189,-30.17,1.0,-71.8,33.79,105.6,120.01:00:00,False,385 431
VZ,long,12,2016-02-01T21:00:00Z,29.034775836,2019-01-02T21:00:00Z,36.336224253,87.62,1.0,-33.43,123.74,79.23,1066.00:00:00,True,16 432
TGT,long,6,2016-06-01T20:00:00Z,50.269692936,2019-01-02T21:00:00Z,53.4599494,19.14,1.0,-72.18,125.77,132.26,945.01:00:00,True,61 433
VLO,long,5,2016-02-01T21:00:00Z,45.37488669,2019-01-02T21:00:00Z,55.892963628,52.59,1.0,-67.64,225.83,197.72,1066.00:00:00,True,10 434
LUV,long,15,2016-11-01T20:00:00Z,35.067525376,2019-02-01T21:00:00Z,51.54417138,247.15,1.0,-0.93,361.48,286.21,822.01:00:00,True,116 441
MU,long,17,2017-11-01T20:00:00Z,43.276593374,2019-02-01T21:00:00Z,38.61543708,-79.24,1.0,-254.63,302.37,557.0,457.01:00:00,False,255 442
AMAT,long,13,2018-09-04T20:00:00Z,39.186076766,2019-02-01T21:00:00Z,36.34598669,-36.92,1.0,-160.97,0.0,160.97,150.01:00:00,False,384 443
VLO,long,7,2016-02-01T21:00:00Z,45.37488669,2019-02-01T21:00:00Z,63.068211738,123.85,1.0,-94.69,316.16,276.81,1096.00:00:00,True,10 444
F,long,71,2018-02-01T21:00:00Z,7.217045472,2019-02-01T21:00:00Z,6.133784032,-76.91,1.0,-137.87,63.46,201.34,365.00:00:00,False,293 445
CVS,long,59,2017-11-01T20:00:00Z,52.2414042,2019-03-01T21:00:00Z,45.618308068,-390.76,1.0,-404.65,676.74,1081.4,485.01:00:00,False,254 451
CVS,long,10,2018-01-02T21:00:00Z,55.663594736,2019-03-01T21:00:00Z,45.618308068,-100.45,1.0,-102.81,80.48,183.29,423.00:00:00,False,279 451
CVS,long,12,2018-03-01T21:00:00Z,51.156703195,2019-03-01T21:00:00Z,45.618308068,-66.46,1.0,-69.29,150.66,210.56,365.00:00:00,False,311 451
CVS,long,12,2018-04-02T20:00:00Z,46.501938392,2019-03-01T21:00:00Z,45.618308068,-10.6,1.0,-13.43,206.52,210.56,333.01:00:00,False,321 451
CVS,long,18,2018-06-01T20:00:00Z,49.183675071,2019-03-01T21:00:00Z,45.618308068,-64.18,1.0,-68.41,261.5,315.84,273.01:00:00,False,345 451
CVS,long,10,2019-01-02T21:00:00Z,51.075796002,2019-03-01T21:00:00Z,45.618308068,-54.57,1.0,-56.93,126.36,94.56,58.00:00:00,False,438 451
CVS,long,12,2019-02-01T21:00:00Z,51.182281992,2019-03-01T21:00:00Z,45.618308068,-66.77,1.0,-69.59,150.35,113.48,28.00:00:00,False,448 451
ETN,long,85,2018-02-01T21:00:00Z,72.37823333,2019-03-01T21:00:00Z,68.417327927,-336.68,1.0,-1450.77,203.7,1654.47,393.00:00:00,False,296 452
ETN,long,10,2018-05-01T20:00:00Z,61.344083244,2019-03-01T21:00:00Z,68.417327927,70.73,1.0,-60.34,134.31,194.64,304.01:00:00,True,335 452
ETN,long,11,2018-11-01T20:00:00Z,62.891411375,2019-03-01T21:00:00Z,68.417327927,60.79,1.0,-83.39,130.72,123.35,120.01:00:00,True,412 452
EXC,long,240,2018-03-01T21:00:00Z,19.38128934126216,2019-03-01T21:00:00Z,26.30521211965972,1661.74,1.28,-12.6,1685.15,416.86,365.00:00:00,True,307 453
EXC,long,16,2018-08-01T20:00:00Z,22.24741526378807,2019-03-01T21:00:00Z,26.30521211965972,64.92,1.0,-46.7,66.49,27.79,212.01:00:00,True,376 453
F,long,705,2018-02-01T21:00:00Z,7.217045472,2019-03-01T21:00:00Z,6.19005728,-724.03,5.52,-1369.03,630.17,1999.2,393.00:00:00,False,293 454
F,long,159,2018-08-01T20:00:00Z,6.717134705,2019-03-01T21:00:00Z,6.19005728,-83.81,1.0,-229.27,221.61,249.79,212.01:00:00,False,372 454
F,long,88,2018-09-04T20:00:00Z,6.42508537,2019-03-01T21:00:00Z,6.19005728,-20.68,1.0,-101.19,148.35,123.31,178.01:00:00,False,386 454
F,long,48,2018-12-03T21:00:00Z,6.63715968,2019-03-01T21:00:00Z,6.19005728,-21.46,1.0,-65.38,70.74,65.38,88.00:00:00,False,427 454
F,long,104,2019-01-02T21:00:00Z,5.468743028,2019-03-01T21:00:00Z,6.19005728,75.02,1.0,-20.13,274.78,50.33,58.00:00:00,True,435 454
INTC,long,17,2018-02-01T21:00:00Z,40.004619445,2019-03-01T21:00:00Z,46.16491555,104.73,1.0,-65.8,144.85,208.14,393.00:00:00,True,294 455
MU,long,10,2017-11-01T20:00:00Z,43.276593374,2019-03-01T21:00:00Z,40.546208934,-27.3,1.0,-149.78,177.87,327.65,485.01:00:00,False,255 456
LVS,long,7,2018-11-01T20:00:00Z,49.219345458,2019-03-01T21:00:00Z,52.82280792,25.22,1.0,-47.99,33.67,55.72,120.01:00:00,True,409 457
XOM,long,6,2018-07-02T20:00:00Z,56.725325104,2019-03-01T21:00:00Z,57.274072,3.29,1.0,-62.04,23.87,85.91,242.01:00:00,True,357 458
TGT,long,9,2016-06-01T20:00:00Z,50.269692936,2019-04-01T20:00:00Z,64.917046975,131.83,1.0,-108.27,188.65,198.39,1034.00:00:00,True,61 465
TYC,long,16,2017-12-01T21:00:00Z,30.574961468,2019-04-01T20:00:00Z,31.52242522,15.16,1.0,-102.54,56.21,158.75,485.23:00:00,True,268 466
CVX,long,5,2018-09-04T20:00:00Z,84.210432202,2019-04-01T20:00:00Z,90.27402266,30.32,1.0,-59.84,33.71,88.0,209.00:00:00,True,385 467
VZ,long,8,2016-02-01T21:00:00Z,29.034775836,2019-04-01T20:00:00Z,38.734109536,77.59,1.0,-22.28,86.98,52.82,1154.23:00:00,True,16 468
LUV,long,39,2016-11-01T20:00:00Z,35.067525376,2019-04-02T20:00:00Z,48.132466083,509.53,1.0,-2.41,939.86,744.14,882.00:00:00,True,116 472
LUV,long,7,2017-04-03T20:00:00Z,47.9077794,2019-04-02T20:00:00Z,48.132466083,1.57,1.0,-90.31,78.81,133.56,729.00:00:00,True,181 472
LUV,long,12,2017-08-01T20:00:00Z,49.515761876,2019-04-02T20:00:00Z,48.132466083,-16.6,1.0,-174.12,115.81,228.97,609.00:00:00,False,226 472
LUV,long,7,2017-09-01T20:00:00Z,46.487350051,2019-04-02T20:00:00Z,48.132466083,11.52,1.0,-80.37,88.75,133.56,578.00:00:00,True,237 472
LUV,long,13,2018-02-01T21:00:00Z,53.829123586,2019-04-02T20:00:00Z,48.132466083,-74.06,1.0,-244.7,69.39,224.64,424.23:00:00,False,297 472
LUV,long,18,2018-05-01T20:00:00Z,47.352484758,2019-04-02T20:00:00Z,48.132466083,14.04,1.0,-222.24,212.65,311.04,336.00:00:00,True,333 472
LUV,long,9,2018-06-01T20:00:00Z,45.581462472,2019-04-02T20:00:00Z,48.132466083,22.96,1.0,-95.18,122.27,155.52,305.00:00:00,True,347 472
LUV,long,21,2018-11-01T20:00:00Z,45.833137355,2019-04-02T20:00:00Z,48.132466083,48.29,1.0,-227.38,280.0,189.64,152.00:00:00,True,411 472
LUV,long,7,2019-01-02T21:00:00Z,42.53093364,2019-04-02T20:00:00Z,48.132466083,39.21,1.0,-52.68,116.45,59.71,89.23:00:00,True,439 472
LUV,long,16,2019-04-01T20:00:00Z,47.426631837,2019-04-02T20:00:00Z,48.132466083,11.29,1.0,-198.74,187.84,0.0,1.00:00:00,True,469 472
DAL,long,20,2016-03-01T21:00:00Z,43.04467977,2019-05-01T20:00:00Z,54.065268168,220.41,1.0,-271.69,272.35,293.17,1155.23:00:00,True,32 473
AMAT,long,17,2018-09-04T20:00:00Z,39.186076766,2019-05-01T20:00:00Z,40.314265992,19.18,1.0,-210.49,39.4,210.49,239.00:00:00,True,384 474
LVS,long,11,2018-11-01T20:00:00Z,49.219345458,2019-05-01T20:00:00Z,60.126284119,119.98,1.0,-75.42,123.39,87.56,181.00:00:00,True,409 475
VLO,long,7,2016-02-01T21:00:00Z,45.37488669,2019-05-01T20:00:00Z,67.129350679,152.28,1.0,-94.69,316.16,276.81,1184.23:00:00,True,10 476
VLO,long,2,2016-03-01T21:00:00Z,41.077764609,2019-05-01T20:00:00Z,67.129350679,52.1,1.0,-18.46,98.93,79.09,1155.23:00:00,True,34 476
TGT,long,16,2016-06-01T20:00:00Z,50.269692936,2019-06-03T20:00:00Z,67.94275236,282.77,1.0,-192.48,335.38,352.7,1097.00:00:00,True,61 483
TYC,long,29,2017-12-01T21:00:00Z,30.574961468,2019-06-03T20:00:00Z,33.2983365,78.98,1.0,-185.85,101.89,287.74,548.23:00:00,True,268 484
T,long,46,2016-03-01T21:00:00Z,15.343748800769273,2019-06-03T20:00:00Z,15.186379955225673,-7.24,1.0,-110.6,137.34,247.94,1188.23:00:00,False,31 485
CVX,long,5,2018-09-04T20:00:00Z,84.210432202,2019-06-03T20:00:00Z,84.631859921,2.11,1.0,-59.84,36.6,88.0,272.00:00:00,True,385 486
GILD,long,8,2016-02-01T21:00:00Z,58.045930195,2019-06-03T20:00:00Z,48.199826808,-78.77,1.0,-101.01,103.5,204.51,1217.23:00:00,False,2 487
VLO,long,12,2016-03-01T21:00:00Z,41.077764609,2019-07-01T20:00:00Z,63.698252904,271.45,1.0,-110.76,593.56,474.54,1216.23:00:00,True,34 494
MPC,long,17,2018-02-01T21:00:00Z,52.843842079,2019-07-01T20:00:00Z,44.323943248,-144.84,1.0,-269.51,252.52,522.03,514.23:00:00,False,295 495
MU,long,15,2017-11-01T20:00:00Z,43.276593374,2019-07-01T20:00:00Z,39.112757103,-62.46,1.0,-224.67,266.8,491.47,607.00:00:00,False,255 496
PSX,long,6,2018-03-01T21:00:00Z,66.290055741,2019-07-01T20:00:00Z,71.44040124,30.9,1.0,-46.18,145.69,191.87,486.23:00:00,True,308 497
HCA,long,3,2019-03-01T21:00:00Z,129.723182428,2019-07-01T20:00:00Z,126.454105638,-9.81,2.0,-74.37,0.0,74.37,121.23:00:00,False,462 498
MU,long,21,2017-11-01T20:00:00Z,43.276593374,2019-08-01T20:00:00Z,42.51598628,-15.97,1.0,-314.54,373.52,688.06,638.00:00:00,False,255 503
AMAT,long,17,2018-09-04T20:00:00Z,39.186076766,2019-08-01T20:00:00Z,45.274930305,103.51,1.0,-210.49,161.79,210.49,331.00:00:00,True,384 504
DELL,long,27,2019-05-01T20:00:00Z,31.57570753517359,2019-08-01T20:00:00Z,26.58013409165312,-134.88,2.135,-223.14,15.17,238.31,92.00:00:00,False,477 505
PSX,long,6,2018-03-01T21:00:00Z,66.290055741,2019-08-01T20:00:00Z,77.50265562,67.28,1.0,-46.18,145.69,191.87,517.23:00:00,True,308 506
TGT,long,2,2016-06-01T20:00:00Z,50.269692936,2019-09-03T20:00:00Z,88.075510146,75.61,1.0,-24.06,77.63,44.09,1189.00:00:00,True,61 514
TGT,long,5,2016-09-01T20:00:00Z,52.278140172,2019-09-03T20:00:00Z,88.075510146,178.99,1.0,-70.19,184.02,110.22,1097.00:00:00,True,99 514
TGT,long,10,2017-01-03T21:00:00Z,54.342423975,2019-09-03T20:00:00Z,88.075510146,337.33,1.0,-161.03,347.4,220.44,972.23:00:00,True,138 514
TGT,long,14,2017-02-01T21:00:00Z,47.559891883,2019-09-03T20:00:00Z,88.075510146,567.22,1.0,-130.48,581.32,308.61,943.23:00:00,True,151 514
TGT,long,14,2017-03-01T21:00:00Z,43.595446216,2019-09-03T20:00:00Z,88.075510146,622.72,1.0,-74.98,636.82,308.61,915.23:00:00,True,167 514
TGT,long,7,2017-04-03T20:00:00Z,40.730796456,2019-09-03T20:00:00Z,88.075510146,331.41,1.0,-17.44,338.46,154.3,883.00:00:00,True,182 514
TGT,long,7,2017-07-03T17:00:00Z,40.091413673,2019-09-03T20:00:00Z,88.075510146,335.89,1.0,-12.96,342.94,154.3,792.03:00:00,True,213 514
TGT,long,11,2018-04-02T20:00:00Z,54.153252554,2019-09-03T20:00:00Z,88.075510146,373.14,1.0,-175.05,384.22,242.48,519.00:00:00,True,320 514
TGT,long,21,2018-12-03T21:00:00Z,58.2072959,2019-09-03T20:00:00Z,88.075510146,627.23,1.0,-419.32,648.38,202.22,273.23:00:00,True,423 514
TGT,long,5,2019-05-01T20:00:00Z,61.426446725,2019-09-03T20:00:00Z,88.075510146,133.25,1.0,-115.93,138.28,34.03,125.00:00:00,True,481 514
TGT,long,5,2019-08-01T20:00:00Z,67.672455696,2019-09-03T20:00:00Z,88.075510146,102.02,1.0,-147.16,107.05,11.27,33.00:00:00,True,512 514
VZ,long,17,2016-02-01T21:00:00Z,29.034775836,2019-09-03T20:00:00Z,38.84173194,166.72,1.0,-47.35,184.84,112.25,1309.23:00:00,True,16 515
T,long,32,2016-03-01T21:00:00Z,15.343748800769273,2019-09-03T20:00:00Z,17.54312201757921,70.38,1.0,-76.94,95.54,172.48,1280.23:00:00,True,31 516
MU,long,8,2017-11-01T20:00:00Z,43.276593374,2019-09-03T20:00:00Z,43.871427127,4.76,1.0,-119.82,142.29,262.12,671.00:00:00,True,255 517
MPC,long,26,2018-02-01T21:00:00Z,52.843842079,2019-10-01T20:00:00Z,49.097972848,-97.39,1.0,-440.84,386.2,827.04,606.23:00:00,False,295 526
VLO,long,8,2016-05-02T20:00:00Z,39.897254082,2019-10-01T20:00:00Z,65.153774964,202.05,2.0,-64.4,405.15,316.36,1247.00:00:00,True,53 527
VLO,long,1,2016-06-01T20:00:00Z,37.57776201,2019-10-01T20:00:00Z,65.153774964,27.58,1.0,-5.73,52.96,39.54,1217.00:00:00,True,62 527
DOW,long,14,2019-09-03T20:00:00Z,28.58234258,2019-10-01T20:00:00Z,31.433738957,39.92,2.175,0.0,69.02,29.1,28.00:00:00,True,518 528
INTC,long,7,2018-02-01T21:00:00Z,40.004619445,2019-10-01T20:00:00Z,44.532844416,31.7,1.0,-27.09,76.59,91.51,606.23:00:00,True,294 529
AMAT,long,121,2018-09-04T20:00:00Z,39.186076766,2019-11-01T20:00:00Z,52.038012626,1555.08,1.0,-1498.22,1724.25,1498.22,423.00:00:00,True,384 535
AMAT,long,18,2018-10-01T20:00:00Z,35.250919362,2019-11-01T20:00:00Z,52.038012626,302.17,1.0,-152.04,327.33,161.64,396.00:00:00,True,398 535
AMAT,long,16,2018-11-01T20:00:00Z,32.501825755,2019-11-01T20:00:00Z,52.038012626,312.58,1.0,-91.16,334.95,138.32,365.00:00:00,True,414 535
VLO,long,10,2016-06-01T20:00:00Z,37.57776201,2019-11-01T20:00:00Z,76.346584932,387.69,1.0,-57.3,529.63,395.45,1248.00:00:00,True,62 536
PSX,long,8,2018-03-01T21:00:00Z,66.290055741,2019-11-01T20:00:00Z,90.77285184,195.86,1.0,-61.58,199.3,255.83,609.23:00:00,True,308 537
MU,long,12,2017-11-01T20:00:00Z,43.276593374,2019-11-01T20:00:00Z,47.177142574,46.81,1.0,-179.74,213.44,393.18,730.00:00:00,True,255 538
HCA,long,4,2019-03-01T21:00:00Z,129.723182428,2019-11-01T20:00:00Z,126.03510414,-14.75,1.0,-99.15,30.61,115.37,244.23:00:00,False,462 539
INTC,long,9,2018-02-01T21:00:00Z,40.004619445,2019-11-01T20:00:00Z,49.577443616,86.16,1.0,-34.83,98.47,117.66,637.23:00:00,True,294 540
LVS,long,6,2018-11-01T20:00:00Z,49.219345458,2019-11-01T20:00:00Z,57.3608724,48.85,1.0,-41.14,68.47,86.78,365.00:00:00,True,409 541
GILD,long,21,2016-02-01T21:00:00Z,58.045930195,2019-12-02T21:00:00Z,51.03528402,-147.22,1.0,-265.15,271.68,536.83,1400.00:00:00,False,2 550
GILD,long,5,2016-06-01T20:00:00Z,60.081351174,2019-12-02T21:00:00Z,51.03528402,-45.23,1.0,-73.31,54.51,95.77,1279.01:00:00,False,64 550
GILD,long,8,2016-08-01T20:00:00Z,56.148681114,2019-12-02T21:00:00Z,51.03528402,-40.91,1.0,-85.83,118.68,153.23,1218.01:00:00,False,88 550
GILD,long,6,2016-11-01T20:00:00Z,52.00254711,2019-12-02T21:00:00Z,51.03528402,-5.8,1.0,-39.5,113.88,114.93,1126.01:00:00,False,121 550
GILD,long,5,2016-12-01T21:00:00Z,51.13899732,2019-12-02T21:00:00Z,51.03528402,-0.52,1.0,-28.6,99.22,95.77,1096.00:00:00,False,134 550
GILD,long,6,2017-01-03T21:00:00Z,52.400951712,2019-12-02T21:00:00Z,51.03528402,-8.19,1.0,-41.89,111.49,114.93,1063.00:00:00,False,141 550
GILD,long,6,2017-03-01T21:00:00Z,49.595776708,2019-12-02T21:00:00Z,51.03528402,8.64,1.0,-25.06,128.32,114.93,1006.00:00:00,True,169 550
GILD,long,8,2017-06-01T20:00:00Z,46.011391524,2019-12-02T21:00:00Z,51.03528402,40.19,1.0,-4.73,199.77,153.23,914.01:00:00,True,203 550
GILD,long,4,2017-10-02T20:00:00Z,60.322086144,2019-12-02T21:00:00Z,51.03528402,-37.15,1.0,-59.61,42.64,76.62,791.01:00:00,False,244 550
GILD,long,8,2017-11-01T20:00:00Z,54.052980448,2019-12-02T21:00:00Z,51.03528402,-24.14,1.0,-69.07,135.44,153.23,761.01:00:00,False,259 550
GILD,long,12,2018-01-02T21:00:00Z,53.8844085,2019-12-02T21:00:00Z,51.03528402,-34.19,1.0,-101.58,205.18,229.85,699.00:00:00,False,278 550
GILD,long,8,2018-04-02T20:00:00Z,53.562769794,2019-12-02T21:00:00Z,51.03528402,-20.22,1.0,-65.14,139.36,106.83,609.01:00:00,False,323 550
GILD,long,8,2018-05-01T20:00:00Z,53.138017176,2019-12-02T21:00:00Z,51.03528402,-16.82,1.0,-61.75,142.76,106.83,580.01:00:00,False,336 550
GILD,long,14,2018-06-01T20:00:00Z,50.01828243,2019-12-02T21:00:00Z,51.03528402,14.24,1.0,-64.38,293.51,186.95,549.01:00:00,True,346 550
GILD,long,6,2018-09-04T20:00:00Z,54.843448434,2019-12-02T21:00:00Z,51.03528402,-22.85,1.0,-56.54,96.84,80.12,454.01:00:00,False,389 550
GILD,long,9,2019-03-01T21:00:00Z,49.523566834,2019-12-02T21:00:00Z,51.03528402,13.61,1.0,-36.93,193.14,49.45,276.00:00:00,True,464 550
GILD,long,8,2019-08-01T20:00:00Z,50.065949973,2019-12-02T21:00:00Z,51.03528402,7.75,1.0,-37.17,167.34,36.0,123.01:00:00,True,510 550
GILD,long,9,2019-11-01T20:00:00Z,49.90837061,2019-12-02T21:00:00Z,51.03528402,10.14,1.0,-40.4,189.67,14.45,31.01:00:00,True,547 550
TYC,long,125,2017-12-01T21:00:00Z,30.574961468,2019-12-02T21:00:00Z,36.542660166,745.96,1.0,-801.1,982.62,1240.27,731.00:00:00,True,268 551
TYC,long,13,2018-02-01T21:00:00Z,32.755421178,2019-12-02T21:00:00Z,36.542660166,49.23,1.0,-111.66,73.85,120.11,669.00:00:00,True,300 551
TYC,long,16,2018-04-02T20:00:00Z,28.114689798,2019-12-02T21:00:00Z,36.542660166,134.85,1.0,-63.18,165.14,147.83,609.01:00:00,True,322 551
TYC,long,13,2018-05-01T20:00:00Z,29.780193084,2019-12-02T21:00:00Z,36.542660166,87.91,1.0,-72.98,112.52,120.11,580.01:00:00,True,338 551
TYC,long,10,2018-06-01T20:00:00Z,27.948968078,2019-12-02T21:00:00Z,36.542660166,85.94,1.0,-37.83,104.87,92.39,549.01:00:00,True,350 551
TYC,long,16,2018-10-01T20:00:00Z,29.578700206,2019-12-02T21:00:00Z,36.542660166,111.42,1.0,-86.6,141.72,104.49,427.01:00:00,True,400 551
DOW,long,20,2019-09-03T20:00:00Z,28.58234258,2019-12-02T21:00:00Z,36.815601828,164.67,1.0,0.0,194.06,70.57,90.01:00:00,True,518 552
COP,long,11,2019-03-01T21:00:00Z,52.489733169,2019-12-02T21:00:00Z,46.78632741,-62.74,2.0,-150.7,8.13,158.83,276.00:00:00,False,460 553
ET,long,820,2019-03-01T21:00:00Z,8.555952832,2019-12-03T21:00:00Z,6.5683216,-1629.86,9.625,-1793.78,355.95,2149.73,277.00:00:00,False,459 559
ET,long,42,2019-07-01T20:00:00Z,8.05333344,2019-12-03T21:00:00Z,6.5683216,-62.37,1.0,-70.77,39.34,94.76,155.01:00:00,False,501 559
ET,long,102,2019-10-01T20:00:00Z,7.419347616,2019-12-03T21:00:00Z,6.5683216,-86.8,1.0,-107.2,160.21,107.2,63.01:00:00,False,530 559
ET,long,71,2019-11-01T20:00:00Z,7.373654944,2019-12-03T21:00:00Z,6.5683216,-57.18,1.0,-71.37,114.76,71.37,32.01:00:00,False,546 559
ET,long,70,2019-12-02T21:00:00Z,6.642572192,2019-12-03T21:00:00Z,6.5683216,-5.2,1.0,-19.19,164.32,9.2,1.00:00:00,False,557 559
EOG,long,16,2019-12-02T21:00:00Z,52.652702967,2020-01-02T21:00:00Z,62.582263422,158.87,2.0,-23.92,158.87,23.92,31.00:00:00,True,555 560
LVS,long,10,2018-11-01T20:00:00Z,49.219345458,2020-01-02T21:00:00Z,65.1380532,159.19,1.0,-68.56,159.19,144.64,427.01:00:00,True,409 561
MU,long,2,2017-11-01T20:00:00Z,43.276593374,2020-01-02T21:00:00Z,54.012855047,21.47,1.0,-29.96,35.57,65.53,792.01:00:00,True,255 562
MU,long,10,2017-12-01T21:00:00Z,40.946015227,2020-01-02T21:00:00Z,54.012855047,130.67,1.0,-126.48,201.17,327.65,762.00:00:00,True,272 562
SLB,long,17,2019-12-02T21:00:00Z,30.62968218,2020-01-02T21:00:00Z,34.311052854,62.58,2.22,-12.63,71.59,12.63,31.00:00:00,True,554 563
HCA,long,4,2019-03-01T21:00:00Z,129.723182428,2020-01-02T21:00:00Z,139.48527523,39.05,1.0,-99.15,45.74,115.37,307.00:00:00,True,462 564
OXY,long,9,2019-03-01T21:00:00Z,56.918731065,2020-01-02T21:00:00Z,38.325312724,-167.34,2.0,-212.58,12.44,225.03,307.00:00:00,False,461 565
SLB,long,227,2019-12-02T21:00:00Z,30.62968218,2020-02-03T21:00:00Z,28.579731852,-465.34,1.135,-465.34,961.7,1427.04,63.00:00:00,False,554 572
INTC,long,23,2018-02-01T21:00:00Z,40.004619445,2020-02-03T21:00:00Z,56.828109442,386.94,1.0,-89.02,469.11,300.69,732.00:00:00,True,294 573
EXC,long,35,2020-01-02T21:00:00Z,25.200012629607908,2020-02-03T21:00:00Z,26.736531119240617,53.78,2.54,0.0,53.78,13.2,32.00:00:00,True,566 574
MU,long,1,2017-12-01T21:00:00Z,40.946015227,2020-02-03T21:00:00Z,52.442883994,11.5,1.0,-12.65,20.12,32.76,794.00:00:00,True,272 575
MU,long,8,2018-01-02T21:00:00Z,42.584245891,2020-02-03T21:00:00Z,52.442883994,78.87,1.0,-114.29,147.83,262.12,762.00:00:00,True,281 575
VZ,long,11,2016-02-01T21:00:00Z,29.034775836,2020-02-03T21:00:00Z,39.64065648,116.66,1.0,-30.64,142.3,72.63,1463.00:00:00,True,16 576
DAL,long,7,2016-03-01T21:00:00Z,43.04467977,2020-02-03T21:00:00Z,53.723687472,74.75,1.0,-95.09,119.41,102.61,1434.00:00:00,True,32 577
T,long,17,2016-03-01T21:00:00Z,15.343748800769273,2020-02-03T21:00:00Z,18.82799324838432,59.23,1.0,-40.87,77.65,91.63,1434.00:00:00,True,31 578
OXY,long,9,2019-03-01T21:00:00Z,56.918731065,2020-02-03T21:00:00Z,36.075118224,-187.59,1.0,-212.58,12.44,225.03,339.00:00:00,False,461 579
CVX,long,69,2018-09-04T20:00:00Z,84.210432202,2020-03-02T21:00:00Z,72.7502328,-790.75,1.0,-960.68,560.23,1520.9,545.01:00:00,False,385 586
CVX,long,4,2019-02-01T21:00:00Z,84.675754597,2020-03-02T21:00:00Z,72.7502328,-47.7,1.0,-57.55,30.62,88.17,395.00:00:00,False,450 586
CVX,long,3,2019-05-01T20:00:00Z,85.1150942,2020-03-02T21:00:00Z,72.7502328,-37.09,1.0,-44.48,21.64,66.13,306.01:00:00,False,482 586
CVX,long,3,2019-08-01T20:00:00Z,88.097687446,2020-03-02T21:00:00Z,72.7502328,-46.04,1.0,-53.43,12.7,65.26,214.01:00:00,False,513 586
CVX,long,3,2019-10-01T20:00:00Z,85.516609086,2020-03-02T21:00:00Z,72.7502328,-38.3,1.0,-45.69,20.44,60.32,153.01:00:00,False,534 586
CVX,long,5,2019-11-01T20:00:00Z,85.649295834,2020-03-02T21:00:00Z,72.7502328,-64.5,1.0,-76.81,33.4,100.53,122.01:00:00,False,548 586
DOW,long,248,2019-11-01T20:00:00Z,31.6116907802532,2020-03-02T21:00:00Z,20.62961612323065,-2723.55,2.785,-2956.88,333.22,3290.1,122.01:00:00,False,542 587
DOW,long,18,2020-01-02T21:00:00Z,28.9580615184195,2020-03-02T21:00:00Z,20.62961612323065,-149.91,1.0,-166.85,71.95,166.85,60.00:00:00,False,570 587
DOW,long,43,2020-02-03T21:00:00Z,23.6224816795926,2020-03-02T21:00:00Z,20.62961612323065,-128.69,1.0,-169.15,401.31,213.86,28.00:00:00,False,581 587
EXC,long,273,2020-01-02T21:00:00Z,25.200012629607908,2020-03-02T21:00:00Z,25.39280174693142,52.63,1.365,-301.38,749.59,1050.97,60.00:00:00,True,566 588
DOW,long,201,2019-09-03T20:00:00Z,28.58234258,2020-03-02T21:00:00Z,29.159278226,115.96,1.13,-155.72,1950.29,2106.01,181.01:00:00,True,518 589
DOW,long,25,2020-02-03T21:00:00Z,32.369473842,2020-03-02T21:00:00Z,29.159278226,-80.25,1.0,-114.05,147.9,163.74,28.00:00:00,False,583 589
OXY,long,106,2019-03-01T21:00:00Z,56.918731065,2020-03-02T21:00:00Z,29.675565066,-2887.78,1.005,-2998.45,146.57,3145.01,367.00:00:00,False,461 590
OXY,long,16,2019-05-01T20:00:00Z,49.01515032,2020-03-02T21:00:00Z,29.675565066,-309.43,1.0,-326.14,148.58,363.39,306.01:00:00,False,478 590
OXY,long,9,2019-06-03T20:00:00Z,42.05684088,2020-03-02T21:00:00Z,29.675565066,-111.43,1.0,-120.83,146.2,157.13,273.01:00:00,False,492 590
OXY,long,10,2019-07-01T20:00:00Z,43.135176436,2020-03-02T21:00:00Z,29.675565066,-134.6,1.0,-145.04,151.66,174.59,245.01:00:00,False,500 590
OXY,long,23,2019-09-03T20:00:00Z,36.982911416,2020-03-02T21:00:00Z,29.675565066,-168.07,1.0,-192.08,490.33,319.84,181.01:00:00,False,519 590
OXY,long,26,2019-11-01T20:00:00Z,37.293047432,2020-03-02T21:00:00Z,29.675565066,-198.05,1.0,-225.2,546.22,361.56,122.01:00:00,False,543 590
OXY,long,11,2019-12-02T21:00:00Z,34.109602144,2020-03-02T21:00:00Z,29.675565066,-48.77,1.0,-60.26,266.11,152.97,91.00:00:00,False,558 590
MU,long,2,2018-01-02T21:00:00Z,42.584245891,2020-03-02T21:00:00Z,53.232745207,21.3,1.0,-28.57,36.96,65.53,790.00:00:00,True,281 591
MU,long,15,2018-05-01T20:00:00Z,45.626674267,2020-03-02T21:00:00Z,53.232745207,114.09,1.0,-259.92,231.55,491.47,671.01:00:00,True,332 591
T,long,26,2016-03-01T21:00:00Z,15.343748800769273,2020-03-02T21:00:00Z,18.94006463676756,93.5,1.0,-62.51,118.76,140.14,1462.00:00:00,True,31 592
HCA,long,3,2019-03-01T21:00:00Z,129.723182428,2020-03-02T21:00:00Z,128.15310454,-4.71,1.0,-74.37,39.36,86.53,367.00:00:00,False,462 593
VZ,long,8,2016-02-01T21:00:00Z,29.034775836,2020-03-02T21:00:00Z,39.16239968,81.02,1.0,-22.28,103.49,52.82,1491.00:00:00,True,16 594
LVS,long,5,2018-11-01T20:00:00Z,49.219345458,2020-03-02T21:00:00Z,53.60088954,21.91,1.0,-34.28,94.59,72.68,487.01:00:00,True,409 595
VLO,long,7,2016-07-01T20:00:00Z,34.672125945,2020-03-03T21:00:00Z,53.407746861,131.15,2.0,-19.77,391.08,281.73,1341.01:00:00,True,80 604
VLO,long,7,2016-10-03T20:00:00Z,36.06243255,2020-03-03T21:00:00Z,53.407746861,121.42,1.0,-29.51,381.35,281.73,1247.01:00:00,True,110 604
VLO,long,5,2017-02-01T21:00:00Z,44.980672095,2020-03-03T21:00:00Z,53.407746861,42.14,1.0,-65.67,227.8,201.24,1126.00:00:00,True,154 604
VLO,long,9,2017-06-01T20:00:00Z,43.652543984,2020-03-03T21:00:00Z,53.407746861,87.8,1.0,-106.25,422.0,362.23,1006.01:00:00,True,201 604
VLO,long,6,2018-07-02T20:00:00Z,79.474338933,2020-03-03T21:00:00Z,53.407746861,-156.4,1.0,-285.76,66.4,231.08,610.01:00:00,False,360 604
VLO,long,15,2018-11-01T20:00:00Z,67.779033421,2020-03-03T21:00:00Z,53.407746861,-215.57,1.0,-538.97,341.43,408.45,488.01:00:00,False,410 604
VLO,long,16,2018-12-03T21:00:00Z,60.13893519,2020-03-03T21:00:00Z,53.407746861,-107.7,1.0,-452.66,486.43,435.68,456.00:00:00,False,424 604
VLO,long,8,2019-03-01T21:00:00Z,61.984536903,2020-03-03T21:00:00Z,53.407746861,-68.61,1.0,-241.1,228.45,217.84,368.00:00:00,False,463 604
VLO,long,15,2019-06-03T20:00:00Z,54.4429512,2020-03-03T21:00:00Z,53.407746861,-15.53,1.0,-338.93,541.47,408.45,274.01:00:00,False,490 604
VLO,long,12,2019-09-03T20:00:00Z,57.011464434,2020-03-03T21:00:00Z,53.407746861,-43.24,1.0,-301.97,402.35,326.76,182.01:00:00,False,520 604
VLO,long,8,2020-01-02T21:00:00Z,73.383862293,2020-03-03T21:00:00Z,53.407746861,-159.81,1.0,-332.29,137.26,195.58,61.00:00:00,False,569 604
VLO,long,13,2020-03-02T21:00:00Z,52.970682149,2020-03-03T21:00:00Z,53.407746861,5.68,1.0,-274.6,488.41,34.8,1.00:00:00,True,601 604
MPC,long,60,2018-02-01T21:00:00Z,52.843842079,2020-04-01T20:00:00Z,17.282795529,-2133.66,1.0,-2344.83,891.23,3236.06,789.23:00:00,False,295 609
MPC,long,5,2018-03-01T21:00:00Z,50.183360139,2020-04-01T20:00:00Z,17.282795529,-164.5,1.0,-182.1,87.57,269.67,761.23:00:00,False,314 609
MPC,long,8,2018-07-02T20:00:00Z,54.749401857,2020-04-01T20:00:00Z,17.282795529,-299.73,1.0,-327.89,103.59,431.48,639.00:00:00,False,361 609
MPC,long,6,2018-11-01T20:00:00Z,55.700327996,2020-04-01T20:00:00Z,17.282795529,-230.51,1.0,-251.62,71.98,251.62,517.00:00:00,False,415 609
MPC,long,13,2018-12-03T21:00:00Z,51.0396943,2020-04-01T20:00:00Z,17.282795529,-438.84,1.0,-484.59,216.55,540.11,484.23:00:00,False,426 609
MPC,long,12,2019-04-01T20:00:00Z,48.585366555,2020-04-01T20:00:00Z,17.282795529,-375.63,1.0,-417.86,229.35,498.57,366.00:00:00,False,470 609
MPC,long,24,2019-06-03T20:00:00Z,37.898901402,2020-04-01T20:00:00Z,17.282795529,-494.79,1.0,-579.25,715.17,997.13,303.00:00:00,False,488 609
MPC,long,17,2019-09-03T20:00:00Z,40.364746144,2020-04-01T20:00:00Z,17.282795529,-392.39,1.0,-452.22,464.66,706.3,211.00:00:00,False,521 609
MPC,long,12,2020-01-02T21:00:00Z,50.758919384,2020-04-01T20:00:00Z,17.282795529,-401.71,1.0,-443.95,203.27,443.95,89.23:00:00,False,568 609
DAL,long,1,2016-03-01T21:00:00Z,43.04467977,2020-04-01T20:00:00Z,22.997877005,-20.05,1.0,-22.44,17.06,39.49,1491.23:00:00,False,32 610
DAL,long,8,2016-04-01T20:00:00Z,41.380989693,2020-04-01T20:00:00Z,22.997877005,-147.06,1.0,-166.18,149.78,315.96,1461.00:00:00,False,42 610
DAL,long,17,2016-05-02T20:00:00Z,37.120534681,2020-04-01T20:00:00Z,22.997877005,-240.09,1.0,-280.7,390.71,671.41,1430.00:00:00,False,50 610
DAL,long,18,2016-07-01T20:00:00Z,32.471406827,2020-04-01T20:00:00Z,22.997877005,-170.52,1.0,-213.53,497.38,710.9,1370.00:00:00,False,75 610
DAL,long,8,2017-02-01T21:00:00Z,42.151661874,2020-04-01T20:00:00Z,22.997877005,-153.23,1.0,-172.34,143.61,315.96,1154.23:00:00,False,152 610
DAL,long,6,2017-04-03T20:00:00Z,41.466293539,2020-04-01T20:00:00Z,22.997877005,-110.81,1.0,-125.14,111.82,236.97,1094.00:00:00,False,183 610
DAL,long,14,2017-08-01T20:00:00Z,45.017150901,2020-04-01T20:00:00Z,22.997877005,-308.27,1.0,-341.72,211.21,552.92,974.00:00:00,False,224 610
DAL,long,6,2018-03-01T21:00:00Z,48.856580245,2020-04-01T20:00:00Z,22.997877005,-155.15,1.0,-169.49,67.48,236.97,761.23:00:00,False,313 610
DAL,long,8,2018-05-01T20:00:00Z,48.297957678,2020-04-01T20:00:00Z,22.997877005,-202.4,1.0,-221.51,94.44,315.96,701.00:00:00,False,337 610
DAL,long,9,2018-07-02T20:00:00Z,45.987192576,2020-04-01T20:00:00Z,22.997877005,-206.9,1.0,-228.41,127.05,355.45,639.00:00:00,False,362 610
DAL,long,11,2019-01-02T21:00:00Z,46.750364457,2020-04-01T20:00:00Z,22.997877005,-261.28,1.0,-287.56,146.88,434.44,454.23:00:00,False,437 610
DAL,long,15,2019-02-01T21:00:00Z,46.591698816,2020-04-01T20:00:00Z,22.997877005,-353.91,1.0,-389.74,202.68,592.42,424.23:00:00,False,446 610
DAL,long,13,2019-11-01T20:00:00Z,53.704514136,2020-04-01T20:00:00Z,22.997877005,-399.19,1.0,-430.24,83.19,505.14,152.00:00:00,False,544 610
DAL,long,7,2020-03-02T21:00:00Z,45.522765144,2020-04-01T20:00:00Z,22.997877005,-157.67,1.0,-174.4,102.06,183.45,29.23:00:00,False,602 610
EOG,long,125,2019-12-02T21:00:00Z,52.652702967,2020-04-01T20:00:00Z,25.82062022,-3354.01,1.0,-3805.5,1720.01,5525.51,120.23:00:00,False,555 611
EOG,long,7,2020-02-03T21:00:00Z,53.260626159,2020-04-01T20:00:00Z,25.82062022,-192.08,1.0,-217.36,92.06,248.24,57.23:00:00,False,584 611
ET,long,1002,2020-02-03T21:00:00Z,7.31082752,2020-04-01T20:00:00Z,2.901484672,-4418.16,10.02,-4732.93,120.18,4853.11,57.23:00:00,False,580 612
BIIB,long,5,2020-03-02T21:00:00Z,327.89,2020-04-01T20:00:00Z,293.27,-173.1,2.0,-295.05,2.8,297.85,29.23:00:00,False,600 613
NEM,long,36,2020-03-02T21:00:00Z,39.041585625,2020-04-01T20:00:00Z,38.850853152,-6.87,2.0,-216.65,170.11,386.75,29.23:00:00,False,596 614
CVS,long,25,2020-03-02T21:00:00Z,51.920639997,2020-04-01T20:00:00Z,47.306733366,-115.35,2.0,-237.79,40.75,278.54,29.23:00:00,False,599 615
VZ,long,29,2016-02-01T21:00:00Z,29.034775836,2020-04-01T20:00:00Z,36.15621408,206.52,1.0,-80.78,375.15,226.68,1520.23:00:00,True,16 616
VZ,long,3,2016-06-01T20:00:00Z,29.150511813,2020-04-01T20:00:00Z,36.15621408,21.02,1.0,-8.7,38.46,23.45,1400.00:00:00,True,67 616
CI,long,7,2020-03-02T21:00:00Z,174.792000156,2020-04-01T20:00:00Z,155.693322018,-133.69,2.0,-404.53,95.7,500.23,29.23:00:00,False,598 617
INTC,long,22,2018-02-01T21:00:00Z,40.004619445,2020-04-01T20:00:00Z,45.991324284,131.71,1.0,-85.15,448.72,458.79,789.23:00:00,True,294 618
DELL,long,56,2019-05-01T20:00:00Z,31.57570753517359,2020-04-01T20:00:00Z,16.989553923124895,-816.82,1.0,-1023.61,31.46,1055.07,336.00:00:00,False,477 619
SO,long,14,2020-03-02T21:00:00Z,49.266388686,2020-04-01T20:00:00Z,38.639398228,-148.78,2.0,-223.33,41.54,264.87,29.23:00:00,False,597 620
COP,long,32,2019-03-01T21:00:00Z,52.489733169,2020-05-01T20:00:00Z,30.555725445,-701.89,1.0,-1113.48,23.64,1137.12,426.23:00:00,False,460 631
PSX,long,18,2018-03-01T21:00:00Z,66.290055741,2020-05-01T20:00:00Z,51.777827976,-261.22,1.0,-602.08,458.63,1060.71,791.23:00:00,False,308 632
NEM,long,16,2020-03-02T21:00:00Z,39.041585625,2020-05-01T20:00:00Z,50.990177184,191.18,1.0,-96.29,219.54,171.89,59.23:00:00,True,596 633
UTX,long,12,2020-04-01T20:00:00Z,41.89305163176917,2020-05-01T20:00:00Z,52.66001408,129.2,2.0,-29.49,199.51,70.31,30.00:00:00,True,625 634
EPD,long,47,2020-04-01T20:00:00Z,8.428841015,2020-05-01T20:00:00Z,10.747766268,108.99,3.89,0.0,144.97,43.67,30.00:00:00,True,621 635
XOM,long,9,2018-07-02T20:00:00Z,56.725325104,2020-05-01T20:00:00Z,32.490998247,-218.11,1.0,-297.83,35.8,333.63,669.00:00:00,False,357 636
HCA,long,3,2019-03-01T21:00:00Z,129.723182428,2020-05-01T20:00:00Z,99.504883688,-90.65,1.0,-195.22,39.36,234.58,426.23:00:00,False,462 637
CI,long,31,2020-03-02T21:00:00Z,174.792000156,2020-06-01T20:00:00Z,178.21024494,105.97,1.0,-1791.5,423.8,2215.3,90.23:00:00,True,598 647
CI,long,2,2020-05-01T20:00:00Z,168.305677566,2020-06-01T20:00:00Z,178.21024494,19.81,1.0,-102.61,40.31,16.88,31.00:00:00,True,643 647
DELL,long,34,2019-05-01T20:00:00Z,31.57570753517359,2020-06-01T20:00:00Z,22.73101022180694,-300.72,1.0,-621.48,19.1,640.58,397.00:00:00,False,477 648
PCLN,long,7,2020-04-01T20:00:00Z,49.68719757364,2020-06-01T20:00:00Z,65.28148250844,109.16,2.0,-11.2,130.0,42.25,61.00:00:00,True,622 649
EPD,long,29,2020-04-01T20:00:00Z,8.428841015,2020-06-01T20:00:00Z,12.090452772,106.19,1.0,0.0,108.55,27.47,61.00:00:00,True,621 650
PSX,long,5,2018-03-01T21:00:00Z,66.290055741,2020-06-01T20:00:00Z,62.288951323,-20.01,1.0,-167.25,127.4,294.64,822.23:00:00,False,308 651
QCOM,long,12,2020-06-01T20:00:00Z,69.274215773,2020-07-01T20:00:00Z,78.6100213,112.03,2.0,0.0,128.74,77.23,30.00:00:00,True,652 658
DELL,long,31,2019-05-01T20:00:00Z,31.57570753517359,2020-07-01T20:00:00Z,24.991679863068274,-204.1,1.0,-566.64,17.41,584.05,427.00:00:00,False,477 659
MU,long,5,2018-05-01T20:00:00Z,45.626674267,2020-07-01T20:00:00Z,48.46432381,14.19,1.0,-86.64,77.18,163.82,792.00:00:00,True,332 660
MU,long,7,2018-07-02T20:00:00Z,53.125480104,2020-07-01T20:00:00Z,48.46432381,-32.63,1.0,-173.79,55.56,194.06,730.00:00:00,False,358 660
NEM,long,10,2020-03-02T21:00:00Z,39.041585625,2020-07-01T20:00:00Z,51.519794976,124.78,1.0,-60.18,177.26,107.89,120.23:00:00,True,596 661
CVS,long,6,2020-03-02T21:00:00Z,51.920639997,2020-07-01T20:00:00Z,52.788407208,5.21,1.0,-57.07,34.94,66.85,120.23:00:00,True,599 662
PSX,long,37,2018-03-01T21:00:00Z,66.290055741,2020-08-03T20:00:00Z,48.295074272,-665.81,1.0,-1237.62,942.74,2180.35,885.23:00:00,False,308 671
PSX,long,5,2018-09-04T20:00:00Z,87.964864936,2020-08-03T20:00:00Z,48.295074272,-198.35,1.0,-275.62,19.02,294.64,699.00:00:00,False,387 671
PSX,long,3,2018-10-01T20:00:00Z,84.652132968,2020-08-03T20:00:00Z,48.295074272,-109.07,1.0,-155.43,21.35,176.79,672.00:00:00,False,401 671
PSX,long,11,2018-12-03T21:00:00Z,68.66672432,2020-08-03T20:00:00Z,48.295074272,-224.09,1.0,-394.08,254.13,648.21,608.23:00:00,False,425 671
PSX,long,4,2019-06-03T20:00:00Z,62.4457782,2020-08-03T20:00:00Z,48.295074272,-56.6,1.0,-118.42,117.29,235.71,427.00:00:00,False,493 671
PSX,long,7,2020-01-02T21:00:00Z,86.67263748,2020-08-03T20:00:00Z,48.295074272,-268.64,1.0,-376.82,35.68,376.82,213.23:00:00,False,567 671
PSX,long,12,2020-02-03T21:00:00Z,68.71239843,2020-08-03T20:00:00Z,48.295074272,-245.01,1.0,-430.46,276.69,464.66,181.23:00:00,False,582 671
PSX,long,5,2020-03-02T21:00:00Z,58.59727066,2020-08-03T20:00:00Z,48.295074272,-51.51,1.0,-128.78,165.86,128.78,153.23:00:00,False,603 671
PSX,long,13,2020-04-01T20:00:00Z,38.630504266,2020-08-03T20:00:00Z,48.295074272,125.64,1.0,-75.26,690.81,315.87,124.00:00:00,True,629 671
PSX,long,6,2020-07-01T20:00:00Z,54.608517391,2020-08-03T20:00:00Z,48.295074272,-37.88,1.0,-130.61,222.97,48.03,33.00:00:00,False,667 671
HCA,long,14,2019-03-01T21:00:00Z,129.723182428,2020-08-03T20:00:00Z,119.441919796,-143.94,1.0,-911.02,183.67,1094.69,520.23:00:00,False,462 672
PFE,long,37,2020-04-01T20:00:00Z,21.77760892729321,2020-08-03T20:00:00Z,26.834797493527557,187.12,2.125,0.0,201.1,157.68,124.00:00:00,True,623 673
QCOM,long,9,2020-06-01T20:00:00Z,69.274215773,2020-08-03T20:00:00Z,95.95536015,240.13,1.0,0.0,240.13,57.92,63.00:00:00,True,652 674
NEM,long,10,2020-03-02T21:00:00Z,39.041585625,2020-08-03T20:00:00Z,57.22089354,181.79,1.0,-60.18,190.61,107.89,153.23:00:00,True,596 675
DELL,long,15,2019-05-01T20:00:00Z,31.57570753517359,2020-08-03T20:00:00Z,27.846293259365684,-55.94,1.0,-274.18,8.43,282.61,460.00:00:00,False,477 676
PCLN,long,12,2020-04-01T20:00:00Z,49.68719757364,2020-09-01T20:00:00Z,75.36755810408,308.16,1.0,-19.2,315.85,140.51,153.00:00:00,True,622 686
LVS,long,17,2018-11-01T20:00:00Z,49.219345458,2020-09-01T20:00:00Z,46.590720915,-44.69,1.0,-235.8,321.61,557.4,670.00:00:00,False,409 687
QCOM,long,5,2020-06-01T20:00:00Z,69.274215773,2020-09-01T20:00:00Z,106.83012585,187.78,1.0,0.0,187.78,32.18,92.00:00:00,True,652 688
DELL,long,14,2019-05-01T20:00:00Z,31.57570753517359,2020-09-01T20:00:00Z,30.55817598584822,-14.25,1.0,-255.9,7.86,263.77,489.00:00:00,False,477 689
UTX,long,6,2020-04-01T20:00:00Z,41.89305163176917,2020-09-01T20:00:00Z,53.136608276,67.46,1.0,-14.75,135.41,91.16,153.00:00:00,True,625 690
QCOM,long,59,2020-06-01T20:00:00Z,69.274215773,2020-10-01T20:00:00Z,105.210420192,2120.24,1.0,0.0,2310.32,696.46,122.00:00:00,True,652 697
INTC,long,13,2018-02-01T21:00:00Z,40.004619445,2020-10-01T20:00:00Z,46.88699332,89.47,1.0,-50.31,265.15,271.11,972.23:00:00,True,294 698
VZ,long,4,2016-06-01T20:00:00Z,29.150511813,2020-10-01T20:00:00Z,41.515986025,49.46,1.0,-11.61,52.7,31.27,1583.00:00:00,True,67 699
VZ,long,8,2016-09-01T20:00:00Z,30.691418616,2020-10-01T20:00:00Z,41.515986025,86.6,1.0,-35.54,93.08,62.53,1491.00:00:00,True,96 699
MU,long,3,2018-07-02T20:00:00Z,53.125480104,2020-10-01T20:00:00Z,46.728579416,-19.19,1.0,-74.48,23.81,83.17,822.00:00:00,False,358 700
MU,long,6,2018-08-01T20:00:00Z,50.989929417,2020-10-01T20:00:00Z,46.728579416,-25.57,1.0,-136.15,60.44,149.31,792.00:00:00,False,377 700
MU,long,1,2018-10-01T20:00:00Z,44.027449095,2020-10-01T20:00:00Z,46.728579416,2.7,1.0,-15.73,17.04,24.89,731.00:00:00,True,397 700
DELL,long,13,2019-05-01T20:00:00Z,31.57570753517359,2020-10-01T20:00:00Z,31.096869159020475,-6.22,1.0,-237.62,7.3,244.93,519.00:00:00,False,477 701
SO,long,7,2020-03-02T21:00:00Z,49.266388686,2020-10-01T20:00:00Z,43.09100157,-43.23,1.0,-111.66,20.77,132.43,212.23:00:00,False,597 702
EPD,long,61,2020-04-01T20:00:00Z,8.428841015,2020-11-02T21:00:00Z,10.82790976,146.34,1.0,0.0,339.71,252.67,215.01:00:00,True,621 709
MU,long,13,2018-10-01T20:00:00Z,44.027449095,2020-11-02T21:00:00Z,48.474075183,57.81,1.0,-204.48,221.46,323.51,763.01:00:00,True,397 710
SO,long,13,2020-03-02T21:00:00Z,49.266388686,2020-11-02T21:00:00Z,46.554375735,-35.26,1.0,-207.38,38.57,245.95,245.00:00:00,False,597 711
LVS,long,9,2018-11-01T20:00:00Z,49.219345458,2020-11-02T21:00:00Z,46.140297027,-27.71,1.0,-124.83,170.26,295.1,732.01:00:00,False,409 712
COP,long,91,2019-03-01T21:00:00Z,52.489733169,2020-11-03T21:00:00Z,24.763901952,-2523.05,1.235,-3166.46,67.22,3233.68,613.00:00:00,False,460 720
COP,long,12,2019-05-01T20:00:00Z,47.722785111,2020-11-03T21:00:00Z,24.763901952,-275.51,1.0,-360.35,66.07,405.94,552.01:00:00,False,479 720
COP,long,11,2019-08-01T20:00:00Z,45.22751352,2020-11-03T21:00:00Z,24.763901952,-225.1,1.0,-302.87,88.01,372.11,460.01:00:00,False,508 720
COP,long,14,2019-09-03T20:00:00Z,40.020196062,2020-11-03T21:00:00Z,24.763901952,-213.59,1.0,-312.57,184.91,473.59,427.01:00:00,False,522 720
COP,long,50,2020-04-01T20:00:00Z,23.117767246,2020-11-03T21:00:00Z,24.763901952,82.31,1.0,-271.22,1505.53,829.37,216.01:00:00,True,626 720
COP,long,23,2020-08-03T20:00:00Z,29.233083408,2020-11-03T21:00:00Z,24.763901952,-102.79,1.0,-265.41,551.89,232.39,92.01:00:00,False,679 720
COP,long,25,2020-10-01T20:00:00Z,25.824813264,2020-11-03T21:00:00Z,24.763901952,-26.52,1.0,-203.28,685.09,131.75,33.01:00:00,False,704 720
COP,long,21,2020-11-02T21:00:00Z,24.368904818,2020-11-03T21:00:00Z,24.763901952,8.29,1.0,-140.18,606.05,15.57,1.00:00:00,True,714 720
BIIB,long,15,2020-03-02T21:00:00Z,327.89,2020-12-01T21:00:00Z,243.16,-1270.95,1.0,-1374.45,416.1,1790.55,274.00:00:00,False,600 723
BIIB,long,4,2020-05-01T20:00:00Z,293.09,2020-12-01T21:00:00Z,243.16,-199.72,1.0,-227.32,250.16,477.48,214.01:00:00,False,638 723
BIIB,long,2,2020-07-01T20:00:00Z,264.77,2020-12-01T21:00:00Z,243.16,-43.22,1.0,-57.02,181.72,238.74,153.01:00:00,False,664 723
BIIB,long,1,2020-11-02T21:00:00Z,248.99,2020-12-01T21:00:00Z,243.16,-5.83,1.0,-12.73,106.64,119.37,29.00:00:00,False,717 723
MU,long,11,2018-10-01T20:00:00Z,44.027449095,2020-12-01T21:00:00Z,65.412210084,235.23,1.0,-173.02,235.23,273.74,792.01:00:00,True,397 724
MU,long,16,2018-11-01T20:00:00Z,39.122508476,2020-12-01T21:00:00Z,65.412210084,420.64,1.0,-173.18,420.64,398.17,761.01:00:00,True,413 724
MU,long,17,2019-01-02T21:00:00Z,31.935746575,2020-12-01T21:00:00Z,65.412210084,569.1,1.0,-61.83,569.1,423.05,699.00:00:00,True,436 724
MU,long,26,2019-06-03T20:00:00Z,31.877238337,2020-12-01T21:00:00Z,65.412210084,871.91,1.0,-93.05,871.91,647.02,547.01:00:00,True,489 724
MU,long,17,2019-10-01T20:00:00Z,41.24830779,2020-12-01T21:00:00Z,65.412210084,410.79,1.0,-220.15,410.79,423.05,427.01:00:00,True,531 724
MU,long,7,2020-06-01T20:00:00Z,45.187862482,2020-12-01T21:00:00Z,65.412210084,141.57,1.0,-118.23,141.57,75.5,183.01:00:00,True,653 724
MU,long,5,2020-08-03T20:00:00Z,49.137168547,2020-12-01T21:00:00Z,65.412210084,81.38,1.0,-104.19,81.38,42.13,120.01:00:00,True,685 724
MU,long,17,2020-09-01T20:00:00Z,44.622282848,2020-12-01T21:00:00Z,65.412210084,353.43,1.0,-277.5,353.43,77.42,91.01:00:00,True,691 724
GIS,long,118,2020-08-03T20:00:00Z,51.37905444,2020-12-01T21:00:00Z,49.169534813,-260.72,2.0,-683.23,106.99,790.22,120.01:00:00,False,677 725
UTX,long,19,2020-04-01T20:00:00Z,41.89305163176917,2020-12-01T21:00:00Z,62.828293286,397.77,1.0,-46.69,450.22,353.93,244.01:00:00,True,625 726
HCA,long,4,2019-03-01T21:00:00Z,129.723182428,2020-12-01T21:00:00Z,144.23413961,58.04,1.0,-260.29,70.01,312.77,641.00:00:00,True,462 727
PCLN,long,7,2020-04-01T20:00:00Z,49.68719757364,2020-12-01T21:00:00Z,80.20526398676,213.63,1.0,-11.2,231.56,94.25,244.01:00:00,True,622 728
CVS,long,6,2020-03-02T21:00:00Z,51.920639997,2020-12-01T21:00:00Z,56.127306928,25.24,1.0,-57.07,54.81,67.59,274.00:00:00,True,599 729
XOM,long,10,2018-07-02T20:00:00Z,56.725325104,2020-12-01T21:00:00Z,30.8476168,-258.78,1.0,-330.93,39.78,370.71,883.01:00:00,False,357 730
EPD,long,441,2020-04-01T20:00:00Z,8.428841015,2021-01-04T21:00:00Z,12.735998736,1899.46,2.61,0.0,2574.96,1826.66,278.01:00:00,True,621 740
EPD,long,27,2020-08-03T20:00:00Z,11.295837336,2021-01-04T21:00:00Z,12.735998736,38.88,1.0,-77.41,80.24,61.8,154.01:00:00,True,683 740
EPD,long,54,2020-10-01T20:00:00Z,10.074318216,2021-01-04T21:00:00Z,12.735998736,143.73,1.0,-88.86,226.45,82.71,95.01:00:00,True,706 740
GD,long,48,2020-12-01T21:00:00Z,134.705317432,2021-01-04T21:00:00Z,129.539364958,-247.97,2.0,-247.97,182.35,430.32,34.00:00:00,False,734 741
KMB,long,58,2020-12-01T21:00:00Z,112.410675264,2021-01-04T21:00:00Z,106.96823072,-315.66,2.0,-353.8,0.0,353.8,34.00:00:00,False,731 742
MRK,long,101,2020-12-01T21:00:00Z,64.54067943118477,2021-01-04T21:00:00Z,64.57973118227822,3.94,2.0,-130.6,153.47,284.07,34.00:00:00,True,732 743
PCLN,long,70,2020-04-01T20:00:00Z,49.68719757364,2021-01-04T21:00:00Z,84.55845688224,2440.99,1.0,-112.0,2613.82,942.53,278.01:00:00,True,622 744
PCLN,long,5,2020-05-01T20:00:00Z,56.60948151012,2021-01-04T21:00:00Z,84.55845688224,139.74,1.0,-42.61,152.09,67.32,248.01:00:00,True,645 744
PCLN,long,6,2020-10-01T20:00:00Z,68.10455213144,2021-01-04T21:00:00Z,84.55845688224,98.72,1.0,-120.1,113.54,56.47,95.01:00:00,True,707 744
PFE,long,188,2020-04-01T20:00:00Z,21.77760892729321,2021-01-04T21:00:00Z,27.427292964,1062.14,1.165,0.0,1866.2,813.86,278.01:00:00,True,623 745
PFE,long,34,2020-07-01T20:00:00Z,23.380568270668665,2021-01-04T21:00:00Z,27.427292964,137.59,1.0,-54.5,283.0,147.19,187.01:00:00,True,663 745
PFE,long,11,2020-09-01T20:00:00Z,25.80618856743928,2021-01-04T21:00:00Z,27.427292964,17.83,1.0,-44.31,64.88,47.62,125.01:00:00,True,695 745
SO,long,101,2020-03-02T21:00:00Z,49.266388686,2021-01-04T21:00:00Z,47.307147888,-197.88,1.0,-1611.16,299.66,1910.82,308.00:00:00,False,597 746
SO,long,12,2020-05-01T20:00:00Z,41.929989182,2021-01-04T21:00:00Z,47.307147888,64.53,1.0,-103.39,123.64,87.77,248.01:00:00,True,640 746
SO,long,12,2020-07-01T20:00:00Z,41.22511815,2021-01-04T21:00:00Z,47.307147888,72.98,1.0,-94.93,132.1,45.62,187.01:00:00,True,665 746
SO,long,9,2020-12-01T21:00:00Z,48.271461381,2021-01-04T21:00:00Z,47.307147888,-8.68,1.0,-134.61,35.66,18.07,34.00:00:00,False,736 746
UTX,long,79,2020-04-01T20:00:00Z,41.89305163176917,2021-01-04T21:00:00Z,60.358558326,1458.78,1.0,-194.15,1880.35,1471.58,278.01:00:00,True,625 747
UTX,long,5,2020-07-01T20:00:00Z,53.552385438,2021-01-04T21:00:00Z,60.358558326,34.03,1.0,-70.58,60.71,50.24,187.01:00:00,True,668 747
UTX,long,12,2020-08-03T20:00:00Z,49.988600658,2021-01-04T21:00:00Z,60.358558326,124.44,1.0,-126.64,188.48,120.58,154.01:00:00,True,680 747
UTX,long,5,2020-11-02T21:00:00Z,48.819477775,2021-01-04T21:00:00Z,60.358558326,57.7,1.0,-46.92,84.38,26.68,63.00:00:00,True,719 747
HCA,long,4,2019-03-01T21:00:00Z,129.723182428,2021-01-04T21:00:00Z,155.877703872,104.62,1.0,-260.29,111.02,312.77,675.00:00:00,True,462 748
LVS,long,9,2018-11-01T20:00:00Z,49.219345458,2021-01-04T21:00:00Z,54.379300645,46.44,1.0,-124.83,170.26,295.1,795.01:00:00,True,409 749
XOM,long,12,2018-07-02T20:00:00Z,56.725325104,2021-01-04T21:00:00Z,33.2513272,-281.69,1.0,-397.11,47.73,444.85,917.01:00:00,False,357 750
DELL,long,11,2019-05-01T20:00:00Z,31.57570753517359,2021-01-04T21:00:00Z,33.37595566090308,19.8,1.0,-201.07,31.05,207.24,614.01:00:00,True,477 751
INTC,long,15,2018-02-01T21:00:00Z,40.004619445,2021-02-01T21:00:00Z,51.251087703,168.7,1.0,-58.05,305.94,312.81,1096.00:00:00,True,294 759
XOM,long,19,2018-07-02T20:00:00Z,56.725325104,2021-02-01T21:00:00Z,35.999569424,-393.79,1.0,-628.76,75.58,704.34,945.01:00:00,False,357 760
CVS,long,7,2020-03-02T21:00:00Z,51.920639997,2021-02-01T21:00:00Z,59.782142574,55.03,1.0,-66.58,80.17,78.85,336.00:00:00,True,599 761
LVS,long,62,2018-11-01T20:00:00Z,49.219345458,2021-02-02T21:00:00Z,46.797165197,-150.18,1.0,-859.97,1172.92,2032.88,824.01:00:00,False,409 768
LVS,long,12,2019-06-03T20:00:00Z,46.899741878,2021-02-02T21:00:00Z,46.797165197,-1.23,1.0,-138.61,254.85,393.46,610.01:00:00,False,491 768
LVS,long,8,2019-09-03T20:00:00Z,48.744645016,2021-02-02T21:00:00Z,46.797165197,-15.58,1.0,-107.17,155.14,262.31,518.01:00:00,False,524 768
LVS,long,9,2020-04-01T20:00:00Z,37.81683893,2021-02-02T21:00:00Z,46.797165197,80.82,1.0,-22.21,272.88,103.96,307.01:00:00,True,630 768
LVS,long,7,2020-06-01T20:00:00Z,46.008923393,2021-02-02T21:00:00Z,46.797165197,5.52,1.0,-74.62,154.9,80.86,246.01:00:00,True,654 768
LVS,long,13,2020-08-03T20:00:00Z,41.2888564,2021-02-02T21:00:00Z,46.797165197,71.61,1.0,-77.22,349.03,146.63,183.01:00:00,True,682 768
LVS,long,6,2020-10-01T20:00:00Z,43.372066882,2021-02-02T21:00:00Z,46.797165197,20.55,1.0,-48.14,148.59,67.68,124.01:00:00,True,708 768
LVS,long,25,2021-02-01T21:00:00Z,46.046458717,2021-02-02T21:00:00Z,46.797165197,18.77,1.0,-267.44,552.27,53.72,1.00:00:00,True,763 768
IBM,long,62,2020-04-01T20:00:00Z,76.8438349181211,2021-03-01T21:00:00Z,93.20386503719682,1014.32,2.0,0.0,1473.71,1273.04,334.01:00:00,True,624 769
IBM,long,3,2020-06-01T20:00:00Z,92.56433252589005,2021-03-01T21:00:00Z,93.20386503719682,1.92,1.0,-47.16,24.15,61.6,273.01:00:00,True,657 769
IBM,long,3,2020-11-02T21:00:00Z,84.78087671269088,2021-03-01T21:00:00Z,93.20386503719682,25.27,1.0,-23.81,47.5,29.87,119.00:00:00,True,718 769
IBM,long,3,2021-02-01T21:00:00Z,91.82247006332891,2021-03-01T21:00:00Z,93.20386503719682,4.14,1.0,-44.94,26.37,9.91,28.00:00:00,True,766 769
COP,long,203,2021-01-04T21:00:00Z,31.898033862,2021-03-01T21:00:00Z,42.799292461,2212.96,2.03,0.0,2553.15,1282.95,56.00:00:00,True,752 770
WMT,long,136,2020-12-01T21:00:00Z,47.06648841335069,2021-03-01T21:00:00Z,40.65595877140372,-871.83,2.0,-932.86,0.0,932.86,90.00:00:00,False,733 771
WMT,long,10,2021-01-04T21:00:00Z,45.3476260849036,2021-03-01T21:00:00Z,40.65595877140372,-46.92,1.0,-51.4,17.19,58.96,56.00:00:00,False,756 771
XOM,long,59,2018-07-02T20:00:00Z,56.725325104,2021-03-01T21:00:00Z,45.965327476,-634.84,1.0,-1952.47,234.69,2187.16,973.01:00:00,False,357 772
XOM,long,8,2018-08-01T20:00:00Z,55.774815131,2021-03-01T21:00:00Z,45.965327476,-78.48,1.0,-257.14,39.43,296.56,943.01:00:00,False,375 772
XOM,long,5,2019-01-02T21:00:00Z,49.345042881,2021-03-01T21:00:00Z,45.965327476,-16.9,1.0,-128.56,56.79,180.31,789.00:00:00,False,440 772
XOM,long,10,2019-08-01T20:00:00Z,52.470619212,2021-03-01T21:00:00Z,45.965327476,-65.05,1.0,-288.38,82.32,304.22,578.01:00:00,False,507 772
XOM,long,7,2019-10-01T20:00:00Z,50.5497272,2021-03-01T21:00:00Z,45.965327476,-32.09,1.0,-188.42,71.07,209.67,517.01:00:00,False,532 772
XOM,long,11,2019-11-01T20:00:00Z,51.0262656,2021-03-01T21:00:00Z,45.965327476,-55.67,1.0,-301.33,106.44,329.48,486.01:00:00,False,545 772
XOM,long,6,2020-02-03T21:00:00Z,45.052946664,2021-03-01T21:00:00Z,45.965327476,5.47,1.0,-128.52,93.9,137.47,392.00:00:00,True,585 772
XOM,long,20,2020-04-01T20:00:00Z,28.253696414,2021-03-01T21:00:00Z,45.965327476,354.23,1.0,-92.42,648.99,345.97,334.01:00:00,True,628 772
XOM,long,18,2020-08-03T20:00:00Z,32.422805946,2021-03-01T21:00:00Z,45.965327476,243.77,1.0,-158.22,509.04,176.31,210.01:00:00,True,681 772
XOM,long,12,2020-09-01T20:00:00Z,30.856325728,2021-03-01T21:00:00Z,45.965327476,181.31,1.0,-86.69,358.16,73.89,181.01:00:00,True,692 772
XOM,long,23,2020-10-01T20:00:00Z,25.919626556,2021-03-01T21:00:00Z,45.965327476,461.05,1.0,-52.6,800.02,100.99,151.01:00:00,True,705 772
DELL,long,16,2019-05-01T20:00:00Z,31.57570753517359,2021-03-01T21:00:00Z,38.256423725540586,106.89,1.0,-292.46,106.89,301.45,670.01:00:00,True,477 773
INTC,long,8,2018-02-01T21:00:00Z,40.004619445,2021-03-01T21:00:00Z,57.191768304,137.5,1.0,-30.96,163.17,166.83,1124.00:00:00,True,294 774
AEP,long,96,2021-01-04T21:00:00Z,66.374440632,2021-03-02T21:00:00Z,63.240447942,-300.86,2.0,-468.85,82.05,550.9,57.00:00:00,False,754 784
AEP,long,12,2021-03-01T21:00:00Z,63.018638109,2021-03-02T21:00:00Z,63.240447942,2.66,1.0,-18.34,50.53,2.56,1.00:00:00,True,779 784
T,long,94,2016-03-01T21:00:00Z,15.343748800769273,2021-04-01T20:00:00Z,16.648722612904148,122.67,2.185,-226.0,429.37,588.36,1856.23:00:00,True,31 785
T,long,22,2016-09-01T20:00:00Z,17.20773509260083,2021-04-01T20:00:00Z,16.648722612904148,-12.3,1.0,-93.9,59.48,137.7,1673.00:00:00,False,97 785
T,long,29,2016-11-01T20:00:00Z,15.54626999471364,2021-04-01T20:00:00Z,16.648722612904148,31.97,1.0,-75.6,126.59,181.52,1612.00:00:00,True,118 785
T,long,14,2017-03-01T21:00:00Z,18.084277363049093,2021-04-01T20:00:00Z,16.648722612904148,-20.1,1.0,-72.03,25.58,87.63,1491.23:00:00,False,172 785
T,long,20,2017-06-01T20:00:00Z,16.92042786342012,2021-04-01T20:00:00Z,16.648722612904148,-5.43,1.0,-79.62,59.82,125.18,1400.00:00:00,False,205 785
T,long,53,2017-11-01T20:00:00Z,14.980548675973594,2021-04-01T20:00:00Z,16.648722612904148,88.41,1.0,-108.18,261.34,331.74,1247.00:00:00,True,257 785
T,long,27,2018-02-01T21:00:00Z,17.717211234523372,2021-04-01T20:00:00Z,16.648722612904148,-28.85,1.0,-129.0,59.25,169.0,1154.23:00:00,False,299 785
T,long,48,2018-05-01T20:00:00Z,14.931654689400203,2021-04-01T20:00:00Z,16.648722612904148,82.42,1.0,-95.62,239.03,300.44,1066.00:00:00,True,334 785
T,long,19,2018-06-01T20:00:00Z,14.899533735858162,2021-04-01T20:00:00Z,16.648722612904148,33.23,1.0,-37.24,95.23,118.92,1035.00:00:00,True,349 785
T,long,24,2018-09-04T20:00:00Z,14.846846450236631,2021-04-01T20:00:00Z,16.648722612904148,43.25,1.0,-45.78,121.55,150.22,940.00:00:00,True,388 785
T,long,20,2020-05-01T20:00:00Z,15.49946425509404,2021-04-01T20:00:00Z,16.648722612904148,22.99,1.0,-51.2,88.24,59.76,335.00:00:00,True,644 785
T,long,23,2020-09-01T20:00:00Z,15.54179670926883,2021-04-01T20:00:00Z,16.648722612904148,25.46,1.0,-59.85,100.5,37.8,212.00:00:00,True,693 785
T,long,23,2020-12-01T21:00:00Z,15.505328897772909,2021-04-01T20:00:00Z,16.648722612904148,26.3,1.0,-59.01,101.34,37.8,120.23:00:00,True,737 785
T,long,21,2021-03-01T21:00:00Z,15.353336119385341,2021-04-01T20:00:00Z,16.648722612904148,27.2,1.0,-50.69,95.72,5.39,30.23:00:00,True,782 785
MO,long,24,2021-03-01T21:00:00Z,28.76842838,2021-04-01T20:00:00Z,33.5190564,114.02,2.18,-4.19,137.68,23.66,30.23:00:00,True,775 786
CI,long,3,2021-03-01T21:00:00Z,193.36846113,2021-04-01T20:00:00Z,218.475944874,75.32,2.0,0.0,90.83,19.11,30.23:00:00,True,776 787
NOC,long,3,2021-01-04T21:00:00Z,268.178631628,2021-05-03T20:00:00Z,330.0302793,185.55,2.0,-22.25,185.55,44.79,118.23:00:00,True,755 794
FCX,long,24,2021-04-01T20:00:00Z,31.684934848,2021-05-03T20:00:00Z,36.40223781,113.22,2.155,-2.03,127.89,76.98,32.00:00:00,True,789 795
DELL,long,10,2019-05-01T20:00:00Z,31.57570753517359,2021-05-03T20:00:00Z,45.02001578870332,134.44,1.0,-182.79,160.41,188.4,733.00:00:00,True,477 796
DELL,long,6,2019-07-01T20:00:00Z,23.73933334082167,2021-05-03T20:00:00Z,45.02001578870332,127.68,1.0,-62.65,143.26,79.73,672.00:00:00,True,499 796
HCA,long,3,2019-03-01T21:00:00Z,129.723182428,2021-05-03T20:00:00Z,195.297724344,196.72,1.0,-195.22,196.72,234.58,793.23:00:00,True,462 797
PM,long,6,2021-02-01T21:00:00Z,61.781776958,2021-05-03T20:00:00Z,75.908244555,84.76,2.0,0.0,84.76,16.6,90.23:00:00,True,762 798
NEM,long,7,2020-03-02T21:00:00Z,39.041585625,2021-05-03T20:00:00Z,55.228696292,113.31,1.0,-42.13,140.3,90.61,426.23:00:00,True,596 799
CI,long,32,2021-03-01T21:00:00Z,193.36846113,2021-06-01T20:00:00Z,232.795275504,1261.66,1.0,0.0,1528.49,268.86,91.23:00:00,True,776 805
NEM,long,16,2020-03-02T21:00:00Z,39.041585625,2021-06-01T20:00:00Z,63.35963529,389.09,1.0,-96.29,394.98,207.1,455.23:00:00,True,596 806
CVS,long,11,2020-03-02T21:00:00Z,51.920639997,2021-06-01T20:00:00Z,72.308653944,224.27,1.0,-104.63,260.76,123.91,455.23:00:00,True,599 807
FCX,long,17,2021-04-01T20:00:00Z,31.684934848,2021-06-01T20:00:00Z,41.57568246,168.14,1.0,-1.44,177.74,65.88,61.00:00:00,True,789 808
TGT,long,3,2021-03-01T21:00:00Z,158.15585839,2021-06-01T20:00:00Z,193.797793644,106.93,2.0,-41.42,106.93,41.42,91.23:00:00,True,777 809
DOW,long,9,2021-04-01T20:00:00Z,48.12366018,2021-06-01T20:00:00Z,52.9849332,43.75,2.0,-24.61,43.75,26.08,61.00:00:00,True,788 810
AEP,long,101,2021-05-03T20:00:00Z,72.852207372,2021-06-02T20:00:00Z,70.627502275,-224.7,2.0,-247.29,0.0,247.29,30.00:00:00,False,800 818
AEP,long,6,2021-06-01T20:00:00Z,70.50323101,2021-06-02T20:00:00Z,70.627502275,0.75,1.0,-0.6,14.09,1.99,1.00:00:00,True,814 818
REGN,long,2,2021-03-01T21:00:00Z,458.72113077,2021-07-01T20:00:00Z,569.248107468,221.05,2.0,-32.33,221.05,70.71,121.23:00:00,True,778 819
TGT,long,3,2021-03-01T21:00:00Z,158.15585839,2021-07-01T20:00:00Z,207.647803188,148.48,1.0,-41.42,148.48,41.42,121.23:00:00,True,777 820
DG,long,3,2021-04-01T20:00:00Z,185.453746838,2021-07-01T20:00:00Z,199.899636167,43.34,2.0,-13.6,49.92,63.52,91.00:00:00,True,790 821
NFLX,long,8,2021-05-03T20:00:00Z,50.911,2021-07-01T20:00:00Z,53.354,19.54,2.0,-19.3,19.54,19.3,59.00:00:00,True,801 822
HCA,long,6,2019-03-01T21:00:00Z,129.723182428,2021-08-02T20:00:00Z,240.2483397,663.15,1.0,-390.44,663.15,469.15,884.23:00:00,True,462 827
DG,long,2,2021-04-01T20:00:00Z,185.453746838,2021-08-02T20:00:00Z,213.79395675,56.68,1.0,-9.07,57.6,42.35,123.00:00:00,True,790 828
DOW,long,141,2021-04-01T20:00:00Z,48.12366018,2021-08-03T20:00:00Z,46.016598,-297.1,1.0,-653.61,706.66,1360.27,124.00:00:00,False,788 833
DOW,long,8,2021-05-03T20:00:00Z,48.086412765,2021-08-03T20:00:00Z,46.016598,-16.56,1.0,-36.79,40.39,77.18,92.00:00:00,False,804 833
DOW,long,10,2021-07-01T20:00:00Z,47.78502,2021-08-03T20:00:00Z,46.016598,-17.68,1.0,-42.97,53.5,43.04,33.00:00:00,False,826 833
NEM,long,74,2020-03-02T21:00:00Z,39.041585625,2021-09-01T20:00:00Z,49.962612164,808.16,1.0,-445.33,1826.8,1116.38,547.23:00:00,True,596 835
NEM,long,6,2020-06-01T20:00:00Z,50.572156384,2021-09-01T20:00:00Z,49.962612164,-3.66,1.0,-105.29,78.94,90.52,457.00:00:00,False,656 835
NEM,long,6,2020-09-01T20:00:00Z,56.272109832,2021-09-01T20:00:00Z,49.962612164,-37.86,1.0,-139.49,44.74,90.52,365.00:00:00,False,694 835
NEM,long,20,2020-12-01T21:00:00Z,50.747113413,2021-09-01T20:00:00Z,49.962612164,-15.69,1.0,-354.47,259.62,301.72,273.23:00:00,False,735 835
NEM,long,15,2021-03-01T21:00:00Z,46.37018617,2021-09-01T20:00:00Z,49.962612164,53.89,1.0,-200.2,260.37,226.29,183.23:00:00,True,780 835
NEM,long,18,2021-07-01T20:00:00Z,54.261399458,2021-09-01T20:00:00Z,49.962612164,-77.38,1.0,-382.28,170.4,118.55,62.00:00:00,False,824 835
REGN,long,2,2021-03-01T21:00:00Z,458.72113077,2021-09-01T20:00:00Z,674.593977344,431.75,1.0,-32.33,431.75,70.71,183.23:00:00,True,778 836
NFLX,long,8,2021-05-03T20:00:00Z,50.911,2021-09-01T20:00:00Z,58.207,58.37,1.0,-19.3,58.37,29.78,121.00:00:00,True,801 837
NFLX,long,15,2021-05-03T20:00:00Z,50.911,2021-10-01T20:00:00Z,61.315,156.06,1.0,-36.2,156.06,55.84,151.00:00:00,True,801 845
DELL,long,13,2019-07-01T20:00:00Z,23.73933334082167,2021-10-01T20:00:00Z,48.703387912958036,324.53,1.0,-135.75,324.53,172.74,823.00:00:00,True,499 846
LOW,long,3,2021-04-01T20:00:00Z,172.377971256,2021-10-01T20:00:00Z,184.961743722,37.75,2.0,-20.82,56.4,76.8,183.00:00:00,True,791 847
CVS,long,7,2020-03-02T21:00:00Z,51.920639997,2021-10-01T20:00:00Z,71.22166597,135.11,1.0,-66.58,165.94,78.85,577.23:00:00,True,599 848
FCX,long,26,2021-04-01T20:00:00Z,31.684934848,2021-11-01T20:00:00Z,36.205854891,117.54,1.0,-77.06,271.83,348.89,214.00:00:00,True,789 855
LOW,long,4,2021-04-01T20:00:00Z,172.377971256,2021-11-01T20:00:00Z,211.1208201,154.97,1.0,-27.76,162.55,102.4,214.00:00:00,True,791 856
NFLX,long,10,2021-05-03T20:00:00Z,50.911,2021-11-01T20:00:00Z,68.117,172.06,1.0,-24.13,181.2,37.23,182.00:00:00,True,801 857
TGT,long,3,2021-03-01T21:00:00Z,158.15585839,2021-11-01T20:00:00Z,220.683363012,187.58,1.0,-41.42,200.98,95.52,244.23:00:00,True,777 858
VRTX,long,37,2021-07-01T20:00:00Z,202.21,2021-11-02T20:00:00Z,185.66,-612.35,2.0,-932.4,28.86,961.26,124.00:00:00,False,823 865
VRTX,long,1,2021-09-01T20:00:00Z,197.14,2021-11-02T20:00:00Z,185.66,-11.48,1.0,-20.13,5.85,22.21,62.00:00:00,False,844 865
VRTX,long,2,2021-10-01T20:00:00Z,180.35,2021-11-02T20:00:00Z,185.66,10.62,1.0,-6.68,45.28,12.3,32.00:00:00,True,853 865
VRTX,long,1,2021-11-01T20:00:00Z,185.4,2021-11-02T20:00:00Z,185.66,0.26,1.0,-8.39,17.59,4.0,1.00:00:00,True,864 865
CI,long,40,2021-09-01T20:00:00Z,191.425241385,2021-12-01T21:00:00Z,177.431667968,-559.74,2.0,-662.53,316.12,978.64,91.01:00:00,False,839 867
DELL,long,50,2019-07-01T20:00:00Z,23.73933334082167,2021-12-01T21:00:00Z,50.59852612,1342.96,1.0,-522.12,1449.87,664.39,884.01:00:00,True,499 868
DELL,long,21,2019-09-03T20:00:00Z,23.513726798211067,2021-12-01T21:00:00Z,50.59852612,568.78,1.0,-214.55,613.68,264.25,820.01:00:00,True,523 868
DELL,long,15,2019-11-01T20:00:00Z,24.51284148691516,2021-12-01T21:00:00Z,50.59852612,391.29,1.0,-168.24,423.36,188.75,761.01:00:00,True,549 868
DELL,long,28,2019-12-02T21:00:00Z,21.971314721179404,2021-12-01T21:00:00Z,50.59852612,801.56,1.0,-242.88,861.43,315.33,730.00:00:00,True,556 868
DELL,long,20,2020-05-01T20:00:00Z,18.4168606212736,2021-12-01T21:00:00Z,50.59852612,643.63,1.0,-102.4,686.4,107.65,579.01:00:00,True,642 868
DELL,long,15,2020-11-02T21:00:00Z,27.758813171414634,2021-12-01T21:00:00Z,50.59852612,342.6,1.0,-216.93,374.67,80.73,394.00:00:00,True,715 868
DELL,long,6,2021-06-01T20:00:00Z,47.354352872449745,2021-12-01T21:00:00Z,50.59852612,19.47,1.0,-204.34,32.29,32.29,183.01:00:00,True,817 868
MU,long,22,2021-09-01T20:00:00Z,71.887121756,2021-12-01T21:00:00Z,83.149000545,247.76,2.0,-155.47,270.53,186.8,91.01:00:00,True,838 869
LOW,long,2,2021-04-01T20:00:00Z,172.377971256,2021-12-01T21:00:00Z,223.528438524,102.3,1.0,-13.88,115.64,51.2,244.01:00:00,True,791 870
LMT,long,18,2020-10-01T20:00:00Z,323.741146491,2022-01-03T21:00:00Z,312.543045752,-201.57,2.0,-868.61,333.16,1022.42,459.01:00:00,False,703 879
LMT,long,1,2020-11-02T21:00:00Z,299.544941157,2022-01-03T21:00:00Z,312.543045752,13.0,1.0,-24.06,42.71,56.8,427.00:00:00,True,716 879
LMT,long,1,2020-12-01T21:00:00Z,312.470035416,2022-01-03T21:00:00Z,312.543045752,0.07,1.0,-36.98,29.78,56.8,398.00:00:00,True,739 879
LMT,long,1,2021-01-04T21:00:00Z,295.056367488,2022-01-03T21:00:00Z,312.543045752,17.49,1.0,-19.57,47.19,56.8,364.00:00:00,True,758 879
LMT,long,2,2021-02-01T21:00:00Z,277.454351136,2022-01-03T21:00:00Z,312.543045752,70.18,1.0,-3.94,129.59,113.6,336.00:00:00,True,764 879
LMT,long,1,2021-09-01T20:00:00Z,312.147955782,2022-01-03T21:00:00Z,312.543045752,0.4,1.0,-36.66,30.1,43.81,124.01:00:00,True,842 879
LMT,long,2,2021-11-01T20:00:00Z,289.429267335,2022-01-03T21:00:00Z,312.543045752,46.23,1.0,-27.89,105.64,24.57,63.01:00:00,True,861 879
MO,long,212,2021-03-01T21:00:00Z,28.76842838,2022-01-03T21:00:00Z,33.296523858,959.96,1.285,-36.98,1216.13,1158.71,308.00:00:00,True,775 880
MO,long,22,2021-05-03T20:00:00Z,31.790524668,2022-01-03T21:00:00Z,33.296523858,33.13,1.0,-70.32,59.72,112.41,245.01:00:00,True,803 880
MO,long,23,2021-11-01T20:00:00Z,29.99955651,2022-01-03T21:00:00Z,33.296523858,75.83,1.0,-32.33,103.62,40.1,63.01:00:00,True,859 880
CVS,long,11,2020-03-02T21:00:00Z,51.920639997,2022-01-03T21:00:00Z,88.75405896,405.17,1.0,-104.63,405.17,123.91,672.00:00:00,True,599 881
FDX,long,4,2021-08-02T20:00:00Z,161.6967369012883,2022-01-03T21:00:00Z,152.27960077557572,-37.67,2.0,-135.08,12.88,147.96,154.01:00:00,False,829 882
HCA,long,2,2019-03-01T21:00:00Z,129.723182428,2022-01-03T21:00:00Z,244.136807872,228.83,1.0,-130.15,242.36,156.38,1039.00:00:00,True,462 883
FCX,long,10,2021-04-01T20:00:00Z,31.684934848,2022-01-03T21:00:00Z,39.181290396,74.96,1.0,-29.64,104.55,134.19,277.01:00:00,True,789 884
PM,long,5,2021-02-01T21:00:00Z,61.781776958,2022-01-03T21:00:00Z,78.738642975,84.78,1.0,0.0,116.32,76.55,336.00:00:00,True,762 885
DG,long,33,2021-04-01T20:00:00Z,185.453746838,2022-02-01T21:00:00Z,193.025602,249.87,1.0,-149.61,1137.79,1033.52,306.01:00:00,True,790 892
DG,long,3,2021-06-01T20:00:00Z,184.848196687,2022-02-01T21:00:00Z,193.025602,24.53,1.0,-11.78,105.25,93.96,245.01:00:00,True,812 892
DG,long,1,2021-09-01T20:00:00Z,204.773231091,2022-02-01T21:00:00Z,193.025602,-11.75,1.0,-23.85,15.16,31.32,153.01:00:00,False,843 892
DE,long,3,2022-01-03T21:00:00Z,329.813878223,2022-02-01T21:00:00Z,355.974031884,78.48,2.0,0.0,95.52,56.18,29.00:00:00,True,887 893
PM,long,12,2021-02-01T21:00:00Z,61.781776958,2022-02-01T21:00:00Z,84.923899375,277.71,1.0,0.0,280.37,183.71,365.00:00:00,True,762 894
T,long,52,2022-01-03T21:00:00Z,14.675303257431102,2022-02-01T21:00:00Z,14.378811221714082,-15.42,3.865,-24.76,73.38,98.13,29.00:00:00,False,886 895
CVS,long,7,2020-03-02T21:00:00Z,51.920639997,2022-02-01T21:00:00Z,91.03598296,273.81,1.0,-66.58,291.8,78.85,701.00:00:00,True,599 896
VZ,long,6,2016-09-01T20:00:00Z,30.691418616,2022-02-01T21:00:00Z,39.72024784,54.17,1.0,-26.65,77.29,46.9,1979.01:00:00,True,96 897
VZ,long,9,2016-11-01T20:00:00Z,28.148653708,2022-02-01T21:00:00Z,39.72024784,104.14,1.0,-17.1,138.83,70.35,1918.01:00:00,True,119 897
FISV,long,4,2021-12-01T21:00:00Z,95.55,2022-02-01T21:00:00Z,108.66,52.44,2.0,0.0,55.68,38.0,62.00:00:00,True,872 898
VZ,long,3,2016-11-01T20:00:00Z,28.148653708,2022-03-01T21:00:00Z,40.026362532,35.63,1.0,-5.7,46.28,23.45,1946.01:00:00,True,119 905
VZ,long,10,2017-02-01T21:00:00Z,28.886429856,2022-03-01T21:00:00Z,40.026362532,111.4,1.0,-26.37,146.87,78.17,1854.00:00:00,True,153 905
VZ,long,12,2017-05-01T20:00:00Z,27.71601624,2022-03-01T21:00:00Z,40.026362532,147.72,1.0,-17.6,190.29,93.8,1765.01:00:00,True,191 905
VZ,long,10,2017-07-03T17:00:00Z,27.18441,2022-03-01T21:00:00Z,40.026362532,128.42,1.0,-9.35,163.89,78.17,1702.04:00:00,True,214 905
VZ,long,21,2018-03-01T21:00:00Z,30.04240778,2022-03-01T21:00:00Z,40.026362532,209.66,1.0,-79.66,284.16,164.15,1461.00:00:00,True,310 905
VZ,long,11,2018-06-01T20:00:00Z,30.325280594,2022-03-01T21:00:00Z,40.026362532,106.71,1.0,-44.84,145.73,85.98,1369.01:00:00,True,348 905
VZ,long,19,2019-02-01T21:00:00Z,35.75809232,2022-03-01T21:00:00Z,40.026362532,81.1,1.0,-180.67,148.5,148.51,1124.00:00:00,True,447 905
VZ,long,12,2019-08-01T20:00:00Z,36.974598375,2022-03-01T21:00:00Z,40.026362532,36.62,1.0,-128.7,79.19,93.8,943.01:00:00,True,509 905
VZ,long,12,2020-01-02T21:00:00Z,41.287972114,2022-03-01T21:00:00Z,40.026362532,-15.14,1.0,-180.47,27.43,87.81,789.00:00:00,False,571 905
VZ,long,10,2020-05-01T20:00:00Z,39.2559916775,2022-03-01T21:00:00Z,40.026362532,7.7,1.0,-130.07,43.18,68.57,669.01:00:00,True,641 905
VZ,long,7,2020-07-01T20:00:00Z,37.753981265,2022-03-01T21:00:00Z,40.026362532,15.91,1.0,-80.53,40.74,48.0,608.01:00:00,True,669 905
VZ,long,8,2020-12-01T21:00:00Z,42.755177062,2022-03-01T21:00:00Z,40.026362532,-21.83,1.0,-132.05,6.55,54.86,455.00:00:00,False,738 905
VZ,long,8,2021-01-04T21:00:00Z,41.534205515,2022-03-01T21:00:00Z,40.026362532,-12.06,1.0,-122.28,16.32,49.57,421.00:00:00,False,757 905
VZ,long,7,2021-02-01T21:00:00Z,38.718645924,2022-03-01T21:00:00Z,40.026362532,9.15,1.0,-87.29,33.99,43.37,393.00:00:00,True,765 905
VZ,long,7,2021-04-01T20:00:00Z,41.58616539,2022-03-01T21:00:00Z,40.026362532,-10.92,1.0,-107.36,13.91,43.37,334.01:00:00,False,793 905
VZ,long,16,2021-06-01T20:00:00Z,40.648931332,2022-03-01T21:00:00Z,40.026362532,-9.96,1.0,-230.4,46.8,73.99,273.01:00:00,False,811 905
VZ,long,9,2021-11-01T20:00:00Z,39.062957055,2022-03-01T21:00:00Z,40.026362532,8.67,1.0,-115.32,40.6,21.64,120.01:00:00,True,863 905
VZ,long,15,2022-01-03T21:00:00Z,38.686713276,2022-03-01T21:00:00Z,40.026362532,20.09,1.0,-186.56,73.31,36.06,57.00:00:00,True,891 905
FCX,long,47,2021-04-01T20:00:00Z,31.684934848,2022-03-01T21:00:00Z,45.32079576,640.89,1.0,-139.3,640.89,630.69,334.01:00:00,True,789 906
NOC,long,5,2021-01-04T21:00:00Z,268.178631628,2022-03-01T21:00:00Z,424.06517796,779.43,1.0,-37.08,779.43,272.61,421.00:00:00,True,755 907
BDX,long,5,2021-12-01T21:00:00Z,169.4464481141703,2022-03-01T21:00:00Z,190.95867182222997,107.56,2.0,0.0,128.14,47.28,90.00:00:00,True,873 908
MU,long,8,2021-09-01T20:00:00Z,71.887121756,2022-03-01T21:00:00Z,84.32272979,99.48,1.0,-56.54,186.29,145.77,181.01:00:00,True,838 909
TYC,long,118,2022-02-01T21:00:00Z,65.765446061,2022-04-01T20:00:00Z,60.800237932,-585.89,2.0,-1302.87,1.07,1303.94,58.23:00:00,False,899 920
TYC,long,13,2022-03-01T21:00:00Z,56.916078198,2022-04-01T20:00:00Z,60.800237932,50.49,1.0,-28.49,115.16,52.85,30.23:00:00,True,913 920
REGN,long,2,2021-03-01T21:00:00Z,458.72113077,2022-04-01T20:00:00Z,688.334312262,459.23,1.0,-32.33,466.36,272.39,395.23:00:00,True,778 921
DE,long,2,2022-01-03T21:00:00Z,329.813878223,2022-04-01T20:00:00Z,393.63879912,127.65,1.0,-23.72,162.67,109.05,87.23:00:00,True,887 922
EMR,long,8,2021-12-01T21:00:00Z,79.034888229,2022-04-01T20:00:00Z,90.097142226,88.5,2.0,0.0,93.19,61.48,120.23:00:00,True,871 923
FCX,long,8,2021-04-01T20:00:00Z,31.684934848,2022-04-01T20:00:00Z,48.216028224,132.25,1.0,-23.71,139.59,107.35,365.00:00:00,True,789 924
TGT,long,2,2021-03-01T21:00:00Z,158.15585839,2022-04-01T20:00:00Z,181.51038035,46.71,1.0,-27.61,141.21,130.05,395.23:00:00,True,777 925
TGT,long,7,2021-03-01T21:00:00Z,158.15585839,2022-05-02T20:00:00Z,198.2496614,280.66,1.0,-96.64,494.24,455.18,426.23:00:00,True,777 934
PM,long,13,2021-02-01T21:00:00Z,61.781776958,2022-05-02T20:00:00Z,82.171352665,265.06,1.0,0.0,393.34,246.25,454.23:00:00,True,762 935
T,long,71,2022-01-03T21:00:00Z,14.675303257431102,2022-05-02T20:00:00Z,15.1202394,31.59,1.0,-85.43,100.19,185.62,118.23:00:00,True,886 936
FISV,long,5,2021-12-01T21:00:00Z,95.55,2022-05-02T20:00:00Z,97.13,7.9,1.0,-14.75,69.6,84.35,151.23:00:00,True,872 937
LOW,long,2,2021-04-01T20:00:00Z,172.377971256,2022-05-02T20:00:00Z,186.299719074,27.84,1.0,-13.88,131.4,114.4,396.00:00:00,True,791 938
COP,long,16,2022-04-01T20:00:00Z,84.495528024,2022-06-01T20:00:00Z,97.676181525,210.89,2.0,-124.47,210.89,163.31,61.00:00:00,True,926 946
NOC,long,2,2021-01-04T21:00:00Z,268.178631628,2022-06-01T20:00:00Z,433.246224375,330.14,1.0,-14.83,352.4,109.04,512.23:00:00,True,755 947
T,long,48,2022-01-03T21:00:00Z,14.675303257431102,2022-06-01T20:00:00Z,16.78093515,101.07,1.0,-57.76,104.87,125.49,148.23:00:00,True,886 948
FDX,long,6,2021-08-02T20:00:00Z,161.6967369012883,2022-06-01T20:00:00Z,129.2292168417588,-194.81,1.0,-271.61,19.32,290.93,303.00:00:00,False,829 949
BDX,long,3,2021-12-01T21:00:00Z,169.4464481141703,2022-06-01T20:00:00Z,181.91232339702083,37.4,1.0,0.0,89.54,64.78,181.23:00:00,True,873 950
MMM,long,5,2021-01-04T21:00:00Z,98.54008359818872,2022-06-01T20:00:00Z,88.33424318809665,-51.03,2.0,-71.75,107.23,178.99,512.23:00:00,False,753 951
MU,long,6,2021-09-01T20:00:00Z,71.887121756,2022-06-01T20:00:00Z,71.996425415,0.66,1.0,-42.4,139.72,180.64,273.00:00:00,True,838 952
PM,long,4,2021-02-01T21:00:00Z,61.781776958,2022-06-01T20:00:00Z,88.16518472,105.53,1.0,0.0,121.03,75.77,484.23:00:00,True,762 953
FDX,long,7,2021-08-02T20:00:00Z,161.6967369012883,2022-07-01T20:00:00Z,132.81818215081765,-202.15,1.0,-316.88,22.54,339.42,333.00:00:00,False,829 960
NOC,long,2,2021-01-04T21:00:00Z,268.178631628,2022-07-01T20:00:00Z,453.888995475,371.42,1.0,-14.83,382.04,109.04,542.23:00:00,True,755 961
T,long,45,2022-01-03T21:00:00Z,14.675303257431102,2022-07-01T20:00:00Z,16.8560618625,98.13,1.0,-54.15,98.31,117.64,178.23:00:00,True,886 962
CVS,long,9,2020-03-02T21:00:00Z,51.920639997,2022-07-01T20:00:00Z,80.890710054,260.73,1.0,-85.6,387.19,167.38,850.23:00:00,True,599 963
BDX,long,3,2021-12-01T21:00:00Z,169.4464481141703,2022-07-01T20:00:00Z,182.81843469240445,40.12,1.0,0.0,89.54,86.58,211.23:00:00,True,873 964
PM,long,4,2021-02-01T21:00:00Z,61.781776958,2022-07-01T20:00:00Z,83.13003234,85.39,1.0,0.0,121.03,75.77,514.23:00:00,True,762 965
FDX,long,30,2021-08-02T20:00:00Z,161.6967369012883,2022-08-01T20:00:00Z,141.18725413554563,-615.28,1.0,-1358.04,96.61,1454.65,364.00:00:00,False,829 973
FDX,long,3,2021-09-01T20:00:00Z,155.7068845747378,2022-08-01T20:00:00Z,141.18725413554563,-43.56,1.0,-117.83,27.63,121.2,334.00:00:00,False,840 973
FDX,long,7,2021-10-01T20:00:00Z,130.66390026575476,2022-08-01T20:00:00Z,141.18725413554563,73.66,1.0,-99.65,239.77,277.18,304.00:00:00,True,849 973
FDX,long,6,2022-03-01T21:00:00Z,126.5767124450937,2022-08-01T20:00:00Z,141.18725413554563,87.66,1.0,-60.89,230.04,147.37,152.23:00:00,True,912 973
FDX,long,2,2022-05-02T20:00:00Z,116.42862765809167,2022-08-01T20:00:00Z,141.18725413554563,49.52,1.0,0.0,96.98,34.39,91.00:00:00,True,945 973
F,long,131,2022-03-01T21:00:00Z,12.64980244,2022-08-01T20:00:00Z,11.689322757,-125.82,3.925,-551.35,138.42,689.78,152.23:00:00,False,910 974
NFLX,long,63,2021-05-03T20:00:00Z,50.911,2022-08-01T20:00:00Z,22.621,-1782.27,1.0,-2159.26,1150.25,3309.52,455.00:00:00,False,801 975
HCA,long,3,2019-03-01T21:00:00Z,129.723182428,2022-08-01T20:00:00Z,203.718243183,221.99,1.0,-195.22,405.67,313.85,1248.23:00:00,True,462 976
HCA,long,3,2019-04-01T20:00:00Z,123.643140152,2022-08-01T20:00:00Z,203.718243183,240.23,1.0,-176.98,423.91,313.85,1218.00:00:00,True,471 976
FISV,long,7,2021-12-01T21:00:00Z,95.55,2022-08-01T20:00:00Z,106.13,74.06,1.0,-50.19,97.44,147.63,242.23:00:00,True,872 977
EMR,long,4,2021-12-01T21:00:00Z,79.034888229,2022-08-01T20:00:00Z,82.294817346,13.04,1.0,-30.14,46.59,76.74,242.23:00:00,True,871 978
DE,long,1,2022-01-03T21:00:00Z,329.813878223,2022-08-01T20:00:00Z,320.568779145,-9.25,1.0,-55.74,84.27,140.01,209.23:00:00,False,887 979
COP,long,10,2022-04-01T20:00:00Z,84.495528024,2022-09-01T20:00:00Z,91.855040063,73.6,1.0,-150.94,190.54,341.48,153.00:00:00,True,926 988
MPC,long,9,2022-08-01T20:00:00Z,82.613057624,2022-09-01T20:00:00Z,89.042673976,57.87,2.0,-1.23,134.15,76.28,31.00:00:00,True,980 989
DE,long,2,2022-01-03T21:00:00Z,329.813878223,2022-09-01T20:00:00Z,344.815946035,30.0,1.0,-111.48,168.54,280.02,240.23:00:00,True,887 990
F,long,37,2022-03-01T21:00:00Z,12.64980244,2022-09-01T20:00:00Z,11.694238793,-35.36,1.0,-155.73,39.1,194.82,183.23:00:00,False,910 991
BDX,long,34,2021-12-01T21:00:00Z,169.4464481141703,2022-10-03T20:00:00Z,168.1217375598868,-45.04,1.0,-241.95,1014.79,1256.74,305.23:00:00,False,873 1000
BDX,long,2,2022-04-01T20:00:00Z,189.9442517570325,2022-10-03T20:00:00Z,168.1217375598868,-43.65,1.0,-55.23,18.7,73.93,185.00:00:00,False,933 1000
BDX,long,4,2022-08-01T20:00:00Z,177.71432986362126,2022-10-03T20:00:00Z,168.1217375598868,-38.37,1.0,-61.54,86.32,128.36,63.00:00:00,False,985 1000
REGN,long,3,2021-03-01T21:00:00Z,458.72113077,2022-10-03T20:00:00Z,728.257563682,808.61,1.0,-48.5,819.64,566.13,580.23:00:00,True,778 1001
NFLX,long,39,2021-05-03T20:00:00Z,50.911,2022-10-03T20:00:00Z,23.904,-1053.27,1.0,-1336.69,712.06,2048.75,518.00:00:00,False,801 1002
NOC,long,2,2021-01-04T21:00:00Z,268.178631628,2022-10-03T20:00:00Z,454.864452169,373.37,1.0,-14.83,393.51,109.04,636.23:00:00,True,755 1003
CVS,long,7,2020-03-02T21:00:00Z,51.920639997,2022-10-03T20:00:00Z,84.669486304,229.24,1.0,-66.58,301.15,130.19,944.23:00:00,True,599 1004
LOW,long,3,2021-04-01T20:00:00Z,172.377971256,2022-10-03T20:00:00Z,179.015553101,19.91,1.0,-44.1,197.1,241.2,550.00:00:00,True,791 1005
MPC,long,4,2022-08-01T20:00:00Z,82.613057624,2022-10-03T20:00:00Z,94.591736854,47.91,1.0,-0.86,59.62,60.48,63.00:00:00,True,980 1006
COP,long,7,2022-04-01T20:00:00Z,84.495528024,2022-11-01T20:00:00Z,112.248417668,194.27,1.0,-105.66,194.27,239.04,214.00:00:00,True,926 1015
MRNA,long,5,2022-10-03T20:00:00Z,120.99,2022-11-01T20:00:00Z,154.62,168.15,2.0,-13.05,168.15,104.35,29.00:00:00,True,1007 1016
NFLX,long,9,2021-06-01T20:00:00Z,49.908,2022-11-01T20:00:00Z,28.675,-191.1,2.0,-299.44,173.35,472.79,518.00:00:00,False,813 1017
NFLX,long,7,2021-12-01T21:00:00Z,61.777,2022-11-01T20:00:00Z,28.675,-231.71,1.0,-315.98,51.74,323.2,334.23:00:00,False,876 1017
NFLX,long,5,2022-01-03T21:00:00Z,59.737,2022-11-01T20:00:00Z,28.675,-155.31,1.0,-215.5,47.16,215.5,301.23:00:00,False,888 1017
T,long,28,2022-01-03T21:00:00Z,14.675303257431102,2022-11-01T20:00:00Z,14.960857491,8.0,1.0,-76.95,61.17,138.12,301.23:00:00,True,886 1018
FCX,long,39,2021-04-01T20:00:00Z,31.684934848,2022-12-01T21:00:00Z,37.702636302,234.69,1.0,-305.8,680.51,986.31,609.01:00:00,True,789 1025
MRNA,long,5,2022-10-03T20:00:00Z,120.99,2022-12-01T21:00:00Z,181.48,302.45,1.0,-13.05,322.4,104.35,59.01:00:00,True,1007 1026
HCA,long,1,2019-04-01T20:00:00Z,123.643140152,2022-12-01T21:00:00Z,230.958028071,107.31,1.0,-58.99,141.3,104.62,1340.01:00:00,True,471 1027
HCA,long,2,2019-08-01T20:00:00Z,121.754607138,2022-12-01T21:00:00Z,230.958028071,218.41,1.0,-114.21,286.39,209.23,1218.01:00:00,True,511 1027
EMR,long,7,2021-12-01T21:00:00Z,79.034888229,2022-12-01T21:00:00Z,89.14584098,70.78,1.0,-79.37,81.54,160.9,365.00:00:00,True,871 1028
DE,long,2,2022-01-03T21:00:00Z,329.813878223,2023-01-03T21:00:00Z,404.629504554,149.63,1.0,-111.48,187.92,280.02,365.00:00:00,True,887 1034
PM,long,9,2021-02-01T21:00:00Z,61.781776958,2023-01-03T21:00:00Z,86.74518561,224.67,1.0,0.0,272.31,196.65,701.00:00:00,True,762 1035
MRNA,long,3,2022-10-03T20:00:00Z,120.99,2023-01-03T21:00:00Z,178.99,174.0,1.0,-7.83,267.15,100.62,92.01:00:00,True,1007 1036
NOC,long,1,2021-01-04T21:00:00Z,268.178631628,2023-01-03T21:00:00Z,507.697255947,239.52,1.0,-7.42,245.97,63.0,729.00:00:00,True,755 1037
EMR,long,5,2021-12-01T21:00:00Z,79.034888229,2023-01-03T21:00:00Z,89.52792121,52.47,1.0,-56.69,62.02,114.93,398.00:00:00,True,871 1038
INTC,long,13,2018-02-01T21:00:00Z,40.004619445,2023-02-01T21:00:00Z,28.031555646,-155.65,1.505,-210.35,287.05,497.4,1826.00:00:00,False,294 1043
INTC,long,12,2018-07-02T20:00:00Z,42.67629006,2023-02-01T21:00:00Z,28.031555646,-175.74,1.0,-226.23,232.91,459.14,1675.01:00:00,False,359 1043
INTC,long,14,2018-08-01T20:00:00Z,41.494615893,2023-02-01T21:00:00Z,28.031555646,-188.48,1.0,-247.39,288.27,535.66,1645.01:00:00,False,374 1043
INTC,long,15,2019-02-01T21:00:00Z,41.94083894,2023-02-01T21:00:00Z,28.031555646,-208.64,1.0,-271.76,302.16,573.92,1461.00:00:00,False,449 1043
INTC,long,8,2019-05-01T20:00:00Z,43.96493646,2023-02-01T21:00:00Z,28.031555646,-127.47,1.0,-161.13,144.96,306.09,1372.01:00:00,False,480 1043
INTC,long,7,2019-07-01T20:00:00Z,41.872591095,2023-02-01T21:00:00Z,28.031555646,-96.89,1.0,-126.34,141.49,267.83,1311.01:00:00,False,502 1043
INTC,long,5,2020-05-01T20:00:00Z,50.946827421,2023-02-01T21:00:00Z,28.031555646,-114.58,1.0,-135.62,55.69,191.31,1006.01:00:00,False,646 1043
INTC,long,30,2020-08-03T20:00:00Z,43.05954177,2023-02-01T21:00:00Z,28.031555646,-450.84,1.0,-577.07,570.77,1147.84,912.01:00:00,False,678 1043
INTC,long,16,2020-11-02T21:00:00Z,39.90420603,2023-02-01T21:00:00Z,28.031555646,-189.96,1.0,-257.29,354.89,612.18,821.00:00:00,False,713 1043
INTC,long,20,2021-05-03T20:00:00Z,52.080163058,2023-02-01T21:00:00Z,28.031555646,-480.97,1.0,-565.13,200.1,588.56,639.01:00:00,False,802 1043
INTC,long,6,2021-06-01T20:00:00Z,52.061870858,2023-02-01T21:00:00Z,28.031555646,-144.18,1.0,-169.43,60.14,176.57,610.01:00:00,False,816 1043
INTC,long,11,2021-08-02T20:00:00Z,49.124296496,2023-02-01T21:00:00Z,28.031555646,-232.02,1.0,-278.31,142.57,308.34,548.01:00:00,False,830 1043
INTC,long,14,2021-11-01T20:00:00Z,45.63903832,2023-02-01T21:00:00Z,28.031555646,-246.5,1.0,-305.41,230.24,392.43,457.01:00:00,False,860 1043
INTC,long,7,2022-05-02T20:00:00Z,42.01653624,2023-02-01T21:00:00Z,28.031555646,-97.89,1.0,-127.35,140.48,137.69,275.01:00:00,False,944 1043
INTC,long,7,2022-07-01T20:00:00Z,34.229325558,2023-02-01T21:00:00Z,28.031555646,-43.38,1.0,-72.84,194.99,100.99,215.01:00:00,False,972 1043
INTC,long,24,2022-08-01T20:00:00Z,34.813315152,2023-02-01T21:00:00Z,28.031555646,-162.76,1.0,-263.75,654.52,263.75,184.01:00:00,False,983 1043
INTC,long,24,2022-09-01T20:00:00Z,30.217346928,2023-02-01T21:00:00Z,28.031555646,-52.46,1.0,-153.45,764.83,153.45,153.01:00:00,False,993 1043
INTC,long,35,2022-10-03T20:00:00Z,25.660007766,2023-02-01T21:00:00Z,28.031555646,83.0,1.0,-64.27,1274.88,174.49,121.01:00:00,True,1009 1043
INTC,long,33,2023-01-03T21:00:00Z,25.775145594,2023-02-01T21:00:00Z,28.031555646,74.46,1.0,-64.4,1198.23,74.46,29.00:00:00,True,1039 1043
LOW,long,27,2021-04-01T20:00:00Z,172.377971256,2023-02-01T21:00:00Z,199.186963524,723.84,1.0,-396.92,1773.87,2170.8,671.01:00:00,True,791 1044
LOW,long,2,2021-06-01T20:00:00Z,173.428796426,2023-02-01T21:00:00Z,199.186963524,51.52,1.0,-31.5,129.3,160.8,610.01:00:00,True,815 1044
LOW,long,2,2022-02-01T21:00:00Z,217.812790083,2023-02-01T21:00:00Z,199.186963524,-37.25,1.0,-120.27,40.53,121.68,365.00:00:00,False,902 1044
LOW,long,2,2022-03-01T21:00:00Z,202.44862995,2023-02-01T21:00:00Z,199.186963524,-6.52,1.0,-89.54,71.26,115.54,337.00:00:00,False,918 1044
LOW,long,4,2022-04-01T20:00:00Z,185.009714106,2023-02-01T21:00:00Z,199.186963524,56.71,1.0,-109.33,212.27,137.77,306.01:00:00,True,928 1044
LOW,long,4,2022-11-01T20:00:00Z,179.59953536,2023-02-01T21:00:00Z,199.186963524,78.35,1.0,-87.69,233.91,61.39,92.01:00:00,True,1021 1044
NOC,long,8,2021-01-04T21:00:00Z,268.178631628,2023-02-01T21:00:00Z,415.860175281,1181.45,1.0,-59.32,1967.73,823.41,758.00:00:00,True,755 1045
NOC,long,1,2021-02-01T21:00:00Z,265.949571893,2023-02-01T21:00:00Z,415.860175281,149.91,1.0,-5.19,248.19,102.93,730.00:00:00,True,767 1045
NOC,long,1,2021-03-01T21:00:00Z,268.284448098,2023-02-01T21:00:00Z,415.860175281,147.58,1.0,-7.52,245.86,102.93,702.00:00:00,True,783 1045
NOC,long,1,2021-08-02T20:00:00Z,332.206100048,2023-02-01T21:00:00Z,415.860175281,83.65,1.0,-71.44,181.94,102.93,548.01:00:00,True,832 1045
NOC,long,2,2022-08-01T20:00:00Z,443.866239525,2023-02-01T21:00:00Z,415.860175281,-56.01,1.0,-366.21,140.56,205.85,184.01:00:00,False,982 1045
NOC,long,2,2022-12-01T21:00:00Z,498.27300877,2023-02-01T21:00:00Z,415.860175281,-164.83,1.0,-475.02,31.74,202.88,62.00:00:00,False,1029 1045
PM,long,50,2021-02-01T21:00:00Z,61.781776958,2023-02-01T21:00:00Z,90.247533183,1423.29,1.0,0.0,1512.84,1092.5,730.00:00:00,True,762 1046
PM,long,12,2021-12-01T21:00:00Z,70.491278277,2023-02-01T21:00:00Z,90.247533183,237.08,1.0,-104.51,258.57,262.2,427.00:00:00,True,874 1046
PM,long,8,2022-04-01T20:00:00Z,80.67914691,2023-02-01T21:00:00Z,90.247533183,76.55,1.0,-151.18,90.88,162.55,306.01:00:00,True,929 1046
PM,long,9,2022-08-01T20:00:00Z,82.09632556,2023-02-01T21:00:00Z,90.247533183,73.36,1.0,-182.83,89.48,131.48,184.01:00:00,True,984 1046
PM,long,5,2022-10-03T20:00:00Z,71.896572308,2023-02-01T21:00:00Z,90.247533183,91.75,1.0,-50.57,100.71,18.11,121.01:00:00,True,1011 1046
PM,long,4,2022-11-01T20:00:00Z,77.553258992,2023-02-01T21:00:00Z,90.247533183,50.78,1.0,-63.09,57.94,14.49,92.01:00:00,True,1023 1046
MU,long,20,2021-09-01T20:00:00Z,71.887121756,2023-02-01T21:00:00Z,61.66725374,-204.4,1.0,-478.92,465.73,944.64,518.01:00:00,False,838 1047
NFLX,long,12,2022-01-03T21:00:00Z,59.737,2023-02-01T21:00:00Z,36.199,-282.46,1.0,-517.2,113.18,517.2,394.00:00:00,False,888 1048
NFLX,long,17,2022-02-01T21:00:00Z,45.713,2023-02-01T21:00:00Z,36.199,-161.74,1.0,-494.29,398.75,494.29,365.00:00:00,False,900 1048
FCX,long,23,2021-04-01T20:00:00Z,31.684934848,2023-02-01T21:00:00Z,42.8514762775,256.83,1.0,-180.35,401.32,581.67,671.01:00:00,True,789 1049
F,long,78,2022-03-01T21:00:00Z,12.64980244,2023-02-01T21:00:00Z,10.73871564,-149.06,1.0,-328.29,82.42,410.71,337.00:00:00,False,910 1050
TGT,long,5,2021-03-01T21:00:00Z,158.15585839,2023-02-01T21:00:00Z,155.273146948,-14.41,1.0,-187.47,353.03,540.5,702.00:00:00,False,777 1051
MPC,long,4,2022-08-01T20:00:00Z,82.613057624,2023-02-01T21:00:00Z,113.870797959,125.03,1.0,-0.86,170.89,73.23,184.01:00:00,True,980 1052
T,long,25,2022-01-03T21:00:00Z,14.675303257431102,2023-02-01T21:00:00Z,16.702835694,50.69,1.0,-68.71,55.45,123.32,394.00:00:00,True,886 1053
CVS,long,34,2020-03-02T21:00:00Z,51.920639997,2023-03-01T21:00:00Z,72.354378246,694.75,1.0,-323.4,1462.74,767.99,1094.00:00:00,True,599 1063
CVS,long,11,2020-05-01T20:00:00Z,48.822735353,2023-03-01T21:00:00Z,72.354378246,258.85,1.0,-70.55,507.32,248.47,1034.01:00:00,True,639 1063
CVS,long,5,2020-08-03T20:00:00Z,52.623852158,2023-03-01T21:00:00Z,72.354378246,98.65,1.0,-51.07,211.59,112.94,940.01:00:00,True,684 1063
CVS,long,5,2020-09-01T20:00:00Z,49.673752084,2023-03-01T21:00:00Z,72.354378246,113.4,1.0,-36.32,226.34,112.94,911.01:00:00,True,696 1063
CVS,long,9,2021-03-01T21:00:00Z,57.958394032,2023-03-01T21:00:00Z,72.354378246,129.56,1.0,-139.94,332.86,203.29,730.00:00:00,True,781 1063
CVS,long,5,2021-08-02T20:00:00Z,69.81536211,2023-03-01T21:00:00Z,72.354378246,12.7,1.0,-137.03,125.63,112.94,576.01:00:00,True,831 1063
CVS,long,6,2022-04-01T20:00:00Z,86.59854632,2023-03-01T21:00:00Z,72.354378246,-85.47,1.0,-265.14,50.06,118.94,334.01:00:00,False,930 1063
CVS,long,4,2022-08-01T20:00:00Z,83.162480308,2023-03-01T21:00:00Z,72.354378246,-43.23,1.0,-163.01,47.12,79.3,212.01:00:00,False,987 1063
CVS,long,12,2022-11-01T20:00:00Z,82.444648494,2023-03-01T21:00:00Z,72.354378246,-121.08,1.0,-480.43,149.97,216.96,120.01:00:00,False,1019 1063
CVS,long,13,2023-02-01T21:00:00Z,76.758634082,2023-03-01T21:00:00Z,72.354378246,-57.26,1.0,-446.54,236.39,86.68,28.00:00:00,False,1058 1063
REGN,long,5,2021-03-01T21:00:00Z,458.72113077,2023-03-01T21:00:00Z,763.237464616,1522.58,1.0,-80.84,1585.44,943.55,730.00:00:00,True,778 1064
REGN,long,1,2021-04-01T20:00:00Z,470.490069402,2023-03-01T21:00:00Z,763.237464616,292.75,1.0,-27.94,305.32,188.71,699.01:00:00,True,792 1064
REGN,long,1,2021-10-01T20:00:00Z,565.453912606,2023-03-01T21:00:00Z,763.237464616,197.78,1.0,-122.9,210.35,188.71,516.01:00:00,True,851 1064
REGN,long,1,2022-01-03T21:00:00Z,621.23749294,2023-03-01T21:00:00Z,763.237464616,142.0,1.0,-178.68,154.57,188.71,422.00:00:00,True,890 1064
REGN,long,1,2022-08-01T20:00:00Z,571.288849352,2023-03-01T21:00:00Z,763.237464616,191.95,1.0,-128.74,204.52,85.1,212.01:00:00,True,986 1064
REGN,long,1,2022-11-01T20:00:00Z,752.805905374,2023-03-01T21:00:00Z,763.237464616,10.43,1.0,-310.25,23.0,85.1,120.01:00:00,True,1020 1064
F,long,339,2022-03-01T21:00:00Z,12.64980244,2023-03-01T21:00:00Z,9.702696474,-999.07,3.86,-1426.78,358.21,1784.99,365.00:00:00,False,910 1065
F,long,31,2022-04-01T20:00:00Z,12.61192878,2023-03-01T21:00:00Z,9.702696474,-90.19,1.0,-129.3,33.93,129.3,334.01:00:00,False,932 1065
F,long,57,2022-05-02T20:00:00Z,10.888684212,2023-03-01T21:00:00Z,9.702696474,-67.6,1.0,-139.52,160.61,235.75,303.01:00:00,False,941 1065
F,long,36,2022-06-01T20:00:00Z,10.332049795,2023-03-01T21:00:00Z,9.702696474,-22.66,1.0,-68.08,121.48,148.9,273.01:00:00,False,955 1065
F,long,62,2022-07-01T20:00:00Z,8.6278334635,2023-03-01T21:00:00Z,9.702696474,66.64,1.0,-11.58,314.88,256.43,243.01:00:00,True,971 1065
F,long,158,2022-10-03T20:00:00Z,8.829400577,2023-03-01T21:00:00Z,9.702696474,137.98,1.0,-61.36,770.58,420.48,149.01:00:00,True,1008 1065
F,long,89,2023-01-03T21:00:00Z,9.085109065,2023-03-01T21:00:00Z,9.702696474,54.97,1.0,-57.32,411.3,160.77,57.00:00:00,True,1040 1065
T,long,304,2022-01-03T21:00:00Z,14.675303257431102,2023-03-01T21:00:00Z,15.437093316,231.58,2.41,-835.46,674.21,1499.61,422.00:00:00,True,886 1066
T,long,37,2022-03-01T21:00:00Z,13.854767733289613,2023-03-01T21:00:00Z,15.437093316,58.55,1.0,-71.32,112.42,182.52,365.00:00:00,True,916 1066
T,long,82,2022-08-01T20:00:00Z,15.000734736,2023-03-01T21:00:00Z,15.437093316,35.78,1.0,-252.04,155.17,252.04,212.01:00:00,True,981 1066
T,long,28,2022-09-01T20:00:00Z,14.02312275,2023-03-01T21:00:00Z,15.437093316,39.59,1.0,-58.69,80.36,58.69,181.01:00:00,True,997 1066
T,long,31,2022-10-03T20:00:00Z,12.74100867,2023-03-01T21:00:00Z,15.437093316,83.58,1.0,-25.23,128.72,45.14,149.01:00:00,True,1010 1066
FISV,long,11,2021-12-01T21:00:00Z,95.55,2023-03-01T21:00:00Z,115.81,222.86,1.0,-78.87,244.09,231.99,455.00:00:00,True,872 1067
HCA,long,1,2019-08-01T20:00:00Z,121.754607138,2023-03-01T21:00:00Z,237.15148884,115.4,1.0,-57.1,143.19,104.62,1308.01:00:00,True,511 1068
HCA,long,1,2019-09-03T20:00:00Z,113.125111056,2023-03-01T21:00:00Z,237.15148884,124.03,1.0,-48.47,151.82,104.62,1275.01:00:00,True,525 1068
EPD,long,22,2023-02-01T21:00:00Z,20.152767768,2023-03-01T21:00:00Z,20.105681862,-1.04,3.02,-2.59,18.99,21.58,28.00:00:00,False,1055 1069
DE,long,1,2022-01-03T21:00:00Z,329.813878223,2023-03-01T21:00:00Z,400.29987635,70.49,1.0,-55.74,93.96,140.01,422.00:00:00,True,887 1070
TGT,long,19,2021-03-01T21:00:00Z,158.15585839,2023-04-03T20:00:00Z,146.51441676,-221.19,1.0,-712.37,1341.51,2053.88,762.23:00:00,False,777 1079
TGT,long,1,2021-10-01T20:00:00Z,195.45556116,2023-04-03T20:00:00Z,146.51441676,-48.94,1.0,-74.79,33.31,108.1,549.00:00:00,False,854 1079
TGT,long,2,2021-12-01T21:00:00Z,206.290148064,2023-04-03T20:00:00Z,146.51441676,-119.55,1.0,-171.25,44.94,188.69,487.23:00:00,False,877 1079
TGT,long,4,2022-01-03T21:00:00Z,199.163074184,2023-04-03T20:00:00Z,146.51441676,-210.59,1.0,-314.0,118.4,377.37,454.23:00:00,False,889 1079
TGT,long,5,2022-03-01T21:00:00Z,189.32376965,2023-04-03T20:00:00Z,146.51441676,-214.05,1.0,-343.3,197.19,471.72,397.23:00:00,False,911 1079
TGT,long,16,2022-06-01T20:00:00Z,135.56597538,2023-04-03T20:00:00Z,146.51441676,175.18,1.0,-238.45,1491.13,528.18,306.00:00:00,True,954 1079
TGT,long,3,2022-12-01T21:00:00Z,144.750909748,2023-04-03T20:00:00Z,146.51441676,5.29,1.0,-72.26,252.03,63.03,122.23:00:00,True,1032 1079
TGT,long,3,2023-01-03T21:00:00Z,133.01861527,2023-04-03T20:00:00Z,146.51441676,40.49,1.0,-37.07,287.23,63.03,89.23:00:00,True,1042 1079
MRNA,long,5,2022-10-03T20:00:00Z,120.99,2023-04-03T20:00:00Z,159.48,192.45,1.0,-13.05,445.25,371.9,182.00:00:00,True,1007 1080
MPC,long,6,2022-08-01T20:00:00Z,82.613057624,2023-04-03T20:00:00Z,126.339870528,262.36,1.0,-1.29,262.36,109.84,245.00:00:00,True,980 1081
HCA,long,2,2019-09-03T20:00:00Z,113.125111056,2023-04-03T20:00:00Z,257.053620512,287.86,1.0,-96.95,303.64,209.23,1308.00:00:00,True,525 1082
OXY,long,7,2023-02-01T21:00:00Z,59.5862791,2023-04-03T20:00:00Z,61.340389596,12.28,2.0,-42.93,18.65,61.58,60.23:00:00,True,1056 1083
MU,long,15,2021-09-01T20:00:00Z,71.887121756,2023-05-01T20:00:00Z,61.545105145,-155.13,1.0,-359.19,349.29,708.48,607.00:00:00,False,838 1089
FISV,long,7,2021-12-01T21:00:00Z,95.55,2023-05-01T20:00:00Z,121.44,181.23,1.0,-50.19,185.99,147.63,515.23:00:00,True,872 1090
HCA,long,3,2019-10-01T20:00:00Z,110.371482144,2023-05-01T20:00:00Z,276.369619782,497.99,2.0,-137.16,507.69,313.85,1308.00:00:00,True,533 1091
XOM,long,6,2023-03-01T21:00:00Z,98.83521054,2023-05-01T20:00:00Z,102.1721909175,20.02,2.0,-59.13,39.19,74.47,60.23:00:00,True,1074 1092
EOG,long,5,2023-02-01T21:00:00Z,111.885224181,2023-05-01T20:00:00Z,105.960575416,-29.62,2.0,-109.31,30.11,139.42,88.23:00:00,False,1057 1093
CVX,long,3,2023-03-01T21:00:00Z,140.234727936,2023-05-01T20:00:00Z,144.690606816,13.37,2.0,-26.81,26.68,37.46,60.23:00:00,True,1071 1094
COP,long,4,2022-04-01T20:00:00Z,84.495528024,2023-05-01T20:00:00Z,91.946802135,29.81,1.0,-60.38,136.17,137.65,395.00:00:00,True,926 1095
EPD,long,17,2023-02-01T21:00:00Z,20.152767768,2023-05-01T20:00:00Z,21.02621091,14.85,1.0,-10.14,17.74,24.81,88.23:00:00,True,1055 1096
VLO,long,64,2023-03-01T21:00:00Z,126.08321865,2023-05-02T20:00:00Z,103.3540233,-1454.67,2.0,-1651.64,108.91,1760.55,61.23:00:00,False,1073 1105
VLO,long,10,2023-05-01T20:00:00Z,104.46740085,2023-05-02T20:00:00Z,103.3540233,-11.13,1.0,-41.91,233.18,41.91,1.00:00:00,False,1097 1105
PSX,long,84,2023-03-01T21:00:00Z,95.189677128,2023-06-01T20:00:00Z,83.50485656,-981.52,2.0,-1144.51,0.0,1144.51,91.23:00:00,False,1072 1107
PSX,long,3,2023-05-01T20:00:00Z,87.34300848,2023-06-01T20:00:00Z,83.50485656,-11.51,1.0,-17.34,23.54,17.34,31.00:00:00,False,1104 1107
NFLX,long,31,2022-02-01T21:00:00Z,45.713,2023-06-01T20:00:00Z,40.313,-167.4,1.0,-901.36,727.14,901.36,484.23:00:00,False,900 1108
NFLX,long,14,2022-03-01T21:00:00Z,38.624,2023-06-01T20:00:00Z,40.313,23.65,1.0,-307.82,427.63,315.63,456.23:00:00,True,915 1108
MU,long,13,2021-09-01T20:00:00Z,71.887121756,2023-06-01T20:00:00Z,68.198096463,-47.96,1.0,-311.3,302.72,614.02,638.00:00:00,False,838 1109
HCA,long,7,2020-04-01T20:00:00Z,79.453975884,2023-07-03T17:00:00Z,290.557749924,1477.73,2.0,-103.62,1515.41,732.32,1187.21:00:00,True,627 1121
HCA,long,3,2020-06-01T20:00:00Z,103.272138964,2023-07-03T17:00:00Z,290.557749924,561.86,1.0,-115.86,578.01,313.85,1126.21:00:00,True,655 1121
HCA,long,4,2020-07-01T20:00:00Z,93.071132864,2023-07-03T17:00:00Z,290.557749924,789.95,1.0,-113.68,811.48,418.47,1096.21:00:00,True,666 1121
HCA,long,3,2021-12-01T21:00:00Z,216.353718042,2023-07-03T17:00:00Z,290.557749924,222.61,1.0,-455.11,238.76,313.85,578.20:00:00,True,875 1121
HCA,long,2,2022-05-02T20:00:00Z,202.995247044,2023-07-03T17:00:00Z,290.557749924,175.13,1.0,-276.69,185.89,117.16,426.21:00:00,True,942 1121
HCA,long,1,2022-06-01T20:00:00Z,199.26888519,2023-07-03T17:00:00Z,290.557749924,91.29,1.0,-134.62,96.67,43.01,396.21:00:00,True,959 1121
HCA,long,4,2022-07-01T20:00:00Z,169.090681578,2023-07-03T17:00:00Z,290.557749924,485.87,1.0,-417.76,507.4,147.11,366.21:00:00,True,968 1121
HCA,long,3,2022-09-01T20:00:00Z,192.649014285,2023-07-03T17:00:00Z,290.557749924,293.73,1.0,-384.0,309.87,110.33,304.21:00:00,True,994 1121
HCA,long,1,2023-06-01T20:00:00Z,260.663814834,2023-07-03T17:00:00Z,290.557749924,29.89,1.0,-196.01,35.28,5.38,31.21:00:00,True,1120 1121
DE,long,2,2022-01-03T21:00:00Z,329.813878223,2023-07-03T17:00:00Z,390.204791095,120.78,1.0,-111.48,187.92,280.02,545.20:00:00,True,887 1122
FCX,long,18,2021-04-01T20:00:00Z,31.684934848,2023-07-03T17:00:00Z,39.117701979,133.79,1.0,-141.14,314.08,455.22,822.21:00:00,True,789 1123
CI,long,2,2023-06-01T20:00:00Z,236.899556173,2023-07-03T17:00:00Z,263.168752077,52.54,2.0,0.0,53.35,15.93,31.21:00:00,True,1111 1124
FISV,long,4,2021-12-01T21:00:00Z,95.55,2023-07-03T17:00:00Z,125.89,121.36,1.0,-28.68,122.24,84.36,578.20:00:00,True,872 1125
EMR,long,5,2021-12-01T21:00:00Z,79.034888229,2023-07-03T17:00:00Z,85.685019036,33.25,1.0,-56.69,62.39,114.93,578.20:00:00,True,871 1126
MRNA,long,37,2022-10-03T20:00:00Z,120.99,2023-08-01T20:00:00Z,113.94,-260.85,1.0,-260.85,3294.85,3555.7,302.00:00:00,False,1007 1133
MRNA,long,4,2023-02-01T21:00:00Z,174.3,2023-08-01T20:00:00Z,113.94,-241.44,1.0,-241.44,142.96,253.36,180.23:00:00,False,1062 1133
MRNA,long,9,2023-03-01T21:00:00Z,135.66,2023-08-01T20:00:00Z,113.94,-195.48,1.0,-195.48,669.42,419.31,152.23:00:00,False,1075 1133
MRNA,long,7,2023-05-01T20:00:00Z,133.4,2023-08-01T20:00:00Z,113.94,-136.22,1.0,-136.22,536.48,166.67,92.00:00:00,False,1098 1133
MRNA,long,7,2023-07-03T17:00:00Z,121.74,2023-08-01T20:00:00Z,113.94,-54.6,1.0,-54.6,618.1,88.69,29.03:00:00,False,1129 1133
MPC,long,9,2022-08-01T20:00:00Z,82.613057624,2023-08-01T20:00:00Z,126.545760432,395.39,1.0,-1.93,395.39,256.35,365.00:00:00,True,980 1134
EOG,long,7,2023-02-01T21:00:00Z,111.885224181,2023-08-01T20:00:00Z,118.466846425,46.07,1.0,-153.03,50.98,195.18,180.23:00:00,True,1057 1135
COP,long,6,2022-04-01T20:00:00Z,84.495528024,2023-08-01T20:00:00Z,106.44241422,131.68,1.0,-90.56,204.26,206.47,487.00:00:00,True,926 1136
MU,long,9,2021-09-01T20:00:00Z,71.887121756,2023-08-01T20:00:00Z,69.977967556,-17.18,1.0,-215.51,209.58,425.09,699.00:00:00,False,838 1137
QCOM,long,5,2023-04-03T20:00:00Z,115.438163148,2023-08-01T20:00:00Z,123.079646144,38.21,2.0,-100.5,38.63,100.5,120.00:00:00,True,1084 1138
FCX,long,12,2021-04-01T20:00:00Z,31.684934848,2023-08-01T20:00:00Z,42.122503548,125.25,1.0,-94.09,209.39,303.48,852.00:00:00,True,789 1139
MMM,long,7,2021-01-04T21:00:00Z,98.54008359818872,2023-08-01T20:00:00Z,70.12631283763068,-198.9,1.0,-275.35,150.13,425.48,938.23:00:00,False,753 1140
EMR,long,8,2021-12-01T21:00:00Z,79.034888229,2023-09-01T20:00:00Z,93.835106428,118.4,1.0,-90.7,118.4,183.89,638.23:00:00,True,871 1150
MPC,long,5,2022-08-01T20:00:00Z,82.613057624,2023-09-01T20:00:00Z,137.574875324,274.81,1.0,-1.07,289.11,142.42,396.00:00:00,True,980 1151
XOM,long,5,2023-03-01T21:00:00Z,98.83521054,2023-09-01T20:00:00Z,102.866068536,20.15,1.0,-49.28,32.66,73.26,183.23:00:00,True,1074 1152
VZ,long,12,2023-06-01T20:00:00Z,28.697408708,2023-09-01T20:00:00Z,28.507458714,-2.28,2.275,-35.64,16.97,52.61,92.00:00:00,False,1110 1153
MCK,long,2,2023-08-01T20:00:00Z,399.096704006,2023-10-02T20:00:00Z,431.65764763,65.12,2.0,0.0,82.88,63.72,62.00:00:00,True,1141 1157
MPC,long,5,2022-08-01T20:00:00Z,82.613057624,2023-10-02T20:00:00Z,141.401636038,293.94,1.0,-1.07,323.73,142.42,427.00:00:00,True,980 1158
OXY,long,11,2023-02-01T21:00:00Z,59.5862791,2023-10-02T20:00:00Z,58.96822715,-6.8,1.0,-73.27,45.26,102.58,242.23:00:00,False,1056 1159
XOM,long,6,2023-03-01T21:00:00Z,98.83521054,2023-10-02T20:00:00Z,104.778043559,35.66,1.0,-59.13,60.5,87.92,214.23:00:00,True,1074 1160
CVX,long,4,2023-03-01T21:00:00Z,140.234727936,2023-10-02T20:00:00Z,146.903002136,26.67,1.0,-35.75,42.69,70.27,214.23:00:00,True,1071 1161
COP,long,5,2022-04-01T20:00:00Z,84.495528024,2023-10-02T20:00:00Z,107.18597441,113.45,1.0,-75.47,170.21,172.06,549.00:00:00,True,926 1162
CI,long,2,2023-06-01T20:00:00Z,236.899556173,2023-10-02T20:00:00Z,271.297641758,68.8,1.0,0.0,88.66,54.24,123.00:00:00,True,1111 1163
EPD,long,24,2023-02-01T21:00:00Z,20.152767768,2023-10-02T20:00:00Z,22.15712272,48.1,1.0,-14.31,52.41,35.03,242.23:00:00,True,1055 1164
MU,long,15,2021-09-01T20:00:00Z,71.887121756,2023-11-01T20:00:00Z,68.74749426,-47.09,1.0,-359.19,349.29,708.48,791.00:00:00,False,838 1172
MU,long,6,2021-11-01T20:00:00Z,69.03857121,2023-11-01T20:00:00Z,68.74749426,-1.75,1.0,-126.58,156.81,283.39,730.00:00:00,False,862 1172
MU,long,5,2022-02-01T21:00:00Z,79.620755175,2023-11-01T20:00:00Z,68.74749426,-54.37,1.0,-158.4,77.76,229.81,637.23:00:00,False,903 1172
MU,long,14,2022-04-01T20:00:00Z,74.46911147,2023-11-01T20:00:00Z,68.74749426,-80.1,1.0,-371.39,289.86,391.78,579.00:00:00,False,927 1172
MU,long,5,2022-05-02T20:00:00Z,69.10873738,2023-11-01T20:00:00Z,68.74749426,-1.81,1.0,-105.84,130.32,129.18,548.00:00:00,False,943 1172
MU,long,19,2022-07-01T20:00:00Z,52.516767145,2023-11-01T20:00:00Z,68.74749426,308.38,1.0,-86.94,810.48,301.14,488.00:00:00,True,966 1172
MU,long,6,2022-09-01T20:00:00Z,56.209298409,2023-11-01T20:00:00Z,68.74749426,75.23,1.0,-49.61,233.78,82.44,426.00:00:00,True,998 1172
MU,long,7,2022-10-03T20:00:00Z,50.726660508,2023-11-01T20:00:00Z,68.74749426,126.15,1.0,-19.5,311.13,96.18,394.00:00:00,True,1012 1172
MU,long,7,2022-11-01T20:00:00Z,53.919880638,2023-11-01T20:00:00Z,68.74749426,103.79,1.0,-41.85,288.77,96.18,365.00:00:00,True,1022 1172
MU,long,15,2023-01-03T21:00:00Z,49.619481963,2023-11-01T20:00:00Z,68.74749426,286.92,1.0,-25.17,683.31,194.94,301.23:00:00,True,1041 1172
MU,long,17,2023-07-03T17:00:00Z,63.084966637,2023-11-01T20:00:00Z,68.74749426,96.26,1.0,-257.44,545.5,134.16,121.03:00:00,True,1128 1172
VZ,long,34,2023-06-01T20:00:00Z,28.697408708,2023-11-01T20:00:00Z,29.56696854,29.57,1.0,-104.76,48.08,152.83,153.00:00:00,True,1110 1173
CI,long,3,2023-06-01T20:00:00Z,236.899556173,2023-11-01T20:00:00Z,291.932264507,165.1,1.0,0.0,172.8,81.35,153.00:00:00,True,1111 1174
NFLX,long,13,2022-04-01T20:00:00Z,37.347,2023-11-01T20:00:00Z,42.019,60.74,2.0,-269.23,413.69,292.67,579.00:00:00,True,931 1175
NFLX,long,8,2022-05-02T20:00:00Z,19.946,2023-11-01T20:00:00Z,42.019,176.58,1.0,-26.47,393.78,105.12,548.00:00:00,True,939 1175
EMR,long,58,2021-12-01T21:00:00Z,79.034888229,2023-12-01T21:00:00Z,85.998370812,403.88,1.0,-657.6,924.43,1333.2,730.00:00:00,True,871 1185
EMR,long,3,2022-06-01T20:00:00Z,81.567115245,2023-12-01T21:00:00Z,85.998370812,13.29,1.0,-41.61,40.22,54.67,548.01:00:00,True,958 1185
EMR,long,7,2022-09-01T20:00:00Z,75.98989193,2023-12-01T21:00:00Z,85.998370812,70.06,1.0,-58.05,132.88,127.57,456.01:00:00,True,995 1185
EMR,long,4,2022-10-03T20:00:00Z,69.99483522,2023-12-01T21:00:00Z,85.998370812,64.01,1.0,-9.19,99.91,72.9,424.01:00:00,True,1013 1185
EMR,long,11,2023-02-01T21:00:00Z,85.38095286,2023-12-01T21:00:00Z,85.998370812,6.79,1.0,-194.52,105.52,160.38,303.00:00:00,True,1059 1185
EMR,long,4,2023-08-01T20:00:00Z,86.477525268,2023-12-01T21:00:00Z,85.998370812,-1.92,1.0,-75.12,33.98,58.32,122.01:00:00,False,1147 1185
EMR,long,5,2023-11-01T20:00:00Z,85.003678599,2023-12-01T21:00:00Z,85.998370812,4.97,1.0,-86.53,49.85,34.24,30.01:00:00,True,1181 1185
VLO,long,66,2023-11-01T20:00:00Z,117.620630328,2023-12-01T21:00:00Z,117.321978898,-19.71,2.0,-474.66,74.75,549.42,30.01:00:00,False,1176 1186
QCOM,long,61,2023-04-03T20:00:00Z,115.438163148,2023-12-01T21:00:00Z,122.463395245,428.54,1.0,-1226.12,471.25,1514.76,242.01:00:00,True,1084 1187
QCOM,long,5,2023-05-01T20:00:00Z,107.201834368,2023-12-01T21:00:00Z,122.463395245,76.31,1.0,-59.32,79.81,124.16,214.01:00:00,True,1101 1187
QCOM,long,9,2023-09-01T20:00:00Z,108.2836417135,2023-12-01T21:00:00Z,122.463395245,127.62,1.0,-116.51,133.92,99.41,91.01:00:00,True,1154 1187
FISV,long,9,2021-12-01T21:00:00Z,95.55,2023-12-01T21:00:00Z,130.61,315.54,1.0,-64.53,315.54,189.81,730.00:00:00,True,872 1188
NFLX,long,19,2022-05-02T20:00:00Z,19.946,2023-12-01T21:00:00Z,46.574,505.93,1.0,-62.87,935.24,249.66,578.01:00:00,True,939 1189
FCX,long,7,2021-04-01T20:00:00Z,31.684934848,2023-12-01T21:00:00Z,37.942109532,43.8,1.0,-54.89,122.14,177.03,974.01:00:00,True,789 1190
FCX,long,9,2021-07-01T20:00:00Z,34.887829467,2023-12-01T21:00:00Z,37.942109532,27.49,1.0,-99.4,128.21,227.61,883.01:00:00,True,825 1190
MMM,long,8,2021-01-04T21:00:00Z,98.54008359818872,2023-12-01T21:00:00Z,65.29183975757319,-265.99,1.0,-347.47,171.57,519.04,1061.00:00:00,False,753 1191
VZ,long,14,2023-06-01T20:00:00Z,28.697408708,2023-12-01T21:00:00Z,32.222984358,49.36,1.0,-43.13,49.36,62.93,183.01:00:00,True,1110 1192
FCX,long,19,2021-07-01T20:00:00Z,34.887829467,2024-01-02T21:00:00Z,40.697843787,110.39,1.0,-209.84,270.67,480.51,915.01:00:00,True,825 1203
FCX,long,3,2021-10-01T20:00:00Z,30.964570965,2024-01-02T21:00:00Z,40.697843787,29.2,1.0,-21.36,54.51,75.87,823.01:00:00,True,850 1203
NXPI,long,4,2023-12-01T21:00:00Z,195.041366544,2024-01-02T21:00:00Z,210.708409844,62.67,2.0,0.0,107.44,44.77,32.00:00:00,True,1195 1204
CI,long,3,2023-06-01T20:00:00Z,236.899556173,2024-01-02T21:00:00Z,293.95855076,171.18,1.0,0.0,191.93,170.37,215.01:00:00,True,1111 1205
DE,long,2,2022-01-03T21:00:00Z,329.813878223,2024-01-02T21:00:00Z,387.490058933,115.35,1.0,-111.48,196.97,280.02,729.00:00:00,True,887 1206
MMM,long,8,2021-01-04T21:00:00Z,98.54008359818872,2024-01-02T21:00:00Z,71.928917108994,-212.89,1.0,-347.47,171.57,519.04,1093.00:00:00,False,753 1207
NXPI,long,37,2023-12-01T21:00:00Z,195.041366544,2024-02-01T21:00:00Z,202.925211958,291.7,1.0,0.0,993.85,967.56,62.00:00:00,True,1195 1214
NFLX,long,22,2022-05-02T20:00:00Z,19.946,2024-02-01T21:00:00Z,56.751,809.71,1.0,-72.8,1082.91,289.08,640.01:00:00,True,939 1215
VZ,long,30,2023-06-01T20:00:00Z,28.697408708,2024-02-01T21:00:00Z,36.087164904,221.69,1.0,-92.43,221.69,134.85,245.01:00:00,True,1110 1216
MCK,long,2,2023-08-01T20:00:00Z,399.096704006,2024-02-01T21:00:00Z,495.9121108,193.63,1.0,0.0,193.63,63.72,184.01:00:00,True,1141 1217
MPC,long,6,2022-08-01T20:00:00Z,82.613057624,2024-02-01T21:00:00Z,158.775099989,456.97,1.0,-1.29,470.39,170.9,549.01:00:00,True,980 1218
PSX,long,5,2023-12-01T21:00:00Z,118.5622719,2024-02-01T21:00:00Z,133.05118485,72.44,2.0,-23.22,72.44,36.93,62.00:00:00,True,1194 1219
FCX,long,21,2021-10-01T20:00:00Z,30.964570965,2024-03-01T21:00:00Z,36.80913057,122.74,1.085,-149.54,381.55,531.09,882.01:00:00,True,850 1229
FCX,long,16,2022-02-01T21:00:00Z,36.909483144,2024-03-01T21:00:00Z,36.80913057,-1.61,1.0,-209.05,195.59,404.64,759.00:00:00,False,901 1229
FCX,long,22,2022-05-02T20:00:00Z,38.075978318,2024-03-01T21:00:00Z,36.80913057,-27.87,1.0,-313.11,243.27,379.82,669.01:00:00,False,940 1229
FCX,long,10,2022-06-01T20:00:00Z,37.554779013,2024-03-01T21:00:00Z,36.80913057,-7.46,1.0,-137.11,115.79,172.65,639.01:00:00,False,956 1229
FCX,long,37,2022-07-01T20:00:00Z,27.67094492,2024-03-01T21:00:00Z,36.80913057,338.11,1.0,-141.6,794.13,471.08,609.01:00:00,True,967 1229
FCX,long,16,2022-09-01T20:00:00Z,26.685288864,2024-03-01T21:00:00Z,36.80913057,161.98,1.0,-45.46,359.18,203.71,547.01:00:00,True,996 1229
FCX,long,9,2023-04-03T20:00:00Z,39.38607524,2024-03-01T21:00:00Z,36.80913057,-23.19,1.0,-139.88,87.73,97.9,333.01:00:00,False,1086 1229
FCX,long,12,2023-05-01T20:00:00Z,36.095362974,2024-03-01T21:00:00Z,36.80913057,8.57,1.0,-147.02,156.46,130.53,305.01:00:00,True,1103 1229
FCX,long,10,2023-06-01T20:00:00Z,34.032496669,2024-03-01T21:00:00Z,36.80913057,27.77,1.0,-101.89,151.01,108.78,274.01:00:00,True,1118 1229
FCX,long,19,2023-09-01T20:00:00Z,39.955708098,2024-03-01T21:00:00Z,36.80913057,-59.78,1.0,-306.13,174.38,148.49,182.01:00:00,False,1155 1229
FCX,long,11,2023-10-02T20:00:00Z,35.285060128,2024-03-01T21:00:00Z,36.80913057,16.76,1.0,-125.85,152.34,68.14,151.01:00:00,True,1169 1229
FCX,long,18,2023-11-01T20:00:00Z,32.595018153,2024-03-01T21:00:00Z,36.80913057,75.85,1.0,-157.52,297.7,111.5,121.01:00:00,True,1179 1229
FCX,long,16,2024-02-01T21:00:00Z,38.99264082,2024-03-01T21:00:00Z,36.80913057,-34.94,1.0,-242.38,162.26,54.66,29.00:00:00,False,1224 1229
CI,long,21,2023-06-01T20:00:00Z,236.899556173,2024-03-01T21:00:00Z,315.628632896,1653.31,1.0,0.0,1877.86,1192.58,274.01:00:00,True,1111 1230
CI,long,2,2023-09-01T20:00:00Z,259.881138727,2024-03-01T21:00:00Z,315.628632896,111.49,1.0,-45.96,132.88,113.58,182.01:00:00,True,1156 1230
CI,long,6,2023-12-01T21:00:00Z,253.823786554,2024-03-01T21:00:00Z,315.628632896,370.83,1.0,-101.55,434.99,89.92,91.00:00:00,True,1196 1230
MMM,long,37,2021-01-04T21:00:00Z,98.54008359818872,2024-03-01T21:00:00Z,61.064894977547006,-1386.58,1.0,-1607.04,793.53,2400.57,1152.00:00:00,False,753 1231
MMM,long,3,2021-09-01T20:00:00Z,113.49785026071113,2024-03-01T21:00:00Z,61.064894977547006,-157.3,1.0,-175.17,19.47,177.73,912.01:00:00,False,841 1231
MMM,long,4,2021-10-01T20:00:00Z,103.66954548964712,2024-03-01T21:00:00Z,61.064894977547006,-170.42,1.0,-194.25,65.27,210.73,882.01:00:00,False,852 1231
MMM,long,3,2021-12-01T21:00:00Z,100.99947662435402,2024-03-01T21:00:00Z,61.064894977547006,-119.8,1.0,-137.68,56.96,155.92,821.00:00:00,False,878 1231
MMM,long,4,2022-02-01T21:00:00Z,99.05922663414738,2024-03-01T21:00:00Z,61.064894977547006,-151.98,1.0,-175.81,83.71,175.81,759.00:00:00,False,904 1231
MMM,long,8,2022-03-01T21:00:00Z,86.44111777055709,2024-03-01T21:00:00Z,61.064894977547006,-203.01,1.0,-250.68,268.37,296.26,731.00:00:00,False,914 1231
MMM,long,11,2022-09-01T20:00:00Z,76.56957311661911,2024-03-01T21:00:00Z,61.064894977547006,-170.55,1.0,-236.09,477.59,285.37,547.01:00:00,False,992 1231
MMM,long,4,2022-10-03T20:00:00Z,69.00586697654714,2024-03-01T21:00:00Z,61.064894977547006,-31.76,1.0,-55.6,203.92,103.77,515.01:00:00,False,1014 1231
MMM,long,6,2022-12-01T21:00:00Z,77.70046307969264,2024-03-01T21:00:00Z,61.064894977547006,-99.81,1.0,-135.56,253.72,148.51,456.00:00:00,False,1031 1231
MMM,long,11,2023-02-01T21:00:00Z,71.46025447429236,2024-03-01T21:00:00Z,61.064894977547006,-114.35,1.0,-179.89,533.79,209.87,394.00:00:00,False,1061 1231
MMM,long,4,2023-04-03T20:00:00Z,65.31509721823832,2024-03-01T21:00:00Z,61.064894977547006,-17.0,1.0,-40.83,218.69,65.51,333.01:00:00,False,1088 1231
MMM,long,5,2023-06-01T20:00:00Z,59.81921638673072,2024-03-01T21:00:00Z,61.064894977547006,6.23,1.0,-23.56,300.84,81.89,274.01:00:00,True,1119 1231
MMM,long,16,2023-10-02T20:00:00Z,58.08724478916743,2024-03-01T21:00:00Z,61.064894977547006,47.64,1.0,-47.69,990.39,183.93,151.01:00:00,True,1166 1231
MMM,long,20,2024-02-01T21:00:00Z,62.715476726578316,2024-03-01T21:00:00Z,61.064894977547006,-33.01,1.0,-152.18,1145.43,45.64,29.00:00:00,False,1221 1231
PFE,long,228,2023-02-01T21:00:00Z,35.480517558,2024-03-01T21:00:00Z,22.554959523,-2947.03,2.965,-3110.91,68.06,3178.97,394.00:00:00,False,1054 1232
PFE,long,16,2023-05-01T20:00:00Z,31.608155478,2024-03-01T21:00:00Z,22.554959523,-144.85,1.0,-156.35,66.73,176.31,305.01:00:00,False,1102 1232
PFE,long,17,2023-07-03T17:00:00Z,29.870728371,2024-03-01T21:00:00Z,22.554959523,-124.37,1.0,-136.59,100.44,148.79,242.04:00:00,False,1130 1232
PFE,long,15,2023-08-01T20:00:00Z,29.378969473,2024-03-01T21:00:00Z,22.554959523,-102.36,1.0,-113.14,96.0,130.46,213.01:00:00,False,1145 1232
PFE,long,14,2023-10-02T20:00:00Z,27.985467974,2024-03-01T21:00:00Z,22.554959523,-76.03,1.0,-86.09,109.11,86.09,151.01:00:00,False,1170 1232
PFE,long,19,2023-11-01T20:00:00Z,25.157237121,2024-03-01T21:00:00Z,22.554959523,-49.44,1.0,-63.1,201.81,74.85,121.01:00:00,False,1180 1232
PFE,long,36,2024-01-02T21:00:00Z,24.844590993,2024-03-01T21:00:00Z,22.554959523,-82.43,1.0,-108.3,393.64,83.34,59.00:00:00,False,1208 1232
PFE,long,20,2024-02-01T21:00:00Z,23.148734313,2024-03-01T21:00:00Z,22.554959523,-11.88,1.0,-26.25,252.61,20.36,29.00:00:00,False,1226 1232
FISV,long,4,2021-12-01T21:00:00Z,95.55,2024-03-01T21:00:00Z,150.35,219.2,1.0,-28.68,221.64,84.36,821.00:00:00,True,872 1233
NFLX,long,7,2022-05-02T20:00:00Z,19.946,2024-03-01T21:00:00Z,61.934,293.92,1.0,-23.16,344.56,91.98,669.01:00:00,True,939 1234
MPC,long,5,2022-08-01T20:00:00Z,82.613057624,2024-04-01T20:00:00Z,194.672479948,560.3,1.0,-1.07,560.3,142.42,609.00:00:00,True,980 1242
NEE,long,10,2024-03-01T21:00:00Z,51.381103685,2024-04-01T20:00:00Z,58.98450193,76.03,2.0,-2.23,80.97,10.98,30.23:00:00,True,1236 1243
XOM,long,4,2023-03-01T21:00:00Z,98.83521054,2024-04-01T20:00:00Z,107.946337248,36.44,1.0,-41.27,40.34,81.61,396.23:00:00,True,1074 1244
MCK,long,16,2023-08-01T20:00:00Z,399.096704006,2024-05-01T20:00:00Z,525.43810223,2021.46,1.0,0.0,2214.58,509.72,274.00:00:00,True,1141 1248
MCK,long,1,2024-04-01T20:00:00Z,530.770641057,2024-05-01T20:00:00Z,525.43810223,-5.33,1.0,-131.67,6.74,21.05,30.00:00:00,False,1246 1248
EOG,long,7,2023-02-01T21:00:00Z,111.885224181,2024-05-01T20:00:00Z,120.834566285,62.65,1.0,-153.03,108.68,195.18,454.23:00:00,True,1057 1249
NEE,long,12,2024-03-01T21:00:00Z,51.381103685,2024-05-01T20:00:00Z,63.851793585,149.65,1.0,-2.68,149.65,41.1,60.23:00:00,True,1236 1250
OXY,long,11,2023-02-01T21:00:00Z,59.5862791,2024-05-01T20:00:00Z,61.41947077,20.17,1.0,-75.23,70.59,120.49,454.23:00:00,True,1056 1251
COP,long,4,2022-04-01T20:00:00Z,84.495528024,2024-05-01T20:00:00Z,115.2028751,122.83,1.0,-60.38,156.85,137.65,761.00:00:00,True,926 1252
XOM,long,4,2023-03-01T21:00:00Z,98.83521054,2024-05-01T20:00:00Z,107.023403448,32.75,1.0,-41.27,55.79,81.61,426.23:00:00,True,1074 1253
MO,long,11,2023-07-03T17:00:00Z,35.94639681,2024-05-01T20:00:00Z,36.71561677,8.46,2.1,-49.63,9.84,51.27,303.03:00:00,True,1127 1254
NEE,long,21,2024-03-01T21:00:00Z,51.381103685,2024-06-03T20:00:00Z,72.789154128,449.57,1.0,-4.69,484.88,71.92,93.23:00:00,True,1236 1262
NFLX,long,20,2022-05-02T20:00:00Z,19.946,2024-06-03T20:00:00Z,63.379,868.66,1.0,-66.18,984.46,262.8,763.00:00:00,True,939 1263
SO,long,15,2023-12-01T21:00:00Z,64.270568304,2024-06-03T20:00:00Z,73.674428414,141.06,2.0,-63.22,141.06,84.25,184.23:00:00,True,1193 1264
T,long,36,2024-03-01T21:00:00Z,15.016743534,2024-06-03T20:00:00Z,16.188070579,42.17,3.845,-19.64,48.96,39.69,93.23:00:00,True,1235 1265
DUK,long,6,2024-03-01T21:00:00Z,82.796102312,2024-06-03T20:00:00Z,95.176216593,74.28,2.0,0.0,79.64,24.33,93.23:00:00,True,1238 1266
NFLX,long,8,2022-05-02T20:00:00Z,19.946,2024-07-01T20:00:00Z,67.361,379.32,1.0,-26.47,393.78,105.12,791.00:00:00,True,939 1274
GILD,long,8,2024-05-01T20:00:00Z,60.760439837,2024-07-01T20:00:00Z,64.444222128,29.47,2.0,-15.43,45.17,33.17,61.00:00:00,True,1255 1275
T,long,29,2024-03-01T21:00:00Z,15.016743534,2024-07-01T20:00:00Z,17.059943342,59.25,1.0,-15.82,63.03,31.98,121.23:00:00,True,1235 1276
MO,long,12,2023-07-03T17:00:00Z,35.94639681,2024-07-01T20:00:00Z,39.411544229,41.58,1.0,-54.14,45.9,55.93,364.03:00:00,True,1127 1277
EPD,long,16,2023-02-01T21:00:00Z,20.152767768,2024-07-01T20:00:00Z,24.961532206,76.94,1.0,-9.54,81.91,23.35,515.23:00:00,True,1055 1278
GILD,long,10,2024-05-01T20:00:00Z,60.760439837,2024-08-01T20:00:00Z,71.814372823,110.54,1.0,-19.29,125.19,41.46,92.00:00:00,True,1255 1281
FISV,long,4,2021-12-01T21:00:00Z,95.55,2024-08-01T20:00:00Z,161.39,263.36,1.0,-28.68,272.16,84.36,973.23:00:00,True,872 1282
NEE,long,6,2024-03-01T21:00:00Z,51.381103685,2024-08-01T20:00:00Z,73.426094352,132.27,1.0,-1.34,138.54,53.98,152.23:00:00,True,1236 1283
MO,long,10,2023-07-03T17:00:00Z,35.94639681,2024-08-01T20:00:00Z,42.827839286,68.81,1.0,-45.12,73.35,46.6,395.03:00:00,True,1127 1284
NFLX,long,13,2022-05-02T20:00:00Z,19.946,2024-09-03T20:00:00Z,67.532,618.62,1.0,-43.02,652.46,170.82,855.00:00:00,True,939 1289
MO,long,16,2023-07-03T17:00:00Z,35.94639681,2024-09-03T20:00:00Z,46.295507201,165.59,1.0,-72.19,165.59,74.57,428.03:00:00,True,1127 1290
DUK,long,6,2024-03-01T21:00:00Z,82.796102312,2024-09-03T20:00:00Z,107.564255242,148.61,1.0,0.0,148.61,28.99,185.23:00:00,True,1238 1291
SO,long,5,2023-12-01T21:00:00Z,64.270568304,2024-09-03T20:00:00Z,82.159828326,89.45,1.0,-21.07,89.45,28.08,276.23:00:00,True,1193 1292
PCAR,long,82,2024-03-01T21:00:00Z,105.423819039,2024-09-04T20:00:00Z,89.081626263,-1340.06,2.0,-1626.15,860.73,2486.88,186.23:00:00,False,1237 1299
PCAR,long,8,2024-05-01T20:00:00Z,99.043810554,2024-09-04T20:00:00Z,89.081626263,-79.7,1.0,-107.61,135.01,137.26,126.00:00:00,False,1257 1299
PCAR,long,4,2024-07-01T20:00:00Z,95.11962932,2024-09-04T20:00:00Z,89.081626263,-24.15,1.0,-38.11,83.2,68.52,65.00:00:00,False,1280 1299
PCAR,long,7,2024-08-01T20:00:00Z,89.94521115,2024-09-04T20:00:00Z,89.081626263,-6.05,1.0,-30.47,181.83,30.47,34.00:00:00,False,1286 1299
PCAR,long,4,2024-09-03T20:00:00Z,89.540761604,2024-09-04T20:00:00Z,89.081626263,-1.84,1.0,-15.79,105.52,2.1,1.00:00:00,False,1298 1299
MPC,long,32,2022-08-01T20:00:00Z,82.613057624,2024-10-01T20:00:00Z,159.437405798,2458.38,1.0,-6.87,4034.5,1797.96,792.00:00:00,True,980 1302
MPC,long,5,2023-05-01T20:00:00Z,114.063554592,2024-10-01T20:00:00Z,159.437405798,226.87,1.0,-158.33,473.14,280.93,519.00:00:00,True,1100 1302
MPC,long,7,2023-06-01T20:00:00Z,99.284123736,2024-10-01T20:00:00Z,159.437405798,421.07,1.0,-118.2,765.85,393.3,488.00:00:00,True,1112 1302
MPC,long,4,2024-01-02T21:00:00Z,144.397864468,2024-10-01T20:00:00Z,159.437405798,60.16,1.0,-248.0,257.17,224.75,272.23:00:00,True,1209 1302
MPC,long,3,2024-05-01T20:00:00Z,170.444370316,2024-10-01T20:00:00Z,159.437405798,-33.02,1.0,-264.14,114.74,65.19,153.00:00:00,False,1260 1302
MPC,long,3,2024-06-03T20:00:00Z,167.215915875,2024-10-01T20:00:00Z,159.437405798,-23.34,1.0,-254.45,124.43,61.36,120.00:00:00,False,1271 1302
OXY,long,104,2023-02-01T21:00:00Z,59.5862791,2024-10-01T20:00:00Z,51.1501608,-877.36,1.0,-1211.02,667.37,1878.39,607.23:00:00,False,1056 1303
OXY,long,6,2023-03-01T21:00:00Z,56.029869686,2024-10-01T20:00:00Z,51.1501608,-29.28,1.0,-48.53,59.84,108.37,579.23:00:00,False,1078 1303
OXY,long,8,2023-07-03T17:00:00Z,55.861309878,2024-10-01T20:00:00Z,51.1501608,-37.69,1.0,-63.36,81.14,144.49,456.03:00:00,False,1131 1303
OXY,long,15,2023-12-01T21:00:00Z,55.683801015,2024-10-01T20:00:00Z,51.1501608,-68.0,1.0,-116.13,154.79,270.92,304.23:00:00,False,1197 1303
OXY,long,9,2024-02-01T21:00:00Z,54.428011112,2024-10-01T20:00:00Z,51.1501608,-29.5,1.0,-58.38,104.18,162.55,242.23:00:00,False,1225 1303
OXY,long,11,2024-06-03T20:00:00Z,57.721913802,2024-10-01T20:00:00Z,51.1501608,-72.29,1.0,-107.58,91.1,143.19,120.00:00:00,False,1270 1303
OXY,long,7,2024-08-01T20:00:00Z,56.797943832,2024-10-01T20:00:00Z,51.1501608,-39.53,1.0,-61.99,64.44,61.99,61.00:00:00,False,1288 1303
OXY,long,14,2024-09-03T20:00:00Z,52.99100856,2024-10-01T20:00:00Z,51.1501608,-25.77,1.0,-70.69,182.17,70.69,28.00:00:00,False,1294 1303
VZ,long,165,2023-06-01T20:00:00Z,28.697408708,2024-10-01T20:00:00Z,39.657642354,1808.44,1.315,-508.37,1808.44,741.68,488.00:00:00,True,1110 1304
VZ,long,40,2023-08-01T20:00:00Z,27.338047757,2024-10-01T20:00:00Z,39.657642354,492.78,1.0,-68.87,492.78,122.81,427.00:00:00,True,1142 1304
VZ,long,17,2023-10-02T20:00:00Z,25.972372024,2024-10-01T20:00:00Z,39.657642354,232.65,1.0,-6.05,232.65,52.19,365.00:00:00,True,1168 1304
VZ,long,11,2024-01-02T21:00:00Z,32.473551888,2024-10-01T20:00:00Z,39.657642354,79.02,1.0,-75.43,79.02,33.77,272.23:00:00,True,1212 1304
VZ,long,17,2024-03-01T21:00:00Z,34.14224592,2024-10-01T20:00:00Z,39.657642354,93.76,1.0,-144.94,93.76,52.19,213.23:00:00,True,1240 1304
VZ,long,13,2024-05-01T20:00:00Z,33.83207744,2024-10-01T20:00:00Z,39.657642354,75.73,1.0,-106.8,75.73,36.26,153.00:00:00,True,1261 1304
T,long,50,2024-03-01T21:00:00Z,15.016743534,2024-10-01T20:00:00Z,20.189289733,258.63,1.0,-27.27,265.01,55.13,213.23:00:00,True,1235 1305
CVS,long,15,2024-02-01T21:00:00Z,67.092113088,2024-10-01T20:00:00Z,57.032785784,-150.89,2.0,-269.17,79.51,348.68,242.23:00:00,False,1220 1306
DE,long,2,2022-01-03T21:00:00Z,329.813878223,2024-10-01T20:00:00Z,407.004010972,154.38,1.0,-111.48,196.97,280.02,1001.23:00:00,True,887 1307
NEE,long,10,2024-03-01T21:00:00Z,51.381103685,2024-10-01T20:00:00Z,80.387729718,290.07,1.0,-2.23,290.07,89.97,213.23:00:00,True,1236 1308
GILD,long,10,2024-05-01T20:00:00Z,60.760439837,2024-10-01T20:00:00Z,79.545505968,187.85,1.0,-19.29,188.32,47.51,153.00:00:00,True,1255 1309
FISV,long,3,2021-12-01T21:00:00Z,95.55,2024-10-01T20:00:00Z,181.33,257.34,1.0,-21.51,257.34,63.27,1034.23:00:00,True,872 1310
DE,long,8,2022-01-03T21:00:00Z,329.813878223,2024-11-01T20:00:00Z,391.347003346,492.27,1.0,-445.91,787.9,1120.09,1032.23:00:00,True,887 1320
DE,long,1,2022-06-01T20:00:00Z,332.581341435,2024-11-01T20:00:00Z,391.347003346,58.77,1.0,-58.51,95.72,92.8,884.00:00:00,True,957 1320
DE,long,2,2022-07-01T20:00:00Z,285.913719665,2024-11-01T20:00:00Z,391.347003346,210.87,1.0,-23.68,284.77,185.59,854.00:00:00,True,969 1320
DE,long,2,2023-02-01T21:00:00Z,407.204393574,2024-11-01T20:00:00Z,391.347003346,-31.71,1.0,-266.26,42.19,184.92,638.23:00:00,False,1060 1320
DE,long,2,2023-05-01T20:00:00Z,365.553645944,2024-11-01T20:00:00Z,391.347003346,51.59,1.0,-182.96,125.5,184.92,550.00:00:00,True,1099 1320
DE,long,1,2023-06-01T20:00:00Z,337.284750734,2024-11-01T20:00:00Z,391.347003346,54.06,1.0,-63.21,91.02,92.46,519.00:00:00,True,1117 1320
DE,long,1,2023-10-02T20:00:00Z,360.003732992,2024-11-01T20:00:00Z,391.347003346,31.34,1.0,-85.93,68.3,65.8,396.00:00:00,True,1171 1320
DE,long,1,2023-11-01T20:00:00Z,356.758460736,2024-11-01T20:00:00Z,391.347003346,34.59,1.0,-82.68,71.54,65.8,366.00:00:00,True,1183 1320
DE,long,1,2023-12-01T21:00:00Z,355.159899328,2024-11-01T20:00:00Z,391.347003346,36.19,1.0,-81.09,73.14,65.8,335.23:00:00,True,1200 1320
DE,long,1,2024-02-01T21:00:00Z,380.502073784,2024-11-01T20:00:00Z,391.347003346,10.84,1.0,-106.43,47.8,65.8,273.23:00:00,True,1228 1320
DE,long,2,2024-03-01T21:00:00Z,355.536699455,2024-11-01T20:00:00Z,391.347003346,71.62,1.0,-162.92,145.53,131.6,244.23:00:00,True,1239 1320
DE,long,1,2024-06-03T20:00:00Z,357.114942164,2024-11-01T20:00:00Z,391.347003346,34.23,1.0,-83.04,71.19,40.62,151.00:00:00,True,1273 1320
PSX,long,63,2023-12-01T21:00:00Z,118.5622719,2024-11-01T20:00:00Z,112.302069726,-394.39,1.0,-394.39,2548.81,2943.21,335.23:00:00,False,1194 1321
PSX,long,4,2024-05-01T20:00:00Z,129.09583372,2024-11-01T20:00:00Z,112.302069726,-67.18,1.0,-67.18,119.7,97.12,184.00:00:00,False,1259 1321
PSX,long,5,2024-09-03T20:00:00Z,126.329301,2024-11-01T20:00:00Z,112.302069726,-70.14,1.0,-70.14,163.45,88.52,59.00:00:00,False,1295 1321
PSX,long,6,2024-10-01T20:00:00Z,124.448398074,2024-11-01T20:00:00Z,112.302069726,-72.88,1.0,-72.88,207.43,106.23,31.00:00:00,False,1316 1321
WMB,long,26,2024-10-01T20:00:00Z,43.468313544,2024-11-01T20:00:00Z,48.343965624,126.77,2.12,0.0,152.61,25.84,31.00:00:00,True,1311 1322
FISV,long,4,2021-12-01T21:00:00Z,95.55,2024-11-01T20:00:00Z,202.22,426.68,1.0,-28.68,430.84,84.36,1065.23:00:00,True,872 1323
BMY,long,14,2024-10-01T20:00:00Z,48.20817204,2024-11-01T20:00:00Z,50.056358016,25.87,2.015,-5.09,44.58,26.32,31.00:00:00,True,1313 1324
NFLX,long,7,2022-05-02T20:00:00Z,19.946,2024-11-01T20:00:00Z,75.61,389.65,1.0,-23.16,400.83,91.98,914.00:00:00,True,939 1325
MO,long,11,2023-07-03T17:00:00Z,35.94639681,2024-11-01T20:00:00Z,47.030056069,121.92,1.0,-49.63,127.49,51.27,487.03:00:00,True,1127 1326
NFLX,long,67,2022-05-02T20:00:00Z,19.946,2024-12-02T21:00:00Z,89.774,4678.48,1.0,-221.7,4678.81,880.38,945.01:00:00,True,939 1334
NFLX,long,26,2023-10-02T20:00:00Z,38.033,2024-12-02T21:00:00Z,89.774,1345.27,1.0,-556.3,1345.4,239.46,427.01:00:00,True,1165 1334
NFLX,long,11,2024-04-01T20:00:00Z,61.431,2024-12-02T21:00:00Z,89.774,311.77,1.0,-492.73,311.83,101.31,245.01:00:00,True,1245 1334
NFLX,long,10,2024-05-01T20:00:00Z,55.171,2024-12-02T21:00:00Z,89.774,346.03,1.0,-385.34,346.08,92.1,215.01:00:00,True,1258 1334
NFLX,long,14,2024-08-01T20:00:00Z,62.485,2024-12-02T21:00:00Z,89.774,382.05,1.0,-641.87,382.12,59.7,123.01:00:00,True,1285 1334
ET,long,93,2024-11-01T20:00:00Z,14.213877239,2024-12-02T21:00:00Z,17.1176619,270.05,4.415,0.0,306.12,36.07,31.01:00:00,True,1327 1335
EPD,long,44,2023-02-01T21:00:00Z,20.152767768,2024-12-02T21:00:00Z,30.179627583,441.18,1.0,-26.24,465.53,64.23,670.00:00:00,True,1055 1336
FISV,long,3,2021-12-01T21:00:00Z,95.55,2024-12-02T21:00:00Z,218.455,368.72,1.0,-21.51,380.7,63.27,1097.00:00:00,True,872 1337
WMB,long,10,2024-10-01T20:00:00Z,43.468313544,2024-12-02T21:00:00Z,52.92895383,94.61,1.0,0.0,125.45,30.85,62.01:00:00,True,1311 1338
TGT,long,66,2024-10-01T20:00:00Z,140.84349046,2024-12-03T21:00:00Z,121.710510196,-1262.78,2.0,-1815.81,518.53,2334.34,63.01:00:00,False,1314 1345
TGT,long,4,2024-11-01T20:00:00Z,139.584967812,2024-12-03T21:00:00Z,121.710510196,-71.5,1.0,-105.02,36.46,126.19,32.01:00:00,False,1332 1345
TGT,long,13,2024-12-02T21:00:00Z,121.841000864,2024-12-03T21:00:00Z,121.710510196,-1.7,1.0,-110.63,349.17,10.54,1.00:00:00,False,1340 1345
