id,time,last_fill_time,symbol,type,status,direction,quantity,price,value,fee,tag
1,2016-02-01T15:00:00Z,2016-02-01T21:00:00Z,GILD,MarketOnClose,Filled,buy,87,58.045930195,5049.995926965,1.0,
2,2016-02-01T15:00:00Z,2016-02-01T21:00:00Z,AAPL,MarketOnClose,Filled,buy,228,21.655612962,4937.479755336,1.14,
3,2016-02-01T15:00:00Z,2016-02-01T21:00:00Z,F,MarketOnClose,Filled,buy,707,7.124142485,5036.768736895,3.535,
4,2016-02-01T15:00:00Z,2016-02-01T21:00:00Z,HPQ,MarketOnClose,Filled,buy,741,6.902331697,5114.627787477,3.705,
5,2016-02-01T15:00:00Z,2016-02-01T21:00:00Z,HPE,MarketOnClose,Filled,buy,483,10.335336095,4991.967333885,2.415,
6,2016-02-01T15:00:00Z,2016-02-01T21:00:00Z,GM,MarketOnClose,Filled,buy,210,24.06538739,5053.7313519,1.05,
7,2016-02-01T15:00:00Z,2016-02-01T21:00:00Z,VLO,MarketOnClose,Filled,buy,111,45.37488669,5036.61242259,1.0,
8,2016-02-01T15:00:00Z,2016-02-01T21:00:00Z,MPC,MarketOnClose,Filled,buy,165,30.149807381,4974.718217865,1.0,
9,2016-02-01T15:00:00Z,2016-02-01T21:00:00Z,HLT,MarketOnClose,Filled,buy,98,51.1763755578432,5015.284804668634,1.0,
10,2016-02-01T15:00:00Z,2016-02-01T21:00:00Z,EMR,MarketOnClose,Filled,buy,142,34.656258,4921.188636,1.0,
11,2016-02-01T15:00:00Z,2016-02-01T21:00:00Z,VZ,MarketOnClose,Filled,buy,174,29.034775836,5052.050995464,1.0,
12,2016-02-01T15:00:00Z,2016-02-01T21:00:00Z,DD,MarketOnClose,Filled,buy,96,52.4968856582607,5039.701023193027,1.0,
13,2016-02-01T15:00:00Z,2016-02-01T21:00:00Z,HCA,MarketOnClose,Filled,buy,77,65.55873955,5048.02294535,1.0,
14,2016-02-02T05:00:00Z,2016-02-02T21:00:00Z,HLT,MarketOnOpen,Filled,sell,-98,50.3785256048256,-4937.095509272909,1.0,left universe
15,2016-02-02T05:00:00Z,2016-02-02T21:00:00Z,HPQ,MarketOnOpen,Filled,sell,-741,6.805408283,-5042.807537703,3.705,left universe
16,2016-03-01T05:00:00Z,,MPC,MarketOnOpen,Canceled,sell,-165,0.0,0.0,0.0,no valuation
17,2016-03-01T15:00:00Z,2016-03-01T21:00:00Z,MPC,MarketOnClose,Filled,sell,-165,25.243699899,-4165.210483335,1.0,no valuation
18,2016-03-01T15:00:00Z,2016-03-01T21:00:00Z,DD,MarketOnClose,Filled,sell,-14,61.731307301764,-864.238302224696,1.0,
19,2016-03-01T15:00:00Z,2016-03-01T21:00:00Z,EMR,MarketOnClose,Filled,sell,-10,38.450290975,-384.50290975,1.0,
20,2016-03-01T15:00:00Z,2016-03-01T21:00:00Z,GILD,MarketOnClose,Filled,sell,-5,61.940981311,-309.704906555,1.0,
21,2016-03-01T15:00:00Z,2016-03-01T21:00:00Z,F,MarketOnClose,Filled,sell,-35,7.726182695,-270.416394325,1.0,
22,2016-03-01T15:00:00Z,2016-03-01T21:00:00Z,T,MarketOnClose,Filled,buy,327,15.3437488007693,5017.405857851561,1.635,
23,2016-03-01T15:00:00Z,2016-03-01T21:00:00Z,AAL,MarketOnClose,Filled,buy,126,40.08372299,5050.54909674,1.0,
24,2016-03-01T15:00:00Z,2016-03-01T21:00:00Z,MDLZ,MarketOnClose,Filled,buy,156,32.338737027,5044.842976212,1.0,
25,2016-03-01T15:00:00Z,2016-03-01T21:00:00Z,LUV,MarketOnClose,Filled,buy,134,37.3680315,5007.316221,1.0,
26,2016-03-01T15:00:00Z,2016-03-01T21:00:00Z,DAL,MarketOnClose,Filled,buy,116,43.04467977,4993.18285332,1.0,
27,2016-03-01T15:00:00Z,2016-03-01T21:00:00Z,TGT,MarketOnClose,Filled,buy,86,59.040865312,5077.514416832,1.0,
28,2016-03-01T15:00:00Z,2016-03-01T21:00:00Z,VLO,MarketOnClose,Filled,buy,12,41.077764609,492.933175308,1.0,
29,2016-04-01T14:00:00Z,2016-04-01T20:00:00Z,HPE,MarketOnClose,Filled,sell,-89,13.83974032,-1231.73688848,1.0,
30,2016-04-01T14:00:00Z,2016-04-01T20:00:00Z,AAPL,MarketOnClose,Filled,sell,-15,24.83486208,-372.5229312,1.0,
31,2016-04-01T14:00:00Z,2016-04-01T20:00:00Z,HCA,MarketOnClose,Filled,sell,-5,73.109718,-365.54859,1.0,
32,2016-04-01T14:00:00Z,2016-04-01T20:00:00Z,EMR,MarketOnClose,Filled,sell,-7,42.128345625,-294.898419375,1.0,
33,2016-04-01T14:00:00Z,2016-04-01T20:00:00Z,TSN,MarketOnClose,Filled,buy,102,52.244067964,5328.894932328,1.0,
34,2016-04-01T14:00:00Z,2016-04-01T20:00:00Z,MDLZ,MarketOnClose,Filled,buy,10,32.408004484,324.08004484,1.0,
35,2016-04-01T14:00:00Z,2016-04-01T20:00:00Z,AAL,MarketOnClose,Filled,buy,7,37.87015856,265.09110992,1.0,
36,2016-04-01T14:00:00Z,2016-04-01T20:00:00Z,DAL,MarketOnClose,Filled,buy,6,41.380989693,248.285938158,1.0,
37,2016-05-02T14:00:00Z,2016-05-02T20:00:00Z,MDLZ,MarketOnClose,Filled,sell,-15,34.820530521,-522.307957815,1.0,
38,2016-05-02T14:00:00Z,2016-05-02T20:00:00Z,F,MarketOnClose,Filled,sell,-41,8.12767371,-333.23462211,1.0,
39,2016-05-02T14:00:00Z,2016-05-02T20:00:00Z,GM,MarketOnClose,Filled,sell,-12,25.69440505,-308.3328606,1.0,
40,2016-05-02T14:00:00Z,2016-05-02T20:00:00Z,HCA,MarketOnClose,Filled,sell,-4,74.965154025,-299.8606161,1.0,
41,2016-05-02T14:00:00Z,2016-05-02T20:00:00Z,DD,MarketOnClose,Filled,sell,-4,65.49651194198,-261.98604776792,1.0,
42,2016-05-02T14:00:00Z,2016-05-02T20:00:00Z,HLT,MarketOnClose,Filled,buy,81,63.611407554705,5152.524011931105,1.0,
43,2016-05-02T14:00:00Z,2016-05-02T20:00:00Z,KR,MarketOnClose,Filled,buy,179,28.553667654,5111.106510066,1.0,
44,2016-05-02T14:00:00Z,2016-05-02T20:00:00Z,BBWI,MarketOnClose,Filled,buy,88,58.520449394,5149.799546672,1.0,
45,2016-05-02T14:00:00Z,2016-05-02T20:00:00Z,AAL,MarketOnClose,Filled,buy,20,33.088032219,661.76064438,1.0,
46,2016-05-02T14:00:00Z,2016-05-02T20:00:00Z,DAL,MarketOnClose,Filled,buy,17,37.120534681,631.049089577,1.0,
47,2016-05-02T14:00:00Z,2016-05-02T20:00:00Z,AAPL,MarketOnClose,Filled,buy,28,21.14316288,592.00856064,1.0,
48,2016-05-02T14:00:00Z,2016-05-02T20:00:00Z,VLO,MarketOnClose,Filled,buy,7,39.897254082,279.280778574,1.0,
49,2016-05-03T04:00:00Z,2016-05-03T20:00:00Z,AAL,MarketOnOpen,Filled,sell,-153,33.385949442,-5108.050264626,1.0,left universe
50,2016-06-01T04:00:00Z,,HLT,MarketOnOpen,Canceled,sell,-81,0.0,0.0,0.0,no valuation
51,2016-06-01T04:00:00Z,,BBWI,MarketOnOpen,Canceled,sell,-88,0.0,0.0,0.0,no valuation
52,2016-06-01T14:00:00Z,2016-06-01T20:00:00Z,HLT,MarketOnClose,Filled,sell,-81,60.088169636142,-4867.141740527502,1.0,no valuation
53,2016-06-01T14:00:00Z,2016-06-01T20:00:00Z,BBWI,MarketOnClose,Filled,sell,-88,50.775940618,-4468.282774384,1.0,no valuation
54,2016-06-01T14:00:00Z,2016-06-01T20:00:00Z,AAPL,MarketOnClose,Filled,sell,-20,22.3668357435,-447.33671487,1.0,
55,2016-06-01T14:00:00Z,2016-06-01T20:00:00Z,HPE,MarketOnClose,Filled,sell,-32,13.757002742,-440.224087744,1.0,
56,2016-06-01T14:00:00Z,2016-06-01T20:00:00Z,DAL,MarketOnClose,Filled,sell,-8,38.423467801,-307.387742408,1.0,
57,2016-06-01T14:00:00Z,2016-06-01T20:00:00Z,T,MarketOnClose,Filled,sell,-18,16.090726408875,-289.63307535975,1.0,
58,2016-06-01T14:00:00Z,2016-06-01T20:00:00Z,MDLZ,MarketOnClose,Filled,sell,-8,35.229166853,-281.833334824,1.0,
59,2016-06-01T14:00:00Z,2016-06-01T20:00:00Z,TGT,MarketOnClose,Filled,buy,13,50.269692936,653.506008168,1.0,
60,2016-06-01T14:00:00Z,2016-06-01T20:00:00Z,VLO,MarketOnClose,Filled,buy,6,37.57776201,225.46657206,1.0,
61,2016-07-01T14:00:00Z,2016-07-01T20:00:00Z,VZ,MarketOnClose,Filled,sell,-21,32.508918984,-682.687298664,1.0,
62,2016-07-01T14:00:00Z,2016-07-01T20:00:00Z,T,MarketOnClose,Filled,sell,-33,18.0600019879628,-595.9800656027724,1.0,
63,2016-07-01T14:00:00Z,2016-07-01T20:00:00Z,KR,MarketOnClose,Filled,sell,-12,29.544326265,-354.53191518,1.0,
64,2016-07-01T14:00:00Z,2016-07-01T20:00:00Z,TSN,MarketOnClose,Filled,sell,-6,50.77271401,-304.63628406,1.0,
65,2016-07-01T14:00:00Z,2016-07-01T20:00:00Z,NFLX,MarketOnClose,Filled,buy,543,9.667,5249.181,2.715,
66,2016-07-01T14:00:00Z,2016-07-01T20:00:00Z,CAH,MarketOnClose,Filled,buy,83,59.444673178,4933.907873774,1.0,
67,2016-07-01T14:00:00Z,2016-07-01T20:00:00Z,DAL,MarketOnClose,Filled,buy,23,32.471406827,746.842357021,1.0,
68,2016-07-01T14:00:00Z,2016-07-01T20:00:00Z,GM,MarketOnClose,Filled,buy,16,23.677518861,378.840301776,1.0,
69,2016-07-01T14:00:00Z,2016-07-01T20:00:00Z,LUV,MarketOnClose,Filled,buy,9,34.90193124,314.11738116,1.0,
70,2016-07-01T14:00:00Z,2016-07-01T20:00:00Z,VLO,MarketOnClose,Filled,buy,8,34.672125945,277.37700756,1.0,
71,2016-07-01T14:00:00Z,2016-07-01T20:00:00Z,F,MarketOnClose,Filled,buy,31,7.59060276,235.30868556,1.0,
72,2016-08-01T14:00:00Z,2016-08-01T20:00:00Z,HPE,MarketOnClose,Filled,sell,-39,15.907543484,-620.394195876,1.0,
73,2016-08-01T14:00:00Z,2016-08-01T20:00:00Z,GM,MarketOnClose,Filled,sell,-16,25.65269437,-410.44310992,1.0,
74,2016-08-01T14:00:00Z,2016-08-01T20:00:00Z,TGT,MarketOnClose,Filled,sell,-7,55.486983096,-388.408881672,1.0,
75,2016-08-01T14:00:00Z,2016-08-01T20:00:00Z,EMR,MarketOnClose,Filled,sell,-8,43.305383112,-346.443064896,1.0,
76,2016-08-01T14:00:00Z,2016-08-01T20:00:00Z,TSN,MarketOnClose,Filled,sell,-6,57.12507114,-342.75042684,1.0,
77,2016-08-01T14:00:00Z,2016-08-01T20:00:00Z,CVS,MarketOnClose,Filled,buy,75,68.659261678,5149.44462585,1.0,
78,2016-08-01T14:00:00Z,2016-08-01T20:00:00Z,GILD,MarketOnClose,Filled,buy,10,56.148681114,561.48681114,1.0,
79,2016-08-01T14:00:00Z,2016-08-01T20:00:00Z,KR,MarketOnClose,Filled,buy,18,27.491177463,494.841194334,1.0,
80,2016-08-01T14:00:00Z,2016-08-01T20:00:00Z,LUV,MarketOnClose,Filled,buy,13,32.645644776,424.393382088,1.0,
81,2016-08-01T14:00:00Z,2016-08-01T20:00:00Z,HCA,MarketOnClose,Filled,buy,3,69.7127008,209.1381024,1.0,
82,2016-08-02T04:00:00Z,2016-08-02T20:00:00Z,LUV,MarketOnOpen,Filled,sell,-156,32.478186015,-5066.59701834,1.0,left universe
83,2016-09-01T14:00:00Z,2016-09-01T20:00:00Z,VLO,MarketOnClose,Filled,sell,-10,37.010008755,-370.10008755,1.0,
84,2016-09-01T14:00:00Z,2016-09-01T20:00:00Z,AAPL,MarketOnClose,Filled,sell,-12,24.37684649725,-292.522157967,1.0,
85,2016-09-01T14:00:00Z,2016-09-01T20:00:00Z,NFLX,MarketOnClose,Filled,sell,-23,9.738,-223.974,1.0,
86,2016-09-01T14:00:00Z,2016-09-01T20:00:00Z,HPQ,MarketOnClose,Filled,buy,499,10.24212575,5110.82074925,2.495,
87,2016-09-01T14:00:00Z,2016-09-01T20:00:00Z,VZ,MarketOnClose,Filled,buy,13,30.691418616,398.988442008,1.0,
88,2016-09-01T14:00:00Z,2016-09-01T20:00:00Z,T,MarketOnClose,Filled,buy,19,17.2077350926008,326.9469667594152,1.0,
89,2016-09-01T14:00:00Z,2016-09-01T20:00:00Z,TGT,MarketOnClose,Filled,buy,5,52.278140172,261.39070086,1.0,
90,2016-09-01T14:00:00Z,2016-09-01T20:00:00Z,KR,MarketOnClose,Filled,buy,10,25.929847924,259.29847924,1.0,
91,2016-09-01T14:00:00Z,2016-09-01T20:00:00Z,EMR,MarketOnClose,Filled,buy,5,41.247556396,206.23778198,1.0,
92,2016-10-03T14:00:00Z,2016-10-03T20:00:00Z,HPE,MarketOnClose,Filled,sell,-28,17.092308345,-478.58463366,1.0,
93,2016-10-03T14:00:00Z,2016-10-03T20:00:00Z,HPQ,MarketOnClose,Filled,sell,-40,11.149524805,-445.9809922,1.0,
94,2016-10-03T14:00:00Z,2016-10-03T20:00:00Z,AAPL,MarketOnClose,Filled,sell,-13,25.699267009,-334.090471117,1.0,
95,2016-10-03T14:00:00Z,2016-10-03T20:00:00Z,DAL,MarketOnClose,Filled,sell,-9,35.497246498,-319.475218482,1.0,
96,2016-10-03T14:00:00Z,2016-10-03T20:00:00Z,KR,MarketOnClose,Filled,buy,16,23.755505232,380.088083712,1.0,
97,2016-10-03T14:00:00Z,2016-10-03T20:00:00Z,F,MarketOnClose,Filled,buy,35,7.29979327,255.49276445,1.0,
98,2016-10-03T14:00:00Z,2016-10-03T20:00:00Z,VLO,MarketOnClose,Filled,buy,6,36.06243255,216.3745953,1.0,
99,2016-11-01T04:00:00Z,,CAH,MarketOnOpen,Canceled,sell,-83,0.0,0.0,0.0,no valuation
100,2016-11-01T14:00:00Z,2016-11-01T20:00:00Z,AAPL,MarketOnClose,Filled,sell,-196,25.46401776425,-4990.947481793,1.0,reached implied value
101,2016-11-01T14:00:00Z,2016-11-01T20:00:00Z,CAH,MarketOnClose,Filled,sell,-83,51.082515066,-4239.848750478,1.0,no valuation
102,2016-11-01T14:00:00Z,2016-11-01T20:00:00Z,NFLX,MarketOnClose,Filled,sell,-114,12.33,-1405.62,1.0,
103,2016-11-01T14:00:00Z,2016-11-01T20:00:00Z,VLO,MarketOnClose,Filled,sell,-15,40.554898155,-608.323472325,1.0,
104,2016-11-01T14:00:00Z,2016-11-01T20:00:00Z,DAL,MarketOnClose,Filled,sell,-9,37.184209188,-334.657882692,1.0,
105,2016-11-01T14:00:00Z,2016-11-01T20:00:00Z,DD,MarketOnClose,Filled,sell,-4,68.1197731269341,-272.4790925077364,1.0,
106,2016-11-01T14:00:00Z,2016-11-01T20:00:00Z,KR,MarketOnClose,Filled,sell,-10,24.980601301,-249.80601301,1.0,
107,2016-11-01T14:00:00Z,2016-11-01T20:00:00Z,MCK,MarketOnClose,Filled,buy,43,119.80627257,5151.66972051,1.0,
108,2016-11-01T14:00:00Z,2016-11-01T20:00:00Z,LUV,MarketOnClose,Filled,buy,143,35.067525376,5014.656128768,1.0,
109,2016-11-01T14:00:00Z,2016-11-01T20:00:00Z,T,MarketOnClose,Filled,buy,29,15.5462699947136,450.8418298466944,1.0,
110,2016-11-01T14:00:00Z,2016-11-01T20:00:00Z,CVS,MarketOnClose,Filled,buy,6,61.592400475,369.55440285,1.0,
111,2016-11-01T14:00:00Z,2016-11-01T20:00:00Z,VZ,MarketOnClose,Filled,buy,12,28.148653708,337.783844496,1.0,
112,2016-11-01T14:00:00Z,2016-11-01T20:00:00Z,HPQ,MarketOnClose,Filled,buy,32,10.230490492,327.375695744,1.0,
113,2016-11-01T14:00:00Z,2016-11-01T20:00:00Z,GILD,MarketOnClose,Filled,buy,6,52.00254711,312.01528266,1.0,
114,2016-11-01T14:00:00Z,2016-11-01T20:00:00Z,EMR,MarketOnClose,Filled,buy,5,39.9473106,199.736553,1.0,
115,2016-12-01T05:00:00Z,,TSN,MarketOnOpen,Canceled,sell,-90,0.0,0.0,0.0,no valuation
116,2016-12-01T15:00:00Z,2016-12-01T21:00:00Z,TSN,MarketOnClose,Filled,sell,-90,43.454274719,-3910.88472471,1.0,no valuation
117,2016-12-01T15:00:00Z,2016-12-01T21:00:00Z,EMR,MarketOnClose,Filled,sell,-127,44.894488072,-5701.599985144,1.0,reached implied value
118,2016-12-01T15:00:00Z,2016-12-01T21:00:00Z,LUV,MarketOnClose,Filled,sell,-17,41.598498474,-707.174474058,1.0,
119,2016-12-01T15:00:00Z,2016-12-01T21:00:00Z,DAL,MarketOnClose,Filled,sell,-15,42.606535923,-639.098038845,1.0,
120,2016-12-01T15:00:00Z,2016-12-01T21:00:00Z,MCK,MarketOnClose,Filled,sell,-4,132.865218332,-531.460873328,1.0,
121,2016-12-01T15:00:00Z,2016-12-01T21:00:00Z,GM,MarketOnClose,Filled,sell,-16,30.214572053,-483.433152848,1.0,
122,2016-12-01T15:00:00Z,2016-12-01T21:00:00Z,TGT,MarketOnClose,Filled,sell,-7,58.129586718,-406.907107026,1.0,
123,2016-12-01T15:00:00Z,2016-12-01T21:00:00Z,MPC,MarketOnClose,Filled,buy,148,35.735858158,5288.907007384,1.0,
124,2016-12-01T15:00:00Z,2016-12-01T21:00:00Z,YUM,MarketOnClose,Filled,buy,98,52.476852381,5142.731533338,1.0,
125,2016-12-01T15:00:00Z,2016-12-01T21:00:00Z,CVS,MarketOnClose,Filled,buy,11,56.65467538,623.20142918,1.0,
126,2016-12-01T15:00:00Z,2016-12-01T21:00:00Z,MDLZ,MarketOnClose,Filled,buy,17,32.3685588,550.2654996,1.0,
127,2016-12-01T15:00:00Z,2016-12-01T21:00:00Z,HCA,MarketOnClose,Filled,buy,8,65.74336005,525.9468804,1.0,
128,2016-12-01T15:00:00Z,2016-12-01T21:00:00Z,NFLX,MarketOnClose,Filled,buy,41,11.722,480.602,1.0,
129,2017-01-03T15:00:00Z,2017-01-03T21:00:00Z,VLO,MarketOnClose,Filled,sell,-11,48.45554427,-533.01098697,1.0,
130,2017-01-03T15:00:00Z,2017-01-03T21:00:00Z,T,MarketOnClose,Filled,sell,-26,18.2932312683966,-475.6240129783116,1.0,
131,2017-01-03T15:00:00Z,2017-01-03T21:00:00Z,MDLZ,MarketOnClose,Filled,sell,-8,35.69735286,-285.57882288,1.0,
132,2017-01-03T15:00:00Z,2017-01-03T21:00:00Z,KR,MarketOnClose,Filled,sell,-10,27.459824676,-274.59824676,1.0,
133,2017-01-03T15:00:00Z,2017-01-03T21:00:00Z,VZ,MarketOnClose,Filled,sell,-7,32.235701204,-225.649908428,1.0,
134,2017-01-03T15:00:00Z,2017-01-03T21:00:00Z,TGT,MarketOnClose,Filled,buy,9,54.342423975,489.081815775,1.0,
135,2017-01-03T15:00:00Z,2017-01-03T21:00:00Z,GILD,MarketOnClose,Filled,buy,8,52.400951712,419.207613696,1.0,
136,2017-01-03T15:00:00Z,2017-01-03T21:00:00Z,MCK,MarketOnClose,Filled,buy,2,136.904662697,273.809325394,1.0,
137,2017-01-03T15:00:00Z,2017-01-03T21:00:00Z,F,MarketOnClose,Filled,buy,30,7.690032432,230.70097296,1.0,
138,2017-02-01T05:00:00Z,,YUM,MarketOnOpen,Canceled,sell,-98,0.0,0.0,0.0,no valuation
139,2017-02-01T15:00:00Z,2017-02-01T21:00:00Z,F,MarketOnClose,Filled,sell,-727,7.64648808,-5558.99683416,3.635,reached implied value
140,2017-02-01T15:00:00Z,2017-02-01T21:00:00Z,YUM,MarketOnClose,Filled,sell,-98,54.536742375,-5344.60075275,1.0,no valuation
141,2017-02-01T15:00:00Z,2017-02-01T21:00:00Z,NFLX,MarketOnClose,Filled,sell,-62,14.078,-872.836,1.0,
142,2017-02-01T15:00:00Z,2017-02-01T21:00:00Z,HCA,MarketOnClose,Filled,sell,-6,75.6574809,-453.9448854,1.0,
143,2017-02-01T15:00:00Z,2017-02-01T21:00:00Z,LUV,MarketOnClose,Filled,sell,-9,46.699781381,-420.298032429,1.0,
144,2017-02-01T15:00:00Z,2017-02-01T21:00:00Z,LBTYA,MarketOnClose,Filled,buy,148,36.23,5362.04,1.0,
145,2017-02-01T15:00:00Z,2017-02-01T21:00:00Z,CCL,MarketOnClose,Filled,buy,110,48.991031889,5389.01350779,1.0,
146,2017-02-01T15:00:00Z,2017-02-01T21:00:00Z,TGT,MarketOnClose,Filled,buy,13,47.559891883,618.278594479,1.0,
147,2017-02-01T15:00:00Z,2017-02-01T21:00:00Z,VZ,MarketOnClose,Filled,buy,14,28.886429856,404.410017984,1.0,
148,2017-02-01T15:00:00Z,2017-02-01T21:00:00Z,HPE,MarketOnClose,Filled,buy,20,17.141183568,342.82367136,1.0,
149,2017-02-01T15:00:00Z,2017-02-01T21:00:00Z,DAL,MarketOnClose,Filled,buy,7,42.151661874,295.061633118,1.0,
150,2017-02-01T15:00:00Z,2017-02-01T21:00:00Z,VLO,MarketOnClose,Filled,buy,5,44.980672095,224.903360475,1.0,
151,2017-03-01T15:00:00Z,2017-03-01T21:00:00Z,MPC,MarketOnClose,Filled,sell,-148,38.443905401,-5689.697999348,1.0,reached implied value
152,2017-03-01T15:00:00Z,2017-03-01T21:00:00Z,DD,MarketOnClose,Filled,sell,-74,81.0151494273546,-5995.12105762424,1.0,reached implied value
153,2017-03-01T15:00:00Z,2017-03-01T21:00:00Z,GM,MarketOnClose,Filled,sell,-182,31.380716863,-5711.290469066,1.0,no valuation
154,2017-03-01T15:00:00Z,2017-03-01T21:00:00Z,MDLZ,MarketOnClose,Filled,sell,-152,35.052651504,-5328.003028608,1.0,reached implied value
155,2017-03-01T15:00:00Z,2017-03-01T21:00:00Z,HPQ,MarketOnClose,Filled,sell,-46,12.664468188,-582.565536648,1.0,
156,2017-03-01T15:00:00Z,2017-03-01T21:00:00Z,LUV,MarketOnClose,Filled,sell,-9,52.146465536,-469.318189824,1.0,
157,2017-03-01T15:00:00Z,2017-03-01T21:00:00Z,HCA,MarketOnClose,Filled,sell,-5,81.2699441,-406.3497205,1.0,
158,2017-03-01T15:00:00Z,2017-03-01T21:00:00Z,MO,MarketOnClose,Filled,buy,146,38.344509,5598.298314,1.0,
159,2017-03-01T15:00:00Z,2017-03-01T21:00:00Z,GLW,MarketOnClose,Filled,buy,255,22.18168008,5656.3284204,1.275,
160,2017-03-01T15:00:00Z,2017-03-01T21:00:00Z,EBAY,MarketOnClose,Filled,buy,185,30.221482707,5590.974300795,1.0,
161,2017-03-01T15:00:00Z,2017-03-01T21:00:00Z,BAX,MarketOnClose,Filled,buy,126,44.151848604,5563.132924104,1.0,
162,2017-03-01T15:00:00Z,2017-03-01T21:00:00Z,TGT,MarketOnClose,Filled,buy,13,43.595446216,566.740800808,1.0,
163,2017-03-01T15:00:00Z,2017-03-01T21:00:00Z,KR,MarketOnClose,Filled,buy,22,26.201919856,576.442236832,1.0,
164,2017-03-01T15:00:00Z,2017-03-01T21:00:00Z,LBTYA,MarketOnClose,Filled,buy,7,35.2,246.4,1.0,
165,2017-03-01T15:00:00Z,2017-03-01T21:00:00Z,GILD,MarketOnClose,Filled,buy,5,49.595776708,247.97888354,1.0,
166,2017-04-01T04:00:00Z,,GLW,MarketOnOpen,Canceled,sell,-255,0.0,0.0,0.0,no valuation
167,2017-04-03T14:00:00Z,2017-04-03T20:00:00Z,KR,MarketOnClose,Filled,sell,-213,24.02796144,-5117.95578672,1.065,no valuation
168,2017-04-03T14:00:00Z,2017-04-03T20:00:00Z,GLW,MarketOnClose,Filled,sell,-255,21.111925296,-5383.54095048,1.275,no valuation
169,2017-04-03T14:00:00Z,2017-04-03T20:00:00Z,CCL,MarketOnClose,Filled,sell,-6,52.197133212,-313.182799272,1.0,
170,2017-04-03T14:00:00Z,2017-04-03T20:00:00Z,HPQ,MarketOnClose,Filled,sell,-22,12.731126613,-280.084785486,1.0,
171,2017-04-03T14:00:00Z,2017-04-03T20:00:00Z,PPL,MarketOnClose,Filled,buy,221,24.54496221,5424.43664841,1.105,
172,2017-04-03T14:00:00Z,2017-04-03T20:00:00Z,CAH,MarketOnClose,Filled,buy,86,62.931465144,5412.106002384,1.0,
173,2017-04-03T14:00:00Z,2017-04-03T20:00:00Z,LUV,MarketOnClose,Filled,buy,7,47.9077794,335.3544558,1.0,
174,2017-04-03T14:00:00Z,2017-04-03T20:00:00Z,TGT,MarketOnClose,Filled,buy,7,40.730796456,285.115575192,1.0,
175,2017-04-03T14:00:00Z,2017-04-03T20:00:00Z,DAL,MarketOnClose,Filled,buy,5,41.466293539,207.331467695,1.0,
176,2017-05-01T14:00:00Z,2017-05-01T20:00:00Z,BAX,MarketOnClose,Filled,sell,-13,47.928163716,-623.066128308,1.0,
177,2017-05-01T14:00:00Z,2017-05-01T20:00:00Z,NFLX,MarketOnClose,Filled,sell,-29,15.535,-450.515,1.0,
178,2017-05-01T14:00:00Z,2017-05-01T20:00:00Z,LUV,MarketOnClose,Filled,sell,-7,49.930552308,-349.513866156,1.0,
179,2017-05-01T14:00:00Z,2017-05-01T20:00:00Z,HPQ,MarketOnClose,Filled,sell,-25,13.708217058,-342.70542645,1.0,
180,2017-05-01T14:00:00Z,2017-05-01T20:00:00Z,CCL,MarketOnClose,Filled,sell,-6,55.601100864,-333.606605184,1.0,
181,2017-05-01T14:00:00Z,2017-05-01T20:00:00Z,CVS,MarketOnClose,Filled,sell,-4,61.40670921,-245.62683684,1.0,
182,2017-05-01T14:00:00Z,2017-05-01T20:00:00Z,HPE,MarketOnClose,Filled,buy,67,14.27206875,956.22860625,1.0,
183,2017-05-01T14:00:00Z,2017-05-01T20:00:00Z,CAH,MarketOnClose,Filled,buy,10,56.128273644,561.28273644,1.0,
184,2017-05-01T14:00:00Z,2017-05-01T20:00:00Z,VZ,MarketOnClose,Filled,buy,10,27.71601624,277.1601624,1.0,
185,2017-05-01T14:00:00Z,2017-05-01T20:00:00Z,T,MarketOnClose,Filled,buy,16,17.0292549013891,272.4680784222256,1.0,
186,2017-05-02T04:00:00Z,2017-05-02T20:00:00Z,CAH,MarketOnOpen,Filled,sell,-96,56.40817638,-5415.18493248,1.0,left universe
187,2017-06-01T14:00:00Z,2017-06-01T20:00:00Z,MCK,MarketOnClose,Filled,sell,-5,154.626605424,-773.13302712,1.0,
188,2017-06-01T14:00:00Z,2017-06-01T20:00:00Z,DAL,MarketOnClose,Filled,sell,-9,44.819352355,-403.374171195,1.0,
189,2017-06-01T14:00:00Z,2017-06-01T20:00:00Z,PPL,MarketOnClose,Filled,sell,-13,26.42998356,-343.58978628,1.0,
190,2017-06-01T14:00:00Z,2017-06-01T20:00:00Z,NFLX,MarketOnClose,Filled,sell,-19,16.299,-309.681,1.0,
191,2017-06-01T14:00:00Z,2017-06-01T20:00:00Z,BAX,MarketOnClose,Filled,sell,-6,51.870174,-311.221044,1.0,
192,2017-06-01T14:00:00Z,2017-06-01T20:00:00Z,LUV,MarketOnClose,Filled,sell,-5,53.49702033,-267.48510165,1.0,
193,2017-06-01T14:00:00Z,2017-06-01T20:00:00Z,GLW,MarketOnClose,Filled,buy,239,23.460938331,5607.164261109,1.195,
194,2017-06-01T14:00:00Z,2017-06-01T20:00:00Z,LBTYA,MarketOnClose,Filled,buy,25,31.35,783.75,1.0,
195,2017-06-01T14:00:00Z,2017-06-01T20:00:00Z,CVS,MarketOnClose,Filled,buy,7,58.50713477,409.54994339,1.0,
196,2017-06-01T14:00:00Z,2017-06-01T20:00:00Z,GILD,MarketOnClose,Filled,buy,8,46.011391524,368.091132192,1.0,
197,2017-06-01T14:00:00Z,2017-06-01T20:00:00Z,VLO,MarketOnClose,Filled,buy,8,43.652543984,349.220351872,1.0,
198,2017-06-01T14:00:00Z,2017-06-01T20:00:00Z,HCA,MarketOnClose,Filled,buy,4,77.309834375,309.2393375,1.0,
199,2017-06-01T14:00:00Z,2017-06-01T20:00:00Z,T,MarketOnClose,Filled,buy,14,16.9204278634201,236.8859900878814,1.0,
200,2017-07-03T14:00:00Z,2017-07-03T17:00:00Z,GILD,MarketOnClose,Filled,sell,-10,50.7455613,-507.455613,1.0,
201,2017-07-03T14:00:00Z,2017-07-03T17:00:00Z,DAL,MarketOnClose,Filled,sell,-10,48.604497258,-486.04497258,1.0,
202,2017-07-03T14:00:00Z,2017-07-03T17:00:00Z,VLO,MarketOnClose,Filled,sell,-10,47.791524732,-477.91524732,1.0,
203,2017-07-03T14:00:00Z,2017-07-03T17:00:00Z,LBTYA,MarketOnClose,Filled,sell,-8,31.94,-255.52,1.0,
204,2017-07-03T14:00:00Z,2017-07-03T17:00:00Z,HCA,MarketOnClose,Filled,sell,-3,80.503769025,-241.511307075,1.0,
205,2017-07-03T14:00:00Z,2017-07-03T17:00:00Z,HPE,MarketOnClose,Filled,buy,56,12.737552001,713.302912056,1.0,
206,2017-07-03T14:00:00Z,2017-07-03T17:00:00Z,NFLX,MarketOnClose,Filled,buy,34,14.617,496.978,1.0,
207,2017-07-03T14:00:00Z,2017-07-03T17:00:00Z,HPQ,MarketOnClose,Filled,buy,37,12.81216699,474.05017863,1.0,
208,2017-07-03T14:00:00Z,2017-07-03T17:00:00Z,TGT,MarketOnClose,Filled,buy,7,40.091413673,280.639895711,1.0,
209,2017-07-03T14:00:00Z,2017-07-03T17:00:00Z,VZ,MarketOnClose,Filled,buy,10,27.18441,271.8441,1.0,
210,2017-08-01T14:00:00Z,2017-08-01T20:00:00Z,NFLX,MarketOnClose,Filled,sell,-61,18.203,-1110.383,1.0,
211,2017-08-01T14:00:00Z,2017-08-01T20:00:00Z,VZ,MarketOnClose,Filled,sell,-15,29.92126668,-448.8190002,1.0,
212,2017-08-01T14:00:00Z,2017-08-01T20:00:00Z,HPQ,MarketOnClose,Filled,sell,-30,13.95702198,-418.7106594,1.0,
213,2017-08-01T14:00:00Z,2017-08-01T20:00:00Z,TGT,MarketOnClose,Filled,sell,-9,43.330123198,-389.971108782,1.0,
214,2017-08-01T14:00:00Z,2017-08-01T20:00:00Z,GILD,MarketOnClose,Filled,sell,-6,54.3343563,-326.0061378,1.0,
215,2017-08-01T14:00:00Z,2017-08-01T20:00:00Z,MO,MarketOnClose,Filled,buy,22,33.76211255,742.7664761,1.0,
216,2017-08-01T14:00:00Z,2017-08-01T20:00:00Z,DAL,MarketOnClose,Filled,buy,13,45.017150901,585.222961713,1.0,
217,2017-08-01T14:00:00Z,2017-08-01T20:00:00Z,LUV,MarketOnClose,Filled,buy,11,49.515761876,544.673380636,1.0,
218,2017-08-01T14:00:00Z,2017-08-01T20:00:00Z,HCA,MarketOnClose,Filled,buy,7,73.1835662,512.2849634,1.0,
219,2017-08-01T14:00:00Z,2017-08-01T20:00:00Z,PPL,MarketOnClose,Filled,buy,12,25.792414362,309.508972344,1.0,
220,2017-09-01T04:00:00Z,,GLW,MarketOnOpen,Canceled,sell,-239,0.0,0.0,0.0,no valuation
221,2017-09-01T14:00:00Z,2017-09-01T20:00:00Z,GLW,MarketOnClose,Filled,sell,-239,22.9759046,-5491.2411994,1.195,no valuation
222,2017-09-01T14:00:00Z,2017-09-01T20:00:00Z,GILD,MarketOnClose,Filled,sell,-10,60.11231625,-601.1231625,1.0,
223,2017-09-01T14:00:00Z,2017-09-01T20:00:00Z,CCL,MarketOnClose,Filled,sell,-9,62.204114168,-559.837027512,1.0,
224,2017-09-01T14:00:00Z,2017-09-01T20:00:00Z,HPE,MarketOnClose,Filled,sell,-32,10.934275293,-349.896809376,1.0,
225,2017-09-01T14:00:00Z,2017-09-01T20:00:00Z,EBAY,MarketOnClose,Filled,sell,-9,32.055760035,-288.501840315,1.0,
226,2017-09-01T14:00:00Z,2017-09-01T20:00:00Z,LBTYA,MarketOnClose,Filled,sell,-7,33.9,-237.3,1.0,
227,2017-09-01T14:00:00Z,2017-09-01T20:00:00Z,LOW,MarketOnClose,Filled,buy,89,63.100234115,5615.920836235,1.0,
228,2017-09-01T14:00:00Z,2017-09-01T20:00:00Z,MCK,MarketOnClose,Filled,buy,4,139.562670779,558.250683116,1.0,
229,2017-09-01T14:00:00Z,2017-09-01T20:00:00Z,LUV,MarketOnClose,Filled,buy,6,46.487350051,278.924100306,1.0,
230,2017-10-02T14:00:00Z,2017-10-02T20:00:00Z,VLO,MarketOnClose,Filled,sell,-13,54.70281866,-711.13664258,1.0,
231,2017-10-02T14:00:00Z,2017-10-02T20:00:00Z,LOW,MarketOnClose,Filled,sell,-5,68.290260069,-341.451300345,1.0,
232,2017-10-02T14:00:00Z,2017-10-02T20:00:00Z,LUV,MarketOnClose,Filled,sell,-6,49.836505755,-299.01903453,1.0,
233,2017-10-02T14:00:00Z,2017-10-02T20:00:00Z,EBAY,MarketOnClose,Filled,sell,-8,34.154596593,-273.236772744,1.0,
234,2017-10-02T14:00:00Z,2017-10-02T20:00:00Z,HPE,MarketOnClose,Filled,buy,100,11.502226722,1150.2226722,1.0,
235,2017-10-02T14:00:00Z,2017-10-02T20:00:00Z,CCL,MarketOnClose,Filled,buy,9,57.974990248,521.774912232,1.0,
236,2017-10-02T14:00:00Z,2017-10-02T20:00:00Z,GILD,MarketOnClose,Filled,buy,4,60.322086144,241.288344576,1.0,
237,2017-10-03T04:00:00Z,2017-10-03T20:00:00Z,HPE,MarketOnOpen,Filled,sell,-506,11.494548333,-5816.241456498,2.53,left universe
238,2017-11-01T04:00:00Z,,LBTYA,MarketOnOpen,Canceled,sell,-165,0.0,0.0,0.0,no valuation
239,2017-11-01T04:00:00Z,,PPL,MarketOnOpen,Canceled,sell,-220,0.0,0.0,0.0,no valuation
240,2017-11-01T14:00:00Z,2017-11-01T20:00:00Z,LBTYA,MarketOnClose,Filled,sell,-165,31.34,-5171.1,1.0,no valuation
241,2017-11-01T14:00:00Z,2017-11-01T20:00:00Z,PPL,MarketOnClose,Filled,sell,-220,24.928523108,-5484.27508376,1.1,no valuation
242,2017-11-01T14:00:00Z,2017-11-01T20:00:00Z,HPQ,MarketOnClose,Filled,sell,-50,15.764351794,-788.2175897,1.0,
243,2017-11-01T14:00:00Z,2017-11-01T20:00:00Z,NFLX,MarketOnClose,Filled,sell,-25,19.8,-495.0,1.0,
244,2017-11-01T14:00:00Z,2017-11-01T20:00:00Z,BAX,MarketOnClose,Filled,sell,-7,55.64606904,-389.52248328,1.0,
245,2017-11-01T14:00:00Z,2017-11-01T20:00:00Z,TGT,MarketOnClose,Filled,sell,-7,45.3595761,-317.5170327,1.0,
246,2017-11-01T14:00:00Z,2017-11-01T20:00:00Z,CCL,MarketOnClose,Filled,sell,-4,58.100964152,-232.403856608,1.0,
247,2017-11-01T14:00:00Z,2017-11-01T20:00:00Z,MU,MarketOnClose,Filled,buy,130,43.276593374,5625.95713862,1.0,
248,2017-11-01T14:00:00Z,2017-11-01T20:00:00Z,CRH,MarketOnClose,Filled,buy,185,29.741764442,5502.22642177,1.0,
249,2017-11-01T14:00:00Z,2017-11-01T20:00:00Z,GLW,MarketOnClose,Filled,buy,225,25.14629282,5657.9158845,1.125,
250,2017-11-01T14:00:00Z,2017-11-01T20:00:00Z,T,MarketOnClose,Filled,buy,45,14.9805486759736,674.124690418812,1.0,
251,2017-11-01T14:00:00Z,2017-11-01T20:00:00Z,CVS,MarketOnClose,Filled,buy,13,52.2414042,679.1382546,1.0,
252,2017-11-01T14:00:00Z,2017-11-01T20:00:00Z,MCK,MarketOnClose,Filled,buy,3,130.464615673,391.393847019,1.0,
253,2017-11-01T14:00:00Z,2017-11-01T20:00:00Z,GILD,MarketOnClose,Filled,buy,6,54.052980448,324.317882688,1.0,
254,2017-11-01T14:00:00Z,2017-11-01T20:00:00Z,HCA,MarketOnClose,Filled,buy,4,70.921965075,283.6878603,1.0,
255,2017-12-01T15:00:00Z,2017-12-01T21:00:00Z,CCL,MarketOnClose,Filled,sell,-94,59.789268,-5620.191192,1.0,reached implied value
256,2017-12-01T15:00:00Z,2017-12-01T21:00:00Z,VLO,MarketOnClose,Filled,sell,-10,60.266780542,-602.66780542,1.0,
257,2017-12-01T15:00:00Z,2017-12-01T21:00:00Z,HCA,MarketOnClose,Filled,sell,-7,77.586765125,-543.107355875,1.0,
258,2017-12-01T15:00:00Z,2017-12-01T21:00:00Z,CVS,MarketOnClose,Filled,sell,-8,56.874989616,-454.999916928,1.0,
259,2017-12-01T15:00:00Z,2017-12-01T21:00:00Z,LUV,MarketOnClose,Filled,sell,-7,53.372715368,-373.609007576,1.0,
260,2017-12-01T15:00:00Z,2017-12-01T21:00:00Z,DAL,MarketOnClose,Filled,sell,-7,47.401702436,-331.811917052,1.0,
261,2017-12-01T15:00:00Z,2017-12-01T21:00:00Z,T,MarketOnClose,Filled,sell,-16,16.2977653255748,-260.7642452091968,1.0,
262,2017-12-01T15:00:00Z,2017-12-01T21:00:00Z,JCI,MarketOnClose,Filled,buy,188,30.574961468,5748.092755984,1.0,
263,2017-12-01T15:00:00Z,2017-12-01T21:00:00Z,EBAY,MarketOnClose,Filled,buy,21,31.04161632,651.87394272,1.0,
264,2017-12-01T15:00:00Z,2017-12-01T21:00:00Z,CRH,MarketOnClose,Filled,buy,22,28.05216706,617.14767532,1.0,
265,2017-12-01T15:00:00Z,2017-12-01T21:00:00Z,NFLX,MarketOnClose,Filled,buy,24,18.682,448.368,1.0,
266,2017-12-01T15:00:00Z,2017-12-01T21:00:00Z,MU,MarketOnClose,Filled,buy,10,40.946015227,409.46015227,1.0,
267,2017-12-01T15:00:00Z,2017-12-01T21:00:00Z,GILD,MarketOnClose,Filled,buy,4,54.414104048,217.656416192,1.0,
268,2018-01-02T15:00:00Z,2018-01-02T21:00:00Z,LOW,MarketOnClose,Filled,sell,-8,77.841460602,-622.731684816,1.0,
269,2018-01-02T15:00:00Z,2018-01-02T21:00:00Z,MO,MarketOnClose,Filled,sell,-8,37.184275854,-297.474206832,1.0,
270,2018-01-02T15:00:00Z,2018-01-02T21:00:00Z,EBAY,MarketOnClose,Filled,sell,-9,33.563747646,-302.073728814,1.0,
271,2018-01-02T15:00:00Z,2018-01-02T21:00:00Z,LUV,MarketOnClose,Filled,sell,-5,59.166516374,-295.83258187,1.0,
272,2018-01-02T15:00:00Z,2018-01-02T21:00:00Z,MCK,MarketOnClose,Filled,sell,-2,148.862319,-297.724638,1.0,
273,2018-01-02T15:00:00Z,2018-01-02T21:00:00Z,CVS,MarketOnClose,Filled,buy,9,55.663594736,500.972352624,1.0,
274,2018-01-02T15:00:00Z,2018-01-02T21:00:00Z,HPQ,MarketOnClose,Filled,buy,31,15.757264484,488.475199004,1.0,
275,2018-01-02T15:00:00Z,2018-01-02T21:00:00Z,GILD,MarketOnClose,Filled,buy,8,53.8844085,431.075268,1.0,
276,2018-01-02T15:00:00Z,2018-01-02T21:00:00Z,MU,MarketOnClose,Filled,buy,9,42.584245891,383.258213019,1.0,
277,2018-01-02T15:00:00Z,2018-01-02T21:00:00Z,BAX,MarketOnClose,Filled,buy,6,58.363616697,350.181700182,1.0,
278,2018-01-02T15:00:00Z,2018-01-02T21:00:00Z,GLW,MarketOnClose,Filled,buy,10,26.060783448,260.60783448,1.0,
279,2018-02-01T05:00:00Z,,GLW,MarketOnOpen,Canceled,sell,-235,0.0,0.0,0.0,no valuation
280,2018-02-01T15:00:00Z,2018-02-01T21:00:00Z,HPQ,MarketOnClose,Filled,sell,-386,17.22065021,-6647.17098106,1.93,reached implied value
281,2018-02-01T15:00:00Z,2018-02-01T21:00:00Z,GLW,MarketOnClose,Filled,sell,-235,25.317787476,-5949.68005686,1.175,no valuation
282,2018-02-01T15:00:00Z,2018-02-01T21:00:00Z,EBAY,MarketOnClose,Filled,sell,-180,40.733302779,-7331.99450022,1.0,reached implied value
283,2018-02-01T15:00:00Z,2018-02-01T21:00:00Z,LOW,MarketOnClose,Filled,sell,-76,88.579784448,-6732.063618048,1.0,reached implied value
284,2018-02-01T15:00:00Z,2018-02-01T21:00:00Z,NFLX,MarketOnClose,Filled,sell,-70,26.507,-1855.49,1.0,
285,2018-02-01T15:00:00Z,2018-02-01T21:00:00Z,TGT,MarketOnClose,Filled,sell,-13,58.373703675,-758.858147775,1.0,
286,2018-02-01T15:00:00Z,2018-02-01T21:00:00Z,GILD,MarketOnClose,Filled,sell,-9,60.71267565,-546.41408085,1.0,
287,2018-02-01T15:00:00Z,2018-02-01T21:00:00Z,HCA,MarketOnClose,Filled,sell,-4,94.3779996,-377.5119984,1.0,
288,2018-02-01T15:00:00Z,2018-02-01T21:00:00Z,F,MarketOnClose,Filled,buy,891,7.217045472,6430.387515552,4.455,
289,2018-02-01T15:00:00Z,2018-02-01T21:00:00Z,MPC,MarketOnClose,Filled,buy,121,52.843842079,6394.104891559,1.0,
290,2018-02-01T15:00:00Z,2018-02-01T21:00:00Z,LUV,MarketOnClose,Filled,buy,17,53.829123586,915.095100962,1.0,
291,2018-02-01T15:00:00Z,2018-02-01T21:00:00Z,MO,MarketOnClose,Filled,buy,15,36.758501703,551.377525545,1.0,
292,2018-02-01T15:00:00Z,2018-02-01T21:00:00Z,T,MarketOnClose,Filled,buy,25,17.7172112345234,442.930280863085,1.0,
293,2018-02-01T15:00:00Z,2018-02-01T21:00:00Z,JCI,MarketOnClose,Filled,buy,13,32.755421178,425.820475314,1.0,
294,2018-02-01T15:00:00Z,2018-02-01T21:00:00Z,DAL,MarketOnClose,Filled,buy,5,51.371572252,256.85786126,1.0,
295,2018-03-01T15:00:00Z,2018-03-01T21:00:00Z,MO,MarketOnClose,Filled,sell,-175,32.816148453,-5742.825979275,1.0,reached implied value
296,2018-03-01T15:00:00Z,2018-03-01T21:00:00Z,BAX,MarketOnClose,Filled,sell,-106,57.752681238,-6121.784211228,1.0,reached implied value
297,2018-03-01T15:00:00Z,2018-03-01T21:00:00Z,MU,MarketOnClose,Filled,sell,-18,46.436038226,-835.848688068,1.0,
298,2018-03-01T15:00:00Z,2018-03-01T21:00:00Z,NFLX,MarketOnClose,Filled,sell,-25,29.039,-725.975,1.0,
299,2018-03-01T15:00:00Z,2018-03-01T21:00:00Z,TGT,MarketOnClose,Filled,sell,-5,58.196297649,-290.981488245,1.0,
300,2018-03-01T15:00:00Z,2018-03-01T21:00:00Z,EXC,MarketOnClose,Filled,buy,321,19.3812893412622,6221.393878545166,1.605,
301,2018-03-01T15:00:00Z,2018-03-01T21:00:00Z,CVX,MarketOnClose,Filled,buy,80,77.938519648,6235.08157184,1.0,
302,2018-03-01T15:00:00Z,2018-03-01T21:00:00Z,PSX,MarketOnClose,Filled,buy,94,66.290055741,6231.265239654,1.0,
303,2018-03-01T15:00:00Z,2018-03-01T21:00:00Z,ETN,MarketOnClose,Filled,buy,93,65.565485895,6097.590188235,1.0,
304,2018-03-01T15:00:00Z,2018-03-01T21:00:00Z,CRH,MarketOnClose,Filled,buy,26,27.106315894,704.764213244,1.0,
305,2018-03-01T15:00:00Z,2018-03-01T21:00:00Z,CVS,MarketOnClose,Filled,buy,12,51.156703195,613.88043834,1.0,
306,2018-03-01T15:00:00Z,2018-03-01T21:00:00Z,VZ,MarketOnClose,Filled,buy,18,30.04240778,540.76334004,1.0,
307,2018-03-01T15:00:00Z,2018-03-01T21:00:00Z,MCK,MarketOnClose,Filled,buy,3,137.50082664,412.50247992,1.0,
308,2018-04-02T14:00:00Z,2018-04-02T20:00:00Z,MPC,MarketOnClose,Filled,sell,-11,55.61298438,-611.74282818,1.0,
309,2018-04-02T14:00:00Z,2018-04-02T20:00:00Z,MU,MarketOnClose,Filled,sell,-8,48.815373238,-390.522985904,1.0,
310,2018-04-02T14:00:00Z,2018-04-02T20:00:00Z,PSX,MarketOnClose,Filled,sell,-5,69.266433285,-346.332166425,1.0,
311,2018-04-02T14:00:00Z,2018-04-02T20:00:00Z,EXC,MarketOnClose,Filled,sell,-15,20.0847272534315,-301.2709088014725,1.0,
312,2018-04-02T14:00:00Z,2018-04-02T20:00:00Z,TGT,MarketOnClose,Filled,buy,10,54.153252554,541.53252554,1.0,
313,2018-04-02T14:00:00Z,2018-04-02T20:00:00Z,CVS,MarketOnClose,Filled,buy,11,46.501938392,511.521322312,1.0,
314,2018-04-02T14:00:00Z,2018-04-02T20:00:00Z,JCI,MarketOnClose,Filled,buy,14,28.114689798,393.605657172,1.0,
315,2018-04-02T14:00:00Z,2018-04-02T20:00:00Z,MCK,MarketOnClose,Filled,buy,3,131.18595996,393.55787988,1.0,
316,2018-04-02T14:00:00Z,2018-04-02T20:00:00Z,GILD,MarketOnClose,Filled,buy,7,53.562769794,374.939388558,1.0,
317,2018-05-01T14:00:00Z,2018-05-01T20:00:00Z,VLO,MarketOnClose,Filled,sell,-14,80.002385728,-1120.033400192,1.0,
318,2018-05-01T14:00:00Z,2018-05-01T20:00:00Z,PSX,MarketOnClose,Filled,sell,-10,81.595055955,-815.95055955,1.0,
319,2018-05-01T14:00:00Z,2018-05-01T20:00:00Z,CVS,MarketOnClose,Filled,sell,-12,52.2005604,-626.4067248,1.0,
320,2018-05-01T14:00:00Z,2018-05-01T20:00:00Z,CVX,MarketOnClose,Filled,sell,-7,86.856511632,-607.995581424,1.0,
321,2018-05-01T14:00:00Z,2018-05-01T20:00:00Z,MCK,MarketOnClose,Filled,sell,-4,144.69771036,-578.79084144,1.0,
322,2018-05-01T14:00:00Z,2018-05-01T20:00:00Z,CRH,MarketOnClose,Filled,sell,-12,29.032885376,-348.394624512,1.0,
323,2018-05-01T14:00:00Z,2018-05-01T20:00:00Z,F,MarketOnClose,Filled,sell,-37,7.541596688,-279.039077456,1.0,
324,2018-05-01T14:00:00Z,2018-05-01T20:00:00Z,MU,MarketOnClose,Filled,buy,20,45.626674267,912.53348534,1.0,
325,2018-05-01T14:00:00Z,2018-05-01T20:00:00Z,LUV,MarketOnClose,Filled,buy,17,47.352484758,804.992240886,1.0,
326,2018-05-01T14:00:00Z,2018-05-01T20:00:00Z,T,MarketOnClose,Filled,buy,47,14.9316546894002,701.7877704018094,1.0,
327,2018-05-01T14:00:00Z,2018-05-01T20:00:00Z,ETN,MarketOnClose,Filled,buy,10,61.344083244,613.44083244,1.0,
328,2018-05-01T14:00:00Z,2018-05-01T20:00:00Z,DAL,MarketOnClose,Filled,buy,9,48.297957678,434.681619102,1.0,
329,2018-05-01T14:00:00Z,2018-05-01T20:00:00Z,GILD,MarketOnClose,Filled,buy,8,53.138017176,425.104137408,1.0,
330,2018-05-01T14:00:00Z,2018-05-01T20:00:00Z,JCI,MarketOnClose,Filled,buy,14,29.780193084,416.922703176,1.0,
331,2018-05-01T14:00:00Z,2018-05-01T20:00:00Z,HCA,MarketOnClose,Filled,buy,3,89.10952128,267.32856384,1.0,
332,2018-06-01T14:00:00Z,2018-06-01T20:00:00Z,MCK,MarketOnClose,Filled,sell,-43,133.781001424,-5752.583061232,1.0,reached implied value
333,2018-06-01T14:00:00Z,2018-06-01T20:00:00Z,MU,MarketOnClose,Filled,sell,-26,57.279565002,-1489.268690052,1.0,
334,2018-06-01T14:00:00Z,2018-06-01T20:00:00Z,NFLX,MarketOnClose,Filled,sell,-26,35.993,-935.818,1.0,
335,2018-06-01T14:00:00Z,2018-06-01T20:00:00Z,VLO,MarketOnClose,Filled,sell,-6,90.060731238,-540.364387428,1.0,
336,2018-06-01T14:00:00Z,2018-06-01T20:00:00Z,HCA,MarketOnClose,Filled,sell,-4,96.954528128,-387.818112512,1.0,
337,2018-06-01T14:00:00Z,2018-06-01T20:00:00Z,NXPI,MarketOnClose,Filled,buy,66,99.9936408,6599.5802928,1.0,
338,2018-06-01T14:00:00Z,2018-06-01T20:00:00Z,CVS,MarketOnClose,Filled,buy,15,49.183675071,737.755126065,1.0,
339,2018-06-01T14:00:00Z,2018-06-01T20:00:00Z,GILD,MarketOnClose,Filled,buy,12,50.01828243,600.21938916,1.0,
340,2018-06-01T14:00:00Z,2018-06-01T20:00:00Z,LUV,MarketOnClose,Filled,buy,8,45.581462472,364.651699776,1.0,
341,2018-06-01T14:00:00Z,2018-06-01T20:00:00Z,VZ,MarketOnClose,Filled,buy,10,30.325280594,303.25280594,1.0,
342,2018-07-02T14:00:00Z,2018-07-02T20:00:00Z,NFLX,MarketOnClose,Filled,sell,-188,39.818,-7485.784,1.0,reached implied value
343,2018-07-02T14:00:00Z,2018-07-02T20:00:00Z,GILD,MarketOnClose,Filled,sell,-9,52.621362288,-473.592260592,1.0,
344,2018-07-02T14:00:00Z,2018-07-02T20:00:00Z,VZ,MarketOnClose,Filled,sell,-14,31.980770708,-447.730789912,1.0,
345,2018-07-02T14:00:00Z,2018-07-02T20:00:00Z,TGT,MarketOnClose,Filled,sell,-7,59.994026801,-419.958187607,1.0,
346,2018-07-02T14:00:00Z,2018-07-02T20:00:00Z,EXC,MarketOnClose,Filled,sell,-17,22.7186242020263,-386.2166114344471,1.0,
347,2018-07-02T14:00:00Z,2018-07-02T20:00:00Z,INTC,MarketOnClose,Filled,buy,154,42.67629006,6572.14866924,1.0,
348,2018-07-02T14:00:00Z,2018-07-02T20:00:00Z,VLO,MarketOnClose,Filled,buy,7,79.474338933,556.320372531,1.0,
349,2018-07-02T14:00:00Z,2018-07-02T20:00:00Z,MU,MarketOnClose,Filled,buy,10,53.125480104,531.25480104,1.0,
350,2018-07-02T14:00:00Z,2018-07-02T20:00:00Z,MPC,MarketOnClose,Filled,buy,9,54.749401857,492.744616713,1.0,
351,2018-07-02T14:00:00Z,2018-07-02T20:00:00Z,DAL,MarketOnClose,Filled,buy,9,45.987192576,413.884733184,1.0,
352,2018-08-01T14:00:00Z,2018-08-01T20:00:00Z,HCA,MarketOnClose,Filled,sell,-9,115.784078932,-1042.056710388,1.0,
353,2018-08-01T14:00:00Z,2018-08-01T20:00:00Z,MPC,MarketOnClose,Filled,sell,-11,62.922466116,-692.147127276,1.0,
354,2018-08-01T14:00:00Z,2018-08-01T20:00:00Z,LUV,MarketOnClose,Filled,sell,-13,50.720700203,-659.369102639,1.0,
355,2018-08-01T14:00:00Z,2018-08-01T20:00:00Z,DAL,MarketOnClose,Filled,sell,-8,49.704682128,-397.637457024,1.0,
356,2018-08-01T14:00:00Z,2018-08-01T20:00:00Z,PSX,MarketOnClose,Filled,sell,-4,90.329281347,-361.317125388,1.0,
357,2018-08-01T14:00:00Z,2018-08-01T20:00:00Z,ETN,MarketOnClose,Filled,sell,-5,69.037748303,-345.188741515,1.0,
358,2018-08-01T14:00:00Z,2018-08-01T20:00:00Z,JCI,MarketOnClose,Filled,sell,-11,31.46023776,-346.06261536,1.0,
359,2018-08-01T14:00:00Z,2018-08-01T20:00:00Z,NXPI,MarketOnClose,Filled,buy,15,83.67888888,1255.1833332,1.0,
360,2018-08-01T14:00:00Z,2018-08-01T20:00:00Z,F,MarketOnClose,Filled,buy,150,6.717134705,1007.57020575,1.0,
361,2018-08-01T14:00:00Z,2018-08-01T20:00:00Z,CRH,MarketOnClose,Filled,buy,21,27.338134912,574.100833152,1.0,
362,2018-08-01T14:00:00Z,2018-08-01T20:00:00Z,INTC,MarketOnClose,Filled,buy,13,41.494615893,539.430006609,1.0,
363,2018-08-01T14:00:00Z,2018-08-01T20:00:00Z,T,MarketOnClose,Filled,buy,30,14.8654865587743,445.964596763229,1.0,
364,2018-08-01T14:00:00Z,2018-08-01T20:00:00Z,CVX,MarketOnClose,Filled,buy,4,87.985799369,351.943197476,1.0,
365,2018-08-01T14:00:00Z,2018-08-01T20:00:00Z,EXC,MarketOnClose,Filled,buy,15,22.2474152637881,333.7112289568215,1.0,
366,2018-08-01T14:00:00Z,2018-08-01T20:00:00Z,MU,MarketOnClose,Filled,buy,6,50.989929417,305.939576502,1.0,
367,2018-09-01T04:00:00Z,,CRH,MarketOnOpen,Canceled,sell,-242,0.0,0.0,0.0,no valuation
368,2018-09-04T14:00:00Z,2018-09-04T20:00:00Z,CRH,MarketOnClose,Filled,sell,-242,27.165369088,-6574.019319296,1.21,no valuation
369,2018-09-04T14:00:00Z,2018-09-04T20:00:00Z,HCA,MarketOnClose,Filled,sell,-59,124.898562906,-7369.015211454,1.0,reached implied value
370,2018-09-04T14:00:00Z,2018-09-04T20:00:00Z,CVS,MarketOnClose,Filled,sell,-16,57.23789,-915.80624,1.0,
371,2018-09-04T14:00:00Z,2018-09-04T20:00:00Z,TGT,MarketOnClose,Filled,sell,-9,70.983514305,-638.851628745,1.0,
372,2018-09-04T14:00:00Z,2018-09-04T20:00:00Z,DAL,MarketOnClose,Filled,sell,-7,54.611152896,-382.278070272,1.0,
373,2018-09-04T14:00:00Z,2018-09-04T20:00:00Z,XOM,MarketOnClose,Filled,buy,124,56.280006139,6978.720761236,1.0,
374,2018-09-04T14:00:00Z,2018-09-04T20:00:00Z,AMAT,MarketOnClose,Filled,buy,176,39.186076766,6896.749510816,1.0,
375,2018-09-04T14:00:00Z,2018-09-04T20:00:00Z,F,MarketOnClose,Filled,buy,80,6.42508537,514.0068296,1.0,
376,2018-09-04T14:00:00Z,2018-09-04T20:00:00Z,CVX,MarketOnClose,Filled,buy,6,84.210432202,505.262593212,1.0,
377,2018-09-04T14:00:00Z,2018-09-04T20:00:00Z,PSX,MarketOnClose,Filled,buy,4,87.964864936,351.859459744,1.0,
378,2018-09-04T14:00:00Z,2018-09-04T20:00:00Z,NXPI,MarketOnClose,Filled,buy,4,83.029807352,332.119229408,1.0,
379,2018-10-01T14:00:00Z,2018-10-01T20:00:00Z,XOM,MarketOnClose,Filled,sell,-9,60.149300371,-541.343703339,1.0,
380,2018-10-01T14:00:00Z,2018-10-01T20:00:00Z,LUV,MarketOnClose,Filled,sell,-9,55.50352453,-499.53172077,1.0,
381,2018-10-01T14:00:00Z,2018-10-01T20:00:00Z,ETN,MarketOnClose,Filled,sell,-5,73.887545655,-369.437728275,1.0,
382,2018-10-01T14:00:00Z,2018-10-01T20:00:00Z,CVS,MarketOnClose,Filled,sell,-6,61.4920575,-368.952345,1.0,
383,2018-10-01T14:00:00Z,2018-10-01T20:00:00Z,CVX,MarketOnClose,Filled,sell,-4,88.120935994,-352.483743976,1.0,
384,2018-10-01T14:00:00Z,2018-10-01T20:00:00Z,T,MarketOnClose,Filled,sell,-20,15.6064308731458,-312.128617462916,1.0,
385,2018-10-01T14:00:00Z,2018-10-01T20:00:00Z,MU,MarketOnClose,Filled,buy,23,44.027449095,1012.631329185,1.0,
386,2018-10-01T14:00:00Z,2018-10-01T20:00:00Z,AMAT,MarketOnClose,Filled,buy,17,35.250919362,599.265629154,1.0,
387,2018-10-01T14:00:00Z,2018-10-01T20:00:00Z,NXPI,MarketOnClose,Filled,buy,6,74.78243949,448.69463694,1.0,
388,2018-10-01T14:00:00Z,2018-10-01T20:00:00Z,JCI,MarketOnClose,Filled,buy,15,29.578700206,443.68050309,1.0,
389,2018-10-01T14:00:00Z,2018-10-01T20:00:00Z,PSX,MarketOnClose,Filled,buy,3,84.652132968,253.956398904,1.0,
390,2018-11-01T04:00:00Z,,NXPI,MarketOnOpen,Canceled,sell,-91,0.0,0.0,0.0,no valuation
391,2018-11-01T14:00:00Z,2018-11-01T20:00:00Z,NXPI,MarketOnClose,Filled,sell,-91,73.95572547,-6729.97101777,1.0,no valuation
392,2018-11-01T14:00:00Z,2018-11-01T20:00:00Z,VZ,MarketOnClose,Filled,sell,-34,36.368661518,-1236.534491612,1.0,
393,2018-11-01T14:00:00Z,2018-11-01T20:00:00Z,F,MarketOnClose,Filled,sell,-131,6.422834732,-841.391349892,1.0,
394,2018-11-01T14:00:00Z,2018-11-01T20:00:00Z,EXC,MarketOnClose,Filled,sell,-35,23.3013681619347,-815.5478856677145,1.0,
395,2018-11-01T14:00:00Z,2018-11-01T20:00:00Z,INTC,MarketOnClose,Filled,sell,-10,41.242344188,-412.42344188,1.0,
396,2018-11-01T14:00:00Z,2018-11-01T20:00:00Z,TGT,MarketOnClose,Filled,sell,-5,67.184958621,-335.924793105,1.0,
397,2018-11-01T14:00:00Z,2018-11-01T20:00:00Z,LVS,MarketOnClose,Filled,buy,143,49.219345458,7038.366400494,1.0,
398,2018-11-01T14:00:00Z,2018-11-01T20:00:00Z,LUV,MarketOnClose,Filled,buy,20,45.833137355,916.6627471,1.0,
399,2018-11-01T14:00:00Z,2018-11-01T20:00:00Z,VLO,MarketOnClose,Filled,buy,13,67.779033421,881.127434473,1.0,
400,2018-11-01T14:00:00Z,2018-11-01T20:00:00Z,ETN,MarketOnClose,Filled,buy,11,62.891411375,691.805525125,1.0,
401,2018-11-01T14:00:00Z,2018-11-01T20:00:00Z,MU,MarketOnClose,Filled,buy,15,39.122508476,586.83762714,1.0,
402,2018-11-01T14:00:00Z,2018-11-01T20:00:00Z,AMAT,MarketOnClose,Filled,buy,15,32.501825755,487.527386325,1.0,
403,2018-11-01T14:00:00Z,2018-11-01T20:00:00Z,MPC,MarketOnClose,Filled,buy,6,55.700327996,334.201967976,1.0,
404,2018-12-03T15:00:00Z,2018-12-03T21:00:00Z,DAL,MarketOnClose,Filled,sell,-14,56.111637276,-785.562921864,1.0,
405,2018-12-03T15:00:00Z,2018-12-03T21:00:00Z,AMAT,MarketOnClose,Filled,sell,-20,35.44912566,-708.9825132,1.0,
406,2018-12-03T15:00:00Z,2018-12-03T21:00:00Z,CVS,MarketOnClose,Filled,sell,-9,61.932712688,-557.394414192,1.0,
407,2018-12-03T15:00:00Z,2018-12-03T21:00:00Z,LUV,MarketOnClose,Filled,sell,-10,48.909669833,-489.09669833,1.0,
408,2018-12-03T15:00:00Z,2018-12-03T21:00:00Z,ETN,MarketOnClose,Filled,sell,-5,66.524189849,-332.620949245,1.0,
409,2018-12-03T15:00:00Z,2018-12-03T21:00:00Z,JCI,MarketOnClose,Filled,sell,-11,29.460990768,-324.070898448,1.0,
410,2018-12-03T15:00:00Z,2018-12-03T21:00:00Z,LVS,MarketOnClose,Filled,sell,-6,50.323459762,-301.940758572,1.0,
411,2018-12-03T15:00:00Z,2018-12-03T21:00:00Z,TGT,MarketOnClose,Filled,buy,19,58.2072959,1105.9386221,1.0,
412,2018-12-03T15:00:00Z,2018-12-03T21:00:00Z,VLO,MarketOnClose,Filled,buy,15,60.13893519,902.08402785,1.0,
413,2018-12-03T15:00:00Z,2018-12-03T21:00:00Z,PSX,MarketOnClose,Filled,buy,11,68.66672432,755.33396752,1.0,
414,2018-12-03T15:00:00Z,2018-12-03T21:00:00Z,MPC,MarketOnClose,Filled,buy,12,51.0396943,612.4763316,1.0,
415,2018-12-03T15:00:00Z,2018-12-03T21:00:00Z,F,MarketOnClose,Filled,buy,45,6.63715968,298.6721856,1.0,
416,2019-01-02T15:00:00Z,2019-01-02T21:00:00Z,EXC,MarketOnClose,Filled,sell,-31,23.6982319891981,-734.645191665141,1.0,
417,2019-01-02T15:00:00Z,2019-01-02T21:00:00Z,INTC,MarketOnClose,Filled,sell,-14,40.52072024,-567.29008336,1.0,
418,2019-01-02T15:00:00Z,2019-01-02T21:00:00Z,LVS,MarketOnClose,Filled,sell,-10,47.365617168,-473.65617168,1.0,
419,2019-01-02T15:00:00Z,2019-01-02T21:00:00Z,VZ,MarketOnClose,Filled,sell,-12,36.336224253,-436.034691036,1.0,
420,2019-01-02T15:00:00Z,2019-01-02T21:00:00Z,CVX,MarketOnClose,Filled,sell,-5,79.181881189,-395.909405945,1.0,
421,2019-01-02T15:00:00Z,2019-01-02T21:00:00Z,VLO,MarketOnClose,Filled,sell,-5,55.892963628,-279.46481814,1.0,
422,2019-01-02T15:00:00Z,2019-01-02T21:00:00Z,F,MarketOnClose,Filled,buy,97,5.468743028,530.468073716,1.0,
423,2019-01-02T15:00:00Z,2019-01-02T21:00:00Z,MU,MarketOnClose,Filled,buy,16,31.935746575,510.9719452,1.0,
424,2019-01-02T15:00:00Z,2019-01-02T21:00:00Z,DAL,MarketOnClose,Filled,buy,10,46.750364457,467.50364457,1.0,
425,2019-01-02T15:00:00Z,2019-01-02T21:00:00Z,CVS,MarketOnClose,Filled,buy,9,51.075796002,459.682164018,1.0,
426,2019-01-02T15:00:00Z,2019-01-02T21:00:00Z,LUV,MarketOnClose,Filled,buy,6,42.53093364,255.18560184,1.0,
427,2019-01-02T15:00:00Z,2019-01-02T21:00:00Z,XOM,MarketOnClose,Filled,buy,4,49.345042881,197.380171524,1.0,
428,2019-02-01T15:00:00Z,2019-02-01T21:00:00Z,LUV,MarketOnClose,Filled,sell,-14,51.54417138,-721.61839932,1.0,
429,2019-02-01T15:00:00Z,2019-02-01T21:00:00Z,MU,MarketOnClose,Filled,sell,-16,38.61543708,-617.84699328,1.0,
430,2019-02-01T15:00:00Z,2019-02-01T21:00:00Z,AMAT,MarketOnClose,Filled,sell,-12,36.34598669,-436.15184028,1.0,
431,2019-02-01T15:00:00Z,2019-02-01T21:00:00Z,F,MarketOnClose,Filled,sell,-66,6.133784032,-404.829746112,1.0,
432,2019-02-01T15:00:00Z,2019-02-01T21:00:00Z,VLO,MarketOnClose,Filled,sell,-6,63.068211738,-378.409270428,1.0,
433,2019-02-01T15:00:00Z,2019-02-01T21:00:00Z,TGT,MarketOnClose,Filled,sell,-5,57.26587295,-286.32936475,1.0,
434,2019-02-01T15:00:00Z,2019-02-01T21:00:00Z,VZ,MarketOnClose,Filled,buy,18,35.75809232,643.64566176,1.0,
435,2019-02-01T15:00:00Z,2019-02-01T21:00:00Z,DAL,MarketOnClose,Filled,buy,14,46.591698816,652.283783424,1.0,
436,2019-02-01T15:00:00Z,2019-02-01T21:00:00Z,INTC,MarketOnClose,Filled,buy,14,41.94083894,587.17174516,1.0,
437,2019-02-01T15:00:00Z,2019-02-01T21:00:00Z,CVS,MarketOnClose,Filled,buy,11,51.182281992,563.005101912,1.0,
438,2019-02-01T15:00:00Z,2019-02-01T21:00:00Z,EXC,MarketOnClose,Filled,buy,10,25.5104180977435,255.104180977435,1.0,
439,2019-02-01T15:00:00Z,2019-02-01T21:00:00Z,CVX,MarketOnClose,Filled,buy,3,84.675754597,254.027263791,1.0,
440,2019-03-01T15:00:00Z,2019-03-01T21:00:00Z,CVS,MarketOnClose,Filled,sell,-124,45.618308068,-5656.670200432,1.0,no valuation
441,2019-03-01T15:00:00Z,2019-03-01T21:00:00Z,ETN,MarketOnClose,Filled,sell,-99,68.417327927,-6773.315464773,1.0,reached implied value
442,2019-03-01T15:00:00Z,2019-03-01T21:00:00Z,EXC,MarketOnClose,Filled,sell,-248,26.3052121196597,-6523.692605675606,1.24,reached implied value
443,2019-03-01T15:00:00Z,2019-03-01T21:00:00Z,F,MarketOnClose,Filled,sell,-1029,6.19005728,-6369.56894112,5.145,no valuation
444,2019-03-01T15:00:00Z,2019-03-01T21:00:00Z,INTC,MarketOnClose,Filled,sell,-17,46.16491555,-784.80356435,1.0,
445,2019-03-01T15:00:00Z,2019-03-01T21:00:00Z,LVS,MarketOnClose,Filled,sell,-7,52.82280792,-369.75965544,1.0,
446,2019-03-01T15:00:00Z,2019-03-01T21:00:00Z,MU,MarketOnClose,Filled,sell,-9,40.546208934,-364.915880406,1.0,
447,2019-03-01T15:00:00Z,2019-03-01T21:00:00Z,PSX,MarketOnClose,Filled,sell,-4,73.29881876,-293.19527504,1.0,
448,2019-03-01T15:00:00Z,2019-03-01T21:00:00Z,XOM,MarketOnClose,Filled,sell,-5,57.274072,-286.37036,1.0,
449,2019-03-01T15:00:00Z,2019-03-01T21:00:00Z,COP,MarketOnClose,Filled,buy,125,52.489733169,6561.216646125,1.0,
450,2019-03-01T15:00:00Z,2019-03-01T21:00:00Z,ET,MarketOnClose,Filled,buy,764,8.555952832,6536.747963648,3.82,
451,2019-03-01T15:00:00Z,2019-03-01T21:00:00Z,OXY,MarketOnClose,Filled,buy,115,56.918731065,6545.654072475,1.0,
452,2019-03-01T15:00:00Z,2019-03-01T21:00:00Z,HCA,MarketOnClose,Filled,buy,49,129.723182428,6356.435938972,1.0,
453,2019-03-01T15:00:00Z,2019-03-01T21:00:00Z,VLO,MarketOnClose,Filled,buy,8,61.984536903,495.876295224,1.0,
454,2019-03-01T15:00:00Z,2019-03-01T21:00:00Z,GILD,MarketOnClose,Filled,buy,8,49.523566834,396.188534672,1.0,
455,2019-04-01T14:00:00Z,2019-04-01T20:00:00Z,TGT,MarketOnClose,Filled,sell,-8,64.917046975,-519.3363758,1.0,
456,2019-04-01T14:00:00Z,2019-04-01T20:00:00Z,JCI,MarketOnClose,Filled,sell,-15,31.52242522,-472.8363783,1.0,
457,2019-04-01T14:00:00Z,2019-04-01T20:00:00Z,CVX,MarketOnClose,Filled,sell,-4,90.27402266,-361.09609064,1.0,
458,2019-04-01T14:00:00Z,2019-04-01T20:00:00Z,VZ,MarketOnClose,Filled,sell,-8,38.734109536,-309.872876288,1.0,
459,2019-04-01T14:00:00Z,2019-04-01T20:00:00Z,LUV,MarketOnClose,Filled,buy,15,47.426631837,711.399477555,1.0,
460,2019-04-01T14:00:00Z,2019-04-01T20:00:00Z,MPC,MarketOnClose,Filled,buy,11,48.585366555,534.439032105,1.0,
461,2019-04-01T14:00:00Z,2019-04-01T20:00:00Z,HCA,MarketOnClose,Filled,buy,4,123.643140152,494.572560608,1.0,
462,2019-04-02T04:00:00Z,2019-04-02T20:00:00Z,LUV,MarketOnOpen,Filled,sell,-139,48.132466083,-6690.412785537,1.0,left universe
463,2019-05-01T14:00:00Z,2019-05-01T20:00:00Z,DAL,MarketOnClose,Filled,sell,-18,54.065268168,-973.174827024,1.0,
464,2019-05-01T14:00:00Z,2019-05-01T20:00:00Z,AMAT,MarketOnClose,Filled,sell,-16,40.314265992,-645.028255872,1.0,
465,2019-05-01T14:00:00Z,2019-05-01T20:00:00Z,VLO,MarketOnClose,Filled,sell,-9,67.129350679,-604.164156111,1.0,
466,2019-05-01T14:00:00Z,2019-05-01T20:00:00Z,LVS,MarketOnClose,Filled,sell,-10,60.126284119,-601.26284119,1.0,
467,2019-05-01T14:00:00Z,2019-05-01T20:00:00Z,DELL,MarketOnClose,Filled,buy,212,31.5757075351736,6694.049997456803,1.06,
468,2019-05-01T14:00:00Z,2019-05-01T20:00:00Z,OXY,MarketOnClose,Filled,buy,16,49.01515032,784.24240512,1.0,
469,2019-05-01T14:00:00Z,2019-05-01T20:00:00Z,COP,MarketOnClose,Filled,buy,12,47.722785111,572.673421332,1.0,
470,2019-05-01T14:00:00Z,2019-05-01T20:00:00Z,INTC,MarketOnClose,Filled,buy,8,43.96493646,351.71949168,1.0,
471,2019-05-01T14:00:00Z,2019-05-01T20:00:00Z,TGT,MarketOnClose,Filled,buy,4,61.426446725,245.7057869,1.0,
472,2019-05-01T14:00:00Z,2019-05-01T20:00:00Z,HCA,MarketOnClose,Filled,buy,2,116.251532516,232.503065032,1.0,
473,2019-05-01T14:00:00Z,2019-05-01T20:00:00Z,PSX,MarketOnClose,Filled,buy,3,69.05789408,207.17368224,1.0,
474,2019-06-03T14:00:00Z,2019-06-03T20:00:00Z,TGT,MarketOnClose,Filled,sell,-15,67.94275236,-1019.1412854,1.0,
475,2019-06-03T14:00:00Z,2019-06-03T20:00:00Z,JCI,MarketOnClose,Filled,sell,-27,33.2983365,-899.0550855,1.0,
476,2019-06-03T14:00:00Z,2019-06-03T20:00:00Z,T,MarketOnClose,Filled,sell,-43,15.1863799552257,-653.014338074705,1.0,
477,2019-06-03T14:00:00Z,2019-06-03T20:00:00Z,HCA,MarketOnClose,Filled,sell,-3,115.635860091,-346.907580273,1.0,
478,2019-06-03T14:00:00Z,2019-06-03T20:00:00Z,GILD,MarketOnClose,Filled,sell,-7,48.199826808,-337.398787656,1.0,
479,2019-06-03T14:00:00Z,2019-06-03T20:00:00Z,COP,MarketOnClose,Filled,sell,-6,45.45799434,-272.74796604,1.0,
480,2019-06-03T14:00:00Z,2019-06-03T20:00:00Z,MPC,MarketOnClose,Filled,buy,23,37.898901402,871.674732246,1.0,
481,2019-06-03T14:00:00Z,2019-06-03T20:00:00Z,MU,MarketOnClose,Filled,buy,24,31.877238337,765.053720088,1.0,
482,2019-06-03T14:00:00Z,2019-06-03T20:00:00Z,VLO,MarketOnClose,Filled,buy,14,54.4429512,762.2013168,1.0,
483,2019-06-03T14:00:00Z,2019-06-03T20:00:00Z,LVS,MarketOnClose,Filled,buy,11,46.899741878,515.897160658,1.0,
484,2019-06-03T14:00:00Z,2019-06-03T20:00:00Z,OXY,MarketOnClose,Filled,buy,8,42.05684088,336.45472704,1.0,
485,2019-06-03T14:00:00Z,2019-06-03T20:00:00Z,PSX,MarketOnClose,Filled,buy,4,62.4457782,249.7831128,1.0,
486,2019-06-03T14:00:00Z,2019-06-03T20:00:00Z,INTC,MarketOnClose,Filled,buy,6,37.872691134,227.236146804,1.0,
487,2019-07-01T14:00:00Z,2019-07-01T20:00:00Z,VLO,MarketOnClose,Filled,sell,-12,63.698252904,-764.379034848,1.0,
488,2019-07-01T14:00:00Z,2019-07-01T20:00:00Z,MPC,MarketOnClose,Filled,sell,-17,44.323943248,-753.507035216,1.0,
489,2019-07-01T14:00:00Z,2019-07-01T20:00:00Z,MU,MarketOnClose,Filled,sell,-15,39.112757103,-586.691356545,1.0,
490,2019-07-01T14:00:00Z,2019-07-01T20:00:00Z,PSX,MarketOnClose,Filled,sell,-5,71.44040124,-357.2020062,1.0,
491,2019-07-01T14:00:00Z,2019-07-01T20:00:00Z,DELL,MarketOnClose,Filled,buy,64,23.7393333408217,1519.317333812589,1.0,
492,2019-07-01T14:00:00Z,2019-07-01T20:00:00Z,OXY,MarketOnClose,Filled,buy,9,43.135176436,388.216587924,1.0,
493,2019-07-01T14:00:00Z,2019-07-01T20:00:00Z,COP,MarketOnClose,Filled,buy,7,47.631406864,333.419848048,1.0,
494,2019-07-01T14:00:00Z,2019-07-01T20:00:00Z,ET,MarketOnClose,Filled,buy,40,8.05333344,322.1333376,1.0,
495,2019-08-01T14:00:00Z,2019-08-01T20:00:00Z,MU,MarketOnClose,Filled,sell,-19,42.51598628,-807.80373932,1.0,
496,2019-08-01T14:00:00Z,2019-08-01T20:00:00Z,AMAT,MarketOnClose,Filled,sell,-16,45.274930305,-724.39888488,1.0,
497,2019-08-01T14:00:00Z,2019-08-01T20:00:00Z,DELL,MarketOnClose,Filled,sell,-26,26.5801340916531,-691.0834863829806,1.0,
498,2019-08-01T14:00:00Z,2019-08-01T20:00:00Z,PSX,MarketOnClose,Filled,sell,-6,77.50265562,-465.01593372,1.0,
499,2019-08-01T14:00:00Z,2019-08-01T20:00:00Z,DAL,MarketOnClose,Filled,sell,-6,57.400879952,-344.405279712,1.0,
500,2019-08-01T14:00:00Z,2019-08-01T20:00:00Z,XOM,MarketOnClose,Filled,buy,9,52.470619212,472.235572908,1.0,
501,2019-08-01T14:00:00Z,2019-08-01T20:00:00Z,VZ,MarketOnClose,Filled,buy,12,36.974598375,443.6951805,1.0,
502,2019-08-01T14:00:00Z,2019-08-01T20:00:00Z,GILD,MarketOnClose,Filled,buy,8,50.065949973,400.527599784,1.0,
503,2019-08-01T14:00:00Z,2019-08-01T20:00:00Z,COP,MarketOnClose,Filled,buy,8,45.22751352,361.82010816,1.0,
504,2019-08-01T14:00:00Z,2019-08-01T20:00:00Z,TGT,MarketOnClose,Filled,buy,5,67.672455696,338.36227848,1.0,
505,2019-08-01T14:00:00Z,2019-08-01T20:00:00Z,VLO,MarketOnClose,Filled,buy,4,63.773868114,255.095472456,1.0,
506,2019-09-03T14:00:00Z,2019-09-03T20:00:00Z,TGT,MarketOnClose,Filled,sell,-94,88.075510146,-8279.097953724,1.0,reached implied value
507,2019-09-03T14:00:00Z,2019-09-03T20:00:00Z,VZ,MarketOnClose,Filled,sell,-16,38.84173194,-621.46771104,1.0,
508,2019-09-03T14:00:00Z,2019-09-03T20:00:00Z,T,MarketOnClose,Filled,sell,-30,17.5431220175792,-526.293660527376,1.0,
509,2019-09-03T14:00:00Z,2019-09-03T20:00:00Z,MU,MarketOnClose,Filled,sell,-7,43.871427127,-307.099989889,1.0,
510,2019-09-03T14:00:00Z,2019-09-03T20:00:00Z,DOW,MarketOnClose,Filled,buy,220,28.58234258,6288.1153676,1.1,
511,2019-09-03T14:00:00Z,2019-09-03T20:00:00Z,OXY,MarketOnClose,Filled,buy,22,36.982911416,813.624051152,1.0,
512,2019-09-03T14:00:00Z,2019-09-03T20:00:00Z,MPC,MarketOnClose,Filled,buy,17,40.364746144,686.200684448,1.0,
513,2019-09-03T14:00:00Z,2019-09-03T20:00:00Z,COP,MarketOnClose,Filled,buy,13,40.020196062,520.262548806,1.0,
514,2019-09-03T14:00:00Z,2019-09-03T20:00:00Z,DELL,MarketOnClose,Filled,buy,21,23.5137267982111,493.7882627624331,1.0,
515,2019-09-03T14:00:00Z,2019-09-03T20:00:00Z,VLO,MarketOnClose,Filled,buy,8,57.011464434,456.091715472,1.0,
516,2019-09-03T14:00:00Z,2019-09-03T20:00:00Z,HCA,MarketOnClose,Filled,buy,4,113.125111056,452.500444224,1.0,
517,2019-09-03T14:00:00Z,2019-09-03T20:00:00Z,LVS,MarketOnClose,Filled,buy,7,48.744645016,341.212515112,1.0,
518,2019-10-01T14:00:00Z,2019-10-01T20:00:00Z,MPC,MarketOnClose,Filled,sell,-24,49.097972848,-1178.351348352,1.0,
519,2019-10-01T14:00:00Z,2019-10-01T20:00:00Z,VLO,MarketOnClose,Filled,sell,-8,65.153774964,-521.230199712,1.0,
520,2019-10-01T14:00:00Z,2019-10-01T20:00:00Z,DOW,MarketOnClose,Filled,sell,-14,31.433738957,-440.072345398,1.0,
521,2019-10-01T14:00:00Z,2019-10-01T20:00:00Z,ET,MarketOnClose,Filled,buy,95,7.419347616,704.83802352,1.0,
522,2019-10-01T14:00:00Z,2019-10-01T20:00:00Z,MU,MarketOnClose,Filled,buy,15,41.24830779,618.72461685,1.0,
523,2019-10-01T14:00:00Z,2019-10-01T20:00:00Z,DAL,MarketOnClose,Filled,buy,8,54.251063761,434.008510088,1.0,
524,2019-10-01T14:00:00Z,2019-10-01T20:00:00Z,HCA,MarketOnClose,Filled,buy,3,110.371482144,331.114446432,1.0,
525,2019-10-01T14:00:00Z,2019-10-01T20:00:00Z,XOM,MarketOnClose,Filled,buy,6,50.5497272,303.2983632,1.0,
526,2019-10-01T14:00:00Z,2019-10-01T20:00:00Z,CVX,MarketOnClose,Filled,buy,3,85.516609086,256.549827258,1.0,
527,2019-11-01T14:00:00Z,2019-11-01T20:00:00Z,AMAT,MarketOnClose,Filled,sell,-144,52.038012626,-7493.473818144,1.0,reached implied value
528,2019-11-01T14:00:00Z,2019-11-01T20:00:00Z,VLO,MarketOnClose,Filled,sell,-10,76.346584932,-763.46584932,1.0,
529,2019-11-01T14:00:00Z,2019-11-01T20:00:00Z,PSX,MarketOnClose,Filled,sell,-8,90.77285184,-726.18281472,1.0,
530,2019-11-01T14:00:00Z,2019-11-01T20:00:00Z,INTC,MarketOnClose,Filled,sell,-14,49.577443616,-694.084210624,1.0,
531,2019-11-01T14:00:00Z,2019-11-01T20:00:00Z,MU,MarketOnClose,Filled,sell,-11,47.177142574,-518.948568314,1.0,
532,2019-11-01T14:00:00Z,2019-11-01T20:00:00Z,HCA,MarketOnClose,Filled,sell,-4,126.03510414,-504.14041656,1.0,
533,2019-11-01T14:00:00Z,2019-11-01T20:00:00Z,DD,MarketOnClose,Filled,buy,232,31.6116907802532,7333.912261018742,1.16,
534,2019-11-01T14:00:00Z,2019-11-01T20:00:00Z,OXY,MarketOnClose,Filled,buy,24,37.293047432,895.033138368,1.0,
535,2019-11-01T14:00:00Z,2019-11-01T20:00:00Z,XOM,MarketOnClose,Filled,buy,11,51.0262656,561.2889216,1.0,
536,2019-11-01T14:00:00Z,2019-11-01T20:00:00Z,ET,MarketOnClose,Filled,buy,67,7.373654944,494.034881248,1.0,
537,2019-11-01T14:00:00Z,2019-11-01T20:00:00Z,DAL,MarketOnClose,Filled,buy,9,53.704514136,483.340627224,1.0,
538,2019-11-01T14:00:00Z,2019-11-01T20:00:00Z,CVX,MarketOnClose,Filled,buy,5,85.649295834,428.24647917,1.0,
539,2019-11-01T14:00:00Z,2019-11-01T20:00:00Z,GILD,MarketOnClose,Filled,buy,8,49.90837061,399.26696488,1.0,
540,2019-11-01T14:00:00Z,2019-11-01T20:00:00Z,DELL,MarketOnClose,Filled,buy,14,24.5128414869152,343.1797808168128,1.0,
541,2019-12-02T15:00:00Z,2019-12-02T21:00:00Z,GILD,MarketOnClose,Filled,sell,-141,51.03528402,-7195.97504682,1.0,reached implied value
542,2019-12-02T15:00:00Z,2019-12-02T21:00:00Z,JCI,MarketOnClose,Filled,sell,-180,36.542660166,-6577.67882988,1.0,reached implied value
543,2019-12-02T15:00:00Z,2019-12-02T21:00:00Z,DOW,MarketOnClose,Filled,sell,-18,36.815601828,-662.680832904,1.0,
544,2019-12-02T15:00:00Z,2019-12-02T21:00:00Z,COP,MarketOnClose,Filled,sell,-10,46.78632741,-467.8632741,1.0,
545,2019-12-02T15:00:00Z,2019-12-02T21:00:00Z,LVS,MarketOnClose,Filled,sell,-7,57.03335592,-399.23349144,1.0,
546,2019-12-02T15:00:00Z,2019-12-02T21:00:00Z,SLB,MarketOnClose,Filled,buy,228,30.62968218,6983.56753704,1.14,
547,2019-12-02T15:00:00Z,2019-12-02T21:00:00Z,EOG,MarketOnClose,Filled,buy,131,52.652702967,6897.504088677,1.0,
548,2019-12-02T15:00:00Z,2019-12-02T21:00:00Z,DELL,MarketOnClose,Filled,buy,26,21.9713147211794,571.2541827506644,1.0,
549,2019-12-02T15:00:00Z,2019-12-02T21:00:00Z,ET,MarketOnClose,Filled,buy,65,6.642572192,431.76719248,1.0,
550,2019-12-02T15:00:00Z,2019-12-02T21:00:00Z,OXY,MarketOnClose,Filled,buy,10,34.109602144,341.09602144,1.0,
551,2019-12-03T05:00:00Z,2019-12-03T21:00:00Z,ET,MarketOnOpen,Filled,sell,-1031,6.5683216,-6771.9395696,5.155,left universe
552,2020-01-02T15:00:00Z,2020-01-02T21:00:00Z,EOG,MarketOnClose,Filled,sell,-15,62.582263422,-938.73395133,1.0,
553,2020-01-02T15:00:00Z,2020-01-02T21:00:00Z,SLB,MarketOnClose,Filled,sell,-17,34.311052854,-583.287898518,1.0,
554,2020-01-02T15:00:00Z,2020-01-02T21:00:00Z,MU,MarketOnClose,Filled,sell,-11,54.012855047,-594.141405517,1.0,
555,2020-01-02T15:00:00Z,2020-01-02T21:00:00Z,LVS,MarketOnClose,Filled,sell,-7,65.1380532,-455.9663724,1.0,
556,2020-01-02T15:00:00Z,2020-01-02T21:00:00Z,HCA,MarketOnClose,Filled,sell,-3,139.48527523,-418.45582569,1.0,
557,2020-01-02T15:00:00Z,2020-01-02T21:00:00Z,EXC,MarketOnClose,Filled,buy,287,25.2000126296079,7232.403624697467,1.435,
558,2020-01-02T15:00:00Z,2020-01-02T21:00:00Z,PSX,MarketOnClose,Filled,buy,7,86.67263748,606.70846236,1.0,
559,2020-01-02T15:00:00Z,2020-01-02T21:00:00Z,MPC,MarketOnClose,Filled,buy,11,50.758919384,558.348113224,1.0,
560,2020-01-02T15:00:00Z,2020-01-02T21:00:00Z,VLO,MarketOnClose,Filled,buy,7,73.383862293,513.687036051,1.0,
561,2020-01-02T15:00:00Z,2020-01-02T21:00:00Z,DD,MarketOnClose,Filled,buy,16,28.9580615184195,463.328984294712,1.0,
562,2020-01-02T15:00:00Z,2020-01-02T21:00:00Z,VZ,MarketOnClose,Filled,buy,11,41.287972114,454.167693254,1.0,
563,2020-02-03T15:00:00Z,2020-02-03T21:00:00Z,SLB,MarketOnClose,Filled,sell,-211,28.579731852,-6030.323420772,1.055,no valuation
564,2020-02-03T15:00:00Z,2020-02-03T21:00:00Z,INTC,MarketOnClose,Filled,sell,-21,56.828109442,-1193.390298282,1.0,
565,2020-02-03T15:00:00Z,2020-02-03T21:00:00Z,EXC,MarketOnClose,Filled,sell,-33,26.7365311192406,-882.3055269349398,1.0,
566,2020-02-03T15:00:00Z,2020-02-03T21:00:00Z,OXY,MarketOnClose,Filled,sell,-16,36.075118224,-577.201891584,1.0,
567,2020-02-03T15:00:00Z,2020-02-03T21:00:00Z,MU,MarketOnClose,Filled,sell,-9,52.442883994,-471.985955946,1.0,
568,2020-02-03T15:00:00Z,2020-02-03T21:00:00Z,VZ,MarketOnClose,Filled,sell,-10,39.64065648,-396.4065648,1.0,
569,2020-02-03T15:00:00Z,2020-02-03T21:00:00Z,DAL,MarketOnClose,Filled,sell,-6,53.723687472,-322.342124832,1.0,
570,2020-02-03T15:00:00Z,2020-02-03T21:00:00Z,T,MarketOnClose,Filled,sell,-16,18.8279932483843,-301.2478919741488,1.0,
571,2020-02-03T15:00:00Z,2020-02-03T21:00:00Z,ET,MarketOnClose,Filled,buy,935,7.31082752,6835.6237312,4.675,
572,2020-02-03T15:00:00Z,2020-02-03T21:00:00Z,DD,MarketOnClose,Filled,buy,40,23.6224816795926,944.899267183704,1.0,
573,2020-02-03T15:00:00Z,2020-02-03T21:00:00Z,PSX,MarketOnClose,Filled,buy,11,68.71239843,755.83638273,1.0,
574,2020-02-03T15:00:00Z,2020-02-03T21:00:00Z,DOW,MarketOnClose,Filled,buy,22,32.369473842,712.128424524,1.0,
575,2020-02-03T15:00:00Z,2020-02-03T21:00:00Z,EOG,MarketOnClose,Filled,buy,7,53.260626159,372.824383113,1.0,
576,2020-02-03T15:00:00Z,2020-02-03T21:00:00Z,XOM,MarketOnClose,Filled,buy,5,45.052946664,225.26473332,1.0,
577,2020-03-02T15:00:00Z,2020-03-02T21:00:00Z,CVX,MarketOnClose,Filled,sell,-81,72.7502328,-5892.7688568,1.0,reached implied value
578,2020-03-02T15:00:00Z,2020-03-02T21:00:00Z,DD,MarketOnClose,Filled,sell,-288,20.6296161232306,-5941.329443490413,1.44,no valuation
579,2020-03-02T15:00:00Z,2020-03-02T21:00:00Z,EXC,MarketOnClose,Filled,sell,-254,25.3928017469314,-6449.771643720575,1.27,no valuation
580,2020-03-02T15:00:00Z,2020-03-02T21:00:00Z,DOW,MarketOnClose,Filled,sell,-210,29.159278226,-6123.44842746,1.05,no valuation
581,2020-03-02T15:00:00Z,2020-03-02T21:00:00Z,OXY,MarketOnClose,Filled,sell,-188,29.675565066,-5579.006232408,1.0,no valuation
582,2020-03-02T15:00:00Z,2020-03-02T21:00:00Z,MU,MarketOnClose,Filled,sell,-15,53.232745207,-798.491178105,1.0,
583,2020-03-02T15:00:00Z,2020-03-02T21:00:00Z,HCA,MarketOnClose,Filled,sell,-4,128.15310454,-512.61241816,1.0,
584,2020-03-02T15:00:00Z,2020-03-02T21:00:00Z,T,MarketOnClose,Filled,sell,-23,18.9400646367676,-435.6214866456548,1.0,
585,2020-03-02T15:00:00Z,2020-03-02T21:00:00Z,LVS,MarketOnClose,Filled,sell,-5,53.60088954,-268.0044477,1.0,
586,2020-03-02T15:00:00Z,2020-03-02T21:00:00Z,VZ,MarketOnClose,Filled,sell,-7,39.16239968,-274.13679776,1.0,
587,2020-03-02T15:00:00Z,2020-03-02T21:00:00Z,SO,MarketOnClose,Filled,buy,126,49.266388686,6207.564974436,1.0,
588,2020-03-02T15:00:00Z,2020-03-02T21:00:00Z,BIIB,MarketOnClose,Filled,buy,19,327.89,6229.91,1.0,
589,2020-03-02T15:00:00Z,2020-03-02T21:00:00Z,CVS,MarketOnClose,Filled,buy,122,51.920639997,6334.318079634,1.0,
590,2020-03-02T15:00:00Z,2020-03-02T21:00:00Z,NEM,MarketOnClose,Filled,buy,157,39.041585625,6129.528943125,1.0,
591,2020-03-02T15:00:00Z,2020-03-02T21:00:00Z,CI,MarketOnClose,Filled,buy,35,174.792000156,6117.72000546,1.0,
592,2020-03-02T15:00:00Z,2020-03-02T21:00:00Z,VLO,MarketOnClose,Filled,buy,13,52.970682149,688.618867937,1.0,
593,2020-03-02T15:00:00Z,2020-03-02T21:00:00Z,PSX,MarketOnClose,Filled,buy,5,58.59727066,292.9863533,1.0,
594,2020-03-02T15:00:00Z,2020-03-02T21:00:00Z,DAL,MarketOnClose,Filled,buy,6,45.522765144,273.136590864,1.0,
595,2020-03-02T15:00:00Z,2020-03-02T21:00:00Z,XOM,MarketOnClose,Filled,buy,6,40.551655908,243.309935448,1.0,
596,2020-03-03T05:00:00Z,2020-03-03T21:00:00Z,VLO,MarketOnOpen,Filled,sell,-113,53.407746861,-6035.075395293,1.0,left universe
597,2020-04-01T04:00:00Z,,DAL,MarketOnOpen,Canceled,sell,-131,0.0,0.0,0.0,no valuation
598,2020-04-01T04:00:00Z,,EOG,MarketOnOpen,Canceled,sell,-123,0.0,0.0,0.0,no valuation
599,2020-04-01T04:00:00Z,,ET,MarketOnOpen,Canceled,sell,-935,0.0,0.0,0.0,no valuation
600,2020-04-01T04:00:00Z,,MPC,MarketOnOpen,Canceled,sell,-147,0.0,0.0,0.0,no valuation
601,2020-04-01T14:00:00Z,2020-04-01T20:00:00Z,MPC,MarketOnClose,Filled,sell,-147,17.282795529,-2540.570942763,1.0,no valuation
602,2020-04-01T14:00:00Z,2020-04-01T20:00:00Z,DAL,MarketOnClose,Filled,sell,-131,22.997877005,-3012.721887655,1.0,no valuation
603,2020-04-01T14:00:00Z,2020-04-01T20:00:00Z,EOG,MarketOnClose,Filled,sell,-123,25.82062022,-3175.93628706,1.0,no valuation
604,2020-04-01T14:00:00Z,2020-04-01T20:00:00Z,ET,MarketOnClose,Filled,sell,-935,2.901484672,-2712.88816832,4.675,no valuation
605,2020-04-01T14:00:00Z,2020-04-01T20:00:00Z,BIIB,MarketOnClose,Filled,sell,-5,293.27,-1466.35,1.0,
606,2020-04-01T14:00:00Z,2020-04-01T20:00:00Z,NEM,MarketOnClose,Filled,sell,-33,38.850853152,-1282.078154016,1.0,
607,2020-04-01T14:00:00Z,2020-04-01T20:00:00Z,CVS,MarketOnClose,Filled,sell,-25,47.306733366,-1182.66833415,1.0,
608,2020-04-01T14:00:00Z,2020-04-01T20:00:00Z,VZ,MarketOnClose,Filled,sell,-30,36.15621408,-1084.6864224,1.0,
609,2020-04-01T14:00:00Z,2020-04-01T20:00:00Z,INTC,MarketOnClose,Filled,sell,-21,45.991324284,-965.817809964,1.0,
610,2020-04-01T14:00:00Z,2020-04-01T20:00:00Z,DELL,MarketOnClose,Filled,sell,-53,16.9895539231249,-900.4463579256197,1.0,
611,2020-04-01T14:00:00Z,2020-04-01T20:00:00Z,CI,MarketOnClose,Filled,sell,-6,155.693322018,-934.159932108,1.0,
612,2020-04-01T14:00:00Z,2020-04-01T20:00:00Z,SO,MarketOnClose,Filled,sell,-14,38.639398228,-540.951575192,1.0,
613,2020-04-01T14:00:00Z,2020-04-01T20:00:00Z,PFE,MarketOnClose,Filled,buy,210,21.7776089272932,4573.297874731572,1.05,
614,2020-04-01T14:00:00Z,2020-04-01T20:00:00Z,IBM,MarketOnClose,Filled,buy,58,76.8438349181211,4456.942425251023,1.0,
615,2020-04-01T14:00:00Z,2020-04-01T20:00:00Z,EPD,MarketOnClose,Filled,buy,538,8.428841015,4534.71646607,2.69,
616,2020-04-01T14:00:00Z,2020-04-01T20:00:00Z,BKNG,MarketOnClose,Filled,buy,89,49.68719757364,4422.16058405396,1.0,
617,2020-04-01T14:00:00Z,2020-04-01T20:00:00Z,RTX,MarketOnClose,Filled,buy,108,41.8930516317692,4524.4495762310735,1.0,
618,2020-04-01T14:00:00Z,2020-04-01T20:00:00Z,COP,MarketOnClose,Filled,buy,46,23.117767246,1063.417293316,1.0,
619,2020-04-01T14:00:00Z,2020-04-01T20:00:00Z,HCA,MarketOnClose,Filled,buy,7,79.453975884,556.177831188,1.0,
620,2020-04-01T14:00:00Z,2020-04-01T20:00:00Z,PSX,MarketOnClose,Filled,buy,12,38.630504266,463.566051192,1.0,
621,2020-04-01T14:00:00Z,2020-04-01T20:00:00Z,XOM,MarketOnClose,Filled,buy,13,28.253696414,367.298053382,1.0,
622,2020-04-01T14:00:00Z,2020-04-01T20:00:00Z,LVS,MarketOnClose,Filled,buy,9,37.81683893,340.35155037,1.0,
623,2020-05-01T14:00:00Z,2020-05-01T20:00:00Z,PSX,MarketOnClose,Filled,sell,-17,51.777827976,-880.223075592,1.0,
624,2020-05-01T14:00:00Z,2020-05-01T20:00:00Z,COP,MarketOnClose,Filled,sell,-29,30.555725445,-886.116037905,1.0,
625,2020-05-01T14:00:00Z,2020-05-01T20:00:00Z,NEM,MarketOnClose,Filled,sell,-15,50.990177184,-764.85265776,1.0,
626,2020-05-01T14:00:00Z,2020-05-01T20:00:00Z,RTX,MarketOnClose,Filled,sell,-11,52.66001408,-579.26015488,1.0,
627,2020-05-01T14:00:00Z,2020-05-01T20:00:00Z,EPD,MarketOnClose,Filled,sell,-44,10.747766268,-472.901715792,1.0,
628,2020-05-01T14:00:00Z,2020-05-01T20:00:00Z,HCA,MarketOnClose,Filled,sell,-3,99.504883688,-298.514651064,1.0,
629,2020-05-01T14:00:00Z,2020-05-01T20:00:00Z,XOM,MarketOnClose,Filled,sell,-8,32.490998247,-259.927985976,1.0,
630,2020-05-01T14:00:00Z,2020-05-01T20:00:00Z,BIIB,MarketOnClose,Filled,buy,4,293.09,1172.36,1.0,
631,2020-05-01T14:00:00Z,2020-05-01T20:00:00Z,CVS,MarketOnClose,Filled,buy,11,48.822735353,537.050088883,1.0,
632,2020-05-01T14:00:00Z,2020-05-01T20:00:00Z,SO,MarketOnClose,Filled,buy,12,41.929989182,503.159870184,1.0,
633,2020-05-01T14:00:00Z,2020-05-01T20:00:00Z,DELL,MarketOnClose,Filled,buy,19,18.4168606212736,349.9203518041984,1.0,
634,2020-05-01T14:00:00Z,2020-05-01T20:00:00Z,VZ,MarketOnClose,Filled,buy,9,39.2559916775,353.3039250975,1.0,
635,2020-05-01T14:00:00Z,2020-05-01T20:00:00Z,BKNG,MarketOnClose,Filled,buy,5,56.60948151012,283.0474075506,1.0,
636,2020-05-01T14:00:00Z,2020-05-01T20:00:00Z,T,MarketOnClose,Filled,buy,18,15.499464255094,278.990356591692,1.0,
637,2020-05-01T14:00:00Z,2020-05-01T20:00:00Z,INTC,MarketOnClose,Filled,buy,4,50.946827421,203.787309684,1.0,
638,2020-05-01T14:00:00Z,2020-05-01T20:00:00Z,CI,MarketOnClose,Filled,buy,1,168.305677566,168.305677566,1.0,
639,2020-06-01T14:00:00Z,2020-06-01T20:00:00Z,CI,MarketOnClose,Filled,sell,-30,178.21024494,-5346.3073482,1.0,no valuation
640,2020-06-01T14:00:00Z,2020-06-01T20:00:00Z,DELL,MarketOnClose,Filled,sell,-32,22.7310102218069,-727.3923270978208,1.0,
641,2020-06-01T14:00:00Z,2020-06-01T20:00:00Z,BKNG,MarketOnClose,Filled,sell,-7,65.28148250844,-456.97037755908,1.0,
642,2020-06-01T14:00:00Z,2020-06-01T20:00:00Z,EPD,MarketOnClose,Filled,sell,-26,12.090452772,-314.351772072,1.0,
643,2020-06-01T14:00:00Z,2020-06-01T20:00:00Z,PSX,MarketOnClose,Filled,sell,-5,62.288951323,-311.444756615,1.0,
644,2020-06-01T14:00:00Z,2020-06-01T20:00:00Z,QCOM,MarketOnClose,Filled,buy,79,69.274215773,5472.663046067,1.0,
645,2020-06-01T14:00:00Z,2020-06-01T20:00:00Z,HCA,MarketOnClose,Filled,buy,3,103.272138964,309.816416892,1.0,
646,2020-06-01T14:00:00Z,2020-06-01T20:00:00Z,MU,MarketOnClose,Filled,buy,6,45.187862482,271.127174892,1.0,
647,2020-06-01T14:00:00Z,2020-06-01T20:00:00Z,LVS,MarketOnClose,Filled,buy,6,46.008923393,276.053540358,1.0,
648,2020-06-01T14:00:00Z,2020-06-01T20:00:00Z,NEM,MarketOnClose,Filled,buy,5,50.572156384,252.86078192,1.0,
649,2020-06-01T14:00:00Z,2020-06-01T20:00:00Z,IBM,MarketOnClose,Filled,buy,2,92.56433252589,185.12866505178,1.0,
650,2020-07-01T14:00:00Z,2020-07-01T20:00:00Z,QCOM,MarketOnClose,Filled,sell,-11,78.6100213,-864.7102343,1.0,
651,2020-07-01T14:00:00Z,2020-07-01T20:00:00Z,DELL,MarketOnClose,Filled,sell,-29,24.9916798630683,-724.7587160289806,1.0,
652,2020-07-01T14:00:00Z,2020-07-01T20:00:00Z,MU,MarketOnClose,Filled,sell,-11,48.46432381,-533.10756191,1.0,
653,2020-07-01T14:00:00Z,2020-07-01T20:00:00Z,NEM,MarketOnClose,Filled,sell,-9,51.519794976,-463.678154784,1.0,
654,2020-07-01T14:00:00Z,2020-07-01T20:00:00Z,CVS,MarketOnClose,Filled,sell,-5,52.788407208,-263.94203604,1.0,
655,2020-07-01T14:00:00Z,2020-07-01T20:00:00Z,PFE,MarketOnClose,Filled,buy,31,23.3805682706687,724.7976163907297,1.0,
656,2020-07-01T14:00:00Z,2020-07-01T20:00:00Z,BIIB,MarketOnClose,Filled,buy,2,264.77,529.54,1.0,
657,2020-07-01T14:00:00Z,2020-07-01T20:00:00Z,SO,MarketOnClose,Filled,buy,11,41.22511815,453.47629965,1.0,
658,2020-07-01T14:00:00Z,2020-07-01T20:00:00Z,HCA,MarketOnClose,Filled,buy,4,93.071132864,372.284531456,1.0,
659,2020-07-01T14:00:00Z,2020-07-01T20:00:00Z,PSX,MarketOnClose,Filled,buy,6,54.608517391,327.651104346,1.0,
660,2020-07-01T14:00:00Z,2020-07-01T20:00:00Z,RTX,MarketOnClose,Filled,buy,5,53.552385438,267.76192719,1.0,
661,2020-07-01T14:00:00Z,2020-07-01T20:00:00Z,VZ,MarketOnClose,Filled,buy,6,37.753981265,226.52388759,1.0,
662,2020-08-01T04:00:00Z,,PSX,MarketOnOpen,Canceled,sell,-96,0.0,0.0,0.0,no valuation
663,2020-08-03T14:00:00Z,2020-08-03T20:00:00Z,PSX,MarketOnClose,Filled,sell,-96,48.295074272,-4636.327130112,1.0,no valuation
664,2020-08-03T14:00:00Z,2020-08-03T20:00:00Z,HCA,MarketOnClose,Filled,sell,-13,119.441919796,-1552.744957348,1.0,
665,2020-08-03T14:00:00Z,2020-08-03T20:00:00Z,PFE,MarketOnClose,Filled,sell,-34,26.8347974935276,-912.3831147799384,1.0,
666,2020-08-03T14:00:00Z,2020-08-03T20:00:00Z,QCOM,MarketOnClose,Filled,sell,-8,95.95536015,-767.6428812,1.0,
667,2020-08-03T14:00:00Z,2020-08-03T20:00:00Z,NEM,MarketOnClose,Filled,sell,-9,57.22089354,-514.98804186,1.0,
668,2020-08-03T14:00:00Z,2020-08-03T20:00:00Z,DELL,MarketOnClose,Filled,sell,-14,27.8462932593657,-389.8481056311198,1.0,
669,2020-08-03T14:00:00Z,2020-08-03T20:00:00Z,INTC,MarketOnClose,Filled,buy,29,43.05954177,1248.72671133,1.0,
670,2020-08-03T14:00:00Z,2020-08-03T20:00:00Z,COP,MarketOnClose,Filled,buy,21,29.233083408,613.894751568,1.0,
671,2020-08-03T14:00:00Z,2020-08-03T20:00:00Z,RTX,MarketOnClose,Filled,buy,11,49.988600658,549.874607238,1.0,
672,2020-08-03T14:00:00Z,2020-08-03T20:00:00Z,XOM,MarketOnClose,Filled,buy,16,32.422805946,518.764895136,1.0,
673,2020-08-03T14:00:00Z,2020-08-03T20:00:00Z,LVS,MarketOnClose,Filled,buy,12,41.2888564,495.4662768,1.0,
674,2020-08-03T14:00:00Z,2020-08-03T20:00:00Z,EPD,MarketOnClose,Filled,buy,24,11.295837336,271.100096064,1.0,
675,2020-08-03T14:00:00Z,2020-08-03T20:00:00Z,MU,MarketOnClose,Filled,buy,5,49.137168547,245.685842735,1.0,
676,2020-08-03T14:00:00Z,2020-08-03T20:00:00Z,CVS,MarketOnClose,Filled,buy,4,52.623852158,210.495408632,1.0,
677,2020-09-01T14:00:00Z,2020-09-01T20:00:00Z,BKNG,MarketOnClose,Filled,sell,-10,75.36755810408,-753.6755810408,1.0,
678,2020-09-01T14:00:00Z,2020-09-01T20:00:00Z,LVS,MarketOnClose,Filled,sell,-15,46.590720915,-698.860813725,1.0,
679,2020-09-01T14:00:00Z,2020-09-01T20:00:00Z,QCOM,MarketOnClose,Filled,sell,-5,106.83012585,-534.15062925,1.0,
680,2020-09-01T14:00:00Z,2020-09-01T20:00:00Z,DELL,MarketOnClose,Filled,sell,-13,30.5581759858482,-397.2562878160266,1.0,
681,2020-09-01T14:00:00Z,2020-09-01T20:00:00Z,RTX,MarketOnClose,Filled,sell,-6,53.136608276,-318.819649656,1.0,
682,2020-09-01T14:00:00Z,2020-09-01T20:00:00Z,MU,MarketOnClose,Filled,buy,15,44.622282848,669.33424272,1.0,
683,2020-09-01T14:00:00Z,2020-09-01T20:00:00Z,XOM,MarketOnClose,Filled,buy,12,30.856325728,370.275908736,1.0,
684,2020-09-01T14:00:00Z,2020-09-01T20:00:00Z,T,MarketOnClose,Filled,buy,21,15.5417967092688,326.3777308946448,1.0,
685,2020-09-01T14:00:00Z,2020-09-01T20:00:00Z,NEM,MarketOnClose,Filled,buy,5,56.272109832,281.36054916,1.0,
686,2020-09-01T14:00:00Z,2020-09-01T20:00:00Z,PFE,MarketOnClose,Filled,buy,10,25.8061885674393,258.061885674393,1.0,
687,2020-09-01T14:00:00Z,2020-09-01T20:00:00Z,CVS,MarketOnClose,Filled,buy,5,49.673752084,248.36876042,1.0,
688,2020-10-01T14:00:00Z,2020-10-01T20:00:00Z,QCOM,MarketOnClose,Filled,sell,-55,105.210420192,-5786.57311056,1.0,reached implied value
689,2020-10-01T14:00:00Z,2020-10-01T20:00:00Z,INTC,MarketOnClose,Filled,sell,-12,46.88699332,-562.64391984,1.0,
690,2020-10-01T14:00:00Z,2020-10-01T20:00:00Z,VZ,MarketOnClose,Filled,sell,-10,41.515986025,-415.15986025,1.0,
691,2020-10-01T14:00:00Z,2020-10-01T20:00:00Z,MU,MarketOnClose,Filled,sell,-9,46.728579416,-420.557214744,1.0,
692,2020-10-01T14:00:00Z,2020-10-01T20:00:00Z,DELL,MarketOnClose,Filled,sell,-12,31.0968691590205,-373.162429908246,1.0,
693,2020-10-01T14:00:00Z,2020-10-01T20:00:00Z,SO,MarketOnClose,Filled,sell,-6,43.09100157,-258.54600942,1.0,
694,2020-10-01T14:00:00Z,2020-10-01T20:00:00Z,GIS,MarketOnClose,Filled,buy,112,49.764511398,5573.625276576,1.0,
695,2020-10-01T14:00:00Z,2020-10-01T20:00:00Z,COP,MarketOnClose,Filled,buy,24,25.824813264,619.795518336,1.0,
696,2020-10-01T14:00:00Z,2020-10-01T20:00:00Z,XOM,MarketOnClose,Filled,buy,21,25.919626556,544.312157676,1.0,
697,2020-10-01T14:00:00Z,2020-10-01T20:00:00Z,EPD,MarketOnClose,Filled,buy,52,10.074318216,523.864547232,1.0,
698,2020-10-01T14:00:00Z,2020-10-01T20:00:00Z,BKNG,MarketOnClose,Filled,buy,5,68.10455213144,340.5227606572,1.0,
699,2020-10-01T14:00:00Z,2020-10-01T20:00:00Z,LVS,MarketOnClose,Filled,buy,5,43.372066882,216.86033441,1.0,
700,2020-11-02T15:00:00Z,2020-11-02T21:00:00Z,EPD,MarketOnClose,Filled,sell,-55,10.82790976,-595.5350368,1.0,
701,2020-11-02T15:00:00Z,2020-11-02T21:00:00Z,MU,MarketOnClose,Filled,sell,-11,48.474075183,-533.214827013,1.0,
702,2020-11-02T15:00:00Z,2020-11-02T21:00:00Z,SO,MarketOnClose,Filled,sell,-11,46.554375735,-512.098133085,1.0,
703,2020-11-02T15:00:00Z,2020-11-02T21:00:00Z,LVS,MarketOnClose,Filled,sell,-8,46.140297027,-369.122376216,1.0,
704,2020-11-02T15:00:00Z,2020-11-02T21:00:00Z,INTC,MarketOnClose,Filled,buy,15,39.90420603,598.56309045,1.0,
705,2020-11-02T15:00:00Z,2020-11-02T21:00:00Z,COP,MarketOnClose,Filled,buy,20,24.368904818,487.37809636,1.0,
706,2020-11-02T15:00:00Z,2020-11-02T21:00:00Z,DELL,MarketOnClose,Filled,buy,15,27.7588131714146,416.382197571219,1.0,
707,2020-11-02T15:00:00Z,2020-11-02T21:00:00Z,BIIB,MarketOnClose,Filled,buy,1,248.99,248.99,1.0,
708,2020-11-02T15:00:00Z,2020-11-02T21:00:00Z,IBM,MarketOnClose,Filled,buy,3,84.7808767126909,254.3426301380727,1.0,
709,2020-11-02T15:00:00Z,2020-11-02T21:00:00Z,RTX,MarketOnClose,Filled,buy,5,48.819477775,244.097388875,1.0,
710,2020-11-03T05:00:00Z,2020-11-03T21:00:00Z,COP,MarketOnOpen,Filled,sell,-231,24.763901952,-5720.461350912,1.155,left universe
711,2020-12-01T05:00:00Z,,BIIB,MarketOnOpen,Canceled,sell,-21,0.0,0.0,0.0,no valuation
712,2020-12-01T05:00:00Z,,GIS,MarketOnOpen,Canceled,sell,-112,0.0,0.0,0.0,no valuation
713,2020-12-01T15:00:00Z,2020-12-01T21:00:00Z,MU,MarketOnClose,Filled,sell,-109,65.412210084,-7129.930899156,1.0,reached implied value
714,2020-12-01T15:00:00Z,2020-12-01T21:00:00Z,BIIB,MarketOnClose,Filled,sell,-21,243.16,-5106.36,1.0,no valuation
715,2020-12-01T15:00:00Z,2020-12-01T21:00:00Z,GIS,MarketOnClose,Filled,sell,-112,49.169534813,-5506.987899056,1.0,no valuation
716,2020-12-01T15:00:00Z,2020-12-01T21:00:00Z,RTX,MarketOnClose,Filled,sell,-18,62.828293286,-1130.909279148,1.0,
717,2020-12-01T15:00:00Z,2020-12-01T21:00:00Z,HCA,MarketOnClose,Filled,sell,-4,144.23413961,-576.93655844,1.0,
718,2020-12-01T15:00:00Z,2020-12-01T21:00:00Z,BKNG,MarketOnClose,Filled,sell,-7,80.20526398676,-561.43684790732,1.0,
719,2020-12-01T15:00:00Z,2020-12-01T21:00:00Z,CVS,MarketOnClose,Filled,sell,-6,56.127306928,-336.763841568,1.0,
720,2020-12-01T15:00:00Z,2020-12-01T21:00:00Z,XOM,MarketOnClose,Filled,sell,-9,30.8476168,-277.6285512,1.0,
721,2020-12-01T15:00:00Z,2020-12-01T21:00:00Z,EPD,MarketOnClose,Filled,sell,-20,12.914263104,-258.28526208,1.0,
722,2020-12-01T15:00:00Z,2020-12-01T21:00:00Z,NEM,MarketOnClose,Filled,buy,20,50.747113413,1014.94226826,1.0,
723,2020-12-01T15:00:00Z,2020-12-01T21:00:00Z,T,MarketOnClose,Filled,buy,22,15.5053288977729,341.1172357510038,1.0,
724,2020-12-01T15:00:00Z,2020-12-01T21:00:00Z,SO,MarketOnClose,Filled,buy,7,48.271461381,337.900229667,1.0,
725,2020-12-01T15:00:00Z,2020-12-01T21:00:00Z,VZ,MarketOnClose,Filled,buy,7,42.755177062,299.286239434,1.0,
726,2021-01-04T15:00:00Z,2021-01-04T21:00:00Z,EPD,MarketOnClose,Filled,sell,-469,12.735998736,-5973.183407184,2.345,reached implied value
727,2021-01-04T15:00:00Z,2021-01-04T21:00:00Z,BKNG,MarketOnClose,Filled,sell,-75,84.55845688224,-6341.884266168,1.0,reached implied value
728,2021-01-04T15:00:00Z,2021-01-04T21:00:00Z,PFE,MarketOnClose,Filled,sell,-217,27.427292964,-5951.722573188,1.085,reached implied value
729,2021-01-04T15:00:00Z,2021-01-04T21:00:00Z,SO,MarketOnClose,Filled,sell,-125,47.307147888,-5913.393486,1.0,reached implied value
730,2021-01-04T15:00:00Z,2021-01-04T21:00:00Z,RTX,MarketOnClose,Filled,sell,-94,60.358558326,-5673.704482644,1.0,reached implied value
731,2021-01-04T15:00:00Z,2021-01-04T21:00:00Z,HCA,MarketOnClose,Filled,sell,-3,155.877703872,-467.633111616,1.0,
732,2021-01-04T15:00:00Z,2021-01-04T21:00:00Z,LVS,MarketOnClose,Filled,sell,-8,54.379300645,-435.03440516,1.0,
733,2021-01-04T15:00:00Z,2021-01-04T21:00:00Z,DELL,MarketOnClose,Filled,sell,-10,33.3759556609031,-333.759556609031,1.0,
734,2021-01-04T15:00:00Z,2021-01-04T21:00:00Z,XOM,MarketOnClose,Filled,sell,-10,33.2513272,-332.513272,1.0,
735,2021-01-04T15:00:00Z,2021-01-04T21:00:00Z,COP,MarketOnClose,Filled,buy,191,31.898033862,6092.524467642,1.0,
736,2021-01-04T15:00:00Z,2021-01-04T21:00:00Z,VZ,MarketOnClose,Filled,buy,8,41.534205515,332.27364412,1.0,
737,2021-02-01T15:00:00Z,2021-02-01T21:00:00Z,INTC,MarketOnClose,Filled,sell,-13,51.251087703,-666.264140139,1.0,
738,2021-02-01T15:00:00Z,2021-02-01T21:00:00Z,XOM,MarketOnClose,Filled,sell,-16,35.999569424,-575.993110784,1.0,
739,2021-02-01T15:00:00Z,2021-02-01T21:00:00Z,LMT,MarketOnClose,Filled,buy,22,277.454351136,6103.995724992,1.0,
740,2021-02-01T15:00:00Z,2021-02-01T21:00:00Z,NOC,MarketOnClose,Filled,buy,23,265.949571893,6116.840153539,1.0,
741,2021-02-01T15:00:00Z,2021-02-01T21:00:00Z,LVS,MarketOnClose,Filled,buy,25,46.046458717,1151.161467925,1.0,
742,2021-02-01T15:00:00Z,2021-02-01T21:00:00Z,IBM,MarketOnClose,Filled,buy,4,91.8224700633289,367.2898802533156,1.0,
743,2021-02-01T15:00:00Z,2021-02-01T21:00:00Z,VZ,MarketOnClose,Filled,buy,8,38.718645924,309.749167392,1.0,
744,2021-02-02T05:00:00Z,2021-02-02T21:00:00Z,LVS,MarketOnOpen,Filled,sell,-135,46.797165197,-6317.617301595,1.0,left universe
745,2021-03-01T15:00:00Z,2021-03-01T21:00:00Z,IBM,MarketOnClose,Filled,sell,-67,93.2038650371968,-6244.658957492185,1.0,reached implied value
746,2021-03-01T15:00:00Z,2021-03-01T21:00:00Z,COP,MarketOnClose,Filled,sell,-191,42.799292461,-8174.664860051,1.0,no valuation
747,2021-03-01T15:00:00Z,2021-03-01T21:00:00Z,XOM,MarketOnClose,Filled,sell,-170,45.965327476,-7814.10567092,1.0,no valuation
748,2021-03-01T15:00:00Z,2021-03-01T21:00:00Z,DELL,MarketOnClose,Filled,sell,-13,38.2564237255406,-497.3335084320278,1.0,
749,2021-03-01T15:00:00Z,2021-03-01T21:00:00Z,INTC,MarketOnClose,Filled,sell,-7,57.191768304,-400.342378128,1.0,
750,2021-03-01T15:00:00Z,2021-03-01T21:00:00Z,MO,MarketOnClose,Filled,buy,225,28.76842838,6472.8963855,1.125,
751,2021-03-01T15:00:00Z,2021-03-01T21:00:00Z,CI,MarketOnClose,Filled,buy,33,193.36846113,6381.15921729,1.0,
752,2021-03-01T15:00:00Z,2021-03-01T21:00:00Z,NEM,MarketOnClose,Filled,buy,16,46.37018617,741.92297872,1.0,
753,2021-03-01T15:00:00Z,2021-03-01T21:00:00Z,T,MarketOnClose,Filled,buy,27,15.3533361193853,414.5400752234031,1.0,
754,2021-03-01T15:00:00Z,2021-03-01T21:00:00Z,CVS,MarketOnClose,Filled,buy,5,57.958394032,289.79197016,1.0,
755,2021-04-01T14:00:00Z,2021-04-01T20:00:00Z,T,MarketOnClose,Filled,sell,-415,16.6487226129041,-6909.219884355201,2.075,reached implied value
756,2021-04-01T14:00:00Z,2021-04-01T20:00:00Z,MO,MarketOnClose,Filled,sell,-26,33.5190564,-871.4954664,1.0,
757,2021-04-01T14:00:00Z,2021-04-01T20:00:00Z,CI,MarketOnClose,Filled,sell,-3,218.475944874,-655.427834622,1.0,
758,2021-04-01T14:00:00Z,2021-04-01T20:00:00Z,NEM,MarketOnClose,Filled,sell,-7,52.958202262,-370.707415834,1.0,
759,2021-04-01T14:00:00Z,2021-04-01T20:00:00Z,HCA,MarketOnClose,Filled,sell,-2,177.76476156,-355.52952312,1.0,
760,2021-04-01T14:00:00Z,2021-04-01T20:00:00Z,LMT,MarketOnClose,Filled,sell,-1,319.964466393,-319.964466393,1.0,
761,2021-04-01T14:00:00Z,2021-04-01T20:00:00Z,CVS,MarketOnClose,Filled,sell,-5,62.15803517,-310.79017585,1.0,
762,2021-04-01T14:00:00Z,2021-04-01T20:00:00Z,DOW,MarketOnClose,Filled,buy,140,48.12366018,6737.3124252,1.0,
763,2021-04-01T14:00:00Z,2021-04-01T20:00:00Z,TGT,MarketOnClose,Filled,buy,39,170.549905234,6651.446304126,1.0,
764,2021-05-03T14:00:00Z,2021-05-03T20:00:00Z,NOC,MarketOnClose,Filled,sell,-3,330.0302793,-990.0908379,1.0,
765,2021-05-03T14:00:00Z,2021-05-03T20:00:00Z,DELL,MarketOnClose,Filled,sell,-19,45.0200157887033,-855.3802999853627,1.0,
766,2021-05-03T14:00:00Z,2021-05-03T20:00:00Z,HCA,MarketOnClose,Filled,sell,-2,195.297724344,-390.595448688,1.0,
767,2021-05-03T14:00:00Z,2021-05-03T20:00:00Z,INTC,MarketOnClose,Filled,buy,15,52.080163058,781.20244587,1.0,
768,2021-05-03T14:00:00Z,2021-05-03T20:00:00Z,MO,MarketOnClose,Filled,buy,17,31.790524668,540.438919356,1.0,
769,2021-05-03T14:00:00Z,2021-05-03T20:00:00Z,VZ,MarketOnClose,Filled,buy,7,41.759242688,292.314698816,1.0,
770,2021-05-03T14:00:00Z,2021-05-03T20:00:00Z,DOW,MarketOnClose,Filled,buy,5,48.086412765,240.432063825,1.0,
771,2021-06-01T14:00:00Z,2021-06-01T20:00:00Z,CI,MarketOnClose,Filled,sell,-30,232.795275504,-6983.85826512,1.0,no valuation
772,2021-06-01T14:00:00Z,2021-06-01T20:00:00Z,NEM,MarketOnClose,Filled,sell,-19,63.35963529,-1203.83307051,1.0,
773,2021-06-01T14:00:00Z,2021-06-01T20:00:00Z,CVS,MarketOnClose,Filled,sell,-10,72.308653944,-723.08653944,1.0,
774,2021-06-01T14:00:00Z,2021-06-01T20:00:00Z,TGT,MarketOnClose,Filled,sell,-3,193.797793644,-581.393380932,1.0,
775,2021-06-01T14:00:00Z,2021-06-01T20:00:00Z,DOW,MarketOnClose,Filled,sell,-9,52.9849332,-476.8643988,1.0,
776,2021-06-01T14:00:00Z,2021-06-01T20:00:00Z,VZ,MarketOnClose,Filled,buy,9,40.648931332,365.840381988,1.0,
777,2021-06-01T14:00:00Z,2021-06-01T20:00:00Z,INTC,MarketOnClose,Filled,buy,5,52.061870858,260.30935429,1.0,
778,2021-07-01T14:00:00Z,2021-07-01T20:00:00Z,TGT,MarketOnClose,Filled,sell,-3,207.647803188,-622.943409564,1.0,
779,2021-07-01T14:00:00Z,2021-07-01T20:00:00Z,NEM,MarketOnClose,Filled,buy,15,54.261399458,813.92099187,1.0,
780,2021-07-01T14:00:00Z,2021-07-01T20:00:00Z,DOW,MarketOnClose,Filled,buy,9,47.78502,430.06518,1.0,
781,2021-08-02T14:00:00Z,2021-08-02T20:00:00Z,HCA,MarketOnClose,Filled,sell,-6,240.2483397,-1441.4900382,1.0,
782,2021-08-02T14:00:00Z,2021-08-02T20:00:00Z,TGT,MarketOnClose,Filled,sell,-2,219.323088327,-438.646176654,1.0,
783,2021-08-02T14:00:00Z,2021-08-02T20:00:00Z,FDX,MarketOnClose,Filled,buy,42,161.696736901288,6791.262949854096,1.0,
784,2021-08-02T14:00:00Z,2021-08-02T20:00:00Z,INTC,MarketOnClose,Filled,buy,8,49.124296496,392.994371968,1.0,
785,2021-08-02T14:00:00Z,2021-08-02T20:00:00Z,DELL,MarketOnClose,Filled,buy,7,44.3339877305609,310.3379141139263,1.0,
786,2021-08-02T14:00:00Z,2021-08-02T20:00:00Z,CVS,MarketOnClose,Filled,buy,4,69.81536211,279.26144844,1.0,
787,2021-08-03T04:00:00Z,2021-08-03T20:00:00Z,DOW,MarketOnOpen,Filled,sell,-145,46.016598,-6672.40671,1.0,left universe
788,2021-09-01T04:00:00Z,,NEM,MarketOnOpen,Canceled,sell,-126,0.0,0.0,0.0,no valuation
789,2021-09-01T14:00:00Z,2021-09-01T20:00:00Z,NEM,MarketOnClose,Filled,sell,-126,49.962612164,-6295.289132664,1.0,no valuation
790,2021-09-01T14:00:00Z,2021-09-01T20:00:00Z,CVS,MarketOnClose,Filled,sell,-5,72.61102641,-363.05513205,1.0,
791,2021-09-01T14:00:00Z,2021-09-01T20:00:00Z,MO,MarketOnClose,Filled,sell,-9,33.493258608,-301.439327472,1.0,
792,2021-09-01T14:00:00Z,2021-09-01T20:00:00Z,MU,MarketOnClose,Filled,buy,97,71.887121756,6973.050810332,1.0,
793,2021-09-01T14:00:00Z,2021-09-01T20:00:00Z,CI,MarketOnClose,Filled,buy,36,191.425241385,6891.30868986,1.0,
794,2021-09-01T14:00:00Z,2021-09-01T20:00:00Z,LMT,MarketOnClose,Filled,buy,1,312.147955782,312.147955782,1.0,
795,2021-09-01T14:00:00Z,2021-09-01T20:00:00Z,FDX,MarketOnClose,Filled,buy,2,155.706884574738,311.413769149476,1.0,
796,2021-09-01T14:00:00Z,2021-09-01T20:00:00Z,TGT,MarketOnClose,Filled,buy,1,210.833566563,210.833566563,1.0,
797,2021-10-01T14:00:00Z,2021-10-01T20:00:00Z,DELL,MarketOnClose,Filled,sell,-15,48.703387912958,-730.55081869437,1.0,
798,2021-10-01T14:00:00Z,2021-10-01T20:00:00Z,FDX,MarketOnClose,Filled,buy,8,130.663900265755,1045.31120212604,1.0,
799,2021-10-01T14:00:00Z,2021-10-01T20:00:00Z,TGT,MarketOnClose,Filled,buy,2,195.45556116,390.91112232,1.0,
800,2021-10-01T14:00:00Z,2021-10-01T20:00:00Z,MO,MarketOnClose,Filled,buy,12,31.232228412,374.786740944,1.0,
801,2021-11-01T14:00:00Z,2021-11-01T20:00:00Z,TGT,MarketOnClose,Filled,sell,-4,220.683363012,-882.733452048,1.0,
802,2021-11-01T14:00:00Z,2021-11-01T20:00:00Z,FDX,MarketOnClose,Filled,sell,-3,138.361755532389,-415.085266597167,1.0,
803,2021-11-01T14:00:00Z,2021-11-01T20:00:00Z,CVS,MarketOnClose,Filled,sell,-5,77.242275775,-386.211378875,1.0,
804,2021-11-01T14:00:00Z,2021-11-01T20:00:00Z,DELL,MarketOnClose,Filled,sell,-7,51.3416031969555,-359.3912223786885,1.0,
805,2021-11-01T14:00:00Z,2021-11-01T20:00:00Z,INTC,MarketOnClose,Filled,buy,10,45.63903832,456.3903832,1.0,
806,2021-11-01T14:00:00Z,2021-11-01T20:00:00Z,MO,MarketOnClose,Filled,buy,10,29.99955651,299.9955651,1.0,
807,2021-11-01T14:00:00Z,2021-11-01T20:00:00Z,LMT,MarketOnClose,Filled,buy,1,289.429267335,289.429267335,1.0,
808,2021-11-01T14:00:00Z,2021-11-01T20:00:00Z,MU,MarketOnClose,Filled,buy,4,69.03857121,276.15428484,1.0,
809,2021-12-01T05:00:00Z,,DELL,MarketOnOpen,Canceled,sell,-135,0.0,0.0,0.0,no valuation
810,2021-12-01T15:00:00Z,2021-12-01T21:00:00Z,CI,MarketOnClose,Filled,sell,-36,177.431667968,-6387.540046848,1.0,no valuation
811,2021-12-01T15:00:00Z,2021-12-01T21:00:00Z,DELL,MarketOnClose,Filled,sell,-135,50.59852612,-6830.8010262,1.0,no valuation
812,2021-12-01T15:00:00Z,2021-12-01T21:00:00Z,MU,MarketOnClose,Filled,sell,-18,83.149000545,-1496.68200981,1.0,
813,2021-12-01T15:00:00Z,2021-12-01T21:00:00Z,MMM,MarketOnClose,Filled,buy,67,100.999476624354,6766.964933831718,1.0,
814,2021-12-01T15:00:00Z,2021-12-01T21:00:00Z,VZ,MarketOnClose,Filled,buy,12,36.716966433,440.603597196,1.0,
815,2021-12-01T15:00:00Z,2021-12-01T21:00:00Z,HCA,MarketOnClose,Filled,buy,2,216.353718042,432.707436084,1.0,
816,2021-12-01T15:00:00Z,2021-12-01T21:00:00Z,TGT,MarketOnClose,Filled,buy,2,206.290148064,412.580296128,1.0,
817,2021-12-01T15:00:00Z,2021-12-01T21:00:00Z,NOC,MarketOnClose,Filled,buy,1,320.402598148,320.402598148,1.0,
818,2022-01-03T15:00:00Z,2022-01-03T21:00:00Z,LMT,MarketOnClose,Filled,sell,-23,312.543045752,-7188.490052296,1.0,reached implied value
819,2022-01-03T15:00:00Z,2022-01-03T21:00:00Z,MO,MarketOnClose,Filled,sell,-229,33.296523858,-7624.903963482,1.145,reached implied value
820,2022-01-03T15:00:00Z,2022-01-03T21:00:00Z,CVS,MarketOnClose,Filled,sell,-9,88.75405896,-798.78653064,1.0,
821,2022-01-03T15:00:00Z,2022-01-03T21:00:00Z,HCA,MarketOnClose,Filled,sell,-3,244.136807872,-732.410423616,1.0,
822,2022-01-03T15:00:00Z,2022-01-03T21:00:00Z,NOC,MarketOnClose,Filled,sell,-2,357.028769478,-714.057538956,1.0,
823,2022-01-03T15:00:00Z,2022-01-03T21:00:00Z,FDX,MarketOnClose,Filled,sell,-3,152.279600775576,-456.838802326728,1.0,
824,2022-01-03T15:00:00Z,2022-01-03T21:00:00Z,MU,MarketOnClose,Filled,sell,-5,93.599598625,-467.997993125,1.0,
825,2022-01-03T15:00:00Z,2022-01-03T21:00:00Z,T,MarketOnClose,Filled,buy,503,14.6753032574311,7381.677538487843,2.515,
826,2022-01-03T15:00:00Z,2022-01-03T21:00:00Z,DE,MarketOnClose,Filled,buy,22,329.813878223,7255.905320906,1.0,
827,2022-01-03T15:00:00Z,2022-01-03T21:00:00Z,TGT,MarketOnClose,Filled,buy,3,199.163074184,597.489222552,1.0,
828,2022-02-01T15:00:00Z,2022-02-01T21:00:00Z,DE,MarketOnClose,Filled,sell,-3,355.974031884,-1067.922095652,1.0,
829,2022-02-01T15:00:00Z,2022-02-01T21:00:00Z,T,MarketOnClose,Filled,sell,-34,14.3788112217141,-488.8795815382794,1.0,
830,2022-02-01T15:00:00Z,2022-02-01T21:00:00Z,CVS,MarketOnClose,Filled,sell,-4,91.03598296,-364.14393184,1.0,
831,2022-02-01T15:00:00Z,2022-02-01T21:00:00Z,NFLX,MarketOnClose,Filled,buy,165,45.713,7542.645,1.0,
832,2022-02-01T15:00:00Z,2022-02-01T21:00:00Z,MU,MarketOnClose,Filled,buy,9,79.620755175,716.586796575,1.0,
833,2022-02-01T15:00:00Z,2022-02-01T21:00:00Z,HCA,MarketOnClose,Filled,buy,2,228.042304047,456.084608094,1.0,
834,2022-02-01T15:00:00Z,2022-02-01T21:00:00Z,MMM,MarketOnClose,Filled,buy,4,99.0592266341474,396.2369065365896,1.0,
835,2022-02-01T15:00:00Z,2022-02-01T21:00:00Z,TGT,MarketOnClose,Filled,buy,2,188.30931348,376.61862696,1.0,
836,2022-02-01T15:00:00Z,2022-02-01T21:00:00Z,NOC,MarketOnClose,Filled,buy,1,343.183984108,343.183984108,1.0,
837,2022-02-01T15:00:00Z,2022-02-01T21:00:00Z,FDX,MarketOnClose,Filled,buy,2,148.421811624232,296.843623248464,1.0,
838,2022-03-01T15:00:00Z,2022-03-01T21:00:00Z,VZ,MarketOnClose,Filled,sell,-184,40.026362532,-7364.850705888,1.0,no valuation
839,2022-03-01T15:00:00Z,2022-03-01T21:00:00Z,NOC,MarketOnClose,Filled,sell,-4,424.06517796,-1696.26071184,1.0,
840,2022-03-01T15:00:00Z,2022-03-01T21:00:00Z,MU,MarketOnClose,Filled,sell,-7,84.32272979,-590.25910853,1.0,
841,2022-03-01T15:00:00Z,2022-03-01T21:00:00Z,EOG,MarketOnClose,Filled,buy,74,95.190505816,7044.097430384,1.0,
842,2022-03-01T15:00:00Z,2022-03-01T21:00:00Z,F,MarketOnClose,Filled,buy,523,12.64980244,6615.84667612,2.615,
843,2022-03-01T15:00:00Z,2022-03-01T21:00:00Z,XOM,MarketOnClose,Filled,buy,103,68.072399188,7011.457116364,1.0,
844,2022-03-01T15:00:00Z,2022-03-01T21:00:00Z,GILD,MarketOnClose,Filled,buy,136,50.94226737,6928.14836232,1.0,
845,2022-03-01T15:00:00Z,2022-03-01T21:00:00Z,BMY,MarketOnClose,Filled,buy,121,57.265668108,6929.145841068,1.0,
846,2022-03-01T15:00:00Z,2022-03-01T21:00:00Z,FCX,MarketOnClose,Filled,buy,156,45.32079576,7070.04413856,1.0,
847,2022-03-01T15:00:00Z,2022-03-01T21:00:00Z,COP,MarketOnClose,Filled,buy,87,81.211737408,7065.421154496,1.0,
848,2022-03-01T15:00:00Z,2022-03-01T21:00:00Z,MRNA,MarketOnClose,Filled,buy,45,149.52,6728.4,1.0,
849,2022-03-01T15:00:00Z,2022-03-01T21:00:00Z,REGN,MarketOnClose,Filled,buy,11,601.355119342,6614.906312762,1.0,
850,2022-03-01T15:00:00Z,2022-03-01T21:00:00Z,FDX,MarketOnClose,Filled,buy,5,126.576712445094,632.88356222547,1.0,
851,2022-03-01T15:00:00Z,2022-03-01T21:00:00Z,MMM,MarketOnClose,Filled,buy,7,86.4411177705571,605.0878243938997,1.0,
852,2022-03-01T15:00:00Z,2022-03-01T21:00:00Z,TGT,MarketOnClose,Filled,buy,3,189.32376965,567.97130895,1.0,
853,2022-03-01T15:00:00Z,2022-03-01T21:00:00Z,NFLX,MarketOnClose,Filled,buy,11,38.624,424.864,1.0,
854,2022-03-01T15:00:00Z,2022-03-01T21:00:00Z,T,MarketOnClose,Filled,buy,30,13.8547677332896,415.643031998688,1.0,
855,2022-03-01T15:00:00Z,2022-03-01T21:00:00Z,DE,MarketOnClose,Filled,buy,1,337.858808445,337.858808445,1.0,
856,2022-04-01T14:00:00Z,2022-04-01T20:00:00Z,DE,MarketOnClose,Filled,sell,-2,393.63879912,-787.27759824,1.0,
857,2022-04-01T14:00:00Z,2022-04-01T20:00:00Z,REGN,MarketOnClose,Filled,sell,-1,688.334312262,-688.334312262,1.0,
858,2022-04-01T14:00:00Z,2022-04-01T20:00:00Z,MRNA,MarketOnClose,Filled,sell,-4,176.59,-706.36,1.0,
859,2022-04-01T14:00:00Z,2022-04-01T20:00:00Z,MU,MarketOnClose,Filled,buy,14,74.46911147,1042.56756058,1.0,
860,2022-04-01T14:00:00Z,2022-04-01T20:00:00Z,NFLX,MarketOnClose,Filled,buy,15,37.347,560.205,1.0,
861,2022-04-01T14:00:00Z,2022-04-01T20:00:00Z,F,MarketOnClose,Filled,buy,37,12.61192878,466.64136486,1.0,
862,2022-04-01T14:00:00Z,2022-04-01T20:00:00Z,CVS,MarketOnClose,Filled,buy,5,86.59854632,432.9927316,1.0,
863,2022-04-01T14:00:00Z,2022-04-01T20:00:00Z,NOC,MarketOnClose,Filled,buy,1,422.847187644,422.847187644,1.0,
864,2022-05-02T14:00:00Z,2022-05-02T20:00:00Z,TGT,MarketOnClose,Filled,sell,-7,198.2496614,-1387.7476298,1.0,
865,2022-05-02T14:00:00Z,2022-05-02T20:00:00Z,BMY,MarketOnClose,Filled,sell,-17,63.109897996,-1072.868265932,1.0,
866,2022-05-02T14:00:00Z,2022-05-02T20:00:00Z,XOM,MarketOnClose,Filled,sell,-14,74.332720892,-1040.658092488,1.0,
867,2022-05-02T14:00:00Z,2022-05-02T20:00:00Z,T,MarketOnClose,Filled,sell,-58,15.1202394,-876.9738852,1.0,
868,2022-05-02T14:00:00Z,2022-05-02T20:00:00Z,EOG,MarketOnClose,Filled,sell,-7,96.511967682,-675.583773774,1.0,
869,2022-05-02T14:00:00Z,2022-05-02T20:00:00Z,NOC,MarketOnClose,Filled,sell,-1,407.812910232,-407.812910232,1.0,
870,2022-05-02T14:00:00Z,2022-05-02T20:00:00Z,COP,MarketOnClose,Filled,sell,-5,80.580742176,-402.90371088,1.0,
871,2022-05-02T14:00:00Z,2022-05-02T20:00:00Z,GILD,MarketOnClose,Filled,sell,-7,51.634418562,-361.440929934,1.0,
872,2022-05-02T14:00:00Z,2022-05-02T20:00:00Z,NFLX,MarketOnClose,Filled,buy,155,19.946,3091.63,1.0,
873,2022-05-02T14:00:00Z,2022-05-02T20:00:00Z,MRNA,MarketOnClose,Filled,buy,8,142.08,1136.64,1.0,
874,2022-05-02T14:00:00Z,2022-05-02T20:00:00Z,FCX,MarketOnClose,Filled,buy,15,38.075978318,571.13967477,1.0,
875,2022-05-02T14:00:00Z,2022-05-02T20:00:00Z,F,MarketOnClose,Filled,buy,50,10.888684212,544.4342106,1.0,
876,2022-05-02T14:00:00Z,2022-05-02T20:00:00Z,INTC,MarketOnClose,Filled,buy,9,42.01653624,378.14882616,1.0,
877,2022-05-02T14:00:00Z,2022-05-02T20:00:00Z,FDX,MarketOnClose,Filled,buy,3,116.428627658092,349.285882974276,1.0,
878,2022-05-02T14:00:00Z,2022-05-02T20:00:00Z,MU,MarketOnClose,Filled,buy,4,69.10873738,276.43494952,1.0,
879,2022-05-02T14:00:00Z,2022-05-02T20:00:00Z,HCA,MarketOnClose,Filled,buy,1,202.995247044,202.995247044,1.0,
880,2022-06-01T14:00:00Z,2022-06-01T20:00:00Z,COP,MarketOnClose,Filled,sell,-10,97.676181525,-976.76181525,1.0,
881,2022-06-01T14:00:00Z,2022-06-01T20:00:00Z,EOG,MarketOnClose,Filled,sell,-7,116.111423246,-812.779962722,1.0,
882,2022-06-01T14:00:00Z,2022-06-01T20:00:00Z,XOM,MarketOnClose,Filled,sell,-8,85.015180194,-680.121441552,1.0,
883,2022-06-01T14:00:00Z,2022-06-01T20:00:00Z,FDX,MarketOnClose,Filled,sell,-5,129.229216841759,-646.146084208795,1.0,
884,2022-06-01T14:00:00Z,2022-06-01T20:00:00Z,T,MarketOnClose,Filled,sell,-36,16.78093515,-604.1136654,1.0,
885,2022-06-01T14:00:00Z,2022-06-01T20:00:00Z,GILD,MarketOnClose,Filled,sell,-6,55.452848454,-332.717090724,1.0,
886,2022-06-01T14:00:00Z,2022-06-01T20:00:00Z,MRNA,MarketOnClose,Filled,sell,-2,143.4,-286.8,1.0,
887,2022-06-01T14:00:00Z,2022-06-01T20:00:00Z,TGT,MarketOnClose,Filled,buy,15,135.56597538,2033.4896307,1.0,
888,2022-06-01T14:00:00Z,2022-06-01T20:00:00Z,DE,MarketOnClose,Filled,buy,2,332.581341435,665.16268287,1.0,
889,2022-06-01T14:00:00Z,2022-06-01T20:00:00Z,FCX,MarketOnClose,Filled,buy,13,37.554779013,488.212127169,1.0,
890,2022-06-01T14:00:00Z,2022-06-01T20:00:00Z,F,MarketOnClose,Filled,buy,45,10.332049795,464.942240775,1.0,
891,2022-06-01T14:00:00Z,2022-06-01T20:00:00Z,HCA,MarketOnClose,Filled,buy,2,199.26888519,398.53777038,1.0,
892,2022-07-01T14:00:00Z,2022-07-01T20:00:00Z,NOC,MarketOnClose,Filled,sell,-3,453.888995475,-1361.666986425,1.0,
893,2022-07-01T14:00:00Z,2022-07-01T20:00:00Z,FDX,MarketOnClose,Filled,sell,-6,132.818182150818,-796.909092904908,1.0,
894,2022-07-01T14:00:00Z,2022-07-01T20:00:00Z,MRNA,MarketOnClose,Filled,sell,-5,149.95,-749.75,1.0,
895,2022-07-01T14:00:00Z,2022-07-01T20:00:00Z,BMY,MarketOnClose,Filled,sell,-11,64.589298908,-710.482287988,1.0,
896,2022-07-01T14:00:00Z,2022-07-01T20:00:00Z,T,MarketOnClose,Filled,sell,-39,16.8560618625,-657.3864126375,1.0,
897,2022-07-01T14:00:00Z,2022-07-01T20:00:00Z,GILD,MarketOnClose,Filled,sell,-10,54.056666224,-540.56666224,1.0,
898,2022-07-01T14:00:00Z,2022-07-01T20:00:00Z,CVS,MarketOnClose,Filled,sell,-6,80.890710054,-485.344260324,1.0,
899,2022-07-01T14:00:00Z,2022-07-01T20:00:00Z,FCX,MarketOnClose,Filled,buy,35,27.67094492,968.4830722,1.0,
900,2022-07-01T14:00:00Z,2022-07-01T20:00:00Z,MU,MarketOnClose,Filled,buy,14,52.516767145,735.23474003,1.0,
901,2022-07-01T14:00:00Z,2022-07-01T20:00:00Z,HCA,MarketOnClose,Filled,buy,4,169.090681578,676.362726312,1.0,
902,2022-07-01T14:00:00Z,2022-07-01T20:00:00Z,COP,MarketOnClose,Filled,buy,7,77.369646744,541.587527208,1.0,
903,2022-07-01T14:00:00Z,2022-07-01T20:00:00Z,F,MarketOnClose,Filled,buy,60,8.6278334635,517.67000781,1.0,
904,2022-07-01T14:00:00Z,2022-07-01T20:00:00Z,EOG,MarketOnClose,Filled,buy,5,93.893616638,469.46808319,1.0,
905,2022-07-01T14:00:00Z,2022-07-01T20:00:00Z,INTC,MarketOnClose,Filled,buy,11,34.229325558,376.522581138,1.0,
906,2022-07-01T14:00:00Z,2022-07-01T20:00:00Z,DE,MarketOnClose,Filled,buy,1,285.913719665,285.913719665,1.0,
907,2022-08-01T14:00:00Z,2022-08-01T20:00:00Z,FDX,MarketOnClose,Filled,sell,-45,141.187254135546,-6353.42643609957,1.0,no valuation
908,2022-08-01T14:00:00Z,2022-08-01T20:00:00Z,F,MarketOnClose,Filled,sell,-126,11.689322757,-1472.854667382,1.0,
909,2022-08-01T14:00:00Z,2022-08-01T20:00:00Z,NFLX,MarketOnClose,Filled,sell,-53,22.621,-1198.913,1.0,
910,2022-08-01T14:00:00Z,2022-08-01T20:00:00Z,HCA,MarketOnClose,Filled,sell,-5,203.718243183,-1018.591215915,1.0,
911,2022-08-01T14:00:00Z,2022-08-01T20:00:00Z,MRNA,MarketOnClose,Filled,sell,-2,161.51,-323.02,1.0,
912,2022-08-01T14:00:00Z,2022-08-01T20:00:00Z,MPC,MarketOnClose,Filled,buy,78,82.613057624,6443.818494672,1.0,
913,2022-08-01T14:00:00Z,2022-08-01T20:00:00Z,T,MarketOnClose,Filled,buy,72,15.000734736,1080.052900992,1.0,
914,2022-08-01T14:00:00Z,2022-08-01T20:00:00Z,BMY,MarketOnClose,Filled,buy,13,61.882667694,804.474680022,1.0,
915,2022-08-01T14:00:00Z,2022-08-01T20:00:00Z,GILD,MarketOnClose,Filled,buy,14,51.66416464,723.29830496,1.0,
916,2022-08-01T14:00:00Z,2022-08-01T20:00:00Z,INTC,MarketOnClose,Filled,buy,20,34.813315152,696.26630304,1.0,
917,2022-08-01T14:00:00Z,2022-08-01T20:00:00Z,REGN,MarketOnClose,Filled,buy,1,571.288849352,571.288849352,1.0,
918,2022-08-01T14:00:00Z,2022-08-01T20:00:00Z,NOC,MarketOnClose,Filled,buy,1,443.866239525,443.866239525,1.0,
919,2022-08-01T14:00:00Z,2022-08-01T20:00:00Z,EOG,MarketOnClose,Filled,buy,4,91.183280364,364.733121456,1.0,
920,2022-08-01T14:00:00Z,2022-08-01T20:00:00Z,CVS,MarketOnClose,Filled,buy,3,83.162480308,249.487440924,1.0,
921,2022-09-01T14:00:00Z,2022-09-01T20:00:00Z,DE,MarketOnClose,Filled,sell,-3,344.815946035,-1034.447838105,1.0,
922,2022-09-01T14:00:00Z,2022-09-01T20:00:00Z,COP,MarketOnClose,Filled,sell,-10,91.855040063,-918.55040063,1.0,
923,2022-09-01T14:00:00Z,2022-09-01T20:00:00Z,MPC,MarketOnClose,Filled,sell,-8,89.042673976,-712.341391808,1.0,
924,2022-09-01T14:00:00Z,2022-09-01T20:00:00Z,EOG,MarketOnClose,Filled,sell,-6,100.616910318,-603.701461908,1.0,
925,2022-09-01T14:00:00Z,2022-09-01T20:00:00Z,GILD,MarketOnClose,Filled,sell,-9,56.30180358,-506.71623222,1.0,
926,2022-09-01T14:00:00Z,2022-09-01T20:00:00Z,F,MarketOnClose,Filled,sell,-35,11.694238793,-409.298357755,1.0,
927,2022-09-01T14:00:00Z,2022-09-01T20:00:00Z,XOM,MarketOnClose,Filled,sell,-4,82.341243306,-329.364973224,1.0,
928,2022-09-01T14:00:00Z,2022-09-01T20:00:00Z,MRNA,MarketOnClose,Filled,buy,9,138.95,1250.55,1.0,
929,2022-09-01T14:00:00Z,2022-09-01T20:00:00Z,INTC,MarketOnClose,Filled,buy,22,30.217346928,664.781632416,1.0,
930,2022-09-01T14:00:00Z,2022-09-01T20:00:00Z,MMM,MarketOnClose,Filled,buy,7,76.5695731166191,535.9870118163337,1.0,
931,2022-09-01T14:00:00Z,2022-09-01T20:00:00Z,BMY,MarketOnClose,Filled,buy,8,58.074891483,464.599131864,1.0,
932,2022-09-01T14:00:00Z,2022-09-01T20:00:00Z,HCA,MarketOnClose,Filled,buy,2,192.649014285,385.29802857,1.0,
933,2022-09-01T14:00:00Z,2022-09-01T20:00:00Z,T,MarketOnClose,Filled,buy,25,14.02312275,350.57806875,1.0,
934,2022-09-01T14:00:00Z,2022-09-01T20:00:00Z,FCX,MarketOnClose,Filled,buy,12,26.685288864,320.223466368,1.0,
935,2022-09-01T14:00:00Z,2022-09-01T20:00:00Z,MU,MarketOnClose,Filled,buy,5,56.209298409,281.046492045,1.0,
936,2022-10-03T14:00:00Z,2022-10-03T20:00:00Z,REGN,MarketOnClose,Filled,sell,-3,728.257563682,-2184.772691046,1.0,
937,2022-10-03T14:00:00Z,2022-10-03T20:00:00Z,NFLX,MarketOnClose,Filled,sell,-34,23.904,-812.736,1.0,
938,2022-10-03T14:00:00Z,2022-10-03T20:00:00Z,BMY,MarketOnClose,Filled,sell,-12,59.285310411,-711.423724932,1.0,
939,2022-10-03T14:00:00Z,2022-10-03T20:00:00Z,CVS,MarketOnClose,Filled,sell,-5,84.669486304,-423.34743152,1.0,
940,2022-10-03T14:00:00Z,2022-10-03T20:00:00Z,MPC,MarketOnClose,Filled,sell,-4,94.591736854,-378.366947416,1.0,
941,2022-10-03T14:00:00Z,2022-10-03T20:00:00Z,GILD,MarketOnClose,Filled,sell,-5,54.634641512,-273.17320756,1.0,
942,2022-10-03T14:00:00Z,2022-10-03T20:00:00Z,F,MarketOnClose,Filled,buy,154,8.829400577,1359.727688858,1.0,
943,2022-10-03T14:00:00Z,2022-10-03T20:00:00Z,INTC,MarketOnClose,Filled,buy,35,25.660007766,898.10027181,1.0,
944,2022-10-03T14:00:00Z,2022-10-03T20:00:00Z,T,MarketOnClose,Filled,buy,34,12.74100867,433.19429478,1.0,
945,2022-10-03T14:00:00Z,2022-10-03T20:00:00Z,MU,MarketOnClose,Filled,buy,7,50.726660508,355.086623556,1.0,
946,2022-10-03T14:00:00Z,2022-10-03T20:00:00Z,MMM,MarketOnClose,Filled,buy,5,69.0058669765471,345.0293348827355,1.0,
947,2022-10-03T14:00:00Z,2022-10-03T20:00:00Z,DE,MarketOnClose,Filled,buy,1,327.192341315,327.192341315,1.0,
948,2022-10-03T14:00:00Z,2022-10-03T20:00:00Z,MRNA,MarketOnClose,Filled,buy,2,120.99,241.98,1.0,
949,2022-11-01T14:00:00Z,2022-11-01T20:00:00Z,GILD,MarketOnClose,Filled,sell,-10,69.555719794,-695.55719794,1.0,
950,2022-11-01T14:00:00Z,2022-11-01T20:00:00Z,MRNA,MarketOnClose,Filled,sell,-4,154.62,-618.48,1.0,
951,2022-11-01T14:00:00Z,2022-11-01T20:00:00Z,COP,MarketOnClose,Filled,sell,-5,112.248417668,-561.24208834,1.0,
952,2022-11-01T14:00:00Z,2022-11-01T20:00:00Z,NFLX,MarketOnClose,Filled,sell,-15,28.675,-430.125,1.0,
953,2022-11-01T14:00:00Z,2022-11-01T20:00:00Z,XOM,MarketOnClose,Filled,sell,-4,98.2445856,-392.9783424,1.0,
954,2022-11-01T14:00:00Z,2022-11-01T20:00:00Z,CVS,MarketOnClose,Filled,buy,12,82.444648494,989.335781928,1.0,
955,2022-11-01T14:00:00Z,2022-11-01T20:00:00Z,REGN,MarketOnClose,Filled,buy,1,752.805905374,752.805905374,1.0,
956,2022-11-01T14:00:00Z,2022-11-01T20:00:00Z,MU,MarketOnClose,Filled,buy,10,53.919880638,539.19880638,1.0,
957,2022-11-01T14:00:00Z,2022-11-01T20:00:00Z,INTC,MarketOnClose,Filled,buy,15,26.92540674,403.8811011,1.0,
958,2022-11-01T14:00:00Z,2022-11-01T20:00:00Z,BMY,MarketOnClose,Filled,buy,6,65.80956123,394.85736738,1.0,
959,2022-12-01T15:00:00Z,2022-12-01T21:00:00Z,FCX,MarketOnClose,Filled,sell,-31,37.702636302,-1168.781725362,1.0,
960,2022-12-01T15:00:00Z,2022-12-01T21:00:00Z,MRNA,MarketOnClose,Filled,sell,-4,181.48,-725.92,1.0,
961,2022-12-01T15:00:00Z,2022-12-01T21:00:00Z,HCA,MarketOnClose,Filled,sell,-2,230.958028071,-461.916056142,1.0,
962,2022-12-01T15:00:00Z,2022-12-01T21:00:00Z,DE,MarketOnClose,Filled,sell,-1,420.162326163,-420.162326163,1.0,
963,2022-12-01T15:00:00Z,2022-12-01T21:00:00Z,GILD,MarketOnClose,Filled,sell,-5,77.06009289,-385.30046445,1.0,
964,2022-12-01T15:00:00Z,2022-12-01T21:00:00Z,REGN,MarketOnClose,Filled,buy,1,754.123471736,754.123471736,1.0,
965,2022-12-01T15:00:00Z,2022-12-01T21:00:00Z,COP,MarketOnClose,Filled,buy,5,108.515267868,542.57633934,1.0,
966,2022-12-01T15:00:00Z,2022-12-01T21:00:00Z,MMM,MarketOnClose,Filled,buy,7,77.7004630796926,543.9032415578482,1.0,
967,2022-12-01T15:00:00Z,2022-12-01T21:00:00Z,NOC,MarketOnClose,Filled,buy,1,498.27300877,498.27300877,1.0,
968,2022-12-01T15:00:00Z,2022-12-01T21:00:00Z,TGT,MarketOnClose,Filled,buy,3,144.750909748,434.252729244,1.0,
969,2022-12-01T15:00:00Z,2022-12-01T21:00:00Z,XOM,MarketOnClose,Filled,buy,4,98.036287498,392.145149992,1.0,
970,2023-01-03T15:00:00Z,2023-01-03T21:00:00Z,MRNA,MarketOnClose,Filled,sell,-3,178.99,-536.97,1.0,
971,2023-01-03T15:00:00Z,2023-01-03T21:00:00Z,NOC,MarketOnClose,Filled,sell,-1,507.697255947,-507.697255947,1.0,
972,2023-01-03T15:00:00Z,2023-01-03T21:00:00Z,XOM,MarketOnClose,Filled,sell,-4,94.145607738,-376.582430952,1.0,
973,2023-01-03T15:00:00Z,2023-01-03T21:00:00Z,F,MarketOnClose,Filled,buy,86,9.085109065,781.31937959,1.0,
974,2023-01-03T15:00:00Z,2023-01-03T21:00:00Z,BMY,MarketOnClose,Filled,buy,9,61.202044974,550.818404766,1.0,
975,2023-01-03T15:00:00Z,2023-01-03T21:00:00Z,MU,MarketOnClose,Filled,buy,11,49.619481963,545.814301593,1.0,
976,2023-01-03T15:00:00Z,2023-01-03T21:00:00Z,TGT,MarketOnClose,Filled,buy,4,133.01861527,532.07446108,1.0,
977,2023-01-03T15:00:00Z,2023-01-03T21:00:00Z,INTC,MarketOnClose,Filled,buy,18,25.775145594,463.952620692,1.0,
978,2023-02-01T15:00:00Z,2023-02-01T21:00:00Z,GILD,MarketOnClose,Filled,sell,-98,74.2517916,-7276.6755768,1.0,reached implied value
979,2023-02-01T15:00:00Z,2023-02-01T21:00:00Z,INTC,MarketOnClose,Filled,sell,-282,28.031555646,-7904.898692172,1.41,no valuation
980,2023-02-01T15:00:00Z,2023-02-01T21:00:00Z,NOC,MarketOnClose,Filled,sell,-14,415.860175281,-5822.042453934,1.0,reached implied value
981,2023-02-01T15:00:00Z,2023-02-01T21:00:00Z,MU,MarketOnClose,Filled,sell,-18,61.66725374,-1110.01056732,1.0,
982,2023-02-01T15:00:00Z,2023-02-01T21:00:00Z,NFLX,MarketOnClose,Filled,sell,-30,36.199,-1085.97,1.0,
983,2023-02-01T15:00:00Z,2023-02-01T21:00:00Z,FCX,MarketOnClose,Filled,sell,-23,42.8514762775,-985.5839543825,1.0,
984,2023-02-01T15:00:00Z,2023-02-01T21:00:00Z,T,MarketOnClose,Filled,sell,-47,16.702835694,-785.033277618,1.0,
985,2023-02-01T15:00:00Z,2023-02-01T21:00:00Z,F,MarketOnClose,Filled,sell,-73,10.73871564,-783.92624172,1.0,
986,2023-02-01T15:00:00Z,2023-02-01T21:00:00Z,TGT,MarketOnClose,Filled,sell,-5,155.273146948,-776.36573474,1.0,
987,2023-02-01T15:00:00Z,2023-02-01T21:00:00Z,HCA,MarketOnClose,Filled,sell,-2,253.809366648,-507.618733296,1.0,
988,2023-02-01T15:00:00Z,2023-02-01T21:00:00Z,PFE,MarketOnClose,Filled,buy,213,35.480517558,7557.350239854,1.065,
989,2023-02-01T15:00:00Z,2023-02-01T21:00:00Z,EPD,MarketOnClose,Filled,buy,377,20.152767768,7597.593448536,1.885,
990,2023-02-01T15:00:00Z,2023-02-01T21:00:00Z,OXY,MarketOnClose,Filled,buy,124,59.5862791,7388.6986084,1.0,
991,2023-02-01T15:00:00Z,2023-02-01T21:00:00Z,CVS,MarketOnClose,Filled,buy,12,76.758634082,921.103608984,1.0,
992,2023-02-01T15:00:00Z,2023-02-01T21:00:00Z,MMM,MarketOnClose,Filled,buy,9,71.4602544742924,643.1422902686317,1.0,
993,2023-02-01T15:00:00Z,2023-02-01T21:00:00Z,MRNA,MarketOnClose,Filled,buy,3,174.3,522.9,1.0,
994,2023-02-01T15:00:00Z,2023-02-01T21:00:00Z,BMY,MarketOnClose,Filled,buy,5,60.806942592,304.03471296,1.0,
995,2023-03-01T15:00:00Z,2023-03-01T21:00:00Z,CVS,MarketOnClose,Filled,sell,-98,72.354378246,-7090.729068108,1.0,reached implied value
996,2023-03-01T15:00:00Z,2023-03-01T21:00:00Z,REGN,MarketOnClose,Filled,sell,-10,763.237464616,-7632.37464616,1.0,reached implied value
997,2023-03-01T15:00:00Z,2023-03-01T21:00:00Z,F,MarketOnClose,Filled,sell,-721,9.702696474,-6995.644157754,3.605,no valuation
998,2023-03-01T15:00:00Z,2023-03-01T21:00:00Z,T,MarketOnClose,Filled,sell,-450,15.437093316,-6946.6919922,2.25,no valuation
999,2023-03-01T15:00:00Z,2023-03-01T21:00:00Z,MPC,MarketOnClose,Filled,sell,-5,120.332113488,-601.66056744,1.0,
1000,2023-03-01T15:00:00Z,2023-03-01T21:00:00Z,EPD,MarketOnClose,Filled,sell,-23,20.105681862,-462.430682826,1.0,
1001,2023-03-01T15:00:00Z,2023-03-01T21:00:00Z,TGT,MarketOnClose,Filled,sell,-3,143.329128928,-429.987386784,1.0,
1002,2023-03-01T15:00:00Z,2023-03-01T21:00:00Z,CVX,MarketOnClose,Filled,buy,51,140.234727936,7151.971124736,1.0,
1003,2023-03-01T15:00:00Z,2023-03-01T21:00:00Z,ADM,MarketOnClose,Filled,buy,99,70.875243348,7016.649091452,1.0,
1004,2023-03-01T15:00:00Z,2023-03-01T21:00:00Z,VLO,MarketOnClose,Filled,buy,59,126.08321865,7438.90990035,1.0,
1005,2023-03-01T15:00:00Z,2023-03-01T21:00:00Z,PSX,MarketOnClose,Filled,buy,77,95.189677128,7329.605138856,1.0,
1006,2023-03-01T15:00:00Z,2023-03-01T21:00:00Z,MRNA,MarketOnClose,Filled,buy,8,135.66,1085.28,1.0,
1007,2023-03-01T15:00:00Z,2023-03-01T21:00:00Z,EOG,MarketOnClose,Filled,buy,8,103.728299989,829.826399912,1.0,
1008,2023-03-01T15:00:00Z,2023-03-01T21:00:00Z,COP,MarketOnClose,Filled,buy,8,94.696343125,757.570745,1.0,
1009,2023-04-01T04:00:00Z,,ADM,MarketOnOpen,Canceled,sell,-99,0.0,0.0,0.0,no valuation
1010,2023-04-03T14:00:00Z,2023-04-03T20:00:00Z,TGT,MarketOnClose,Filled,sell,-47,146.51441676,-6886.17758772,1.0,no valuation
1011,2023-04-03T14:00:00Z,2023-04-03T20:00:00Z,ADM,MarketOnClose,Filled,sell,-99,71.930679834,-7121.137303566,1.0,no valuation
1012,2023-04-03T14:00:00Z,2023-04-03T20:00:00Z,MRNA,MarketOnClose,Filled,sell,-4,159.48,-637.92,1.0,
1013,2023-04-03T14:00:00Z,2023-04-03T20:00:00Z,HCA,MarketOnClose,Filled,sell,-2,257.053620512,-514.107241024,1.0,
1014,2023-04-03T14:00:00Z,2023-04-03T20:00:00Z,MPC,MarketOnClose,Filled,sell,-4,126.339870528,-505.359482112,1.0,
1015,2023-04-03T14:00:00Z,2023-04-03T20:00:00Z,MU,MarketOnClose,Filled,sell,-6,58.721805039,-352.330830234,1.0,
1016,2023-04-03T14:00:00Z,2023-04-03T20:00:00Z,VZ,MarketOnClose,Filled,buy,235,30.996719068,7284.22898098,1.175,
1017,2023-04-03T14:00:00Z,2023-04-03T20:00:00Z,QCOM,MarketOnClose,Filled,buy,61,115.438163148,7041.727952028,1.0,
1018,2023-04-03T14:00:00Z,2023-04-03T20:00:00Z,COP,MarketOnClose,Filled,buy,4,97.22883339,388.91533356,1.0,
1019,2023-04-03T14:00:00Z,2023-04-03T20:00:00Z,FCX,MarketOnClose,Filled,buy,7,39.38607524,275.70252668,1.0,
1020,2023-04-03T14:00:00Z,2023-04-03T20:00:00Z,PSX,MarketOnClose,Filled,buy,3,91.346229702,274.038689106,1.0,
1021,2023-05-01T14:00:00Z,2023-05-01T20:00:00Z,HCA,MarketOnClose,Filled,sell,-3,276.369619782,-829.108859346,1.0,
1022,2023-05-01T14:00:00Z,2023-05-01T20:00:00Z,MU,MarketOnClose,Filled,sell,-10,61.545105145,-615.45105145,1.0,
1023,2023-05-01T14:00:00Z,2023-05-01T20:00:00Z,XOM,MarketOnClose,Filled,sell,-6,102.1721909175,-613.033145505,1.0,
1024,2023-05-01T14:00:00Z,2023-05-01T20:00:00Z,EOG,MarketOnClose,Filled,sell,-5,105.960575416,-529.80287708,1.0,
1025,2023-05-01T14:00:00Z,2023-05-01T20:00:00Z,COP,MarketOnClose,Filled,sell,-5,91.946802135,-459.734010675,1.0,
1026,2023-05-01T14:00:00Z,2023-05-01T20:00:00Z,CVX,MarketOnClose,Filled,sell,-3,144.690606816,-434.071820448,1.0,
1027,2023-05-01T14:00:00Z,2023-05-01T20:00:00Z,EPD,MarketOnClose,Filled,sell,-17,21.02621091,-357.44558547,1.0,
1028,2023-05-01T14:00:00Z,2023-05-01T20:00:00Z,VLO,MarketOnClose,Filled,buy,9,104.46740085,940.20660765,1.0,
1029,2023-05-01T14:00:00Z,2023-05-01T20:00:00Z,MRNA,MarketOnClose,Filled,buy,6,133.4,800.4,1.0,
1030,2023-05-01T14:00:00Z,2023-05-01T20:00:00Z,MPC,MarketOnClose,Filled,buy,5,114.063554592,570.31777296,1.0,
1031,2023-05-01T14:00:00Z,2023-05-01T20:00:00Z,QCOM,MarketOnClose,Filled,buy,4,107.201834368,428.807337472,1.0,
1032,2023-05-01T14:00:00Z,2023-05-01T20:00:00Z,PFE,MarketOnClose,Filled,buy,13,31.608155478,410.906021214,1.0,
1033,2023-05-01T14:00:00Z,2023-05-01T20:00:00Z,FCX,MarketOnClose,Filled,buy,11,36.095362974,397.048992714,1.0,
1034,2023-05-01T14:00:00Z,2023-05-01T20:00:00Z,DE,MarketOnClose,Filled,buy,1,365.553645944,365.553645944,1.0,
1035,2023-05-02T04:00:00Z,2023-05-02T20:00:00Z,VLO,MarketOnOpen,Filled,sell,-68,103.3540233,-7028.0735844,1.0,left universe
1036,2023-06-01T04:00:00Z,,PSX,MarketOnOpen,Canceled,sell,-80,0.0,0.0,0.0,no valuation
1037,2023-06-01T14:00:00Z,2023-06-01T20:00:00Z,PSX,MarketOnClose,Filled,sell,-80,83.50485656,-6680.3885248,1.0,no valuation
1038,2023-06-01T14:00:00Z,2023-06-01T20:00:00Z,NFLX,MarketOnClose,Filled,sell,-44,40.313,-1773.772,1.0,
1039,2023-06-01T14:00:00Z,2023-06-01T20:00:00Z,MU,MarketOnClose,Filled,sell,-11,68.198096463,-750.179061093,1.0,
1040,2023-06-01T14:00:00Z,2023-06-01T20:00:00Z,EMR,MarketOnClose,Filled,buy,92,74.872969728,6888.313214976,1.0,
1041,2023-06-01T14:00:00Z,2023-06-01T20:00:00Z,CI,MarketOnClose,Filled,buy,29,236.899556173,6870.087129017,1.0,
1042,2023-06-01T14:00:00Z,2023-06-01T20:00:00Z,MPC,MarketOnClose,Filled,buy,6,99.284123736,595.704742416,1.0,
1043,2023-06-01T14:00:00Z,2023-06-01T20:00:00Z,XOM,MarketOnClose,Filled,buy,6,92.907043655,557.44226193,1.0,
1044,2023-06-01T14:00:00Z,2023-06-01T20:00:00Z,MMM,MarketOnClose,Filled,buy,8,59.8192163867307,478.5537310938456,1.0,
1045,2023-06-01T14:00:00Z,2023-06-01T20:00:00Z,CVX,MarketOnClose,Filled,buy,3,132.97589196,398.92767588,1.0,
1046,2023-06-01T14:00:00Z,2023-06-01T20:00:00Z,EOG,MarketOnClose,Filled,buy,4,96.591674235,386.36669694,1.0,
1047,2023-06-01T14:00:00Z,2023-06-01T20:00:00Z,DE,MarketOnClose,Filled,buy,1,337.284750734,337.284750734,1.0,
1048,2023-06-01T14:00:00Z,2023-06-01T20:00:00Z,FCX,MarketOnClose,Filled,buy,9,34.032496669,306.292470021,1.0,
1049,2023-06-01T14:00:00Z,2023-06-01T20:00:00Z,HCA,MarketOnClose,Filled,buy,1,260.663814834,260.663814834,1.0,
1050,2023-07-03T14:00:00Z,2023-07-03T17:00:00Z,HCA,MarketOnClose,Filled,sell,-26,290.557749924,-7554.501498024,1.0,reached implied value
1051,2023-07-03T14:00:00Z,2023-07-03T17:00:00Z,DE,MarketOnClose,Filled,sell,-2,390.204791095,-780.40958219,1.0,
1052,2023-07-03T14:00:00Z,2023-07-03T17:00:00Z,EMR,MarketOnClose,Filled,sell,-8,85.685019036,-685.480152288,1.0,
1053,2023-07-03T14:00:00Z,2023-07-03T17:00:00Z,FCX,MarketOnClose,Filled,sell,-17,39.117701979,-665.000933643,1.0,
1054,2023-07-03T14:00:00Z,2023-07-03T17:00:00Z,CI,MarketOnClose,Filled,sell,-2,263.168752077,-526.337504154,1.0,
1055,2023-07-03T14:00:00Z,2023-07-03T17:00:00Z,NFLX,MarketOnClose,Filled,sell,-8,44.135,-353.08,1.0,
1056,2023-07-03T14:00:00Z,2023-07-03T17:00:00Z,MO,MarketOnClose,Filled,buy,202,35.94639681,7261.17215562,1.01,
1057,2023-07-03T14:00:00Z,2023-07-03T17:00:00Z,MU,MarketOnClose,Filled,buy,15,63.084966637,946.274499555,1.0,
1058,2023-07-03T14:00:00Z,2023-07-03T17:00:00Z,MRNA,MarketOnClose,Filled,buy,6,121.74,730.44,1.0,
1059,2023-07-03T14:00:00Z,2023-07-03T17:00:00Z,BMY,MarketOnClose,Filled,buy,8,55.47192165,443.7753732,1.0,
1060,2023-07-03T14:00:00Z,2023-07-03T17:00:00Z,PFE,MarketOnClose,Filled,buy,13,29.870728371,388.319468823,1.0,
1061,2023-07-03T14:00:00Z,2023-07-03T17:00:00Z,OXY,MarketOnClose,Filled,buy,5,55.861309878,279.30654939,1.0,
1062,2023-08-01T04:00:00Z,,MRNA,MarketOnOpen,Canceled,sell,-59,0.0,0.0,0.0,no valuation
1063,2023-08-01T14:00:00Z,2023-08-01T20:00:00Z,MRNA,MarketOnClose,Filled,sell,-59,113.94,-6722.46,1.0,no valuation
1064,2023-08-01T14:00:00Z,2023-08-01T20:00:00Z,MPC,MarketOnClose,Filled,sell,-8,126.545760432,-1012.366083456,1.0,
1065,2023-08-01T14:00:00Z,2023-08-01T20:00:00Z,EOG,MarketOnClose,Filled,sell,-7,118.466846425,-829.267924975,1.0,
1066,2023-08-01T14:00:00Z,2023-08-01T20:00:00Z,COP,MarketOnClose,Filled,sell,-6,106.44241422,-638.65448532,1.0,
1067,2023-08-01T14:00:00Z,2023-08-01T20:00:00Z,MU,MarketOnClose,Filled,sell,-9,69.977967556,-629.801708004,1.0,
1068,2023-08-01T14:00:00Z,2023-08-01T20:00:00Z,MMM,MarketOnClose,Filled,sell,-8,70.1263128376307,-561.0105027010457,1.0,
1069,2023-08-01T14:00:00Z,2023-08-01T20:00:00Z,FCX,MarketOnClose,Filled,sell,-12,42.122503548,-505.470042576,1.0,
1070,2023-08-01T14:00:00Z,2023-08-01T20:00:00Z,QCOM,MarketOnClose,Filled,sell,-4,123.079646144,-492.318584576,1.0,
1071,2023-08-01T14:00:00Z,2023-08-01T20:00:00Z,MCK,MarketOnClose,Filled,buy,19,399.096704006,7582.837376114,1.0,
1072,2023-08-01T14:00:00Z,2023-08-01T20:00:00Z,VZ,MarketOnClose,Filled,buy,35,27.338047757,956.831671495,1.0,
1073,2023-08-01T14:00:00Z,2023-08-01T20:00:00Z,BMY,MarketOnClose,Filled,buy,9,53.429175555,480.862579995,1.0,
1074,2023-08-01T14:00:00Z,2023-08-01T20:00:00Z,XOM,MarketOnClose,Filled,buy,5,95.8101079,479.0505395,1.0,
1075,2023-08-01T14:00:00Z,2023-08-01T20:00:00Z,PFE,MarketOnClose,Filled,buy,14,29.378969473,411.305572622,1.0,
1076,2023-08-01T14:00:00Z,2023-08-01T20:00:00Z,NFLX,MarketOnClose,Filled,buy,9,43.862,394.758,1.0,
1077,2023-08-01T14:00:00Z,2023-08-01T20:00:00Z,MO,MarketOnClose,Filled,buy,10,35.374700303,353.74700303,1.0,
1078,2023-08-01T14:00:00Z,2023-08-01T20:00:00Z,EMR,MarketOnClose,Filled,buy,3,86.477525268,259.432575804,1.0,
1079,2023-09-01T14:00:00Z,2023-09-01T20:00:00Z,EMR,MarketOnClose,Filled,sell,-8,93.835106428,-750.680851424,1.0,
1080,2023-09-01T14:00:00Z,2023-09-01T20:00:00Z,MPC,MarketOnClose,Filled,sell,-5,137.574875324,-687.87437662,1.0,
1081,2023-09-01T14:00:00Z,2023-09-01T20:00:00Z,XOM,MarketOnClose,Filled,sell,-5,102.866068536,-514.33034268,1.0,
1082,2023-09-01T14:00:00Z,2023-09-01T20:00:00Z,QCOM,MarketOnClose,Filled,buy,8,108.2836417135,866.269133708,1.0,
1083,2023-09-01T14:00:00Z,2023-09-01T20:00:00Z,FCX,MarketOnClose,Filled,buy,18,39.955708098,719.202745764,1.0,
1084,2023-09-01T14:00:00Z,2023-09-01T20:00:00Z,CI,MarketOnClose,Filled,buy,1,259.881138727,259.881138727,1.0,
1085,2023-10-02T14:00:00Z,2023-10-02T20:00:00Z,MCK,MarketOnClose,Filled,sell,-2,431.65764763,-863.31529526,1.0,
1086,2023-10-02T14:00:00Z,2023-10-02T20:00:00Z,OXY,MarketOnClose,Filled,sell,-10,58.96822715,-589.6822715,1.0,
1087,2023-10-02T14:00:00Z,2023-10-02T20:00:00Z,MPC,MarketOnClose,Filled,sell,-4,141.401636038,-565.606544152,1.0,
1088,2023-10-02T14:00:00Z,2023-10-02T20:00:00Z,XOM,MarketOnClose,Filled,sell,-5,104.778043559,-523.890217795,1.0,
1089,2023-10-02T14:00:00Z,2023-10-02T20:00:00Z,COP,MarketOnClose,Filled,sell,-4,107.18597441,-428.74389764,1.0,
1090,2023-10-02T14:00:00Z,2023-10-02T20:00:00Z,MMM,MarketOnClose,Filled,buy,15,58.0872447891674,871.308671837511,1.0,
1091,2023-10-02T14:00:00Z,2023-10-02T20:00:00Z,NFLX,MarketOnClose,Filled,buy,22,38.033,836.726,1.0,
1092,2023-10-02T14:00:00Z,2023-10-02T20:00:00Z,DE,MarketOnClose,Filled,buy,2,360.003732992,720.007465984,1.0,
1093,2023-10-02T14:00:00Z,2023-10-02T20:00:00Z,PFE,MarketOnClose,Filled,buy,14,27.985467974,391.796551636,1.0,
1094,2023-10-02T14:00:00Z,2023-10-02T20:00:00Z,FCX,MarketOnClose,Filled,buy,10,35.285060128,352.85060128,1.0,
1095,2023-10-02T14:00:00Z,2023-10-02T20:00:00Z,BMY,MarketOnClose,Filled,buy,6,50.233671475,301.40202885,1.0,
1096,2023-11-01T14:00:00Z,2023-11-01T20:00:00Z,MU,MarketOnClose,Filled,sell,-106,68.74749426,-7287.23439156,1.0,no valuation
1097,2023-11-01T14:00:00Z,2023-11-01T20:00:00Z,CI,MarketOnClose,Filled,sell,-4,291.932264507,-1167.729058028,1.0,
1098,2023-11-01T14:00:00Z,2023-11-01T20:00:00Z,MCK,MarketOnClose,Filled,sell,-2,453.535591135,-907.07118227,1.0,
1099,2023-11-01T14:00:00Z,2023-11-01T20:00:00Z,NFLX,MarketOnClose,Filled,sell,-20,42.019,-840.38,1.0,
1100,2023-11-01T14:00:00Z,2023-11-01T20:00:00Z,VZ,MarketOnClose,Filled,sell,-27,29.56696854,-798.30815058,1.0,
1101,2023-11-01T14:00:00Z,2023-11-01T20:00:00Z,VLO,MarketOnClose,Filled,buy,61,117.620630328,7174.858450008,1.0,
1102,2023-11-01T14:00:00Z,2023-11-01T20:00:00Z,XOM,MarketOnClose,Filled,buy,6,95.725612052,574.353672312,1.0,
1103,2023-11-01T14:00:00Z,2023-11-01T20:00:00Z,BMY,MarketOnClose,Filled,buy,12,44.980600704,539.767208448,1.0,
1104,2023-11-01T14:00:00Z,2023-11-01T20:00:00Z,CVX,MarketOnClose,Filled,buy,4,127.003087832,508.012351328,1.0,
1105,2023-11-01T14:00:00Z,2023-11-01T20:00:00Z,FCX,MarketOnClose,Filled,buy,15,32.595018153,488.925272295,1.0,
1106,2023-11-01T14:00:00Z,2023-11-01T20:00:00Z,EMR,MarketOnClose,Filled,buy,5,85.003678599,425.018392995,1.0,
1107,2023-11-01T14:00:00Z,2023-11-01T20:00:00Z,PFE,MarketOnClose,Filled,buy,16,25.157237121,402.515793936,1.0,
1108,2023-11-01T14:00:00Z,2023-11-01T20:00:00Z,MO,MarketOnClose,Filled,buy,9,31.94714397,287.52429573,1.0,
1109,2023-12-01T05:00:00Z,,VLO,MarketOnOpen,Canceled,sell,-61,0.0,0.0,0.0,no valuation
1110,2023-12-01T15:00:00Z,2023-12-01T21:00:00Z,EMR,MarketOnClose,Filled,sell,-84,85.998370812,-7223.863148208,1.0,reached implied value
1111,2023-12-01T15:00:00Z,2023-12-01T21:00:00Z,VLO,MarketOnClose,Filled,sell,-61,117.321978898,-7156.640712778,1.0,no valuation
1112,2023-12-01T15:00:00Z,2023-12-01T21:00:00Z,QCOM,MarketOnClose,Filled,sell,-69,122.463395245,-8449.974271905,1.0,reached implied value
1113,2023-12-01T15:00:00Z,2023-12-01T21:00:00Z,NFLX,MarketOnClose,Filled,sell,-19,46.574,-884.906,1.0,
1114,2023-12-01T15:00:00Z,2023-12-01T21:00:00Z,MMM,MarketOnClose,Filled,sell,-9,65.2918397575732,-587.6265578181587,1.0,
1115,2023-12-01T15:00:00Z,2023-12-01T21:00:00Z,FCX,MarketOnClose,Filled,sell,-16,37.942109532,-607.073752512,1.0,
1116,2023-12-01T15:00:00Z,2023-12-01T21:00:00Z,VZ,MarketOnClose,Filled,sell,-15,32.222984358,-483.34476537,1.0,
1117,2023-12-01T15:00:00Z,2023-12-01T21:00:00Z,PSX,MarketOnClose,Filled,buy,62,118.5622719,7350.8608578,1.0,
1118,2023-12-01T15:00:00Z,2023-12-01T21:00:00Z,SO,MarketOnClose,Filled,buy,114,64.270568304,7326.844786656,1.0,
1119,2023-12-01T15:00:00Z,2023-12-01T21:00:00Z,NXPI,MarketOnClose,Filled,buy,37,195.041366544,7216.530562128,1.0,
1120,2023-12-01T15:00:00Z,2023-12-01T21:00:00Z,CI,MarketOnClose,Filled,buy,5,253.823786554,1269.11893277,1.0,
1121,2023-12-01T15:00:00Z,2023-12-01T21:00:00Z,OXY,MarketOnClose,Filled,buy,11,55.683801015,612.521811165,1.0,
1122,2023-12-01T15:00:00Z,2023-12-01T21:00:00Z,BMY,MarketOnClose,Filled,buy,11,43.94555568,483.40111248,1.0,
1123,2023-12-01T15:00:00Z,2023-12-01T21:00:00Z,XOM,MarketOnClose,Filled,buy,3,94.168557492,282.505672476,1.0,
1124,2024-01-02T15:00:00Z,2024-01-02T21:00:00Z,CI,MarketOnClose,Filled,sell,-3,293.95855076,-881.87565228,1.0,
1125,2024-01-02T15:00:00Z,2024-01-02T21:00:00Z,FCX,MarketOnClose,Filled,sell,-20,40.697843787,-813.95687574,1.0,
1126,2024-01-02T15:00:00Z,2024-01-02T21:00:00Z,NXPI,MarketOnClose,Filled,sell,-3,210.708409844,-632.125229532,1.0,
1127,2024-01-02T15:00:00Z,2024-01-02T21:00:00Z,MMM,MarketOnClose,Filled,sell,-7,71.928917108994,-503.502419762958,1.0,
1128,2024-01-02T15:00:00Z,2024-01-02T21:00:00Z,PFE,MarketOnClose,Filled,buy,29,24.844590993,720.493138797,1.0,
1129,2024-01-02T15:00:00Z,2024-01-02T21:00:00Z,MCK,MarketOnClose,Filled,buy,1,467.81849456,467.81849456,1.0,
1130,2024-01-02T15:00:00Z,2024-01-02T21:00:00Z,XOM,MarketOnClose,Filled,buy,5,93.629040606,468.14520303,1.0,
1131,2024-01-02T15:00:00Z,2024-01-02T21:00:00Z,EOG,MarketOnClose,Filled,buy,4,111.429072,445.716288,1.0,
1132,2024-01-02T15:00:00Z,2024-01-02T21:00:00Z,COP,MarketOnClose,Filled,buy,4,108.177202716,432.708810864,1.0,
1133,2024-01-02T15:00:00Z,2024-01-02T21:00:00Z,SO,MarketOnClose,Filled,buy,5,63.668481045,318.342405225,1.0,
1134,2024-01-02T15:00:00Z,2024-01-02T21:00:00Z,VZ,MarketOnClose,Filled,buy,10,32.473551888,324.73551888,1.0,
1135,2024-01-02T15:00:00Z,2024-01-02T21:00:00Z,MPC,MarketOnClose,Filled,buy,2,144.397864468,288.795728936,1.0,
1136,2024-02-01T15:00:00Z,2024-02-01T21:00:00Z,NXPI,MarketOnClose,Filled,sell,-34,202.925211958,-6899.457206572,1.0,reached implied value
1137,2024-02-01T15:00:00Z,2024-02-01T21:00:00Z,NFLX,MarketOnClose,Filled,sell,-20,56.751,-1135.02,1.0,
1138,2024-02-01T15:00:00Z,2024-02-01T21:00:00Z,VZ,MarketOnClose,Filled,sell,-28,36.087164904,-1010.440617312,1.0,
1139,2024-02-01T15:00:00Z,2024-02-01T21:00:00Z,MPC,MarketOnClose,Filled,sell,-5,158.775099989,-793.875499945,1.0,
1140,2024-02-01T15:00:00Z,2024-02-01T21:00:00Z,PSX,MarketOnClose,Filled,sell,-5,133.05118485,-665.25592425,1.0,
1141,2024-02-01T15:00:00Z,2024-02-01T21:00:00Z,MCK,MarketOnClose,Filled,sell,-1,495.9121108,-495.9121108,1.0,
1142,2024-02-01T15:00:00Z,2024-02-01T21:00:00Z,CVS,MarketOnClose,Filled,buy,112,67.092113088,7514.316665856,1.0,
1143,2024-02-01T15:00:00Z,2024-02-01T21:00:00Z,MMM,MarketOnClose,Filled,buy,17,62.7154767265783,1066.1631043518312,1.0,
1144,2024-02-01T15:00:00Z,2024-02-01T21:00:00Z,FCX,MarketOnClose,Filled,buy,14,38.99264082,545.89697148,1.0,
1145,2024-02-01T15:00:00Z,2024-02-01T21:00:00Z,OXY,MarketOnClose,Filled,buy,8,54.428011112,435.424088896,1.0,
1146,2024-02-01T15:00:00Z,2024-02-01T21:00:00Z,EOG,MarketOnClose,Filled,buy,4,103.99734874,415.98939496,1.0,
1147,2024-02-01T15:00:00Z,2024-02-01T21:00:00Z,PFE,MarketOnClose,Filled,buy,17,23.148734313,393.528483321,1.0,
1148,2024-02-01T15:00:00Z,2024-02-01T21:00:00Z,COP,MarketOnClose,Filled,buy,3,102.464298312,307.392894936,1.0,
1149,2024-02-01T15:00:00Z,2024-02-01T21:00:00Z,CVX,MarketOnClose,Filled,buy,2,131.837345059,263.674690118,1.0,
1150,2024-03-01T15:00:00Z,2024-03-01T21:00:00Z,CI,MarketOnClose,Filled,sell,-26,315.628632896,-8206.344455296,1.0,reached implied value
1151,2024-03-01T15:00:00Z,2024-03-01T21:00:00Z,FCX,MarketOnClose,Filled,sell,-196,36.80913057,-7214.58959172,1.0,no valuation
1152,2024-03-01T15:00:00Z,2024-03-01T21:00:00Z,MMM,MarketOnClose,Filled,sell,-122,61.064894977547,-7449.917187260734,1.0,no valuation
1153,2024-03-01T15:00:00Z,2024-03-01T21:00:00Z,PFE,MarketOnClose,Filled,sell,-329,22.554959523,-7420.581683067,1.645,reached implied value
1154,2024-03-01T15:00:00Z,2024-03-01T21:00:00Z,NFLX,MarketOnClose,Filled,sell,-7,61.934,-433.538,1.0,
1155,2024-03-01T15:00:00Z,2024-03-01T21:00:00Z,T,MarketOnClose,Filled,buy,512,15.016743534,7688.572689408,2.56,
1156,2024-03-01T15:00:00Z,2024-03-01T21:00:00Z,NEE,MarketOnClose,Filled,buy,149,51.381103685,7655.784449065,1.0,
1157,2024-03-01T15:00:00Z,2024-03-01T21:00:00Z,PCAR,MarketOnClose,Filled,buy,74,105.423819039,7801.362608886,1.0,
1158,2024-03-01T15:00:00Z,2024-03-01T21:00:00Z,DUK,MarketOnClose,Filled,buy,91,82.796102312,7534.445310392,1.0,
1159,2024-03-01T15:00:00Z,2024-03-01T21:00:00Z,VZ,MarketOnClose,Filled,buy,15,34.14224592,512.1336888,1.0,
1160,2024-03-01T15:00:00Z,2024-03-01T21:00:00Z,SO,MarketOnClose,Filled,buy,6,60.718909,364.313454,1.0,
1161,2024-03-01T15:00:00Z,2024-03-01T21:00:00Z,DE,MarketOnClose,Filled,buy,1,355.536699455,355.536699455,1.0,
1162,2024-04-01T14:00:00Z,2024-04-01T20:00:00Z,MPC,MarketOnClose,Filled,sell,-5,194.672479948,-973.36239974,1.0,
1163,2024-04-01T14:00:00Z,2024-04-01T20:00:00Z,NEE,MarketOnClose,Filled,sell,-10,58.98450193,-589.8450193,1.0,
1164,2024-04-01T14:00:00Z,2024-04-01T20:00:00Z,XOM,MarketOnClose,Filled,sell,-5,107.946337248,-539.73168624,1.0,
1165,2024-04-01T14:00:00Z,2024-04-01T20:00:00Z,NFLX,MarketOnClose,Filled,buy,9,61.431,552.879,1.0,
1166,2024-04-01T14:00:00Z,2024-04-01T20:00:00Z,T,MarketOnClose,Filled,buy,22,15.47662025,340.4856455,1.0,
1167,2024-05-01T14:00:00Z,2024-05-01T20:00:00Z,MCK,MarketOnClose,Filled,sell,-15,525.43810223,-7881.57153345,1.0,reached implied value
1168,2024-05-01T14:00:00Z,2024-05-01T20:00:00Z,EOG,MarketOnClose,Filled,sell,-6,120.834566285,-725.00739771,1.0,
1169,2024-05-01T14:00:00Z,2024-05-01T20:00:00Z,OXY,MarketOnClose,Filled,sell,-11,61.41947077,-675.61417847,1.0,
1170,2024-05-01T14:00:00Z,2024-05-01T20:00:00Z,NEE,MarketOnClose,Filled,sell,-11,63.851793585,-702.369729435,1.0,
1171,2024-05-01T14:00:00Z,2024-05-01T20:00:00Z,COP,MarketOnClose,Filled,sell,-5,115.2028751,-576.0143755,1.0,
1172,2024-05-01T14:00:00Z,2024-05-01T20:00:00Z,XOM,MarketOnClose,Filled,sell,-4,107.023403448,-428.093613792,1.0,
1173,2024-05-01T14:00:00Z,2024-05-01T20:00:00Z,SO,MarketOnClose,Filled,sell,-5,67.675338,-338.37669,1.0,
1174,2024-05-01T14:00:00Z,2024-05-01T20:00:00Z,GILD,MarketOnClose,Filled,buy,132,60.760439837,8020.378058484,1.0,
1175,2024-05-01T14:00:00Z,2024-05-01T20:00:00Z,BMY,MarketOnClose,Filled,buy,35,39.685477864,1388.99172524,1.0,
1176,2024-05-01T14:00:00Z,2024-05-01T20:00:00Z,CVS,MarketOnClose,Filled,buy,17,51.603266709,877.255534053,1.0,
1177,2024-05-01T14:00:00Z,2024-05-01T20:00:00Z,PCAR,MarketOnClose,Filled,buy,7,99.043810554,693.306673878,1.0,
1178,2024-05-01T14:00:00Z,2024-05-01T20:00:00Z,MPC,MarketOnClose,Filled,buy,3,170.444370316,511.333110948,1.0,
1179,2024-05-01T14:00:00Z,2024-05-01T20:00:00Z,NFLX,MarketOnClose,Filled,buy,9,55.171,496.539,1.0,
1180,2024-05-01T14:00:00Z,2024-05-01T20:00:00Z,PSX,MarketOnClose,Filled,buy,3,129.09583372,387.28750116,1.0,
1181,2024-05-01T14:00:00Z,2024-05-01T20:00:00Z,VZ,MarketOnClose,Filled,buy,10,33.83207744,338.3207744,1.0,
1182,2024-06-03T14:00:00Z,2024-06-03T20:00:00Z,NEE,MarketOnClose,Filled,sell,-19,72.789154128,-1382.993928432,1.0,
1183,2024-06-03T14:00:00Z,2024-06-03T20:00:00Z,NFLX,MarketOnClose,Filled,sell,-19,63.379,-1204.201,1.0,
1184,2024-06-03T14:00:00Z,2024-06-03T20:00:00Z,SO,MarketOnClose,Filled,sell,-10,73.674428414,-736.74428414,1.0,
1185,2024-06-03T14:00:00Z,2024-06-03T20:00:00Z,T,MarketOnClose,Filled,sell,-38,16.188070579,-615.146682002,1.0,
1186,2024-06-03T14:00:00Z,2024-06-03T20:00:00Z,DUK,MarketOnClose,Filled,sell,-6,95.176216593,-571.057299558,1.0,
1187,2024-06-03T14:00:00Z,2024-06-03T20:00:00Z,MO,MarketOnClose,Filled,sell,-11,39.003011425,-429.033125675,1.0,
1188,2024-06-03T14:00:00Z,2024-06-03T20:00:00Z,CVS,MarketOnClose,Filled,buy,20,55.177280919,1103.54561838,1.0,
1189,2024-06-03T14:00:00Z,2024-06-03T20:00:00Z,COP,MarketOnClose,Filled,buy,6,106.173435604,637.040613624,1.0,
1190,2024-06-03T14:00:00Z,2024-06-03T20:00:00Z,BMY,MarketOnClose,Filled,buy,17,37.495191368,637.418253256,1.0,
1191,2024-06-03T14:00:00Z,2024-06-03T20:00:00Z,EOG,MarketOnClose,Filled,buy,5,111.247768452,556.23884226,1.0,
1192,2024-06-03T14:00:00Z,2024-06-03T20:00:00Z,OXY,MarketOnClose,Filled,buy,9,57.721913802,519.497224218,1.0,
1193,2024-06-03T14:00:00Z,2024-06-03T20:00:00Z,DE,MarketOnClose,Filled,buy,1,357.114942164,357.114942164,1.0,
1194,2024-06-03T14:00:00Z,2024-06-03T20:00:00Z,MPC,MarketOnClose,Filled,buy,2,167.215915875,334.43183175,1.0,
1195,2024-07-01T14:00:00Z,2024-07-01T20:00:00Z,GILD,MarketOnClose,Filled,sell,-7,64.444222128,-451.109554896,1.0,
1196,2024-07-01T14:00:00Z,2024-07-01T20:00:00Z,T,MarketOnClose,Filled,sell,-25,17.059943342,-426.49858355,1.0,
1197,2024-07-01T14:00:00Z,2024-07-01T20:00:00Z,NFLX,MarketOnClose,Filled,sell,-6,67.361,-404.166,1.0,
1198,2024-07-01T14:00:00Z,2024-07-01T20:00:00Z,NEE,MarketOnClose,Filled,buy,13,65.47370832,851.15820816,1.0,
1199,2024-08-01T14:00:00Z,2024-08-01T20:00:00Z,BMY,MarketOnClose,Filled,sell,-28,43.897687092,-1229.135238576,1.0,
1200,2024-08-01T14:00:00Z,2024-08-01T20:00:00Z,GILD,MarketOnClose,Filled,sell,-9,71.814372823,-646.329355407,1.0,
1201,2024-08-01T14:00:00Z,2024-08-01T20:00:00Z,MO,MarketOnClose,Filled,sell,-12,42.827839286,-513.934071432,1.0,
1202,2024-08-01T14:00:00Z,2024-08-01T20:00:00Z,NEE,MarketOnClose,Filled,sell,-6,73.426094352,-440.556566112,1.0,
1203,2024-08-01T14:00:00Z,2024-08-01T20:00:00Z,PCAR,MarketOnClose,Filled,buy,9,89.94521115,809.50690035,1.0,
1204,2024-08-01T14:00:00Z,2024-08-01T20:00:00Z,NFLX,MarketOnClose,Filled,buy,12,62.485,749.82,1.0,
1205,2024-08-01T14:00:00Z,2024-08-01T20:00:00Z,COP,MarketOnClose,Filled,buy,6,101.063833188,606.382999128,1.0,
1206,2024-08-01T14:00:00Z,2024-08-01T20:00:00Z,OXY,MarketOnClose,Filled,buy,7,56.797943832,397.585606824,1.0,
1207,2024-08-01T14:00:00Z,2024-08-01T20:00:00Z,DE,MarketOnClose,Filled,buy,1,348.570052222,348.570052222,1.0,
1208,2024-09-03T14:00:00Z,2024-09-03T20:00:00Z,NFLX,MarketOnClose,Filled,sell,-11,67.532,-742.852,1.0,
1209,2024-09-03T14:00:00Z,2024-09-03T20:00:00Z,MO,MarketOnClose,Filled,sell,-13,46.295507201,-601.841593613,1.0,
1210,2024-09-03T14:00:00Z,2024-09-03T20:00:00Z,DUK,MarketOnClose,Filled,sell,-5,107.564255242,-537.82127621,1.0,
1211,2024-09-03T14:00:00Z,2024-09-03T20:00:00Z,OXY,MarketOnClose,Filled,buy,13,52.99100856,688.88311128,1.0,
1212,2024-09-03T14:00:00Z,2024-09-03T20:00:00Z,CVX,MarketOnClose,Filled,buy,5,133.137281292,665.68640646,1.0,
1213,2024-09-03T14:00:00Z,2024-09-03T20:00:00Z,CVS,MarketOnClose,Filled,buy,11,53.177465848,584.952124328,1.0,
1214,2024-09-03T14:00:00Z,2024-09-03T20:00:00Z,PSX,MarketOnClose,Filled,buy,4,126.329301,505.317204,1.0,
1215,2024-09-03T14:00:00Z,2024-09-03T20:00:00Z,XOM,MarketOnClose,Filled,buy,4,108.339266261,433.357065044,1.0,
1216,2024-09-03T14:00:00Z,2024-09-03T20:00:00Z,PCAR,MarketOnClose,Filled,buy,4,89.540761604,358.163046416,1.0,
1217,2024-09-03T14:00:00Z,2024-09-03T20:00:00Z,MPC,MarketOnClose,Filled,buy,2,167.129476998,334.258953996,1.0,
1218,2024-09-04T04:00:00Z,2024-09-04T20:00:00Z,PCAR,MarketOnOpen,Filled,sell,-94,89.081626263,-8373.672868722,1.0,left universe
1219,2024-10-01T04:00:00Z,,MPC,MarketOnOpen,Canceled,sell,-50,0.0,0.0,0.0,no valuation
1220,2024-10-01T04:00:00Z,,OXY,MarketOnOpen,Canceled,sell,-156,0.0,0.0,0.0,no valuation
1221,2024-10-01T14:00:00Z,2024-10-01T20:00:00Z,OXY,MarketOnClose,Filled,sell,-156,51.1501608,-7979.4250848,1.0,no valuation
1222,2024-10-01T14:00:00Z,2024-10-01T20:00:00Z,MPC,MarketOnClose,Filled,sell,-50,159.437405798,-7971.8702899,1.0,no valuation
1223,2024-10-01T14:00:00Z,2024-10-01T20:00:00Z,VZ,MarketOnClose,Filled,sell,-235,39.657642354,-9319.54595319,1.175,reached implied value
1224,2024-10-01T14:00:00Z,2024-10-01T20:00:00Z,T,MarketOnClose,Filled,sell,-43,20.189289733,-868.139458519,1.0,
1225,2024-10-01T14:00:00Z,2024-10-01T20:00:00Z,DE,MarketOnClose,Filled,sell,-2,407.004010972,-814.008021944,1.0,
1226,2024-10-01T14:00:00Z,2024-10-01T20:00:00Z,CVS,MarketOnClose,Filled,sell,-13,57.032785784,-741.426215192,1.0,
1227,2024-10-01T14:00:00Z,2024-10-01T20:00:00Z,NEE,MarketOnClose,Filled,sell,-9,80.387729718,-723.489567462,1.0,
1228,2024-10-01T14:00:00Z,2024-10-01T20:00:00Z,GILD,MarketOnClose,Filled,sell,-8,79.545505968,-636.364047744,1.0,
1229,2024-10-01T14:00:00Z,2024-10-01T20:00:00Z,SO,MarketOnClose,Filled,sell,-7,83.980263168,-587.861842176,1.0,
1230,2024-10-01T14:00:00Z,2024-10-01T20:00:00Z,BMY,MarketOnClose,Filled,sell,-10,48.20817204,-482.0817204,1.0,
1231,2024-10-01T14:00:00Z,2024-10-01T20:00:00Z,SLB,MarketOnClose,Filled,buy,216,40.881521778,8830.408704048,1.08,
1232,2024-10-01T14:00:00Z,2024-10-01T20:00:00Z,WMB,MarketOnClose,Filled,buy,200,43.468313544,8693.6627088,1.0,
1233,2024-10-01T14:00:00Z,2024-10-01T20:00:00Z,TGT,MarketOnClose,Filled,buy,59,140.84349046,8309.76593714,1.0,
1234,2024-10-01T14:00:00Z,2024-10-01T20:00:00Z,DELL,MarketOnClose,Filled,buy,74,109.741062972,8120.838659928,1.0,
1235,2024-10-01T14:00:00Z,2024-10-01T20:00:00Z,PSX,MarketOnClose,Filled,buy,5,124.448398074,622.24199037,1.0,
1236,2024-10-01T14:00:00Z,2024-10-01T20:00:00Z,COP,MarketOnClose,Filled,buy,6,102.715262043,616.291572258,1.0,
1237,2024-10-01T14:00:00Z,2024-10-01T20:00:00Z,EOG,MarketOnClose,Filled,buy,4,118.876824984,475.507299936,1.0,
1238,2024-10-01T14:00:00Z,2024-10-01T20:00:00Z,MO,MarketOnClose,Filled,buy,7,44.463351691,311.243461837,1.0,
1239,2024-11-01T04:00:00Z,,PSX,MarketOnOpen,Canceled,sell,-69,0.0,0.0,0.0,no valuation
1240,2024-11-01T14:00:00Z,2024-11-01T20:00:00Z,DE,MarketOnClose,Filled,sell,-21,391.347003346,-8218.287070266,1.0,reached implied value
1241,2024-11-01T14:00:00Z,2024-11-01T20:00:00Z,PSX,MarketOnClose,Filled,sell,-69,112.302069726,-7748.842811094,1.0,no valuation
1242,2024-11-01T14:00:00Z,2024-11-01T20:00:00Z,WMB,MarketOnClose,Filled,sell,-23,48.343965624,-1111.911209352,1.0,
1243,2024-11-01T14:00:00Z,2024-11-01T20:00:00Z,BMY,MarketOnClose,Filled,sell,-13,50.056358016,-650.732654208,1.0,
1244,2024-11-01T14:00:00Z,2024-11-01T20:00:00Z,NFLX,MarketOnClose,Filled,sell,-6,75.61,-453.66,1.0,
1245,2024-11-01T14:00:00Z,2024-11-01T20:00:00Z,MO,MarketOnClose,Filled,sell,-9,47.030056069,-423.270504621,1.0,
1246,2024-11-01T14:00:00Z,2024-11-01T20:00:00Z,GILD,MarketOnClose,Filled,sell,-5,84.823900872,-424.11950436,1.0,
1247,2024-11-01T14:00:00Z,2024-11-01T20:00:00Z,CVS,MarketOnClose,Filled,buy,17,52.298831051,889.080127867,1.0,
1248,2024-11-01T14:00:00Z,2024-11-01T20:00:00Z,NEE,MarketOnClose,Filled,buy,9,72.92120199,656.29081791,1.0,
1249,2024-11-01T14:00:00Z,2024-11-01T20:00:00Z,SLB,MarketOnClose,Filled,buy,13,37.678472552,489.820143176,1.0,
1250,2024-11-01T14:00:00Z,2024-11-01T20:00:00Z,TGT,MarketOnClose,Filled,buy,3,139.584967812,418.754903436,1.0,
1251,2024-12-02T15:00:00Z,2024-12-02T21:00:00Z,NFLX,MarketOnClose,Filled,sell,-115,89.774,-10324.01,1.0,reached implied value
1252,2024-12-02T15:00:00Z,2024-12-02T21:00:00Z,EPD,MarketOnClose,Filled,sell,-40,30.179627583,-1207.18510332,1.0,
1253,2024-12-02T15:00:00Z,2024-12-02T21:00:00Z,WMB,MarketOnClose,Filled,sell,-11,52.92895383,-582.21849213,1.0,
1254,2024-12-02T15:00:00Z,2024-12-02T21:00:00Z,SLB,MarketOnClose,Filled,sell,-10,41.345869151,-413.45869151,1.0,
1255,2024-12-02T15:00:00Z,2024-12-02T21:00:00Z,AMGN,MarketOnClose,Filled,buy,34,263.93255703,8973.70693902,1.0,
1256,2024-12-02T15:00:00Z,2024-12-02T21:00:00Z,PCAR,MarketOnClose,Filled,buy,83,109.19864576,9063.48759808,1.0,
1257,2024-12-02T15:00:00Z,2024-12-02T21:00:00Z,GM,MarketOnClose,Filled,buy,167,53.99608384,9017.34600128,1.0,
1258,2024-12-02T15:00:00Z,2024-12-02T21:00:00Z,TGT,MarketOnClose,Filled,buy,12,121.841000864,1462.092010368,1.0,
1259,2024-12-02T15:00:00Z,2024-12-02T21:00:00Z,SO,MarketOnClose,Filled,buy,7,81.775993606,572.431955242,1.0,
1260,2024-12-02T15:00:00Z,2024-12-02T21:00:00Z,NEE,MarketOnClose,Filled,buy,6,73.144169805,438.86501883,1.0,
1261,2024-12-02T15:00:00Z,2024-12-02T21:00:00Z,XOM,MarketOnClose,Filled,buy,4,111.442271585,445.76908634,1.0,
1262,2024-12-03T05:00:00Z,2024-12-03T21:00:00Z,TGT,MarketOnOpen,Filled,sell,-74,121.710510196,-9006.577754504,1.0,left universe
