symbol,direction,quantity,entry_time,entry_price,exit_time,exit_price,profit_loss,total_fees,mae,mfe,end_trade_drawdown,duration,is_win,order_ids
HLT,long,98,2016-02-01T21:00:00Z,51.1763755578432,2016-02-02T21:00:00Z,50.3785256048256,-78.19,2.0,-189.89,0.0,189.89,1.00:00:00,False,9 14
HPQ,long,741,2016-02-01T21:00:00Z,6.902331697,2016-02-02T21:00:00Z,6.805408283,-71.82,7.41,-71.82,0.0,71.82,1.00:00:00,False,4 15
MPC,long,165,2016-02-01T21:00:00Z,30.149807381,2016-03-01T21:00:00Z,25.243699899,-809.51,2.0,-1314.84,0.0,1314.84,29.00:00:00,False,8 17
DOW,long,14,2016-02-01T21:00:00Z,52.4968856582607,2016-03-01T21:00:00Z,61.73130730176405,129.28,2.0,0.0,129.28,44.36,29.00:00:00,True,12 18
EMR,long,10,2016-02-01T21:00:00Z,34.656258,2016-03-01T21:00:00Z,38.450290975,37.94,2.0,0.0,37.94,8.88,29.00:00:00,True,10 19
GILD,long,5,2016-02-01T21:00:00Z,58.045930195,2016-03-01T21:00:00Z,61.940981311,19.48,2.0,-4.63,24.52,13.47,29.00:00:00,True,1 20
F,long,35,2016-02-01T21:00:00Z,7.124142485,2016-03-01T21:00:00Z,7.726182695,21.07,4.535,-18.59,21.07,18.59,29.00:00:00,True,3 21
HPE,long,89,2016-02-01T21:00:00Z,10.335336095,2016-04-01T20:00:00Z,13.83974032,311.89,3.415,-100.06,311.89,104.06,59.23:00:00,True,5 29
AAPL,long,15,2016-02-01T21:00:00Z,21.655612962,2016-04-01T20:00:00Z,24.83486208,47.69,2.14,-7.48,47.69,11.62,59.23:00:00,True,2 30
HCA,long,5,2016-02-01T21:00:00Z,65.55873955,2016-04-01T20:00:00Z,73.109718,37.75,2.0,-31.43,37.75,35.77,59.23:00:00,True,13 31
EMR,long,7,2016-02-01T21:00:00Z,34.656258,2016-04-01T20:00:00Z,42.128345625,52.3,1.0,0.0,55.37,9.96,59.23:00:00,True,10 32
MDLZ,long,15,2016-03-01T21:00:00Z,32.338737027,2016-05-02T20:00:00Z,34.820530521,37.23,2.0,-22.18,37.23,34.27,61.23:00:00,True,24 37
F,long,41,2016-02-01T21:00:00Z,7.124142485,2016-05-02T20:00:00Z,8.12767371,41.14,1.0,-21.78,52.64,27.59,90.23:00:00,True,3 38
GM,long,12,2016-02-01T21:00:00Z,24.06538739,2016-05-02T20:00:00Z,25.69440505,19.55,2.05,-30.79,28.39,30.79,90.23:00:00,True,6 39
HCA,long,4,2016-02-01T21:00:00Z,65.55873955,2016-05-02T20:00:00Z,74.965154025,37.63,1.0,-25.15,40.39,28.62,90.23:00:00,True,13 40
DOW,long,4,2016-02-01T21:00:00Z,52.4968856582607,2016-05-02T20:00:00Z,65.49651194197995,52.0,1.0,0.0,57.07,12.67,90.23:00:00,True,12 41
AAL,long,126,2016-03-01T21:00:00Z,40.08372299,2016-05-03T20:00:00Z,33.385949442,-843.92,2.0,-881.46,198.01,1079.47,62.23:00:00,False,23 49
AAL,long,7,2016-04-01T20:00:00Z,37.87015856,2016-05-03T20:00:00Z,33.385949442,-31.39,1.0,-33.47,26.5,45.68,32.00:00:00,False,35 49
AAL,long,20,2016-05-02T20:00:00Z,33.088032219,2016-05-03T20:00:00Z,33.385949442,5.96,1.0,0.0,171.34,0.0,1.00:00:00,True,45 49
HLT,long,81,2016-05-02T20:00:00Z,63.611407554705,2016-06-01T20:00:00Z,60.088169636142,-285.38,2.0,-389.93,136.63,526.56,30.00:00:00,False,42 52
LB,long,88,2016-05-02T20:00:00Z,58.520449394,2016-06-01T20:00:00Z,50.775940618,-681.52,2.0,-1226.27,41.44,1267.7,30.00:00:00,False,44 53
AAPL,long,20,2016-02-01T21:00:00Z,21.655612962,2016-06-01T20:00:00Z,22.3668357435,14.22,1.0,-22.67,73.11,95.78,120.23:00:00,True,2 54
HPE,long,32,2016-02-01T21:00:00Z,10.335336095,2016-06-01T20:00:00Z,13.757002742,109.49,1.0,-35.98,113.83,65.71,120.23:00:00,True,5 55
DAL,long,8,2016-03-01T21:00:00Z,43.04467977,2016-06-01T20:00:00Z,38.423467801,-36.97,2.0,-54.21,8.59,62.8,91.23:00:00,False,26 56
T,long,18,2016-03-01T21:00:00Z,15.343748800769273,2016-06-01T20:00:00Z,16.090726408875028,13.45,2.635,0.0,19.58,9.2,91.23:00:00,True,22 57
MDLZ,long,8,2016-03-01T21:00:00Z,32.338737027,2016-06-01T20:00:00Z,35.229166853,23.12,1.0,-11.83,24.44,18.28,91.23:00:00,True,24 58
VZ,long,21,2016-02-01T21:00:00Z,29.034775836,2016-07-01T20:00:00Z,32.508918984,72.96,2.0,-16.46,72.96,57.07,150.23:00:00,True,11 61
T,long,33,2016-03-01T21:00:00Z,15.343748800769273,2016-07-01T20:00:00Z,18.060001987962753,89.64,1.0,0.0,89.64,16.86,121.23:00:00,True,22 62
KR,long,12,2016-05-02T20:00:00Z,28.553667654,2016-07-01T20:00:00Z,29.544326265,11.89,2.0,-10.71,14.41,25.12,60.00:00:00,True,43 63
TSN,long,6,2016-04-01T20:00:00Z,52.244067964,2016-07-01T20:00:00Z,50.77271401,-8.83,2.0,-37.71,5.43,43.15,91.00:00:00,False,33 64
HPE,long,39,2016-02-01T21:00:00Z,10.335336095,2016-08-01T20:00:00Z,15.907543484,217.32,1.0,-43.84,217.32,80.08,181.23:00:00,True,5 72
GM,long,16,2016-02-01T21:00:00Z,24.06538739,2016-08-01T20:00:00Z,25.65269437,25.4,1.0,-41.05,37.85,62.15,181.23:00:00,True,6 73
TGT,long,7,2016-03-01T21:00:00Z,59.040865312,2016-08-01T20:00:00Z,55.486983096,-24.88,2.0,-69.94,15.42,85.35,152.23:00:00,False,27 74
EMR,long,8,2016-02-01T21:00:00Z,34.656258,2016-08-01T20:00:00Z,43.305383112,69.19,1.0,0.0,72.67,40.74,181.23:00:00,True,10 75
TSN,long,6,2016-04-01T20:00:00Z,52.244067964,2016-08-01T20:00:00Z,57.12507114,29.29,1.0,-37.71,29.29,43.15,122.00:00:00,True,33 76
LUV,long,134,2016-03-01T21:00:00Z,37.3680315,2016-08-02T20:00:00Z,32.478186015,-655.24,2.0,-809.95,616.19,1426.15,153.23:00:00,False,25 82
LUV,long,9,2016-07-01T20:00:00Z,34.90193124,2016-08-02T20:00:00Z,32.478186015,-21.81,1.0,-32.2,63.58,60.6,32.00:00:00,False,69 82
LUV,long,13,2016-08-01T20:00:00Z,32.645644776,2016-08-02T20:00:00Z,32.478186015,-2.18,1.0,-17.19,121.17,17.19,1.00:00:00,False,80 82
VLO,long,10,2016-02-01T21:00:00Z,45.37488669,2016-09-01T20:00:00Z,37.010008755,-83.65,2.0,-135.27,0.0,135.27,212.23:00:00,False,7 83
AAPL,long,12,2016-02-01T21:00:00Z,21.655612962,2016-09-01T20:00:00Z,24.37684649725,32.65,1.0,-13.6,43.87,57.47,212.23:00:00,True,2 84
NFLX,long,23,2016-07-01T20:00:00Z,9.667,2016-09-01T20:00:00Z,9.738,1.63,3.715,-24.91,4.92,29.83,62.00:00:00,True,65 85
HPE,long,28,2016-02-01T21:00:00Z,10.335336095,2016-10-03T20:00:00Z,17.092308345,189.2,1.0,-31.48,201.66,57.5,244.23:00:00,True,5 92
HPQ,long,40,2016-09-01T20:00:00Z,10.24212575,2016-10-03T20:00:00Z,11.149524805,36.3,3.495,-12.15,36.3,17.52,32.00:00:00,True,86 93
AAPL,long,13,2016-02-01T21:00:00Z,21.655612962,2016-10-03T20:00:00Z,25.699267009,52.57,1.0,-14.73,61.62,62.26,244.23:00:00,True,2 94
DAL,long,9,2016-03-01T21:00:00Z,43.04467977,2016-10-03T20:00:00Z,35.497246498,-67.93,1.0,-122.26,9.67,131.93,215.23:00:00,False,26 95
AAPL,long,168,2016-02-01T21:00:00Z,21.655612962,2016-11-01T20:00:00Z,25.46401776425,639.81,1.0,-190.41,899.2,804.56,273.23:00:00,True,2 100
AAPL,long,28,2016-05-02T20:00:00Z,21.14316288,2016-11-01T20:00:00Z,25.46401776425,120.98,1.0,-17.39,164.21,53.24,183.00:00:00,True,47 100
CAH,long,83,2016-07-01T20:00:00Z,59.444673178,2016-11-01T20:00:00Z,51.082515066,-694.06,2.0,-694.06,417.83,1111.89,123.00:00:00,False,66 101
NFLX,long,114,2016-07-01T20:00:00Z,9.667,2016-11-01T20:00:00Z,12.33,303.58,1.0,-123.46,351.46,147.86,123.00:00:00,True,65 102
VLO,long,15,2016-02-01T21:00:00Z,45.37488669,2016-11-01T20:00:00Z,40.554898155,-72.3,1.0,-202.91,0.0,202.91,273.23:00:00,False,7 103
DAL,long,9,2016-03-01T21:00:00Z,43.04467977,2016-11-01T20:00:00Z,37.184209188,-52.74,1.0,-122.26,9.67,131.93,244.23:00:00,False,26 104
DOW,long,4,2016-02-01T21:00:00Z,52.4968856582607,2016-11-01T20:00:00Z,68.11977312693413,62.49,1.0,0.0,66.44,25.59,273.23:00:00,True,12 105
KR,long,10,2016-05-02T20:00:00Z,28.553667654,2016-11-01T20:00:00Z,24.980601301,-35.73,1.0,-51.55,20.5,72.05,183.00:00:00,False,43 106
TSN,long,90,2016-04-01T20:00:00Z,52.244067964,2016-12-01T21:00:00Z,43.454274719,-791.08,1.0,-791.08,621.45,1412.53,244.01:00:00,False,33 116
EMR,long,117,2016-02-01T21:00:00Z,34.656258,2016-12-01T21:00:00Z,44.894488072,1197.87,1.0,0.0,1197.87,595.89,304.00:00:00,True,10 117
EMR,long,5,2016-09-01T20:00:00Z,41.247556396,2016-12-01T21:00:00Z,44.894488072,18.23,1.0,-32.96,18.23,19.97,91.01:00:00,True,91 117
EMR,long,5,2016-11-01T20:00:00Z,39.9473106,2016-12-01T21:00:00Z,44.894488072,24.74,1.0,-26.46,24.74,6.25,30.01:00:00,True,114 117
LUV,long,17,2016-11-01T20:00:00Z,35.067525376,2016-12-01T21:00:00Z,41.598498474,111.03,2.0,-1.05,117.79,13.67,30.01:00:00,True,108 118
DAL,long,15,2016-03-01T21:00:00Z,43.04467977,2016-12-01T21:00:00Z,42.606535923,-6.57,1.0,-203.77,16.11,219.88,275.00:00:00,False,26 119
MCK,long,4,2016-11-01T20:00:00Z,119.80627257,2016-12-01T21:00:00Z,132.865218332,52.24,2.0,0.0,67.54,27.58,30.01:00:00,True,107 120
GM,long,16,2016-02-01T21:00:00Z,24.06538739,2016-12-01T21:00:00Z,30.214572053,98.39,1.0,-41.05,98.39,62.15,304.00:00:00,True,6 121
TGT,long,7,2016-03-01T21:00:00Z,59.040865312,2016-12-01T21:00:00Z,58.129586718,-6.38,1.0,-69.94,15.42,85.35,275.00:00:00,False,27 122
VLO,long,11,2016-02-01T21:00:00Z,45.37488669,2017-01-03T21:00:00Z,48.45554427,33.89,1.0,-148.8,33.89,148.8,337.00:00:00,True,7 129
T,long,26,2016-03-01T21:00:00Z,15.343748800769273,2017-01-03T21:00:00Z,18.29323126839663,76.69,1.0,0.0,76.69,74.49,308.00:00:00,True,22 130
MDLZ,long,8,2016-03-01T21:00:00Z,32.338737027,2017-01-03T21:00:00Z,35.69735286,26.87,1.0,-11.83,33.02,33.99,308.00:00:00,True,24 131
KR,long,10,2016-05-02T20:00:00Z,28.553667654,2017-01-03T21:00:00Z,27.459824676,-10.94,1.0,-51.55,20.5,72.05,246.01:00:00,False,43 132
VZ,long,7,2016-02-01T21:00:00Z,29.034775836,2017-01-03T21:00:00Z,32.235701204,22.41,1.0,-12.32,26.72,39.04,337.00:00:00,True,11 133
F,long,631,2016-02-01T21:00:00Z,7.124142485,2017-02-01T21:00:00Z,7.64648808,329.6,3.635,-335.19,810.21,934.9,366.00:00:00,True,3 139
F,long,31,2016-07-01T20:00:00Z,7.59060276,2017-02-01T21:00:00Z,7.64648808,1.73,1.0,-30.93,25.34,44.49,215.01:00:00,True,71 139
F,long,35,2016-10-03T20:00:00Z,7.29979327,2017-02-01T21:00:00Z,7.64648808,12.13,1.0,-24.74,38.79,22.23,121.01:00:00,True,97 139
F,long,30,2017-01-03T21:00:00Z,7.690032432,2017-02-01T21:00:00Z,7.64648808,-1.31,1.0,-32.91,21.54,12.12,29.00:00:00,False,137 139
YUM,long,98,2016-12-01T21:00:00Z,52.476852381,2017-02-01T21:00:00Z,54.536742375,201.87,2.0,-22.15,288.4,125.51,62.00:00:00,True,124 140
NFLX,long,62,2016-07-01T20:00:00Z,9.667,2017-02-01T21:00:00Z,14.078,273.48,1.0,-67.15,283.84,87.54,215.01:00:00,True,65 141
HCA,long,6,2016-02-01T21:00:00Z,65.55873955,2017-02-01T21:00:00Z,75.6574809,60.59,1.0,-37.72,60.92,68.9,366.00:00:00,True,13 142
LUV,long,9,2016-11-01T20:00:00Z,35.067525376,2017-02-01T21:00:00Z,46.699781381,104.69,1.0,-0.56,114.18,17.7,92.01:00:00,True,108 143
MPC,long,148,2016-12-01T21:00:00Z,35.735858158,2017-03-01T21:00:00Z,38.443905401,400.79,2.0,-56.5,574.98,578.3,90.00:00:00,True,123 151
DOW,long,74,2016-02-01T21:00:00Z,52.4968856582607,2017-03-01T21:00:00Z,81.01514942735454,2110.35,1.0,0.0,2130.19,473.45,394.00:00:00,True,12 152
GM,long,166,2016-02-01T21:00:00Z,24.06538739,2017-03-01T21:00:00Z,31.380716863,1214.34,1.0,-425.89,1332.64,644.8,394.00:00:00,True,6 153
GM,long,16,2016-07-01T20:00:00Z,23.677518861,2017-03-01T21:00:00Z,31.380716863,123.25,1.0,-34.84,134.65,42.93,243.01:00:00,True,68 153
MDLZ,long,125,2016-03-01T21:00:00Z,32.338737027,2017-03-01T21:00:00Z,35.052651504,339.24,1.0,-184.85,515.93,531.02,365.00:00:00,True,24 154
MDLZ,long,10,2016-04-01T20:00:00Z,32.408004484,2017-03-01T21:00:00Z,35.052651504,26.45,1.0,-15.48,40.58,42.48,334.01:00:00,True,34 154
MDLZ,long,17,2016-12-01T21:00:00Z,32.3685588,2017-03-01T21:00:00Z,35.052651504,45.63,1.0,-25.65,69.66,38.83,90.00:00:00,True,126 154
HPQ,long,46,2016-09-01T20:00:00Z,10.24212575,2017-03-01T21:00:00Z,12.664468188,111.43,1.0,-18.89,112.09,60.63,181.01:00:00,True,86 155
LUV,long,9,2016-11-01T20:00:00Z,35.067525376,2017-03-01T21:00:00Z,52.146465536,153.71,1.0,-0.56,153.71,17.7,120.01:00:00,True,108 156
HCA,long,5,2016-02-01T21:00:00Z,65.55873955,2017-03-01T21:00:00Z,81.2699441,78.56,1.0,-31.43,78.56,57.42,394.00:00:00,True,13 157
KR,long,147,2016-05-02T20:00:00Z,28.553667654,2017-04-03T20:00:00Z,24.02796144,-665.28,1.065,-757.81,301.29,1059.09,336.00:00:00,False,43 167
KR,long,18,2016-08-01T20:00:00Z,27.491177463,2017-04-03T20:00:00Z,24.02796144,-62.34,1.0,-73.67,56.02,105.05,245.00:00:00,False,79 167
KR,long,10,2016-09-01T20:00:00Z,25.929847924,2017-04-03T20:00:00Z,24.02796144,-19.02,1.0,-25.31,46.73,58.36,214.00:00:00,False,90 167
KR,long,16,2016-10-03T20:00:00Z,23.755505232,2017-04-03T20:00:00Z,24.02796144,4.36,1.0,-5.71,109.56,93.38,182.00:00:00,True,96 167
KR,long,22,2017-03-01T21:00:00Z,26.201919856,2017-04-03T20:00:00Z,24.02796144,-47.83,1.0,-61.67,96.83,60.59,32.23:00:00,False,163 167
GLW,long,255,2017-03-01T21:00:00Z,22.18168008,2017-04-03T20:00:00Z,21.111925296,-272.79,2.55,-272.79,0.0,272.79,32.23:00:00,False,159 168
CCL,long,6,2017-02-01T21:00:00Z,48.991031889,2017-04-03T20:00:00Z,52.197133212,19.24,2.0,-1.01,22.22,5.72,60.23:00:00,True,145 169
HPQ,long,22,2016-09-01T20:00:00Z,10.24212575,2017-04-03T20:00:00Z,12.731126613,54.76,1.0,-9.03,59.53,29.0,214.00:00:00,True,86 170
BAX,long,13,2017-03-01T21:00:00Z,44.151848604,2017-05-01T20:00:00Z,47.928163716,49.09,2.0,-5.94,50.1,12.44,60.23:00:00,True,161 176
NFLX,long,29,2016-07-01T20:00:00Z,9.667,2017-05-01T20:00:00Z,15.535,170.17,1.0,-31.41,170.17,40.95,304.00:00:00,True,65 177
LUV,long,7,2016-11-01T20:00:00Z,35.067525376,2017-05-01T20:00:00Z,49.930552308,104.04,1.0,-0.43,119.55,42.84,181.00:00:00,True,108 178
HPQ,long,25,2016-09-01T20:00:00Z,10.24212575,2017-05-01T20:00:00Z,13.708217058,86.65,1.0,-10.26,86.65,32.95,242.00:00:00,True,86 179
CCL,long,6,2017-02-01T21:00:00Z,48.991031889,2017-05-01T20:00:00Z,55.601100864,39.66,1.0,-1.01,39.66,9.71,88.23:00:00,True,145 180
CVS,long,4,2016-08-01T20:00:00Z,68.659261678,2017-05-01T20:00:00Z,61.40670921,-29.01,2.0,-57.55,13.42,70.98,273.00:00:00,False,77 181
CAH,long,86,2017-04-03T20:00:00Z,62.931465144,2017-05-02T20:00:00Z,56.40817638,-561.0,2.0,-585.07,118.35,703.43,29.00:00:00,False,172 186
CAH,long,10,2017-05-01T20:00:00Z,56.128273644,2017-05-02T20:00:00Z,56.40817638,2.8,1.0,0.0,81.79,3.42,1.00:00:00,True,183 186
MCK,long,5,2016-11-01T20:00:00Z,119.80627257,2017-06-01T20:00:00Z,154.626605424,174.1,1.0,0.0,174.1,81.54,212.00:00:00,True,107 187
DAL,long,9,2016-03-01T21:00:00Z,43.04467977,2017-06-01T20:00:00Z,44.819352355,15.97,1.0,-122.26,28.25,131.93,456.23:00:00,True,26 188
PPL,long,13,2017-04-03T20:00:00Z,24.54496221,2017-06-01T20:00:00Z,26.42998356,24.51,2.105,0.0,24.51,3.01,59.00:00:00,True,171 189
NFLX,long,19,2016-07-01T20:00:00Z,9.667,2017-06-01T20:00:00Z,16.299,126.01,1.0,-20.58,126.44,26.83,335.00:00:00,True,65 190
BAX,long,6,2017-03-01T21:00:00Z,44.151848604,2017-06-01T20:00:00Z,51.870174,46.31,1.0,-2.74,46.31,5.74,91.23:00:00,True,161 191
LUV,long,5,2016-11-01T20:00:00Z,35.067525376,2017-06-01T20:00:00Z,53.49702033,92.15,1.0,-0.31,94.9,30.6,212.00:00:00,True,108 192
GILD,long,10,2016-02-01T21:00:00Z,58.045930195,2017-07-03T17:00:00Z,50.7455613,-73.0,1.0,-123.91,129.37,253.28,517.20:00:00,False,1 200
DAL,long,10,2016-03-01T21:00:00Z,43.04467977,2017-07-03T17:00:00Z,48.604497258,55.6,1.0,-135.85,55.6,146.59,488.20:00:00,True,26 201
VLO,long,10,2016-02-01T21:00:00Z,45.37488669,2017-07-03T17:00:00Z,47.791524732,24.17,1.0,-135.27,30.81,135.27,517.20:00:00,True,7 202
LBTYA,long,8,2017-02-01T21:00:00Z,36.23,2017-07-03T17:00:00Z,31.94,-34.32,2.0,-60.32,9.76,70.08,151.20:00:00,False,144 203
HCA,long,3,2016-02-01T21:00:00Z,65.55873955,2017-07-03T17:00:00Z,80.503769025,44.84,1.0,-18.86,53.92,34.45,517.20:00:00,True,13 204
NFLX,long,61,2016-07-01T20:00:00Z,9.667,2017-08-01T20:00:00Z,18.203,520.7,1.0,-66.06,563.7,120.23,396.00:00:00,True,65 210
VZ,long,15,2016-02-01T21:00:00Z,29.034775836,2017-08-01T20:00:00Z,29.92126668,13.3,1.0,-41.78,57.26,99.04,546.23:00:00,True,11 211
HPQ,long,30,2016-09-01T20:00:00Z,10.24212575,2017-08-01T20:00:00Z,13.95702198,111.45,1.0,-12.32,117.35,46.7,334.00:00:00,True,86 212
TGT,long,9,2016-03-01T21:00:00Z,59.040865312,2017-08-01T20:00:00Z,43.330123198,-141.4,1.0,-187.21,19.82,207.03,517.23:00:00,False,27 213
GILD,long,6,2016-02-01T21:00:00Z,58.045930195,2017-08-01T20:00:00Z,54.3343563,-22.27,1.0,-74.34,77.62,151.97,546.23:00:00,False,1 214
GLW,long,239,2017-06-01T20:00:00Z,23.460938331,2017-09-01T20:00:00Z,22.9759046,-115.92,2.39,-340.17,464.9,805.07,92.00:00:00,False,193 221
GILD,long,10,2016-02-01T21:00:00Z,58.045930195,2017-09-01T20:00:00Z,60.11231625,20.66,1.0,-123.91,129.37,253.28,577.23:00:00,True,1 222
CCL,long,9,2017-02-01T21:00:00Z,48.991031889,2017-09-01T20:00:00Z,62.204114168,118.92,1.0,-1.51,121.75,27.76,211.23:00:00,True,145 223
HPE,long,32,2016-02-01T21:00:00Z,10.335336095,2017-09-01T20:00:00Z,10.934275293,19.17,1.0,-35.98,270.96,251.8,577.23:00:00,True,5 224
EBAY,long,9,2017-03-01T21:00:00Z,30.221482707,2017-09-01T20:00:00Z,32.055760035,16.51,2.0,-17.62,23.1,23.33,183.23:00:00,True,160 225
LBTYA,long,7,2017-02-01T21:00:00Z,36.23,2017-09-01T20:00:00Z,33.9,-16.31,1.0,-52.78,8.54,61.32,211.23:00:00,False,144 226
VLO,long,13,2016-02-01T21:00:00Z,45.37488669,2017-10-02T20:00:00Z,54.70281866,121.26,1.0,-175.86,121.26,175.86,608.23:00:00,True,7 230
LOW,long,5,2017-09-01T20:00:00Z,63.100234115,2017-10-02T20:00:00Z,68.290260069,25.95,2.0,0.0,25.95,4.94,31.00:00:00,True,227 231
LUV,long,6,2016-11-01T20:00:00Z,35.067525376,2017-10-02T20:00:00Z,49.836505755,88.61,1.0,-0.37,132.12,71.56,335.00:00:00,True,108 232
EBAY,long,8,2017-03-01T21:00:00Z,30.221482707,2017-10-02T20:00:00Z,34.154596593,31.46,1.0,-15.66,31.46,20.74,214.23:00:00,True,160 233
HPE,long,263,2016-02-01T21:00:00Z,10.335336095,2017-10-03T20:00:00Z,11.494548333,304.87,2.53,-295.67,2226.98,2308.6,609.23:00:00,True,5 237
HPE,long,20,2017-02-01T21:00:00Z,17.141183568,2017-10-03T20:00:00Z,11.494548333,-112.93,1.0,-158.6,33.24,175.56,243.23:00:00,False,148 237
HPE,long,67,2017-05-01T20:00:00Z,14.27206875,2017-10-03T20:00:00Z,11.494548333,-186.09,1.0,-339.08,303.57,302.91,155.00:00:00,False,182 237
HPE,long,56,2017-07-03T17:00:00Z,12.737552001,2017-10-03T20:00:00Z,11.494548333,-69.61,1.0,-197.48,339.66,211.38,92.03:00:00,False,205 237
HPE,long,100,2017-10-02T20:00:00Z,11.502226722,2017-10-03T20:00:00Z,11.494548333,-0.77,1.0,-229.11,730.07,22.27,1.00:00:00,False,234 237
LBTYA,long,133,2017-02-01T21:00:00Z,36.23,2017-11-01T20:00:00Z,31.34,-650.37,1.0,-1002.82,162.26,1165.08,272.23:00:00,False,144 240
LBTYA,long,7,2017-03-01T21:00:00Z,35.2,2017-11-01T20:00:00Z,31.34,-27.02,1.0,-45.57,15.75,60.69,244.23:00:00,False,164 240
LBTYA,long,25,2017-06-01T20:00:00Z,31.35,2017-11-01T20:00:00Z,31.34,-0.25,1.0,-66.5,152.5,103.0,153.00:00:00,False,194 240
PPL,long,208,2017-04-03T20:00:00Z,24.54496221,2017-11-01T20:00:00Z,24.928523108,79.78,1.1,0.0,485.44,405.66,212.00:00:00,True,171 241
PPL,long,12,2017-08-01T20:00:00Z,25.792414362,2017-11-01T20:00:00Z,24.928523108,-10.37,1.0,-14.97,13.04,23.4,92.00:00:00,False,219 241
HPQ,long,50,2016-09-01T20:00:00Z,10.24212575,2017-11-01T20:00:00Z,15.764351794,276.11,1.0,-20.53,299.97,77.84,426.00:00:00,True,86 242
NFLX,long,25,2016-07-01T20:00:00Z,9.667,2017-11-01T20:00:00Z,19.8,253.32,1.0,-27.08,265.02,57.82,488.00:00:00,True,65 243
BAX,long,7,2017-03-01T21:00:00Z,44.151848604,2017-11-01T20:00:00Z,55.64606904,80.46,1.0,-3.2,89.44,21.42,244.23:00:00,True,161 244
TGT,long,7,2016-03-01T21:00:00Z,59.040865312,2017-11-01T20:00:00Z,45.3595761,-95.77,1.0,-145.61,15.42,161.03,609.23:00:00,False,27 245
CCL,long,4,2017-02-01T21:00:00Z,48.991031889,2017-11-01T20:00:00Z,58.100964152,36.44,1.0,-0.67,54.11,21.52,272.23:00:00,True,145 246
CCL,long,85,2017-02-01T21:00:00Z,48.991031889,2017-12-01T21:00:00Z,59.789268,917.85,1.0,-14.26,1149.88,457.38,303.00:00:00,True,145 255
CCL,long,9,2017-10-02T20:00:00Z,57.974990248,2017-12-01T21:00:00Z,59.789268,16.33,1.0,-82.37,40.9,29.72,60.01:00:00,True,235 255
VLO,long,10,2016-02-01T21:00:00Z,45.37488669,2017-12-01T21:00:00Z,60.266780542,148.92,1.0,-135.27,159.3,135.27,669.00:00:00,True,7 256
HCA,long,7,2016-02-01T21:00:00Z,65.55873955,2017-12-01T21:00:00Z,77.586765125,84.2,1.0,-44.0,125.81,105.13,669.00:00:00,True,13 257
CVS,long,8,2016-08-01T20:00:00Z,68.659261678,2017-12-01T21:00:00Z,56.874989616,-94.27,1.0,-144.67,26.85,171.52,487.01:00:00,False,77 258
LUV,long,7,2016-11-01T20:00:00Z,35.067525376,2017-12-01T21:00:00Z,53.372715368,128.14,1.0,-0.43,154.14,83.49,395.01:00:00,True,108 259
DAL,long,7,2016-03-01T21:00:00Z,43.04467977,2017-12-01T21:00:00Z,47.401702436,30.5,1.0,-95.09,47.86,102.61,640.00:00:00,True,26 260
T,long,16,2016-03-01T21:00:00Z,15.343748800769273,2017-12-01T21:00:00Z,16.29776532557485,15.26,1.0,-10.74,47.77,58.51,640.00:00:00,True,22 261
LOW,long,8,2017-09-01T20:00:00Z,63.100234115,2018-01-02T21:00:00Z,77.841460602,117.93,1.0,0.0,126.97,38.33,123.01:00:00,True,227 268
MO,long,8,2017-03-01T21:00:00Z,38.344509,2018-01-02T21:00:00Z,37.184275854,-9.28,2.0,-51.61,13.69,65.3,307.00:00:00,False,158 269
EBAY,long,9,2017-03-01T21:00:00Z,30.221482707,2018-01-02T21:00:00Z,33.563747646,30.08,1.0,-17.62,37.46,36.59,307.00:00:00,True,160 270
LUV,long,5,2016-11-01T20:00:00Z,35.067525376,2018-01-02T21:00:00Z,59.166516374,120.49,1.0,-0.31,120.49,59.63,427.01:00:00,True,108 271
MCK,long,2,2016-11-01T20:00:00Z,119.80627257,2018-01-02T21:00:00Z,148.862319,58.11,1.0,0.0,73.74,61.11,427.01:00:00,True,107 272
HPQ,long,286,2016-09-01T20:00:00Z,10.24212575,2018-02-01T21:00:00Z,17.22065021,1995.86,1.93,-117.43,2124.8,445.23,518.01:00:00,True,86 280
HPQ,long,32,2016-11-01T20:00:00Z,10.230490492,2018-02-01T21:00:00Z,17.22065021,223.69,1.0,-12.77,238.11,49.82,457.01:00:00,True,112 280
HPQ,long,37,2017-07-03T17:00:00Z,12.81216699,2018-02-01T21:00:00Z,17.22065021,163.11,1.0,-110.28,179.79,43.02,213.04:00:00,True,207 280
HPQ,long,31,2018-01-02T21:00:00Z,15.757264484,2018-02-01T21:00:00Z,17.22065021,45.36,1.0,-183.7,59.34,13.98,30.00:00:00,True,274 280
GLW,long,225,2017-11-01T20:00:00Z,25.14629282,2018-02-01T21:00:00Z,25.317787476,38.59,2.3,-45.9,606.62,652.52,92.01:00:00,True,249 281
GLW,long,10,2018-01-02T21:00:00Z,26.060783448,2018-02-01T21:00:00Z,25.317787476,-7.43,1.0,-11.18,17.82,29.0,30.00:00:00,False,278 281
EBAY,long,159,2017-03-01T21:00:00Z,30.221482707,2018-02-01T21:00:00Z,40.733302779,1671.38,1.0,-311.28,1671.38,646.4,337.00:00:00,True,160 282
EBAY,long,21,2017-12-01T21:00:00Z,31.04161632,2018-02-01T21:00:00Z,40.733302779,203.53,1.0,-58.34,203.53,39.26,62.00:00:00,True,263 282
LOW,long,76,2017-09-01T20:00:00Z,63.100234115,2018-02-01T21:00:00Z,88.579784448,1936.45,1.0,0.0,2165.9,364.18,153.01:00:00,True,227 283
NFLX,long,70,2016-07-01T20:00:00Z,9.667,2018-02-01T21:00:00Z,26.507,1178.8,1.0,-75.81,1315.44,161.91,580.01:00:00,True,65 284
TGT,long,13,2016-03-01T21:00:00Z,59.040865312,2018-02-01T21:00:00Z,58.373703675,-8.67,1.0,-270.42,28.63,299.05,702.00:00:00,False,27 285
GILD,long,9,2016-02-01T21:00:00Z,58.045930195,2018-02-01T21:00:00Z,60.71267565,24.0,1.0,-111.51,116.44,227.95,731.00:00:00,True,1 286
HCA,long,4,2016-02-01T21:00:00Z,65.55873955,2018-02-01T21:00:00Z,94.3779996,115.28,1.0,-25.15,115.28,60.08,731.00:00:00,True,13 287
MO,long,138,2017-03-01T21:00:00Z,38.344509,2018-03-01T21:00:00Z,32.816148453,-762.91,1.0,-890.35,236.16,1126.5,365.00:00:00,False,158 295
MO,long,22,2017-08-01T20:00:00Z,33.76211255,2018-03-01T21:00:00Z,32.816148453,-20.81,1.0,-41.13,138.46,125.01,212.01:00:00,False,215 295
MO,long,15,2018-02-01T21:00:00Z,36.758501703,2018-03-01T21:00:00Z,32.816148453,-59.14,1.0,-72.99,49.46,59.14,28.00:00:00,False,291 295
BAX,long,100,2017-03-01T21:00:00Z,44.151848604,2018-03-01T21:00:00Z,57.752681238,1360.08,1.0,-45.7,1863.44,842.83,365.00:00:00,True,161 296
BAX,long,6,2018-01-02T21:00:00Z,58.363616697,2018-03-01T21:00:00Z,57.752681238,-3.67,1.0,-88.01,26.54,50.57,58.00:00:00,False,277 296
MU,long,18,2017-11-01T20:00:00Z,43.276593374,2018-03-01T21:00:00Z,46.436038226,56.87,2.0,-87.41,93.03,180.44,120.01:00:00,True,247 297
NFLX,long,25,2016-07-01T20:00:00Z,9.667,2018-03-01T21:00:00Z,29.039,484.3,1.0,-27.08,493.72,87.8,608.01:00:00,True,65 298
TGT,long,5,2016-03-01T21:00:00Z,59.040865312,2018-03-01T21:00:00Z,58.196297649,-4.22,1.0,-104.01,11.01,115.02,730.00:00:00,False,27 299
MPC,long,11,2018-02-01T21:00:00Z,52.843842079,2018-04-02T20:00:00Z,55.61298438,30.46,2.0,-49.93,46.48,49.93,59.23:00:00,True,289 308
MU,long,8,2017-11-01T20:00:00Z,43.276593374,2018-04-02T20:00:00Z,48.815373238,44.31,1.0,-38.85,130.82,86.51,152.00:00:00,True,247 309
PSX,long,5,2018-03-01T21:00:00Z,66.290055741,2018-04-02T20:00:00Z,69.266433285,14.88,2.0,0.0,19.26,10.07,31.23:00:00,True,302 310
EXC,long,15,2018-03-01T21:00:00Z,19.38128934126216,2018-04-02T20:00:00Z,20.08472725343148,10.55,2.605,-0.79,16.38,6.77,31.23:00:00,True,300 311
VLO,long,14,2016-02-01T21:00:00Z,45.37488669,2018-05-01T20:00:00Z,80.002385728,484.78,1.0,-189.38,493.08,189.38,819.23:00:00,True,7 317
PSX,long,10,2018-03-01T21:00:00Z,66.290055741,2018-05-01T20:00:00Z,81.595055955,153.05,1.0,0.0,157.94,20.13,60.23:00:00,True,302 318
CVS,long,12,2016-08-01T20:00:00Z,68.659261678,2018-05-01T20:00:00Z,52.2005604,-197.5,1.0,-269.91,40.27,310.18,638.00:00:00,False,77 319
CVX,long,7,2018-03-01T21:00:00Z,77.938519648,2018-05-01T20:00:00Z,86.856511632,62.43,2.0,-1.9,71.0,24.93,60.23:00:00,True,301 320
MCK,long,4,2016-11-01T20:00:00Z,119.80627257,2018-05-01T20:00:00Z,144.69771036,99.57,1.0,0.0,182.58,141.04,546.00:00:00,True,107 321
CRH,long,12,2017-11-01T20:00:00Z,29.741764442,2018-05-01T20:00:00Z,29.032885376,-8.51,2.0,-35.8,21.05,56.85,181.00:00:00,False,248 322
F,long,37,2018-02-01T21:00:00Z,7.217045472,2018-05-01T20:00:00Z,7.541596688,12.01,5.455,-16.63,17.46,16.63,88.23:00:00,True,288 323
MCK,long,28,2016-11-01T20:00:00Z,119.80627257,2018-06-01T20:00:00Z,133.781001424,391.29,1.0,0.0,1278.09,987.31,577.00:00:00,True,107 332
MCK,long,2,2017-01-03T21:00:00Z,136.904662697,2018-06-01T20:00:00Z,133.781001424,-6.25,1.0,-34.2,57.1,70.52,513.23:00:00,False,136 332
MCK,long,4,2017-09-01T20:00:00Z,139.562670779,2018-06-01T20:00:00Z,133.781001424,-23.13,1.0,-79.03,103.56,141.04,273.00:00:00,False,228 332
MCK,long,3,2017-11-01T20:00:00Z,130.464615673,2018-06-01T20:00:00Z,133.781001424,9.95,1.0,-31.98,104.96,105.78,212.00:00:00,True,252 332
MCK,long,3,2018-03-01T21:00:00Z,137.50082664,2018-06-01T20:00:00Z,133.781001424,-11.16,1.0,-53.08,83.86,53.62,91.23:00:00,False,307 332
MCK,long,3,2018-04-02T20:00:00Z,131.18595996,2018-06-01T20:00:00Z,133.781001424,7.79,1.0,-34.14,102.8,47.6,60.00:00:00,True,315 332
MU,long,26,2017-11-01T20:00:00Z,43.276593374,2018-06-01T20:00:00Z,57.279565002,364.08,1.0,-126.26,462.45,386.9,212.00:00:00,True,247 333
NFLX,long,26,2016-07-01T20:00:00Z,9.667,2018-06-01T20:00:00Z,35.993,684.48,1.0,-28.16,684.48,132.99,700.00:00:00,True,65 334
VLO,long,6,2016-02-01T21:00:00Z,45.37488669,2018-06-01T20:00:00Z,90.060731238,268.12,1.0,-81.16,268.12,81.16,850.23:00:00,True,7 335
HCA,long,4,2016-02-01T21:00:00Z,65.55873955,2018-06-01T20:00:00Z,96.954528128,125.58,1.0,-25.15,126.44,60.08,850.23:00:00,True,13 336
NFLX,long,89,2016-07-01T20:00:00Z,9.667,2018-07-02T20:00:00Z,39.818,2683.44,1.0,-96.39,2848.8,455.24,731.00:00:00,True,65 342
NFLX,long,41,2016-12-01T21:00:00Z,11.722,2018-07-02T20:00:00Z,39.818,1151.94,1.0,-128.66,1228.11,209.72,577.23:00:00,True,128 342
NFLX,long,34,2017-07-03T17:00:00Z,14.617,2018-07-02T20:00:00Z,39.818,856.83,1.0,-205.12,920.01,173.91,364.03:00:00,True,206 342
NFLX,long,24,2017-12-01T21:00:00Z,18.682,2018-07-02T20:00:00Z,39.818,507.26,1.0,-242.35,551.86,122.76,212.23:00:00,True,265 342
GILD,long,9,2016-02-01T21:00:00Z,58.045930195,2018-07-02T20:00:00Z,52.621362288,-48.82,1.0,-111.51,116.44,227.95,881.23:00:00,False,1 343
VZ,long,14,2016-02-01T21:00:00Z,29.034775836,2018-07-02T20:00:00Z,31.980770708,41.24,1.0,-39.0,73.3,92.44,881.23:00:00,True,11 344
TGT,long,7,2016-03-01T21:00:00Z,59.040865312,2018-07-02T20:00:00Z,59.994026801,6.67,1.0,-145.61,24.96,161.03,852.23:00:00,True,27 345
EXC,long,17,2018-03-01T21:00:00Z,19.38128934126216,2018-07-02T20:00:00Z,22.718624202026323,56.73,1.0,-0.89,56.73,15.21,122.23:00:00,True,300 346
HCA,long,9,2016-02-01T21:00:00Z,65.55873955,2018-08-01T20:00:00Z,115.784078932,452.03,1.0,-56.58,452.03,135.17,911.23:00:00,True,13 352
MPC,long,11,2018-02-01T21:00:00Z,52.843842079,2018-08-01T20:00:00Z,62.922466116,110.86,1.0,-49.93,125.29,113.5,180.23:00:00,True,289 353
LUV,long,13,2016-11-01T20:00:00Z,35.067525376,2018-08-01T20:00:00Z,50.720700203,203.49,1.0,-0.8,313.29,184.05,638.00:00:00,True,108 354
DAL,long,8,2016-03-01T21:00:00Z,43.04467977,2018-08-01T20:00:00Z,49.704682128,53.28,1.0,-108.68,93.64,117.27,882.23:00:00,True,26 355
PSX,long,4,2018-03-01T21:00:00Z,66.290055741,2018-08-01T20:00:00Z,90.329281347,96.16,1.0,0.0,97.13,33.16,152.23:00:00,True,302 356
ETN,long,5,2018-03-01T21:00:00Z,65.565485895,2018-08-01T20:00:00Z,69.037748303,17.36,2.0,-25.43,20.71,42.86,152.23:00:00,True,303 357
TYC,long,11,2017-12-01T21:00:00Z,30.574961468,2018-08-01T20:00:00Z,31.46023776,9.74,2.0,-33.17,38.65,71.82,242.23:00:00,True,262 358
CRH,long,173,2017-11-01T20:00:00Z,29.741764442,2018-09-04T20:00:00Z,27.165369088,-445.72,1.21,-637.86,308.61,946.47,307.00:00:00,False,248 368
CRH,long,22,2017-12-01T21:00:00Z,28.05216706,2018-09-04T20:00:00Z,27.165369088,-19.51,1.0,-43.94,76.42,120.36,276.23:00:00,False,264 368
CRH,long,26,2018-03-01T21:00:00Z,27.106315894,2018-09-04T20:00:00Z,27.165369088,1.54,1.0,-27.34,114.9,142.24,186.23:00:00,True,304 368
CRH,long,21,2018-08-01T20:00:00Z,27.338134912,2018-09-04T20:00:00Z,27.165369088,-3.63,1.0,-26.95,87.94,31.27,34.00:00:00,False,361 368
HCA,long,30,2016-02-01T21:00:00Z,65.55873955,2018-09-04T20:00:00Z,124.898562906,1780.19,1.0,-188.59,1782.43,450.57,945.23:00:00,True,13 369
HCA,long,3,2016-08-01T20:00:00Z,69.7127008,2018-09-04T20:00:00Z,124.898562906,165.56,1.0,-31.32,165.78,45.06,764.00:00:00,True,81 369
HCA,long,8,2016-12-01T21:00:00Z,65.74336005,2018-09-04T20:00:00Z,124.898562906,473.24,1.0,-51.77,473.84,120.15,641.23:00:00,True,127 369
HCA,long,4,2017-06-01T20:00:00Z,77.309834375,2018-09-04T20:00:00Z,124.898562906,190.35,1.0,-72.15,190.65,48.08,460.00:00:00,True,198 369
HCA,long,7,2017-08-01T20:00:00Z,73.1835662,2018-09-04T20:00:00Z,124.898562906,362.0,1.0,-97.38,362.53,55.63,399.00:00:00,True,218 369
HCA,long,4,2017-11-01T20:00:00Z,70.921965075,2018-09-04T20:00:00Z,124.898562906,215.91,1.0,-46.6,216.2,31.79,307.00:00:00,True,254 369
HCA,long,3,2018-05-01T20:00:00Z,89.10952128,2018-09-04T20:00:00Z,124.898562906,107.37,1.0,-89.51,107.59,14.5,126.00:00:00,True,331 369
CVS,long,16,2016-08-01T20:00:00Z,68.659261678,2018-09-04T20:00:00Z,57.23789,-182.74,1.0,-359.88,53.7,413.58,764.00:00:00,False,77 370
TGT,long,9,2016-03-01T21:00:00Z,59.040865312,2018-09-04T20:00:00Z,70.983514305,107.48,1.0,-187.21,107.48,207.03,916.23:00:00,True,27 371
DAL,long,7,2016-03-01T21:00:00Z,43.04467977,2018-09-04T20:00:00Z,54.611152896,80.97,1.0,-95.09,81.93,102.61,916.23:00:00,True,26 372
XOM,long,9,2018-09-04T20:00:00Z,56.280006139,2018-10-01T20:00:00Z,60.149300371,34.82,2.0,0.0,39.81,9.97,27.00:00:00,True,373 379
LUV,long,9,2016-11-01T20:00:00Z,35.067525376,2018-10-01T20:00:00Z,55.50352453,183.92,1.0,-0.56,216.89,127.42,699.00:00:00,True,108 380
ETN,long,5,2018-03-01T21:00:00Z,65.565485895,2018-10-01T20:00:00Z,73.887545655,41.61,1.0,-25.43,46.05,42.86,213.23:00:00,True,303 381
CVS,long,6,2016-08-01T20:00:00Z,68.659261678,2018-10-01T20:00:00Z,61.4920575,-43.0,1.0,-134.96,20.14,155.09,791.00:00:00,False,77 382
CVX,long,4,2018-03-01T21:00:00Z,77.938519648,2018-10-01T20:00:00Z,88.120935994,40.73,1.0,-1.09,51.61,38.97,213.23:00:00,True,301 383
T,long,20,2016-03-01T21:00:00Z,15.343748800769273,2018-10-01T20:00:00Z,15.606430873145788,5.25,1.0,-24.94,59.71,84.66,943.23:00:00,True,22 384
NXPI,long,66,2018-06-01T20:00:00Z,99.9936408,2018-11-01T20:00:00Z,73.95572547,-1718.5,2.0,-2494.58,357.19,2851.76,153.00:00:00,False,337 391
NXPI,long,15,2018-08-01T20:00:00Z,83.67888888,2018-11-01T20:00:00Z,73.95572547,-145.85,1.0,-322.23,325.9,333.94,92.00:00:00,False,359 391
NXPI,long,4,2018-09-04T20:00:00Z,83.029807352,2018-11-01T20:00:00Z,73.95572547,-36.3,1.0,-83.33,89.5,83.33,58.00:00:00,False,378 391
NXPI,long,6,2018-10-01T20:00:00Z,74.78243949,2018-11-01T20:00:00Z,73.95572547,-4.96,1.0,-75.51,183.74,81.26,31.00:00:00,False,387 391
VZ,long,34,2016-02-01T21:00:00Z,29.034775836,2018-11-01T20:00:00Z,36.368661518,249.35,1.0,-94.71,296.11,224.49,1003.23:00:00,True,11 392
F,long,131,2018-02-01T21:00:00Z,7.217045472,2018-11-01T20:00:00Z,6.422834732,-104.04,1.0,-203.67,117.09,320.76,272.23:00:00,False,288 393
EXC,long,35,2018-03-01T21:00:00Z,19.38128934126216,2018-11-01T20:00:00Z,23.30136816193472,137.2,1.0,-1.84,155.14,45.2,244.23:00:00,True,300 394
INTC,long,10,2018-07-02T20:00:00Z,42.67629006,2018-11-01T20:00:00Z,41.242344188,-14.34,2.0,-63.95,18.96,82.9,122.00:00:00,False,347 395
TGT,long,5,2016-03-01T21:00:00Z,59.040865312,2018-11-01T20:00:00Z,67.184958621,40.72,1.0,-104.01,60.95,115.02,974.23:00:00,True,27 396
DAL,long,14,2016-03-01T21:00:00Z,43.04467977,2018-12-03T21:00:00Z,56.111637276,182.94,1.0,-190.18,190.65,205.22,1007.00:00:00,True,26 404
AMAT,long,20,2018-09-04T20:00:00Z,39.186076766,2018-12-03T21:00:00Z,35.44912566,-74.74,2.0,-211.47,0.0,211.47,90.01:00:00,False,374 405
CVS,long,9,2016-08-01T20:00:00Z,68.659261678,2018-12-03T21:00:00Z,61.932712688,-60.54,1.0,-202.43,30.21,232.64,854.01:00:00,False,77 406
LUV,long,10,2016-11-01T20:00:00Z,35.067525376,2018-12-03T21:00:00Z,48.909669833,138.42,1.0,-0.62,240.99,160.68,762.01:00:00,True,108 407
ETN,long,5,2018-03-01T21:00:00Z,65.565485895,2018-12-03T21:00:00Z,66.524189849,4.79,1.0,-30.63,46.05,76.68,277.00:00:00,True,303 408
TYC,long,11,2017-12-01T21:00:00Z,30.574961468,2018-12-03T21:00:00Z,29.460990768,-12.25,1.0,-47.12,38.65,85.77,367.00:00:00,False,262 409
LVS,long,6,2018-11-01T20:00:00Z,49.219345458,2018-12-03T21:00:00Z,50.323459762,6.62,2.0,-34.83,6.62,34.83,32.01:00:00,True,397 410
EXC,long,31,2018-03-01T21:00:00Z,19.38128934126216,2019-01-02T21:00:00Z,23.698231989198064,133.83,1.0,-1.63,184.17,53.84,307.00:00:00,True,300 416
INTC,long,14,2018-07-02T20:00:00Z,42.67629006,2019-01-02T21:00:00Z,40.52072024,-30.18,1.0,-89.53,26.54,116.07,184.01:00:00,False,347 417
LVS,long,10,2018-11-01T20:00:00Z,49.219345458,2019-01-02T21:00:00Z,47.365617168,-18.54,1.0,-68.56,11.04,79.6,62.01:00:00,False,397 418
VZ,long,12,2016-02-01T21:00:00Z,29.034775836,2019-01-02T21:00:00Z,36.336224253,87.62,1.0,-33.43,123.74,79.23,1066.00:00:00,True,11 419
CVX,long,5,2018-03-01T21:00:00Z,77.938519648,2019-01-02T21:00:00Z,79.181881189,6.22,1.0,-28.48,64.52,92.99,307.00:00:00,True,301 420
VLO,long,5,2016-02-01T21:00:00Z,45.37488669,2019-01-02T21:00:00Z,55.892963628,52.59,1.0,-67.64,225.83,197.72,1066.00:00:00,True,7 421
LUV,long,14,2016-11-01T20:00:00Z,35.067525376,2019-02-01T21:00:00Z,51.54417138,230.67,1.0,-0.87,337.39,267.13,822.01:00:00,True,108 428
MU,long,16,2017-11-01T20:00:00Z,43.276593374,2019-02-01T21:00:00Z,38.61543708,-74.58,1.0,-239.65,284.58,524.23,457.01:00:00,False,247 429
AMAT,long,12,2018-09-04T20:00:00Z,39.186076766,2019-02-01T21:00:00Z,36.34598669,-34.08,1.0,-148.58,0.0,148.58,150.01:00:00,False,374 430
F,long,66,2018-02-01T21:00:00Z,7.217045472,2019-02-01T21:00:00Z,6.133784032,-71.5,1.0,-128.16,58.99,187.16,365.00:00:00,False,288 431
VLO,long,6,2016-02-01T21:00:00Z,45.37488669,2019-02-01T21:00:00Z,63.068211738,106.16,1.0,-81.16,271.0,237.27,1096.00:00:00,True,7 432
TGT,long,5,2016-03-01T21:00:00Z,59.040865312,2019-02-01T21:00:00Z,57.26587295,-8.87,1.0,-104.01,60.95,115.02,1067.00:00:00,False,27 433
CVS,long,20,2016-08-01T20:00:00Z,68.659261678,2019-03-01T21:00:00Z,45.618308068,-460.82,1.0,-465.53,67.12,532.65,942.01:00:00,False,77 440
CVS,long,6,2016-11-01T20:00:00Z,61.592400475,2019-03-01T21:00:00Z,45.618308068,-95.84,1.0,-97.26,62.54,109.97,850.01:00:00,False,110 440
CVS,long,11,2016-12-01T21:00:00Z,56.65467538,2019-03-01T21:00:00Z,45.618308068,-121.4,1.0,-123.99,168.97,201.62,820.00:00:00,False,125 440
CVS,long,7,2017-06-01T20:00:00Z,58.50713477,2019-03-01T21:00:00Z,45.618308068,-90.22,1.0,-91.87,94.56,128.3,638.01:00:00,False,195 440
CVS,long,13,2017-11-01T20:00:00Z,52.2414042,2019-03-01T21:00:00Z,45.618308068,-86.1,1.0,-89.16,257.06,238.27,485.01:00:00,False,251 440
CVS,long,9,2018-01-02T21:00:00Z,55.663594736,2019-03-01T21:00:00Z,45.618308068,-90.41,1.0,-92.53,147.17,164.96,423.00:00:00,False,273 440
CVS,long,12,2018-03-01T21:00:00Z,51.156703195,2019-03-01T21:00:00Z,45.618308068,-66.46,1.0,-69.29,250.31,210.56,365.00:00:00,False,305 440
CVS,long,11,2018-04-02T20:00:00Z,46.501938392,2019-03-01T21:00:00Z,45.618308068,-9.72,1.0,-12.31,280.65,193.01,333.01:00:00,False,313 440
CVS,long,15,2018-06-01T20:00:00Z,49.183675071,2019-03-01T21:00:00Z,45.618308068,-53.48,1.0,-57.01,342.48,263.2,273.01:00:00,False,338 440
CVS,long,9,2019-01-02T21:00:00Z,51.075796002,2019-03-01T21:00:00Z,45.618308068,-49.12,1.0,-51.24,188.46,85.11,58.00:00:00,False,425 440
CVS,long,11,2019-02-01T21:00:00Z,51.182281992,2019-03-01T21:00:00Z,45.618308068,-61.2,1.0,-63.79,229.17,104.02,28.00:00:00,False,437 440
ETN,long,78,2018-03-01T21:00:00Z,65.565485895,2019-03-01T21:00:00Z,68.417327927,222.44,1.0,-799.9,718.32,1518.22,365.00:00:00,True,303 441
ETN,long,10,2018-05-01T20:00:00Z,61.344083244,2019-03-01T21:00:00Z,68.417327927,70.73,1.0,-60.34,134.31,194.64,304.01:00:00,True,327 441
ETN,long,11,2018-11-01T20:00:00Z,62.891411375,2019-03-01T21:00:00Z,68.417327927,60.79,1.0,-83.39,130.72,123.35,120.01:00:00,True,400 441
EXC,long,223,2018-03-01T21:00:00Z,19.38128934126216,2019-03-01T21:00:00Z,26.30521211965972,1544.03,1.24,-11.71,1565.78,387.33,365.00:00:00,True,300 442
EXC,long,15,2018-08-01T20:00:00Z,22.24741526378807,2019-03-01T21:00:00Z,26.30521211965972,60.87,1.0,-43.78,62.33,26.05,212.01:00:00,True,365 442
EXC,long,10,2019-02-01T21:00:00Z,25.5104180977435,2019-03-01T21:00:00Z,26.30521211965972,7.95,1.0,-61.82,8.92,2.28,28.00:00:00,True,438 442
F,long,657,2018-02-01T21:00:00Z,7.217045472,2019-03-01T21:00:00Z,6.19005728,-674.73,5.145,-1275.82,587.26,1863.08,393.00:00:00,False,288 443
F,long,150,2018-08-01T20:00:00Z,6.717134705,2019-03-01T21:00:00Z,6.19005728,-79.06,1.0,-216.3,209.06,235.65,212.01:00:00,False,360 443
F,long,80,2018-09-04T20:00:00Z,6.42508537,2019-03-01T21:00:00Z,6.19005728,-18.8,1.0,-91.99,134.87,112.1,178.01:00:00,False,375 443
F,long,45,2018-12-03T21:00:00Z,6.63715968,2019-03-01T21:00:00Z,6.19005728,-20.12,1.0,-61.29,66.32,61.29,88.00:00:00,False,415 443
F,long,97,2019-01-02T21:00:00Z,5.468743028,2019-03-01T21:00:00Z,6.19005728,69.97,1.0,-18.78,256.29,46.94,58.00:00:00,True,422 443
INTC,long,17,2018-07-02T20:00:00Z,42.67629006,2019-03-01T21:00:00Z,46.16491555,59.31,1.0,-108.71,59.31,140.94,242.01:00:00,True,347 444
LVS,long,7,2018-11-01T20:00:00Z,49.219345458,2019-03-01T21:00:00Z,52.82280792,25.22,1.0,-47.99,33.67,55.72,120.01:00:00,True,397 445
MU,long,9,2017-11-01T20:00:00Z,43.276593374,2019-03-01T21:00:00Z,40.546208934,-24.57,1.0,-134.8,160.08,294.88,485.01:00:00,False,247 446
PSX,long,4,2018-03-01T21:00:00Z,66.290055741,2019-03-01T21:00:00Z,73.29881876,28.04,1.0,-30.79,97.13,127.91,365.00:00:00,True,302 447
XOM,long,5,2018-09-04T20:00:00Z,56.280006139,2019-03-01T21:00:00Z,57.274072,4.97,1.0,-49.47,22.12,71.59,178.01:00:00,True,373 448
TGT,long,8,2016-03-01T21:00:00Z,59.040865312,2019-04-01T20:00:00Z,64.917046975,47.01,1.0,-166.41,97.52,184.03,1125.23:00:00,True,27 455
TYC,long,15,2017-12-01T21:00:00Z,30.574961468,2019-04-01T20:00:00Z,31.52242522,14.21,1.0,-96.13,52.7,148.83,485.23:00:00,True,262 456
CVX,long,4,2018-03-01T21:00:00Z,77.938519648,2019-04-01T20:00:00Z,90.27402266,49.34,1.0,-22.78,52.06,74.39,395.23:00:00,True,301 457
VZ,long,8,2016-02-01T21:00:00Z,29.034775836,2019-04-01T20:00:00Z,38.734109536,77.59,1.0,-22.28,86.98,52.82,1154.23:00:00,True,11 458
LUV,long,32,2016-11-01T20:00:00Z,35.067525376,2019-04-02T20:00:00Z,48.132466083,418.08,1.0,-1.98,771.17,610.58,882.00:00:00,True,108 462
LUV,long,7,2017-04-03T20:00:00Z,47.9077794,2019-04-02T20:00:00Z,48.132466083,1.57,1.0,-90.31,78.81,133.56,729.00:00:00,True,173 462
LUV,long,11,2017-08-01T20:00:00Z,49.515761876,2019-04-02T20:00:00Z,48.132466083,-15.22,1.0,-159.61,106.16,209.89,609.00:00:00,False,217 462
LUV,long,6,2017-09-01T20:00:00Z,46.487350051,2019-04-02T20:00:00Z,48.132466083,9.87,1.0,-68.89,76.07,114.48,578.00:00:00,True,229 462
LUV,long,17,2018-02-01T21:00:00Z,53.829123586,2019-04-02T20:00:00Z,48.132466083,-96.84,1.0,-320.0,90.74,293.76,424.23:00:00,False,290 462
LUV,long,17,2018-05-01T20:00:00Z,47.352484758,2019-04-02T20:00:00Z,48.132466083,13.26,1.0,-209.9,200.84,293.76,336.00:00:00,True,325 462
LUV,long,8,2018-06-01T20:00:00Z,45.581462472,2019-04-02T20:00:00Z,48.132466083,20.41,1.0,-84.61,108.68,138.24,305.00:00:00,True,340 462
LUV,long,20,2018-11-01T20:00:00Z,45.833137355,2019-04-02T20:00:00Z,48.132466083,45.99,1.0,-216.55,266.67,180.61,152.00:00:00,True,398 462
LUV,long,6,2019-01-02T21:00:00Z,42.53093364,2019-04-02T20:00:00Z,48.132466083,33.61,1.0,-45.15,99.81,51.18,89.23:00:00,True,426 462
LUV,long,15,2019-04-01T20:00:00Z,47.426631837,2019-04-02T20:00:00Z,48.132466083,10.59,1.0,-186.31,176.1,0.0,1.00:00:00,True,459 462
DAL,long,18,2016-03-01T21:00:00Z,43.04467977,2019-05-01T20:00:00Z,54.065268168,198.37,1.0,-244.52,245.12,263.85,1155.23:00:00,True,26 463
AMAT,long,16,2018-09-04T20:00:00Z,39.186076766,2019-05-01T20:00:00Z,40.314265992,18.05,1.0,-198.11,37.08,198.11,239.00:00:00,True,374 464
VLO,long,9,2016-02-01T21:00:00Z,45.37488669,2019-05-01T20:00:00Z,67.129350679,195.79,1.0,-121.75,406.49,355.9,1184.23:00:00,True,7 465
LVS,long,10,2018-11-01T20:00:00Z,49.219345458,2019-05-01T20:00:00Z,60.126284119,109.07,1.0,-68.56,112.17,79.6,181.00:00:00,True,397 466
TGT,long,4,2016-03-01T21:00:00Z,59.040865312,2019-06-03T20:00:00Z,67.94275236,35.61,1.0,-83.2,48.76,92.01,1188.23:00:00,True,27 474
TGT,long,11,2016-06-01T20:00:00Z,50.269692936,2019-06-03T20:00:00Z,67.94275236,194.4,1.0,-132.33,230.57,242.48,1097.00:00:00,True,59 474
TYC,long,27,2017-12-01T21:00:00Z,30.574961468,2019-06-03T20:00:00Z,33.2983365,73.53,1.0,-173.04,94.86,267.9,548.23:00:00,True,262 475
T,long,43,2016-03-01T21:00:00Z,15.343748800769273,2019-06-03T20:00:00Z,15.186379955225673,-6.77,1.0,-103.38,128.39,231.77,1188.23:00:00,False,22 476
HCA,long,3,2019-03-01T21:00:00Z,129.723182428,2019-06-03T20:00:00Z,115.635860091,-42.26,2.0,-74.37,0.0,74.37,93.23:00:00,False,452 477
GILD,long,7,2016-02-01T21:00:00Z,58.045930195,2019-06-03T20:00:00Z,48.199826808,-68.92,1.0,-88.38,90.56,178.94,1217.23:00:00,False,1 478
COP,long,6,2019-03-01T21:00:00Z,52.489733169,2019-06-03T20:00:00Z,45.45799434,-42.19,2.0,-44.26,4.43,48.69,93.23:00:00,False,449 479
VLO,long,2,2016-02-01T21:00:00Z,45.37488669,2019-07-01T20:00:00Z,63.698252904,36.65,1.0,-27.05,90.33,79.09,1245.23:00:00,True,7 487
VLO,long,10,2016-03-01T21:00:00Z,41.077764609,2019-07-01T20:00:00Z,63.698252904,226.2,1.0,-92.3,494.63,395.45,1216.23:00:00,True,28 487
MPC,long,17,2018-02-01T21:00:00Z,52.843842079,2019-07-01T20:00:00Z,44.323943248,-144.84,1.0,-269.51,252.52,522.03,514.23:00:00,False,289 488
MU,long,15,2017-11-01T20:00:00Z,43.276593374,2019-07-01T20:00:00Z,39.112757103,-62.46,1.0,-224.67,266.8,491.47,607.00:00:00,False,247 489
PSX,long,5,2018-03-01T21:00:00Z,66.290055741,2019-07-01T20:00:00Z,71.44040124,25.75,1.0,-38.49,121.41,159.89,486.23:00:00,True,302 490
MU,long,19,2017-11-01T20:00:00Z,43.276593374,2019-08-01T20:00:00Z,42.51598628,-14.45,1.0,-284.58,337.94,622.53,638.00:00:00,False,247 495
AMAT,long,16,2018-09-04T20:00:00Z,39.186076766,2019-08-01T20:00:00Z,45.274930305,97.42,1.0,-198.11,152.27,198.11,331.00:00:00,True,374 496
DELL,long,26,2019-05-01T20:00:00Z,31.57570753517359,2019-08-01T20:00:00Z,26.58013409165312,-129.88,2.06,-214.88,14.6,229.48,92.00:00:00,False,467 497
PSX,long,6,2018-03-01T21:00:00Z,66.290055741,2019-08-01T20:00:00Z,77.50265562,67.28,1.0,-46.18,145.69,191.87,517.23:00:00,True,302 498
DAL,long,2,2016-03-01T21:00:00Z,43.04467977,2019-08-01T20:00:00Z,57.400879952,28.71,1.0,-27.17,34.12,29.32,1247.23:00:00,True,26 499
DAL,long,4,2016-04-01T20:00:00Z,41.380989693,2019-08-01T20:00:00Z,57.400879952,64.08,1.0,-47.68,74.89,56.37,1217.00:00:00,True,36 499
TGT,long,2,2016-06-01T20:00:00Z,50.269692936,2019-09-03T20:00:00Z,88.075510146,75.61,1.0,-24.06,77.63,44.09,1189.00:00:00,True,59 506
TGT,long,5,2016-09-01T20:00:00Z,52.278140172,2019-09-03T20:00:00Z,88.075510146,178.99,1.0,-70.19,184.02,110.22,1097.00:00:00,True,89 506
TGT,long,9,2017-01-03T21:00:00Z,54.342423975,2019-09-03T20:00:00Z,88.075510146,303.6,1.0,-144.93,312.66,198.39,972.23:00:00,True,134 506
TGT,long,13,2017-02-01T21:00:00Z,47.559891883,2019-09-03T20:00:00Z,88.075510146,526.7,1.0,-121.16,539.79,286.57,943.23:00:00,True,146 506
TGT,long,13,2017-03-01T21:00:00Z,43.595446216,2019-09-03T20:00:00Z,88.075510146,578.24,1.0,-69.63,591.33,286.57,915.23:00:00,True,162 506
TGT,long,7,2017-04-03T20:00:00Z,40.730796456,2019-09-03T20:00:00Z,88.075510146,331.41,1.0,-17.44,338.46,154.3,883.00:00:00,True,174 506
TGT,long,7,2017-07-03T17:00:00Z,40.091413673,2019-09-03T20:00:00Z,88.075510146,335.89,1.0,-12.96,342.94,154.3,792.03:00:00,True,208 506
TGT,long,10,2018-04-02T20:00:00Z,54.153252554,2019-09-03T20:00:00Z,88.075510146,339.22,1.0,-159.14,349.29,220.44,519.00:00:00,True,312 506
TGT,long,19,2018-12-03T21:00:00Z,58.2072959,2019-09-03T20:00:00Z,88.075510146,567.5,1.0,-379.39,586.63,182.96,273.23:00:00,True,411 506
TGT,long,4,2019-05-01T20:00:00Z,61.426446725,2019-09-03T20:00:00Z,88.075510146,106.6,1.0,-92.75,110.62,27.23,125.00:00:00,True,471 506
TGT,long,5,2019-08-01T20:00:00Z,67.672455696,2019-09-03T20:00:00Z,88.075510146,102.02,1.0,-147.16,107.05,11.27,33.00:00:00,True,504 506
VZ,long,16,2016-02-01T21:00:00Z,29.034775836,2019-09-03T20:00:00Z,38.84173194,156.91,1.0,-44.57,173.96,105.64,1309.23:00:00,True,11 507
T,long,30,2016-03-01T21:00:00Z,15.343748800769273,2019-09-03T20:00:00Z,17.54312201757921,65.98,1.0,-72.13,89.57,161.7,1280.23:00:00,True,22 508
MU,long,7,2017-11-01T20:00:00Z,43.276593374,2019-09-03T20:00:00Z,43.871427127,4.16,1.0,-104.85,124.51,229.35,671.00:00:00,True,247 509
MPC,long,24,2018-02-01T21:00:00Z,52.843842079,2019-10-01T20:00:00Z,49.097972848,-89.9,1.0,-406.93,356.49,763.42,606.23:00:00,False,289 518
VLO,long,2,2016-03-01T21:00:00Z,41.077764609,2019-10-01T20:00:00Z,65.153774964,48.15,1.0,-18.46,98.93,79.09,1308.23:00:00,True,28 519
VLO,long,6,2016-05-02T20:00:00Z,39.897254082,2019-10-01T20:00:00Z,65.153774964,151.54,1.0,-48.3,303.86,237.27,1247.00:00:00,True,48 519
DOW,long,14,2019-09-03T20:00:00Z,28.58234258,2019-10-01T20:00:00Z,31.433738957,39.92,2.1,0.0,69.02,29.1,28.00:00:00,True,510 520
AMAT,long,112,2018-09-04T20:00:00Z,39.186076766,2019-11-01T20:00:00Z,52.038012626,1439.42,1.0,-1386.78,1596.0,1386.78,423.00:00:00,True,374 527
AMAT,long,17,2018-10-01T20:00:00Z,35.250919362,2019-11-01T20:00:00Z,52.038012626,285.38,1.0,-143.6,309.15,152.66,396.00:00:00,True,386 527
AMAT,long,15,2018-11-01T20:00:00Z,32.501825755,2019-11-01T20:00:00Z,52.038012626,293.04,1.0,-85.47,314.01,129.68,365.00:00:00,True,402 527
VLO,long,1,2016-05-02T20:00:00Z,39.897254082,2019-11-01T20:00:00Z,76.346584932,36.45,1.0,-8.05,50.64,39.54,1278.00:00:00,True,48 528
VLO,long,6,2016-06-01T20:00:00Z,37.57776201,2019-11-01T20:00:00Z,76.346584932,232.61,1.0,-34.38,317.78,237.27,1248.00:00:00,True,60 528
VLO,long,3,2016-07-01T20:00:00Z,34.672125945,2019-11-01T20:00:00Z,76.346584932,125.02,1.0,-8.47,167.61,118.63,1218.00:00:00,True,70 528
PSX,long,8,2018-03-01T21:00:00Z,66.290055741,2019-11-01T20:00:00Z,90.77285184,195.86,1.0,-61.58,199.3,255.83,609.23:00:00,True,302 529
INTC,long,14,2018-07-02T20:00:00Z,42.67629006,2019-11-01T20:00:00Z,49.577443616,96.62,1.0,-89.53,115.78,183.03,487.00:00:00,True,347 530
MU,long,11,2017-11-01T20:00:00Z,43.276593374,2019-11-01T20:00:00Z,47.177142574,42.91,1.0,-164.76,195.65,360.41,730.00:00:00,True,247 531
HCA,long,4,2019-03-01T21:00:00Z,129.723182428,2019-11-01T20:00:00Z,126.03510414,-14.75,1.0,-99.15,30.61,115.37,244.23:00:00,False,452 532
GILD,long,31,2016-02-01T21:00:00Z,58.045930195,2019-12-02T21:00:00Z,51.03528402,-217.33,1.0,-391.41,401.05,792.47,1400.00:00:00,False,1 541
GILD,long,10,2016-08-01T20:00:00Z,56.148681114,2019-12-02T21:00:00Z,51.03528402,-51.13,1.0,-107.29,148.34,191.54,1218.01:00:00,False,78 541
GILD,long,6,2016-11-01T20:00:00Z,52.00254711,2019-12-02T21:00:00Z,51.03528402,-5.8,1.0,-39.5,113.88,114.93,1126.01:00:00,False,113 541
GILD,long,8,2017-01-03T21:00:00Z,52.400951712,2019-12-02T21:00:00Z,51.03528402,-10.93,1.0,-55.85,148.66,153.23,1063.00:00:00,False,135 541
GILD,long,5,2017-03-01T21:00:00Z,49.595776708,2019-12-02T21:00:00Z,51.03528402,7.2,1.0,-20.88,106.94,95.77,1006.00:00:00,True,165 541
GILD,long,8,2017-06-01T20:00:00Z,46.011391524,2019-12-02T21:00:00Z,51.03528402,40.19,1.0,-4.73,199.77,153.23,914.01:00:00,True,196 541
GILD,long,4,2017-10-02T20:00:00Z,60.322086144,2019-12-02T21:00:00Z,51.03528402,-37.15,1.0,-59.61,42.64,76.62,791.01:00:00,False,236 541
GILD,long,6,2017-11-01T20:00:00Z,54.052980448,2019-12-02T21:00:00Z,51.03528402,-18.11,1.0,-51.8,101.58,114.93,761.01:00:00,False,253 541
GILD,long,4,2017-12-01T21:00:00Z,54.414104048,2019-12-02T21:00:00Z,51.03528402,-13.52,1.0,-35.98,66.28,76.62,731.00:00:00,False,267 541
GILD,long,8,2018-01-02T21:00:00Z,53.8844085,2019-12-02T21:00:00Z,51.03528402,-22.79,1.0,-67.72,136.79,153.23,699.00:00:00,False,275 541
GILD,long,7,2018-04-02T20:00:00Z,53.562769794,2019-12-02T21:00:00Z,51.03528402,-17.69,1.0,-57.0,121.94,93.48,609.01:00:00,False,316 541
GILD,long,8,2018-05-01T20:00:00Z,53.138017176,2019-12-02T21:00:00Z,51.03528402,-16.82,1.0,-61.75,142.76,106.83,580.01:00:00,False,329 541
GILD,long,12,2018-06-01T20:00:00Z,50.01828243,2019-12-02T21:00:00Z,51.03528402,12.2,1.0,-55.18,251.58,160.24,549.01:00:00,True,339 541
GILD,long,8,2019-03-01T21:00:00Z,49.523566834,2019-12-02T21:00:00Z,51.03528402,12.09,1.0,-32.83,171.68,43.95,276.00:00:00,True,454 541
GILD,long,8,2019-08-01T20:00:00Z,50.065949973,2019-12-02T21:00:00Z,51.03528402,7.75,1.0,-37.17,167.34,36.0,123.01:00:00,True,502 541
GILD,long,8,2019-11-01T20:00:00Z,49.90837061,2019-12-02T21:00:00Z,51.03528402,9.02,1.0,-35.91,168.6,12.84,31.01:00:00,True,539 541
TYC,long,124,2017-12-01T21:00:00Z,30.574961468,2019-12-02T21:00:00Z,36.542660166,739.99,1.0,-794.69,974.76,1230.35,731.00:00:00,True,262 542
TYC,long,13,2018-02-01T21:00:00Z,32.755421178,2019-12-02T21:00:00Z,36.542660166,49.23,1.0,-111.66,73.85,120.11,669.00:00:00,True,293 542
TYC,long,14,2018-04-02T20:00:00Z,28.114689798,2019-12-02T21:00:00Z,36.542660166,117.99,1.0,-55.28,144.5,129.35,609.01:00:00,True,314 542
TYC,long,14,2018-05-01T20:00:00Z,29.780193084,2019-12-02T21:00:00Z,36.542660166,94.67,1.0,-78.6,121.18,129.35,580.01:00:00,True,330 542
TYC,long,15,2018-10-01T20:00:00Z,29.578700206,2019-12-02T21:00:00Z,36.542660166,104.46,1.0,-81.19,132.86,97.96,427.01:00:00,True,388 542
DOW,long,18,2019-09-03T20:00:00Z,28.58234258,2019-12-02T21:00:00Z,36.815601828,148.2,1.0,0.0,174.65,63.51,90.01:00:00,True,510 543
COP,long,10,2019-03-01T21:00:00Z,52.489733169,2019-12-02T21:00:00Z,46.78632741,-57.03,1.0,-137.0,7.39,144.39,276.00:00:00,False,449 544
LVS,long,7,2018-11-01T20:00:00Z,49.219345458,2019-12-02T21:00:00Z,57.03335592,54.7,1.0,-47.99,79.88,101.25,396.01:00:00,True,397 545
ET,long,764,2019-03-01T21:00:00Z,8.555952832,2019-12-03T21:00:00Z,6.5683216,-1518.55,8.975,-1671.28,331.64,2002.92,277.00:00:00,False,450 551
ET,long,40,2019-07-01T20:00:00Z,8.05333344,2019-12-03T21:00:00Z,6.5683216,-59.4,1.0,-67.4,37.47,90.24,155.01:00:00,False,494 551
ET,long,95,2019-10-01T20:00:00Z,7.419347616,2019-12-03T21:00:00Z,6.5683216,-80.85,1.0,-99.84,149.22,99.84,63.01:00:00,False,521 551
ET,long,67,2019-11-01T20:00:00Z,7.373654944,2019-12-03T21:00:00Z,6.5683216,-53.96,1.0,-67.35,108.3,67.35,32.01:00:00,False,536 551
ET,long,65,2019-12-02T21:00:00Z,6.642572192,2019-12-03T21:00:00Z,6.5683216,-4.83,1.0,-17.82,152.58,8.54,1.00:00:00,False,549 551
EOG,long,15,2019-12-02T21:00:00Z,52.652702967,2020-01-02T21:00:00Z,62.582263422,148.94,2.0,-22.43,148.94,22.43,31.00:00:00,True,547 552
SLB,long,17,2019-12-02T21:00:00Z,30.62968218,2020-01-02T21:00:00Z,34.311052854,62.58,2.14,-12.63,71.59,12.63,31.00:00:00,True,546 553
MU,long,1,2017-11-01T20:00:00Z,43.276593374,2020-01-02T21:00:00Z,54.012855047,10.74,1.0,-14.98,17.79,32.76,792.01:00:00,True,247 554
MU,long,10,2017-12-01T21:00:00Z,40.946015227,2020-01-02T21:00:00Z,54.012855047,130.67,1.0,-126.48,201.17,327.65,762.00:00:00,True,266 554
LVS,long,7,2018-11-01T20:00:00Z,49.219345458,2020-01-02T21:00:00Z,65.1380532,111.43,1.0,-47.99,111.43,101.25,427.01:00:00,True,397 555
HCA,long,3,2019-03-01T21:00:00Z,129.723182428,2020-01-02T21:00:00Z,139.48527523,29.29,1.0,-74.37,34.31,86.53,307.00:00:00,True,452 556
SLB,long,211,2019-12-02T21:00:00Z,30.62968218,2020-02-03T21:00:00Z,28.579731852,-432.54,1.055,-432.54,893.92,1326.45,63.00:00:00,False,546 563
INTC,long,21,2018-07-02T20:00:00Z,42.67629006,2020-02-03T21:00:00Z,56.828109442,297.19,1.0,-134.29,372.22,274.54,581.01:00:00,True,347 564
EXC,long,33,2020-01-02T21:00:00Z,25.200012629607908,2020-02-03T21:00:00Z,26.736531119240617,50.71,2.435,0.0,50.71,12.45,32.00:00:00,True,557 565
OXY,long,16,2019-03-01T21:00:00Z,56.918731065,2020-02-03T21:00:00Z,36.075118224,-333.5,2.0,-377.93,22.12,400.05,339.00:00:00,False,451 566
MU,long,9,2018-01-02T21:00:00Z,42.584245891,2020-02-03T21:00:00Z,52.442883994,88.73,2.0,-128.57,166.31,294.88,762.00:00:00,True,276 567
VZ,long,10,2016-02-01T21:00:00Z,29.034775836,2020-02-03T21:00:00Z,39.64065648,106.06,1.0,-27.86,129.36,66.03,1463.00:00:00,True,11 568
DAL,long,2,2016-04-01T20:00:00Z,41.380989693,2020-02-03T21:00:00Z,53.723687472,24.69,1.0,-23.84,37.44,28.19,1403.01:00:00,True,36 569
DAL,long,4,2016-05-02T20:00:00Z,37.120534681,2020-02-03T21:00:00Z,53.723687472,66.41,1.0,-30.64,91.93,56.37,1372.01:00:00,True,46 569
T,long,16,2016-03-01T21:00:00Z,15.343748800769273,2020-02-03T21:00:00Z,18.82799324838432,55.75,1.0,-38.47,73.08,86.24,1434.00:00:00,True,22 570
CVX,long,60,2018-03-01T21:00:00Z,77.938519648,2020-03-02T21:00:00Z,72.7502328,-311.3,1.0,-459.06,863.47,1322.52,732.00:00:00,False,301 577
CVX,long,4,2018-08-01T20:00:00Z,87.985799369,2020-03-02T21:00:00Z,72.7502328,-60.94,1.0,-70.79,17.38,88.17,579.01:00:00,False,364 577
CVX,long,6,2018-09-04T20:00:00Z,84.210432202,2020-03-02T21:00:00Z,72.7502328,-68.76,1.0,-83.54,48.72,132.25,545.01:00:00,False,376 577
CVX,long,3,2019-02-01T21:00:00Z,84.675754597,2020-03-02T21:00:00Z,72.7502328,-35.78,1.0,-43.16,22.96,66.13,395.00:00:00,False,439 577
CVX,long,3,2019-10-01T20:00:00Z,85.516609086,2020-03-02T21:00:00Z,72.7502328,-38.3,1.0,-45.69,20.44,60.32,153.01:00:00,False,526 577
CVX,long,5,2019-11-01T20:00:00Z,85.649295834,2020-03-02T21:00:00Z,72.7502328,-64.5,1.0,-76.81,33.4,100.53,122.01:00:00,False,538 577
DOW,long,232,2019-11-01T20:00:00Z,31.6116907802532,2020-03-02T21:00:00Z,20.62961612323065,-2547.84,2.6,-2766.12,311.72,3077.84,122.01:00:00,False,533 578
DOW,long,16,2020-01-02T21:00:00Z,28.9580615184195,2020-03-02T21:00:00Z,20.62961612323065,-133.26,1.0,-148.31,63.96,148.31,60.00:00:00,False,561 578
DOW,long,40,2020-02-03T21:00:00Z,23.6224816795926,2020-03-02T21:00:00Z,20.62961612323065,-119.71,1.0,-157.35,373.31,198.94,28.00:00:00,False,572 578
EXC,long,254,2020-01-02T21:00:00Z,25.200012629607908,2020-03-02T21:00:00Z,25.39280174693142,48.97,1.27,-280.41,697.42,977.83,60.00:00:00,True,557 579
DOW,long,188,2019-09-03T20:00:00Z,28.58234258,2020-03-02T21:00:00Z,29.159278226,108.46,1.05,-145.65,1824.16,1969.8,181.01:00:00,True,510 580
DOW,long,22,2020-02-03T21:00:00Z,32.369473842,2020-03-02T21:00:00Z,29.159278226,-70.62,1.0,-100.36,130.15,144.09,28.00:00:00,False,574 580
OXY,long,99,2019-03-01T21:00:00Z,56.918731065,2020-03-02T21:00:00Z,29.675565066,-2697.07,1.0,-2800.44,136.89,2937.32,367.00:00:00,False,451 581
OXY,long,16,2019-05-01T20:00:00Z,49.01515032,2020-03-02T21:00:00Z,29.675565066,-309.43,1.0,-326.14,148.58,363.39,306.01:00:00,False,468 581
OXY,long,8,2019-06-03T20:00:00Z,42.05684088,2020-03-02T21:00:00Z,29.675565066,-99.05,1.0,-107.4,129.96,139.67,273.01:00:00,False,484 581
OXY,long,9,2019-07-01T20:00:00Z,43.135176436,2020-03-02T21:00:00Z,29.675565066,-121.14,1.0,-130.53,136.5,157.13,245.01:00:00,False,492 581
OXY,long,22,2019-09-03T20:00:00Z,36.982911416,2020-03-02T21:00:00Z,29.675565066,-160.76,1.0,-183.73,469.01,305.94,181.01:00:00,False,511 581
OXY,long,24,2019-11-01T20:00:00Z,37.293047432,2020-03-02T21:00:00Z,29.675565066,-182.82,1.0,-207.88,504.2,333.75,122.01:00:00,False,534 581
OXY,long,10,2019-12-02T21:00:00Z,34.109602144,2020-03-02T21:00:00Z,29.675565066,-44.34,1.0,-54.78,241.92,139.06,91.00:00:00,False,550 581
MU,long,15,2018-05-01T20:00:00Z,45.626674267,2020-03-02T21:00:00Z,53.232745207,114.09,2.0,-259.92,231.55,491.47,671.01:00:00,True,324 582
HCA,long,4,2019-03-01T21:00:00Z,129.723182428,2020-03-02T21:00:00Z,128.15310454,-6.28,1.0,-99.15,52.48,115.37,367.00:00:00,False,452 583
T,long,23,2016-03-01T21:00:00Z,15.343748800769273,2020-03-02T21:00:00Z,18.94006463676756,82.72,1.0,-55.3,105.06,123.97,1462.00:00:00,True,22 584
LVS,long,5,2018-11-01T20:00:00Z,49.219345458,2020-03-02T21:00:00Z,53.60088954,21.91,1.0,-34.28,94.59,72.68,487.01:00:00,True,397 585
VZ,long,7,2016-02-01T21:00:00Z,29.034775836,2020-03-02T21:00:00Z,39.16239968,70.89,1.0,-19.5,90.55,46.22,1491.00:00:00,True,11 586
VLO,long,5,2016-07-01T20:00:00Z,34.672125945,2020-03-03T21:00:00Z,53.407746861,93.68,1.0,-14.12,279.34,201.24,1341.01:00:00,True,70 596
VLO,long,6,2016-10-03T20:00:00Z,36.06243255,2020-03-03T21:00:00Z,53.407746861,104.07,1.0,-25.29,326.87,241.48,1247.01:00:00,True,98 596
VLO,long,5,2017-02-01T21:00:00Z,44.980672095,2020-03-03T21:00:00Z,53.407746861,42.14,1.0,-65.67,227.8,201.24,1126.00:00:00,True,150 596
VLO,long,8,2017-06-01T20:00:00Z,43.652543984,2020-03-03T21:00:00Z,53.407746861,78.04,1.0,-94.44,375.11,321.98,1006.01:00:00,True,197 596
VLO,long,7,2018-07-02T20:00:00Z,79.474338933,2020-03-03T21:00:00Z,53.407746861,-182.47,1.0,-333.39,77.47,269.59,610.01:00:00,False,348 596
VLO,long,13,2018-11-01T20:00:00Z,67.779033421,2020-03-03T21:00:00Z,53.407746861,-186.83,1.0,-467.11,295.9,353.99,488.01:00:00,False,399 596
VLO,long,15,2018-12-03T21:00:00Z,60.13893519,2020-03-03T21:00:00Z,53.407746861,-100.97,1.0,-424.37,456.03,408.45,456.00:00:00,False,412 596
VLO,long,8,2019-03-01T21:00:00Z,61.984536903,2020-03-03T21:00:00Z,53.407746861,-68.61,1.0,-241.1,228.45,217.84,368.00:00:00,False,453 596
VLO,long,14,2019-06-03T20:00:00Z,54.4429512,2020-03-03T21:00:00Z,53.407746861,-14.49,1.0,-316.34,505.37,381.22,274.01:00:00,False,482 596
VLO,long,4,2019-08-01T20:00:00Z,63.773868114,2020-03-03T21:00:00Z,53.407746861,-41.46,1.0,-127.71,107.07,108.92,215.01:00:00,False,505 596
VLO,long,8,2019-09-03T20:00:00Z,57.011464434,2020-03-03T21:00:00Z,53.407746861,-28.83,1.0,-201.31,268.24,217.84,182.01:00:00,False,515 596
VLO,long,7,2020-01-02T21:00:00Z,73.383862293,2020-03-03T21:00:00Z,53.407746861,-139.83,1.0,-290.76,120.1,171.14,61.00:00:00,False,560 596
VLO,long,13,2020-03-02T21:00:00Z,52.970682149,2020-03-03T21:00:00Z,53.407746861,5.68,1.0,-274.6,488.41,34.8,1.00:00:00,True,592 596
MPC,long,58,2018-02-01T21:00:00Z,52.843842079,2020-04-01T20:00:00Z,17.282795529,-2062.54,1.0,-2266.67,861.52,3128.19,789.23:00:00,False,289 601
MPC,long,9,2018-07-02T20:00:00Z,54.749401857,2020-04-01T20:00:00Z,17.282795529,-337.2,1.0,-368.87,116.53,485.41,639.00:00:00,False,350 601
MPC,long,6,2018-11-01T20:00:00Z,55.700327996,2020-04-01T20:00:00Z,17.282795529,-230.51,1.0,-251.62,71.98,251.62,517.00:00:00,False,403 601
MPC,long,12,2018-12-03T21:00:00Z,51.0396943,2020-04-01T20:00:00Z,17.282795529,-405.08,1.0,-447.32,199.9,498.57,484.23:00:00,False,414 601
MPC,long,11,2019-04-01T20:00:00Z,48.585366555,2020-04-01T20:00:00Z,17.282795529,-344.33,1.0,-383.04,210.24,457.02,366.00:00:00,False,460 601
MPC,long,23,2019-06-03T20:00:00Z,37.898901402,2020-04-01T20:00:00Z,17.282795529,-474.17,1.0,-555.12,685.37,955.58,303.00:00:00,False,480 601
MPC,long,17,2019-09-03T20:00:00Z,40.364746144,2020-04-01T20:00:00Z,17.282795529,-392.39,1.0,-452.22,464.66,706.3,211.00:00:00,False,512 601
MPC,long,11,2020-01-02T21:00:00Z,50.758919384,2020-04-01T20:00:00Z,17.282795529,-368.24,1.0,-406.95,186.33,406.95,89.23:00:00,False,559 601
DAL,long,13,2016-05-02T20:00:00Z,37.120534681,2020-04-01T20:00:00Z,22.997877005,-183.59,1.0,-214.65,298.78,513.43,1430.00:00:00,False,46 602
DAL,long,23,2016-07-01T20:00:00Z,32.471406827,2020-04-01T20:00:00Z,22.997877005,-217.89,1.0,-272.84,635.54,908.38,1370.00:00:00,False,67 602
DAL,long,7,2017-02-01T21:00:00Z,42.151661874,2020-04-01T20:00:00Z,22.997877005,-134.08,1.0,-150.8,125.66,276.46,1154.23:00:00,False,149 602
DAL,long,5,2017-04-03T20:00:00Z,41.466293539,2020-04-01T20:00:00Z,22.997877005,-92.34,1.0,-104.29,93.19,197.47,1094.00:00:00,False,175 602
DAL,long,13,2017-08-01T20:00:00Z,45.017150901,2020-04-01T20:00:00Z,22.997877005,-286.25,1.0,-317.31,196.12,513.43,974.00:00:00,False,216 602
DAL,long,5,2018-02-01T21:00:00Z,51.371572252,2020-04-01T20:00:00Z,22.997877005,-141.87,1.0,-153.81,43.66,197.47,789.23:00:00,False,294 602
DAL,long,9,2018-05-01T20:00:00Z,48.297957678,2020-04-01T20:00:00Z,22.997877005,-227.7,1.0,-249.2,106.25,355.45,701.00:00:00,False,328 602
DAL,long,9,2018-07-02T20:00:00Z,45.987192576,2020-04-01T20:00:00Z,22.997877005,-206.9,1.0,-228.41,127.05,355.45,639.00:00:00,False,351 602
DAL,long,10,2019-01-02T21:00:00Z,46.750364457,2020-04-01T20:00:00Z,22.997877005,-237.52,1.0,-261.42,133.53,394.95,454.23:00:00,False,424 602
DAL,long,14,2019-02-01T21:00:00Z,46.591698816,2020-04-01T20:00:00Z,22.997877005,-330.31,1.0,-363.76,189.16,552.92,424.23:00:00,False,435 602
DAL,long,8,2019-10-01T20:00:00Z,54.251063761,2020-04-01T20:00:00Z,22.997877005,-250.03,1.0,-269.14,46.82,310.86,183.00:00:00,False,523 602
DAL,long,9,2019-11-01T20:00:00Z,53.704514136,2020-04-01T20:00:00Z,22.997877005,-276.36,1.0,-297.86,57.59,349.72,152.00:00:00,False,537 602
DAL,long,6,2020-03-02T21:00:00Z,45.522765144,2020-04-01T20:00:00Z,22.997877005,-135.15,1.0,-149.48,87.48,157.24,29.23:00:00,False,594 602
EOG,long,116,2019-12-02T21:00:00Z,52.652702967,2020-04-01T20:00:00Z,25.82062022,-3112.52,1.0,-3531.5,1596.17,5127.67,120.23:00:00,False,547 603
EOG,long,7,2020-02-03T21:00:00Z,53.260626159,2020-04-01T20:00:00Z,25.82062022,-192.08,1.0,-217.36,92.06,248.24,57.23:00:00,False,575 603
ET,long,935,2020-02-03T21:00:00Z,7.31082752,2020-04-01T20:00:00Z,2.901484672,-4122.74,9.35,-4416.45,112.15,4528.6,57.23:00:00,False,571 604
BIIB,long,5,2020-03-02T21:00:00Z,327.89,2020-04-01T20:00:00Z,293.27,-173.1,2.0,-295.05,2.8,297.85,29.23:00:00,False,588 605
NEM,long,33,2020-03-02T21:00:00Z,39.041585625,2020-04-01T20:00:00Z,38.850853152,-6.29,2.0,-198.59,155.93,354.52,29.23:00:00,False,590 606
CVS,long,25,2020-03-02T21:00:00Z,51.920639997,2020-04-01T20:00:00Z,47.306733366,-115.35,2.0,-237.79,40.75,278.54,29.23:00:00,False,589 607
VZ,long,30,2016-02-01T21:00:00Z,29.034775836,2020-04-01T20:00:00Z,36.15621408,213.64,1.0,-83.57,388.08,234.5,1520.23:00:00,True,11 608
INTC,long,21,2018-07-02T20:00:00Z,42.67629006,2020-04-01T20:00:00Z,45.991324284,69.62,1.0,-134.29,372.22,437.94,639.00:00:00,True,347 609
DELL,long,53,2019-05-01T20:00:00Z,31.57570753517359,2020-04-01T20:00:00Z,16.989553923124895,-773.07,1.0,-968.77,29.77,998.54,336.00:00:00,False,467 610
CI,long,6,2020-03-02T21:00:00Z,174.792000156,2020-04-01T20:00:00Z,155.693322018,-114.59,2.0,-346.74,82.03,428.77,29.23:00:00,False,591 611
SO,long,14,2020-03-02T21:00:00Z,49.266388686,2020-04-01T20:00:00Z,38.639398228,-148.78,2.0,-223.33,41.54,264.87,29.23:00:00,False,587 612
PSX,long,17,2018-03-01T21:00:00Z,66.290055741,2020-05-01T20:00:00Z,51.777827976,-246.71,1.0,-568.63,433.15,1001.78,791.23:00:00,False,302 623
COP,long,29,2019-03-01T21:00:00Z,52.489733169,2020-05-01T20:00:00Z,30.555725445,-636.09,1.0,-1009.09,21.42,1030.51,426.23:00:00,False,449 624
NEM,long,15,2020-03-02T21:00:00Z,39.041585625,2020-05-01T20:00:00Z,50.990177184,179.23,1.0,-90.27,205.81,161.15,59.23:00:00,True,590 625
UTX,long,11,2020-04-01T20:00:00Z,41.89305163176917,2020-05-01T20:00:00Z,52.66001408,118.44,2.0,-27.03,182.88,64.45,30.00:00:00,True,617 626
EPD,long,44,2020-04-01T20:00:00Z,8.428841015,2020-05-01T20:00:00Z,10.747766268,102.03,3.69,0.0,135.71,40.88,30.00:00:00,True,615 627
HCA,long,3,2019-03-01T21:00:00Z,129.723182428,2020-05-01T20:00:00Z,99.504883688,-90.65,1.0,-195.22,39.36,234.58,426.23:00:00,False,452 628
XOM,long,8,2018-09-04T20:00:00Z,56.280006139,2020-05-01T20:00:00Z,32.490998247,-190.31,1.0,-261.18,35.38,296.56,605.00:00:00,False,373 629
CI,long,29,2020-03-02T21:00:00Z,174.792000156,2020-06-01T20:00:00Z,178.21024494,99.13,1.0,-1675.92,396.46,2072.38,90.23:00:00,True,591 639
CI,long,1,2020-05-01T20:00:00Z,168.305677566,2020-06-01T20:00:00Z,178.21024494,9.9,1.0,-51.3,20.16,8.44,31.00:00:00,True,638 639
DELL,long,32,2019-05-01T20:00:00Z,31.57570753517359,2020-06-01T20:00:00Z,22.73101022180694,-283.03,1.0,-584.92,17.97,602.89,397.00:00:00,False,467 640
PCLN,long,7,2020-04-01T20:00:00Z,49.68719757364,2020-06-01T20:00:00Z,65.28148250844,109.16,2.0,-11.2,130.0,42.25,61.00:00:00,True,616 641
EPD,long,26,2020-04-01T20:00:00Z,8.428841015,2020-06-01T20:00:00Z,12.090452772,95.2,1.0,0.0,97.32,24.63,61.00:00:00,True,615 642
PSX,long,5,2018-03-01T21:00:00Z,66.290055741,2020-06-01T20:00:00Z,62.288951323,-20.01,1.0,-167.25,127.4,294.64,822.23:00:00,False,302 643
QCOM,long,11,2020-06-01T20:00:00Z,69.274215773,2020-07-01T20:00:00Z,78.6100213,102.69,2.0,0.0,118.01,70.79,30.00:00:00,True,644 650
DELL,long,29,2019-05-01T20:00:00Z,31.57570753517359,2020-07-01T20:00:00Z,24.991679863068274,-190.94,1.0,-530.08,16.29,546.37,427.00:00:00,False,467 651
MU,long,5,2018-05-01T20:00:00Z,45.626674267,2020-07-01T20:00:00Z,48.46432381,14.19,1.0,-86.64,77.18,163.82,792.00:00:00,True,324 652
MU,long,6,2018-07-02T20:00:00Z,53.125480104,2020-07-01T20:00:00Z,48.46432381,-27.97,1.0,-148.96,47.63,166.34,730.00:00:00,False,349 652
NEM,long,9,2020-03-02T21:00:00Z,39.041585625,2020-07-01T20:00:00Z,51.519794976,112.3,1.0,-54.16,159.53,97.1,120.23:00:00,True,590 653
CVS,long,5,2020-03-02T21:00:00Z,51.920639997,2020-07-01T20:00:00Z,52.788407208,4.34,1.0,-47.56,29.11,55.71,120.23:00:00,True,589 654
PSX,long,30,2018-03-01T21:00:00Z,66.290055741,2020-08-03T20:00:00Z,48.295074272,-539.85,1.0,-1003.47,764.38,1767.86,885.23:00:00,False,302 663
PSX,long,4,2018-09-04T20:00:00Z,87.964864936,2020-08-03T20:00:00Z,48.295074272,-158.68,1.0,-220.5,15.22,235.71,699.00:00:00,False,377 663
PSX,long,3,2018-10-01T20:00:00Z,84.652132968,2020-08-03T20:00:00Z,48.295074272,-109.07,1.0,-155.43,21.35,176.79,672.00:00:00,False,389 663
PSX,long,11,2018-12-03T21:00:00Z,68.66672432,2020-08-03T20:00:00Z,48.295074272,-224.09,1.0,-394.08,254.13,648.21,608.23:00:00,False,413 663
PSX,long,3,2019-05-01T20:00:00Z,69.05789408,2020-08-03T20:00:00Z,48.295074272,-62.29,1.0,-108.65,68.13,176.79,460.00:00:00,False,473 663
PSX,long,4,2019-06-03T20:00:00Z,62.4457782,2020-08-03T20:00:00Z,48.295074272,-56.6,1.0,-118.42,117.29,235.71,427.00:00:00,False,485 663
PSX,long,7,2020-01-02T21:00:00Z,86.67263748,2020-08-03T20:00:00Z,48.295074272,-268.64,1.0,-376.82,35.68,376.82,213.23:00:00,False,558 663
PSX,long,11,2020-02-03T21:00:00Z,68.71239843,2020-08-03T20:00:00Z,48.295074272,-224.59,1.0,-394.59,253.63,425.94,181.23:00:00,False,573 663
PSX,long,5,2020-03-02T21:00:00Z,58.59727066,2020-08-03T20:00:00Z,48.295074272,-51.51,1.0,-128.78,165.86,128.78,153.23:00:00,False,593 663
PSX,long,12,2020-04-01T20:00:00Z,38.630504266,2020-08-03T20:00:00Z,48.295074272,115.97,1.0,-69.47,637.67,291.57,124.00:00:00,True,620 663
PSX,long,6,2020-07-01T20:00:00Z,54.608517391,2020-08-03T20:00:00Z,48.295074272,-37.88,1.0,-130.61,222.97,48.03,33.00:00:00,False,659 663
HCA,long,13,2019-03-01T21:00:00Z,129.723182428,2020-08-03T20:00:00Z,119.441919796,-133.66,1.0,-845.94,170.55,1016.5,520.23:00:00,False,452 664
PFE,long,34,2020-04-01T20:00:00Z,21.77760892729321,2020-08-03T20:00:00Z,26.834797493527557,171.94,2.05,0.0,184.79,144.9,124.00:00:00,True,613 665
QCOM,long,8,2020-06-01T20:00:00Z,69.274215773,2020-08-03T20:00:00Z,95.95536015,213.45,1.0,0.0,213.45,51.48,63.00:00:00,True,644 666
NEM,long,9,2020-03-02T21:00:00Z,39.041585625,2020-08-03T20:00:00Z,57.22089354,163.61,1.0,-54.16,171.55,97.1,153.23:00:00,True,590 667
DELL,long,14,2019-05-01T20:00:00Z,31.57570753517359,2020-08-03T20:00:00Z,27.846293259365684,-52.21,1.0,-255.9,7.86,263.77,460.00:00:00,False,467 668
PCLN,long,10,2020-04-01T20:00:00Z,49.68719757364,2020-09-01T20:00:00Z,75.36755810408,256.8,1.0,-16.0,263.21,117.09,153.00:00:00,True,616 677
LVS,long,15,2018-11-01T20:00:00Z,49.219345458,2020-09-01T20:00:00Z,46.590720915,-39.43,1.0,-208.06,283.77,491.83,670.00:00:00,False,397 678
QCOM,long,5,2020-06-01T20:00:00Z,69.274215773,2020-09-01T20:00:00Z,106.83012585,187.78,1.0,0.0,187.78,32.18,92.00:00:00,True,644 679
DELL,long,13,2019-05-01T20:00:00Z,31.57570753517359,2020-09-01T20:00:00Z,30.55817598584822,-13.23,1.0,-237.62,7.3,244.93,489.00:00:00,False,467 680
UTX,long,6,2020-04-01T20:00:00Z,41.89305163176917,2020-09-01T20:00:00Z,53.136608276,67.46,1.0,-14.75,135.41,91.16,153.00:00:00,True,617 681
QCOM,long,55,2020-06-01T20:00:00Z,69.274215773,2020-10-01T20:00:00Z,105.210420192,1976.49,1.0,0.0,2153.69,649.25,122.00:00:00,True,644 688
INTC,long,12,2018-07-02T20:00:00Z,42.67629006,2020-10-01T20:00:00Z,46.88699332,50.53,1.0,-76.74,212.69,250.25,822.00:00:00,True,347 689
VZ,long,10,2016-09-01T20:00:00Z,30.691418616,2020-10-01T20:00:00Z,41.515986025,108.25,2.0,-44.42,116.35,78.17,1491.00:00:00,True,87 690
MU,long,4,2018-07-02T20:00:00Z,53.125480104,2020-10-01T20:00:00Z,46.728579416,-25.59,1.0,-99.31,31.75,110.89,822.00:00:00,False,349 691
MU,long,5,2018-08-01T20:00:00Z,50.989929417,2020-10-01T20:00:00Z,46.728579416,-21.31,1.0,-113.46,50.37,124.43,792.00:00:00,False,366 691
DELL,long,12,2019-05-01T20:00:00Z,31.57570753517359,2020-10-01T20:00:00Z,31.096869159020475,-5.75,1.0,-219.34,6.74,226.09,519.00:00:00,False,467 692
SO,long,6,2020-03-02T21:00:00Z,49.266388686,2020-10-01T20:00:00Z,43.09100157,-37.05,1.0,-95.71,17.8,113.51,212.23:00:00,False,587 693
EPD,long,55,2020-04-01T20:00:00Z,8.428841015,2020-11-02T21:00:00Z,10.82790976,131.95,1.0,0.0,306.29,227.81,215.01:00:00,True,615 700
MU,long,1,2018-08-01T20:00:00Z,50.989929417,2020-11-02T21:00:00Z,48.474075183,-2.52,1.0,-22.69,10.07,24.89,824.01:00:00,False,366 701
MU,long,10,2018-10-01T20:00:00Z,44.027449095,2020-11-02T21:00:00Z,48.474075183,44.47,1.0,-157.29,170.36,248.86,763.01:00:00,True,385 701
SO,long,11,2020-03-02T21:00:00Z,49.266388686,2020-11-02T21:00:00Z,46.554375735,-29.83,1.0,-175.47,32.64,208.11,245.00:00:00,False,587 702
LVS,long,8,2018-11-01T20:00:00Z,49.219345458,2020-11-02T21:00:00Z,46.140297027,-24.63,1.0,-110.96,151.34,262.31,732.01:00:00,False,397 703
COP,long,80,2019-03-01T21:00:00Z,52.489733169,2020-11-03T21:00:00Z,24.763901952,-2218.07,1.155,-2783.7,59.09,2842.8,613.00:00:00,False,449 710
COP,long,12,2019-05-01T20:00:00Z,47.722785111,2020-11-03T21:00:00Z,24.763901952,-275.51,1.0,-360.35,66.07,405.94,552.01:00:00,False,469 710
COP,long,7,2019-07-01T20:00:00Z,47.631406864,2020-11-03T21:00:00Z,24.763901952,-160.07,1.0,-209.57,39.18,236.8,491.01:00:00,False,493 710
COP,long,8,2019-08-01T20:00:00Z,45.22751352,2020-11-03T21:00:00Z,24.763901952,-163.71,1.0,-220.27,64.01,270.62,460.01:00:00,False,503 710
COP,long,13,2019-09-03T20:00:00Z,40.020196062,2020-11-03T21:00:00Z,24.763901952,-198.33,1.0,-290.25,171.71,439.77,427.01:00:00,False,513 710
COP,long,46,2020-04-01T20:00:00Z,23.117767246,2020-11-03T21:00:00Z,24.763901952,75.72,1.0,-249.52,1385.09,763.02,216.01:00:00,True,618 710
COP,long,21,2020-08-03T20:00:00Z,29.233083408,2020-11-03T21:00:00Z,24.763901952,-93.85,1.0,-242.33,503.9,212.18,92.01:00:00,False,670 710
COP,long,24,2020-10-01T20:00:00Z,25.824813264,2020-11-03T21:00:00Z,24.763901952,-25.46,1.0,-195.15,657.69,126.48,33.01:00:00,False,695 710
COP,long,20,2020-11-02T21:00:00Z,24.368904818,2020-11-03T21:00:00Z,24.763901952,7.9,1.0,-133.51,577.19,14.83,1.00:00:00,True,705 710
MU,long,13,2018-10-01T20:00:00Z,44.027449095,2020-12-01T21:00:00Z,65.412210084,278.0,1.0,-204.48,278.0,323.51,792.01:00:00,True,385 713
MU,long,15,2018-11-01T20:00:00Z,39.122508476,2020-12-01T21:00:00Z,65.412210084,394.35,1.0,-162.36,394.35,373.28,761.01:00:00,True,401 713
MU,long,16,2019-01-02T21:00:00Z,31.935746575,2020-12-01T21:00:00Z,65.412210084,535.62,1.0,-58.2,535.62,398.17,699.00:00:00,True,423 713
MU,long,24,2019-06-03T20:00:00Z,31.877238337,2020-12-01T21:00:00Z,65.412210084,804.84,1.0,-85.89,804.84,597.25,547.01:00:00,True,481 713
MU,long,15,2019-10-01T20:00:00Z,41.24830779,2020-12-01T21:00:00Z,65.412210084,362.46,1.0,-194.25,362.46,373.28,427.01:00:00,True,522 713
MU,long,6,2020-06-01T20:00:00Z,45.187862482,2020-12-01T21:00:00Z,65.412210084,121.35,1.0,-101.34,121.35,64.71,183.01:00:00,True,646 713
MU,long,5,2020-08-03T20:00:00Z,49.137168547,2020-12-01T21:00:00Z,65.412210084,81.38,1.0,-104.19,81.38,42.13,120.01:00:00,True,675 713
MU,long,15,2020-09-01T20:00:00Z,44.622282848,2020-12-01T21:00:00Z,65.412210084,311.85,1.0,-244.86,311.85,68.31,91.01:00:00,True,682 713
BIIB,long,14,2020-03-02T21:00:00Z,327.89,2020-12-01T21:00:00Z,243.16,-1186.22,1.0,-1282.82,388.36,1671.18,274.00:00:00,False,588 714
BIIB,long,4,2020-05-01T20:00:00Z,293.09,2020-12-01T21:00:00Z,243.16,-199.72,1.0,-227.32,250.16,477.48,214.01:00:00,False,630 714
BIIB,long,2,2020-07-01T20:00:00Z,264.77,2020-12-01T21:00:00Z,243.16,-43.22,1.0,-57.02,181.72,238.74,153.01:00:00,False,656 714
BIIB,long,1,2020-11-02T21:00:00Z,248.99,2020-12-01T21:00:00Z,243.16,-5.83,1.0,-12.73,106.64,119.37,29.00:00:00,False,707 714
GIS,long,112,2020-10-01T20:00:00Z,49.764511398,2020-12-01T21:00:00Z,49.169534813,-66.64,2.0,-331.61,60.01,391.62,61.01:00:00,False,694 715
UTX,long,18,2020-04-01T20:00:00Z,41.89305163176917,2020-12-01T21:00:00Z,62.828293286,376.83,1.0,-44.24,426.53,335.3,244.01:00:00,True,617 716
HCA,long,4,2019-03-01T21:00:00Z,129.723182428,2020-12-01T21:00:00Z,144.23413961,58.04,1.0,-260.29,70.01,312.77,641.00:00:00,True,452 717
PCLN,long,7,2020-04-01T20:00:00Z,49.68719757364,2020-12-01T21:00:00Z,80.20526398676,213.63,1.0,-11.2,231.56,94.25,244.01:00:00,True,616 718
CVS,long,6,2020-03-02T21:00:00Z,51.920639997,2020-12-01T21:00:00Z,56.127306928,25.24,1.0,-57.07,54.81,67.59,274.00:00:00,True,589 719
XOM,long,9,2018-09-04T20:00:00Z,56.280006139,2020-12-01T21:00:00Z,30.8476168,-228.89,1.0,-293.83,39.81,333.63,819.01:00:00,False,373 720
EPD,long,20,2020-04-01T20:00:00Z,8.428841015,2020-12-01T21:00:00Z,12.914263104,89.71,1.0,0.0,111.38,82.84,244.01:00:00,True,615 721
EPD,long,393,2020-04-01T20:00:00Z,8.428841015,2021-01-04T21:00:00Z,12.735998736,1692.71,2.345,0.0,2294.69,1627.84,278.01:00:00,True,615 726
EPD,long,24,2020-08-03T20:00:00Z,11.295837336,2021-01-04T21:00:00Z,12.735998736,34.56,1.0,-68.81,71.33,54.93,154.01:00:00,True,674 726
EPD,long,52,2020-10-01T20:00:00Z,10.074318216,2021-01-04T21:00:00Z,12.735998736,138.41,1.0,-85.56,218.06,79.65,95.01:00:00,True,697 726
PCLN,long,65,2020-04-01T20:00:00Z,49.68719757364,2021-01-04T21:00:00Z,84.55845688224,2266.63,1.0,-104.0,2427.12,875.21,278.01:00:00,True,616 727
PCLN,long,5,2020-05-01T20:00:00Z,56.60948151012,2021-01-04T21:00:00Z,84.55845688224,139.74,1.0,-42.61,152.09,67.32,248.01:00:00,True,635 727
PCLN,long,5,2020-10-01T20:00:00Z,68.10455213144,2021-01-04T21:00:00Z,84.55845688224,82.27,1.0,-100.09,94.61,47.06,95.01:00:00,True,698 727
PFE,long,176,2020-04-01T20:00:00Z,21.77760892729321,2021-01-04T21:00:00Z,27.427292964,994.34,1.085,0.0,1747.08,761.91,278.01:00:00,True,613 728
PFE,long,31,2020-07-01T20:00:00Z,23.380568270668665,2021-01-04T21:00:00Z,27.427292964,125.45,1.0,-49.69,258.03,134.2,187.01:00:00,True,655 728
PFE,long,10,2020-09-01T20:00:00Z,25.80618856743928,2021-01-04T21:00:00Z,27.427292964,16.21,1.0,-40.29,58.98,43.29,125.01:00:00,True,686 728
SO,long,95,2020-03-02T21:00:00Z,49.266388686,2021-01-04T21:00:00Z,47.307147888,-186.13,1.0,-1515.44,281.86,1797.3,308.00:00:00,False,587 729
SO,long,12,2020-05-01T20:00:00Z,41.929989182,2021-01-04T21:00:00Z,47.307147888,64.53,1.0,-103.39,123.64,87.77,248.01:00:00,True,632 729
SO,long,11,2020-07-01T20:00:00Z,41.22511815,2021-01-04T21:00:00Z,47.307147888,66.9,1.0,-87.02,121.09,41.82,187.01:00:00,True,657 729
SO,long,7,2020-12-01T21:00:00Z,48.271461381,2021-01-04T21:00:00Z,47.307147888,-6.75,1.0,-104.7,27.73,14.06,34.00:00:00,False,724 729
UTX,long,73,2020-04-01T20:00:00Z,41.89305163176917,2021-01-04T21:00:00Z,60.358558326,1347.98,1.0,-179.4,1737.54,1359.82,278.01:00:00,True,617 730
UTX,long,5,2020-07-01T20:00:00Z,53.552385438,2021-01-04T21:00:00Z,60.358558326,34.03,1.0,-70.58,60.71,50.24,187.01:00:00,True,660 730
UTX,long,11,2020-08-03T20:00:00Z,49.988600658,2021-01-04T21:00:00Z,60.358558326,114.07,1.0,-116.08,172.77,110.53,154.01:00:00,True,671 730
UTX,long,5,2020-11-02T21:00:00Z,48.819477775,2021-01-04T21:00:00Z,60.358558326,57.7,1.0,-46.92,84.38,26.68,63.00:00:00,True,709 730
HCA,long,3,2019-03-01T21:00:00Z,129.723182428,2021-01-04T21:00:00Z,155.877703872,78.46,1.0,-195.22,83.27,234.58,675.00:00:00,True,452 731
LVS,long,8,2018-11-01T20:00:00Z,49.219345458,2021-01-04T21:00:00Z,54.379300645,41.28,1.0,-110.96,151.34,262.31,795.01:00:00,True,397 732
DELL,long,10,2019-05-01T20:00:00Z,31.57570753517359,2021-01-04T21:00:00Z,33.37595566090308,18.0,1.0,-182.79,28.22,188.4,614.01:00:00,True,467 733
XOM,long,10,2018-09-04T20:00:00Z,56.280006139,2021-01-04T21:00:00Z,33.2513272,-230.29,1.0,-326.47,44.23,370.71,853.01:00:00,False,373 734
INTC,long,13,2018-07-02T20:00:00Z,42.67629006,2021-02-01T21:00:00Z,51.251087703,111.47,1.0,-83.13,230.42,271.11,945.01:00:00,True,347 737
XOM,long,16,2018-09-04T20:00:00Z,56.280006139,2021-02-01T21:00:00Z,35.999569424,-324.49,1.0,-522.36,70.77,593.13,881.01:00:00,False,373 738
LVS,long,60,2018-11-01T20:00:00Z,49.219345458,2021-02-02T21:00:00Z,46.797165197,-145.33,1.0,-832.23,1135.08,1967.31,824.01:00:00,False,397 744
LVS,long,11,2019-06-03T20:00:00Z,46.899741878,2021-02-02T21:00:00Z,46.797165197,-1.13,1.0,-127.06,233.61,360.67,610.01:00:00,False,483 744
LVS,long,7,2019-09-03T20:00:00Z,48.744645016,2021-02-02T21:00:00Z,46.797165197,-13.63,1.0,-93.77,135.75,229.52,518.01:00:00,False,517 744
LVS,long,9,2020-04-01T20:00:00Z,37.81683893,2021-02-02T21:00:00Z,46.797165197,80.82,1.0,-22.21,272.88,103.96,307.01:00:00,True,622 744
LVS,long,6,2020-06-01T20:00:00Z,46.008923393,2021-02-02T21:00:00Z,46.797165197,4.73,1.0,-63.96,132.77,69.31,246.01:00:00,True,647 744
LVS,long,12,2020-08-03T20:00:00Z,41.2888564,2021-02-02T21:00:00Z,46.797165197,66.1,1.0,-71.28,322.18,135.35,183.01:00:00,True,673 744
LVS,long,5,2020-10-01T20:00:00Z,43.372066882,2021-02-02T21:00:00Z,46.797165197,17.13,1.0,-40.12,123.83,56.4,124.01:00:00,True,699 744
LVS,long,25,2021-02-01T21:00:00Z,46.046458717,2021-02-02T21:00:00Z,46.797165197,18.77,1.0,-267.44,552.27,53.72,1.00:00:00,True,741 744
IBM,long,58,2020-04-01T20:00:00Z,76.8438349181211,2021-03-01T21:00:00Z,93.20386503719682,948.88,2.0,0.0,1378.64,1190.91,334.01:00:00,True,614 745
IBM,long,2,2020-06-01T20:00:00Z,92.56433252589005,2021-03-01T21:00:00Z,93.20386503719682,1.28,1.0,-31.44,16.1,41.07,273.01:00:00,True,649 745
IBM,long,3,2020-11-02T21:00:00Z,84.78087671269088,2021-03-01T21:00:00Z,93.20386503719682,25.27,1.0,-23.81,47.5,29.87,119.00:00:00,True,708 745
IBM,long,4,2021-02-01T21:00:00Z,91.82247006332891,2021-03-01T21:00:00Z,93.20386503719682,5.53,1.0,-59.91,35.16,13.22,28.00:00:00,True,742 745
COP,long,191,2021-01-04T21:00:00Z,31.898033862,2021-03-01T21:00:00Z,42.799292461,2082.14,2.0,0.0,2402.23,1207.11,56.00:00:00,True,735 746
XOM,long,67,2018-09-04T20:00:00Z,56.280006139,2021-03-01T21:00:00Z,45.965327476,-691.08,1.0,-2187.38,296.34,2483.72,909.01:00:00,False,373 747
XOM,long,4,2019-01-02T21:00:00Z,49.345042881,2021-03-01T21:00:00Z,45.965327476,-13.52,1.0,-102.85,45.43,144.25,789.00:00:00,False,427 747
XOM,long,9,2019-08-01T20:00:00Z,52.470619212,2021-03-01T21:00:00Z,45.965327476,-58.55,1.0,-259.54,74.09,273.79,578.01:00:00,False,500 747
XOM,long,6,2019-10-01T20:00:00Z,50.5497272,2021-03-01T21:00:00Z,45.965327476,-27.51,1.0,-161.5,60.92,179.71,517.01:00:00,False,525 747
XOM,long,11,2019-11-01T20:00:00Z,51.0262656,2021-03-01T21:00:00Z,45.965327476,-55.67,1.0,-301.33,106.44,329.48,486.01:00:00,False,535 747
XOM,long,5,2020-02-03T21:00:00Z,45.052946664,2021-03-01T21:00:00Z,45.965327476,4.56,1.0,-107.1,78.25,114.56,392.00:00:00,True,576 747
XOM,long,6,2020-03-02T21:00:00Z,40.551655908,2021-03-01T21:00:00Z,45.965327476,32.48,1.0,-101.51,120.91,103.79,364.00:00:00,True,595 747
XOM,long,13,2020-04-01T20:00:00Z,28.253696414,2021-03-01T21:00:00Z,45.965327476,230.25,1.0,-60.07,421.84,224.88,334.01:00:00,True,621 747
XOM,long,16,2020-08-03T20:00:00Z,32.422805946,2021-03-01T21:00:00Z,45.965327476,216.68,1.0,-140.64,452.48,156.72,210.01:00:00,True,672 747
XOM,long,12,2020-09-01T20:00:00Z,30.856325728,2021-03-01T21:00:00Z,45.965327476,181.31,1.0,-86.69,358.16,73.89,181.01:00:00,True,683 747
XOM,long,21,2020-10-01T20:00:00Z,25.919626556,2021-03-01T21:00:00Z,45.965327476,420.96,1.0,-48.03,730.45,92.21,151.01:00:00,True,696 747
DELL,long,13,2019-05-01T20:00:00Z,31.57570753517359,2021-03-01T21:00:00Z,38.256423725540586,86.85,1.0,-237.62,86.85,244.93,670.01:00:00,True,467 748
INTC,long,7,2018-07-02T20:00:00Z,42.67629006,2021-03-01T21:00:00Z,57.191768304,101.61,1.0,-44.76,124.07,145.98,973.01:00:00,True,347 749
T,long,102,2016-03-01T21:00:00Z,15.343748800769273,2021-04-01T20:00:00Z,16.648722612904148,133.11,2.075,-245.23,465.91,638.44,1856.23:00:00,True,22 755
T,long,19,2016-09-01T20:00:00Z,17.20773509260083,2021-04-01T20:00:00Z,16.648722612904148,-10.62,1.0,-81.1,51.37,118.92,1673.00:00:00,False,88 755
T,long,29,2016-11-01T20:00:00Z,15.54626999471364,2021-04-01T20:00:00Z,16.648722612904148,31.97,1.0,-75.6,126.59,181.52,1612.00:00:00,True,109 755
T,long,16,2017-05-01T20:00:00Z,17.02925490138912,2021-04-01T20:00:00Z,16.648722612904148,-6.09,1.0,-65.44,46.12,100.15,1431.00:00:00,False,185 755
T,long,14,2017-06-01T20:00:00Z,16.92042786342012,2021-04-01T20:00:00Z,16.648722612904148,-3.8,1.0,-55.73,41.88,87.63,1400.00:00:00,False,199 755
T,long,45,2017-11-01T20:00:00Z,14.980548675973594,2021-04-01T20:00:00Z,16.648722612904148,75.07,1.0,-91.85,221.89,281.66,1247.00:00:00,True,250 755
T,long,25,2018-02-01T21:00:00Z,17.717211234523372,2021-04-01T20:00:00Z,16.648722612904148,-26.71,1.0,-119.44,54.86,156.48,1154.23:00:00,False,292 755
T,long,47,2018-05-01T20:00:00Z,14.931654689400203,2021-04-01T20:00:00Z,16.648722612904148,80.7,1.0,-93.63,234.05,294.18,1066.00:00:00,True,326 755
T,long,30,2018-08-01T20:00:00Z,14.86548655877428,2021-04-01T20:00:00Z,16.648722612904148,53.5,1.0,-57.78,151.38,187.78,974.00:00:00,True,363 755
T,long,18,2020-05-01T20:00:00Z,15.49946425509404,2021-04-01T20:00:00Z,16.648722612904148,20.69,1.0,-46.08,79.42,53.78,335.00:00:00,True,636 755
T,long,21,2020-09-01T20:00:00Z,15.54179670926883,2021-04-01T20:00:00Z,16.648722612904148,23.25,1.0,-54.65,91.76,34.51,212.00:00:00,True,684 755
T,long,22,2020-12-01T21:00:00Z,15.505328897772909,2021-04-01T20:00:00Z,16.648722612904148,25.15,1.0,-56.45,96.94,36.16,120.23:00:00,True,723 755
T,long,27,2021-03-01T21:00:00Z,15.353336119385341,2021-04-01T20:00:00Z,16.648722612904148,34.98,1.0,-65.17,123.07,6.94,30.23:00:00,True,753 755
MO,long,26,2021-03-01T21:00:00Z,28.76842838,2021-04-01T20:00:00Z,33.5190564,123.52,2.125,-4.54,149.15,25.63,30.23:00:00,True,750 756
CI,long,3,2021-03-01T21:00:00Z,193.36846113,2021-04-01T20:00:00Z,218.475944874,75.32,2.0,0.0,90.83,19.11,30.23:00:00,True,751 757
NEM,long,7,2020-03-02T21:00:00Z,39.041585625,2021-04-01T20:00:00Z,52.958202262,97.42,1.0,-42.13,140.3,90.61,394.23:00:00,True,590 758
HCA,long,2,2019-03-01T21:00:00Z,129.723182428,2021-04-01T20:00:00Z,177.76476156,96.08,1.0,-130.15,106.0,156.38,761.23:00:00,True,452 759
LMT,long,1,2021-02-01T21:00:00Z,277.454351136,2021-04-01T20:00:00Z,319.964466393,42.51,2.0,0.0,43.96,11.99,58.23:00:00,True,739 760
CVS,long,5,2020-03-02T21:00:00Z,51.920639997,2021-04-01T20:00:00Z,62.15803517,51.19,1.0,-47.56,59.55,56.32,394.23:00:00,True,589 761
NOC,long,3,2021-02-01T21:00:00Z,265.949571893,2021-05-03T20:00:00Z,330.0302793,192.24,2.0,-3.9,192.24,35.21,90.23:00:00,True,740 764
DELL,long,10,2019-05-01T20:00:00Z,31.57570753517359,2021-05-03T20:00:00Z,45.02001578870332,134.44,1.0,-182.79,160.41,188.4,733.00:00:00,True,467 765
DELL,long,9,2019-07-01T20:00:00Z,23.73933334082167,2021-05-03T20:00:00Z,45.02001578870332,191.53,1.0,-93.98,214.9,119.59,672.00:00:00,True,491 765
HCA,long,2,2019-03-01T21:00:00Z,129.723182428,2021-05-03T20:00:00Z,195.297724344,131.15,1.0,-130.15,131.15,156.38,793.23:00:00,True,452 766
CI,long,30,2021-03-01T21:00:00Z,193.36846113,2021-06-01T20:00:00Z,232.795275504,1182.8,1.0,0.0,1432.96,252.06,91.23:00:00,True,751 771
NEM,long,19,2020-03-02T21:00:00Z,39.041585625,2021-06-01T20:00:00Z,63.35963529,462.04,1.0,-114.34,469.04,245.93,455.23:00:00,True,590 772
CVS,long,10,2020-03-02T21:00:00Z,51.920639997,2021-06-01T20:00:00Z,72.308653944,203.88,1.0,-95.12,237.06,112.64,455.23:00:00,True,589 773
TGT,long,3,2021-04-01T20:00:00Z,170.549905234,2021-06-01T20:00:00Z,193.797793644,69.74,2.0,0.0,69.74,29.91,61.00:00:00,True,763 774
DOW,long,9,2021-04-01T20:00:00Z,48.12366018,2021-06-01T20:00:00Z,52.9849332,43.75,2.0,-24.61,43.75,26.08,61.00:00:00,True,762 775
TGT,long,3,2021-04-01T20:00:00Z,170.549905234,2021-07-01T20:00:00Z,207.647803188,111.29,1.0,0.0,111.29,29.91,91.00:00:00,True,763 778
HCA,long,6,2019-03-01T21:00:00Z,129.723182428,2021-08-02T20:00:00Z,240.2483397,663.15,1.0,-390.44,663.15,469.15,884.23:00:00,True,452 781
TGT,long,2,2021-04-01T20:00:00Z,170.549905234,2021-08-02T20:00:00Z,219.323088327,97.55,1.0,0.0,105.2,19.94,123.00:00:00,True,763 782
DOW,long,131,2021-04-01T20:00:00Z,48.12366018,2021-08-03T20:00:00Z,46.016598,-276.03,1.0,-607.25,656.54,1263.8,124.00:00:00,False,762 787
DOW,long,5,2021-05-03T20:00:00Z,48.086412765,2021-08-03T20:00:00Z,46.016598,-10.35,1.0,-22.99,25.25,48.24,92.00:00:00,False,770 787
DOW,long,9,2021-07-01T20:00:00Z,47.78502,2021-08-03T20:00:00Z,46.016598,-15.92,1.0,-38.67,48.15,38.74,33.00:00:00,False,780 787
NEM,long,65,2020-03-02T21:00:00Z,39.041585625,2021-09-01T20:00:00Z,49.962612164,709.87,1.0,-391.17,1604.62,980.6,547.23:00:00,True,590 789
NEM,long,5,2020-06-01T20:00:00Z,50.572156384,2021-09-01T20:00:00Z,49.962612164,-3.05,1.0,-87.74,65.78,75.43,457.00:00:00,False,648 789
NEM,long,5,2020-09-01T20:00:00Z,56.272109832,2021-09-01T20:00:00Z,49.962612164,-31.55,1.0,-116.24,37.28,75.43,365.00:00:00,False,685 789
NEM,long,20,2020-12-01T21:00:00Z,50.747113413,2021-09-01T20:00:00Z,49.962612164,-15.69,1.0,-354.47,259.62,301.72,273.23:00:00,False,722 789
NEM,long,16,2021-03-01T21:00:00Z,46.37018617,2021-09-01T20:00:00Z,49.962612164,57.48,1.0,-213.54,277.73,241.38,183.23:00:00,True,752 789
NEM,long,15,2021-07-01T20:00:00Z,54.261399458,2021-09-01T20:00:00Z,49.962612164,-64.48,1.0,-318.57,142.0,98.79,62.00:00:00,False,779 789
CVS,long,5,2020-03-02T21:00:00Z,51.920639997,2021-09-01T20:00:00Z,72.61102641,103.45,1.0,-47.56,118.53,56.32,547.23:00:00,True,589 790
MO,long,9,2021-03-01T21:00:00Z,28.76842838,2021-09-01T20:00:00Z,33.493258608,42.52,1.0,-1.57,51.63,35.49,183.23:00:00,True,750 791
DELL,long,15,2019-07-01T20:00:00Z,23.73933334082167,2021-10-01T20:00:00Z,48.703387912958036,374.46,1.0,-156.64,374.46,199.32,823.00:00:00,True,491 797
TGT,long,4,2021-04-01T20:00:00Z,170.549905234,2021-11-01T20:00:00Z,220.683363012,200.53,1.0,0.0,218.39,127.36,214.00:00:00,True,763 801
FDX,long,3,2021-08-02T20:00:00Z,161.6967369012883,2021-11-01T20:00:00Z,138.36175553238866,-70.0,2.0,-101.31,9.66,110.97,91.00:00:00,False,783 802
CVS,long,5,2020-03-02T21:00:00Z,51.920639997,2021-11-01T20:00:00Z,77.242275775,126.61,1.0,-47.56,126.61,56.32,608.23:00:00,True,589 803
DELL,long,7,2019-07-01T20:00:00Z,23.73933334082167,2021-11-01T20:00:00Z,51.341603196955475,193.22,1.0,-73.1,202.98,93.01,854.00:00:00,True,491 804
CI,long,36,2021-09-01T20:00:00Z,191.425241385,2021-12-01T21:00:00Z,177.431667968,-503.77,2.0,-596.28,284.5,880.78,91.01:00:00,False,793 810
DELL,long,33,2019-07-01T20:00:00Z,23.73933334082167,2021-12-01T21:00:00Z,50.59852612,886.35,1.0,-344.6,956.91,438.5,884.01:00:00,True,491 811
DELL,long,21,2019-09-03T20:00:00Z,23.513726798211067,2021-12-01T21:00:00Z,50.59852612,568.78,1.0,-214.55,613.68,264.25,820.01:00:00,True,514 811
DELL,long,14,2019-11-01T20:00:00Z,24.51284148691516,2021-12-01T21:00:00Z,50.59852612,365.2,1.0,-157.02,395.13,176.17,761.01:00:00,True,540 811
DELL,long,26,2019-12-02T21:00:00Z,21.971314721179404,2021-12-01T21:00:00Z,50.59852612,744.31,1.0,-225.53,799.9,292.81,730.00:00:00,True,548 811
DELL,long,19,2020-05-01T20:00:00Z,18.4168606212736,2021-12-01T21:00:00Z,50.59852612,611.45,1.0,-97.28,652.08,102.26,579.01:00:00,True,633 811
DELL,long,15,2020-11-02T21:00:00Z,27.758813171414634,2021-12-01T21:00:00Z,50.59852612,342.6,1.0,-216.93,374.67,80.73,394.00:00:00,True,706 811
DELL,long,7,2021-08-02T20:00:00Z,44.33398773056087,2021-12-01T21:00:00Z,50.59852612,43.85,1.0,-217.26,58.82,23.11,121.01:00:00,True,785 811
MU,long,18,2021-09-01T20:00:00Z,71.887121756,2021-12-01T21:00:00Z,83.149000545,202.71,2.0,-127.21,221.35,152.83,91.01:00:00,True,792 812
LMT,long,21,2021-02-01T21:00:00Z,277.454351136,2022-01-03T21:00:00Z,312.543045752,736.86,1.0,0.0,1360.71,1192.82,336.00:00:00,True,739 818
LMT,long,1,2021-09-01T20:00:00Z,312.147955782,2022-01-03T21:00:00Z,312.543045752,0.4,1.0,-34.69,30.1,43.81,124.01:00:00,True,794 818
LMT,long,1,2021-11-01T20:00:00Z,289.429267335,2022-01-03T21:00:00Z,312.543045752,23.11,1.0,-11.97,52.82,12.28,63.01:00:00,True,807 818
MO,long,190,2021-03-01T21:00:00Z,28.76842838,2022-01-03T21:00:00Z,33.296523858,860.34,1.145,-33.14,1089.93,1038.47,308.00:00:00,True,750 819
MO,long,17,2021-05-03T20:00:00Z,31.790524668,2022-01-03T21:00:00Z,33.296523858,25.6,1.0,-54.34,46.14,86.86,245.01:00:00,True,768 819
MO,long,12,2021-10-01T20:00:00Z,31.232228412,2022-01-03T21:00:00Z,33.296523858,24.77,1.0,-31.66,39.27,49.52,94.01:00:00,True,800 819
MO,long,10,2021-11-01T20:00:00Z,29.99955651,2022-01-03T21:00:00Z,33.296523858,32.97,1.0,-14.06,45.05,17.43,63.01:00:00,True,806 819
CVS,long,9,2020-03-02T21:00:00Z,51.920639997,2022-01-03T21:00:00Z,88.75405896,331.5,1.0,-85.6,331.5,101.38,672.00:00:00,True,589 820
HCA,long,2,2019-03-01T21:00:00Z,129.723182428,2022-01-03T21:00:00Z,244.136807872,228.83,1.0,-130.15,242.36,156.38,1039.00:00:00,True,452 821
HCA,long,1,2019-04-01T20:00:00Z,123.643140152,2022-01-03T21:00:00Z,244.136807872,120.49,1.0,-58.99,127.26,78.19,1008.01:00:00,True,461 821
NOC,long,2,2021-02-01T21:00:00Z,265.949571893,2022-01-03T21:00:00Z,357.028769478,182.16,1.0,-2.6,217.95,109.04,336.00:00:00,True,740 822
FDX,long,3,2021-08-02T20:00:00Z,161.6967369012883,2022-01-03T21:00:00Z,152.27960077557572,-28.25,1.0,-101.31,9.66,110.97,154.01:00:00,False,783 823
MU,long,5,2021-09-01T20:00:00Z,71.887121756,2022-01-03T21:00:00Z,93.599598625,108.56,1.0,-35.34,110.11,42.45,124.01:00:00,True,792 824
DE,long,3,2022-01-03T21:00:00Z,329.813878223,2022-02-01T21:00:00Z,355.974031884,78.48,2.0,0.0,95.52,56.18,29.00:00:00,True,826 828
T,long,34,2022-01-03T21:00:00Z,14.675303257431102,2022-02-01T21:00:00Z,14.378811221714082,-10.08,3.515,-16.19,47.98,64.16,29.00:00:00,False,825 829
CVS,long,4,2020-03-02T21:00:00Z,51.920639997,2022-02-01T21:00:00Z,91.03598296,156.46,1.0,-38.05,166.74,45.06,701.00:00:00,True,589 830
VZ,long,3,2016-09-01T20:00:00Z,30.691418616,2022-03-01T21:00:00Z,40.026362532,28.0,1.0,-13.33,38.65,23.45,2007.01:00:00,True,87 838
VZ,long,12,2016-11-01T20:00:00Z,28.148653708,2022-03-01T21:00:00Z,40.026362532,142.53,1.0,-22.79,185.1,93.8,1946.01:00:00,True,111 838
VZ,long,14,2017-02-01T21:00:00Z,28.886429856,2022-03-01T21:00:00Z,40.026362532,155.96,1.0,-36.92,205.62,109.43,1854.00:00:00,True,147 838
VZ,long,10,2017-05-01T20:00:00Z,27.71601624,2022-03-01T21:00:00Z,40.026362532,123.1,1.0,-14.67,158.58,78.17,1765.01:00:00,True,184 838
VZ,long,10,2017-07-03T17:00:00Z,27.18441,2022-03-01T21:00:00Z,40.026362532,128.42,1.0,-9.35,163.89,78.17,1702.04:00:00,True,209 838
VZ,long,18,2018-03-01T21:00:00Z,30.04240778,2022-03-01T21:00:00Z,40.026362532,179.71,1.0,-68.28,243.57,140.7,1461.00:00:00,True,306 838
VZ,long,10,2018-06-01T20:00:00Z,30.325280594,2022-03-01T21:00:00Z,40.026362532,97.01,1.0,-40.76,132.49,78.17,1369.01:00:00,True,341 838
VZ,long,18,2019-02-01T21:00:00Z,35.75809232,2022-03-01T21:00:00Z,40.026362532,76.83,1.0,-171.16,140.68,140.7,1124.00:00:00,True,434 838
VZ,long,12,2019-08-01T20:00:00Z,36.974598375,2022-03-01T21:00:00Z,40.026362532,36.62,1.0,-128.7,79.19,93.8,943.01:00:00,True,501 838
VZ,long,11,2020-01-02T21:00:00Z,41.287972114,2022-03-01T21:00:00Z,40.026362532,-13.88,1.0,-165.43,25.14,80.49,789.00:00:00,False,562 838
VZ,long,9,2020-05-01T20:00:00Z,39.2559916775,2022-03-01T21:00:00Z,40.026362532,6.93,1.0,-117.06,38.86,61.71,669.01:00:00,True,634 838
VZ,long,6,2020-07-01T20:00:00Z,37.753981265,2022-03-01T21:00:00Z,40.026362532,13.63,1.0,-69.03,34.92,41.14,608.01:00:00,True,661 838
VZ,long,7,2020-12-01T21:00:00Z,42.755177062,2022-03-01T21:00:00Z,40.026362532,-19.1,1.0,-115.54,5.73,48.0,455.00:00:00,False,725 838
VZ,long,8,2021-01-04T21:00:00Z,41.534205515,2022-03-01T21:00:00Z,40.026362532,-12.06,1.0,-122.28,16.32,49.57,421.00:00:00,False,736 838
VZ,long,8,2021-02-01T21:00:00Z,38.718645924,2022-03-01T21:00:00Z,40.026362532,10.46,1.0,-99.76,38.84,49.57,393.00:00:00,True,743 838
VZ,long,7,2021-05-03T20:00:00Z,41.759242688,2022-03-01T21:00:00Z,40.026362532,-12.13,1.0,-108.57,12.7,43.37,302.01:00:00,False,769 838
VZ,long,9,2021-06-01T20:00:00Z,40.648931332,2022-03-01T21:00:00Z,40.026362532,-5.6,1.0,-129.6,26.32,41.62,273.01:00:00,False,776 838
VZ,long,12,2021-12-01T21:00:00Z,36.716966433,2022-03-01T21:00:00Z,40.026362532,39.71,1.0,-125.61,82.28,28.85,90.00:00:00,True,814 838
NOC,long,4,2021-02-01T21:00:00Z,265.949571893,2022-03-01T21:00:00Z,424.06517796,632.46,1.0,-5.2,632.46,218.08,393.00:00:00,True,740 839
MU,long,7,2021-09-01T20:00:00Z,71.887121756,2022-03-01T21:00:00Z,84.32272979,87.05,1.0,-49.47,163.0,127.55,181.01:00:00,True,792 840
DE,long,2,2022-01-03T21:00:00Z,329.813878223,2022-04-01T20:00:00Z,393.63879912,127.65,1.0,-23.72,162.67,109.05,87.23:00:00,True,826 856
REGN,long,1,2022-03-01T21:00:00Z,601.355119342,2022-04-01T20:00:00Z,688.334312262,86.98,2.0,0.0,90.55,23.76,30.23:00:00,True,849 857
MRNA,long,4,2022-03-01T21:00:00Z,149.52,2022-04-01T20:00:00Z,176.59,108.28,2.0,-92.24,148.8,92.24,30.23:00:00,True,848 858
TGT,long,7,2021-04-01T20:00:00Z,170.549905234,2022-05-02T20:00:00Z,198.2496614,193.9,1.0,-47.7,407.48,455.18,396.00:00:00,True,763 864
BMY,long,17,2022-03-01T21:00:00Z,57.265668108,2022-05-02T20:00:00Z,63.109897996,99.35,2.0,-12.62,137.79,38.44,61.23:00:00,True,845 865
XOM,long,14,2022-03-01T21:00:00Z,68.072399188,2022-05-02T20:00:00Z,74.332720892,87.64,2.0,-26.85,113.17,130.5,61.23:00:00,True,843 866
T,long,58,2022-01-03T21:00:00Z,14.675303257431102,2022-05-02T20:00:00Z,15.1202394,25.81,1.0,-69.79,81.84,151.63,118.23:00:00,True,825 867
EOG,long,7,2022-03-01T21:00:00Z,95.190505816,2022-05-02T20:00:00Z,96.511967682,9.25,2.0,-18.17,66.21,84.37,61.23:00:00,True,841 868
NOC,long,1,2021-02-01T21:00:00Z,265.949571893,2022-05-02T20:00:00Z,407.812910232,141.86,1.0,-1.3,178.43,54.52,454.23:00:00,True,740 869
COP,long,5,2022-03-01T21:00:00Z,81.211737408,2022-05-02T20:00:00Z,80.580742176,-3.15,2.0,-22.48,44.14,66.62,61.23:00:00,False,847 870
GILD,long,7,2022-03-01T21:00:00Z,50.94226737,2022-05-02T20:00:00Z,51.634418562,4.85,2.0,-13.85,25.46,26.43,61.23:00:00,True,844 871
COP,long,10,2022-03-01T21:00:00Z,81.211737408,2022-06-01T20:00:00Z,97.676181525,164.64,1.0,-44.95,164.64,133.23,91.23:00:00,True,847 880
EOG,long,7,2022-03-01T21:00:00Z,95.190505816,2022-06-01T20:00:00Z,116.111423246,146.45,1.0,-18.17,146.45,84.37,91.23:00:00,True,841 881
XOM,long,8,2022-03-01T21:00:00Z,68.072399188,2022-06-01T20:00:00Z,85.015180194,135.54,1.0,-15.34,135.54,74.57,91.23:00:00,True,843 882
FDX,long,5,2021-08-02T20:00:00Z,161.6967369012883,2022-06-01T20:00:00Z,129.2292168417588,-162.34,1.0,-226.34,16.1,242.44,303.00:00:00,False,783 883
T,long,36,2022-01-03T21:00:00Z,14.675303257431102,2022-06-01T20:00:00Z,16.78093515,75.8,1.0,-43.32,78.65,94.12,148.23:00:00,True,825 884
GILD,long,6,2022-03-01T21:00:00Z,50.94226737,2022-06-01T20:00:00Z,55.452848454,27.06,1.0,-11.87,28.3,22.65,91.23:00:00,True,844 885
MRNA,long,2,2022-03-01T21:00:00Z,149.52,2022-06-01T20:00:00Z,143.4,-12.24,1.0,-52.18,74.4,126.58,91.23:00:00,False,848 886
NOC,long,3,2021-02-01T21:00:00Z,265.949571893,2022-07-01T20:00:00Z,453.888995475,563.82,1.0,-3.9,579.75,163.56,514.23:00:00,True,740 892
FDX,long,6,2021-08-02T20:00:00Z,161.6967369012883,2022-07-01T20:00:00Z,132.81818215081765,-173.27,1.0,-271.61,19.32,290.93,333.00:00:00,False,783 893
MRNA,long,5,2022-03-01T21:00:00Z,149.52,2022-07-01T20:00:00Z,149.95,2.15,1.0,-161.95,186.0,347.95,121.23:00:00,True,848 894
BMY,long,11,2022-03-01T21:00:00Z,57.265668108,2022-07-01T20:00:00Z,64.589298908,80.56,1.0,-8.17,109.59,51.78,121.23:00:00,True,845 895
T,long,39,2022-01-03T21:00:00Z,14.675303257431102,2022-07-01T20:00:00Z,16.8560618625,85.05,1.0,-46.93,85.2,101.96,178.23:00:00,True,825 896
GILD,long,10,2022-03-01T21:00:00Z,50.94226737,2022-07-01T20:00:00Z,54.056666224,31.14,1.0,-19.78,47.16,56.24,121.23:00:00,True,844 897
CVS,long,6,2020-03-02T21:00:00Z,51.920639997,2022-07-01T20:00:00Z,80.890710054,173.82,1.0,-57.07,258.13,111.59,850.23:00:00,True,589 898
FDX,long,25,2021-08-02T20:00:00Z,161.6967369012883,2022-08-01T20:00:00Z,141.18725413554563,-512.74,1.0,-1131.7,80.51,1212.21,364.00:00:00,False,783 907
FDX,long,2,2021-09-01T20:00:00Z,155.7068845747378,2022-08-01T20:00:00Z,141.18725413554563,-29.04,1.0,-78.56,18.42,80.8,334.00:00:00,False,795 907
FDX,long,8,2021-10-01T20:00:00Z,130.66390026575476,2022-08-01T20:00:00Z,141.18725413554563,84.19,1.0,-113.88,274.03,316.77,304.00:00:00,True,798 907
FDX,long,2,2022-02-01T21:00:00Z,148.4218116242316,2022-08-01T20:00:00Z,141.18725413554563,-14.47,1.0,-63.99,32.99,63.99,180.23:00:00,False,837 907
FDX,long,5,2022-03-01T21:00:00Z,126.5767124450937,2022-08-01T20:00:00Z,141.18725413554563,73.05,1.0,-50.74,191.7,122.81,152.23:00:00,True,850 907
FDX,long,3,2022-05-02T20:00:00Z,116.42862765809167,2022-08-01T20:00:00Z,141.18725413554563,74.28,1.0,0.0,145.47,51.59,91.00:00:00,True,877 907
F,long,126,2022-03-01T21:00:00Z,12.64980244,2022-08-01T20:00:00Z,11.689322757,-121.02,3.615,-530.31,133.14,663.45,152.23:00:00,False,842 908
NFLX,long,53,2022-02-01T21:00:00Z,45.713,2022-08-01T20:00:00Z,22.621,-1223.88,2.0,-1541.03,0.0,1541.03,180.23:00:00,False,831 909
HCA,long,3,2019-04-01T20:00:00Z,123.643140152,2022-08-01T20:00:00Z,203.718243183,240.23,1.0,-176.98,423.91,313.85,1218.00:00:00,True,461 910
HCA,long,2,2019-05-01T20:00:00Z,116.251532516,2022-08-01T20:00:00Z,203.718243183,174.93,1.0,-103.2,297.39,209.23,1188.00:00:00,True,472 910
MRNA,long,2,2022-03-01T21:00:00Z,149.52,2022-08-01T20:00:00Z,161.51,23.98,1.0,-64.78,74.4,139.18,152.23:00:00,True,848 911
DE,long,3,2022-01-03T21:00:00Z,329.813878223,2022-09-01T20:00:00Z,344.815946035,45.01,1.0,-167.22,252.82,420.03,240.23:00:00,True,826 921
COP,long,10,2022-03-01T21:00:00Z,81.211737408,2022-09-01T20:00:00Z,91.855040063,106.43,1.0,-118.1,223.38,341.48,183.23:00:00,True,847 922
MPC,long,8,2022-08-01T20:00:00Z,82.613057624,2022-09-01T20:00:00Z,89.042673976,51.44,2.0,-1.1,119.24,67.8,31.00:00:00,True,912 923
EOG,long,6,2022-03-01T21:00:00Z,95.190505816,2022-09-01T20:00:00Z,100.616910318,32.56,1.0,-87.41,155.4,242.81,183.23:00:00,True,841 924
GILD,long,9,2022-03-01T21:00:00Z,50.94226737,2022-09-01T20:00:00Z,56.30180358,48.24,1.0,-17.8,59.0,50.61,183.23:00:00,True,844 925
F,long,35,2022-03-01T21:00:00Z,12.64980244,2022-09-01T20:00:00Z,11.694238793,-33.44,1.0,-147.31,36.98,184.29,183.23:00:00,False,842 926
XOM,long,4,2022-03-01T21:00:00Z,68.072399188,2022-09-01T20:00:00Z,82.341243306,57.08,1.0,-7.67,91.12,74.47,183.23:00:00,True,843 927
REGN,long,3,2022-03-01T21:00:00Z,601.355119342,2022-10-03T20:00:00Z,728.257563682,380.71,1.0,-174.39,391.73,566.13,215.23:00:00,True,849 936
NFLX,long,34,2022-02-01T21:00:00Z,45.713,2022-10-03T20:00:00Z,23.904,-741.51,1.0,-988.58,0.0,988.58,243.23:00:00,False,831 937
BMY,long,12,2022-03-01T21:00:00Z,57.265668108,2022-10-03T20:00:00Z,59.285310411,24.24,1.0,-13.89,119.56,133.45,215.23:00:00,True,845 938
CVS,long,5,2020-03-02T21:00:00Z,51.920639997,2022-10-03T20:00:00Z,84.669486304,163.74,1.0,-47.56,215.11,92.99,944.23:00:00,True,589 939
MPC,long,4,2022-08-01T20:00:00Z,82.613057624,2022-10-03T20:00:00Z,94.591736854,47.91,1.0,-0.86,59.62,60.48,63.00:00:00,True,912 940
GILD,long,5,2022-03-01T21:00:00Z,50.94226737,2022-10-03T20:00:00Z,54.634641512,18.46,1.0,-9.89,40.06,28.12,215.23:00:00,True,844 941
GILD,long,10,2022-03-01T21:00:00Z,50.94226737,2022-11-01T20:00:00Z,69.555719794,186.13,1.0,-19.78,186.13,56.24,244.23:00:00,True,844 949
MRNA,long,4,2022-03-01T21:00:00Z,149.52,2022-11-01T20:00:00Z,154.62,20.4,1.0,-129.56,178.64,304.44,244.23:00:00,True,848 950
COP,long,5,2022-03-01T21:00:00Z,81.211737408,2022-11-01T20:00:00Z,112.248417668,155.18,1.0,-59.05,155.18,170.74,244.23:00:00,True,847 951
NFLX,long,15,2022-02-01T21:00:00Z,45.713,2022-11-01T20:00:00Z,28.675,-255.57,1.0,-436.14,0.0,436.14,272.23:00:00,False,831 952
XOM,long,4,2022-03-01T21:00:00Z,68.072399188,2022-11-01T20:00:00Z,98.2445856,120.69,1.0,-7.67,120.69,74.47,244.23:00:00,True,843 953
FCX,long,31,2022-03-01T21:00:00Z,45.32079576,2022-12-01T21:00:00Z,37.702636302,-236.16,2.0,-665.79,118.2,783.99,275.00:00:00,False,846 959
MRNA,long,4,2022-03-01T21:00:00Z,149.52,2022-12-01T21:00:00Z,181.48,127.84,1.0,-129.56,178.64,304.44,275.00:00:00,True,848 960
HCA,long,2,2019-09-03T20:00:00Z,113.125111056,2022-12-01T21:00:00Z,230.958028071,235.67,2.0,-96.95,303.64,209.23,1185.01:00:00,True,516 961
DE,long,1,2022-01-03T21:00:00Z,329.813878223,2022-12-01T21:00:00Z,420.162326163,90.35,1.0,-55.74,90.35,140.01,332.00:00:00,True,826 962
GILD,long,5,2022-03-01T21:00:00Z,50.94226737,2022-12-01T21:00:00Z,77.06009289,130.59,1.0,-9.89,130.59,28.12,275.00:00:00,True,844 963
MRNA,long,3,2022-03-01T21:00:00Z,149.52,2023-01-03T21:00:00Z,178.99,88.41,1.0,-97.17,181.56,228.33,308.00:00:00,True,848 970
NOC,long,1,2021-02-01T21:00:00Z,265.949571893,2023-01-03T21:00:00Z,507.697255947,241.75,1.0,-1.3,248.19,63.0,701.00:00:00,True,740 971
XOM,long,4,2022-03-01T21:00:00Z,68.072399188,2023-01-03T21:00:00Z,94.145607738,104.29,1.0,-7.67,131.63,74.47,308.00:00:00,True,843 972
GILD,long,84,2022-03-01T21:00:00Z,50.94226737,2023-02-01T21:00:00Z,74.2517916,1958.0,1.0,-166.17,2309.51,472.4,337.00:00:00,True,844 978
GILD,long,14,2022-08-01T20:00:00Z,51.66416464,2023-02-01T21:00:00Z,74.2517916,316.23,1.0,-37.8,374.81,70.84,184.01:00:00,True,915 978
INTC,long,25,2018-07-02T20:00:00Z,42.67629006,2023-02-01T21:00:00Z,28.031555646,-366.12,1.41,-471.31,485.22,956.53,1675.01:00:00,False,347 979
INTC,long,13,2018-08-01T20:00:00Z,41.494615893,2023-02-01T21:00:00Z,28.031555646,-175.02,1.0,-229.72,267.68,497.4,1645.01:00:00,False,362 979
INTC,long,14,2019-02-01T21:00:00Z,41.94083894,2023-02-01T21:00:00Z,28.031555646,-194.73,1.0,-253.64,282.02,535.66,1461.00:00:00,False,436 979
INTC,long,8,2019-05-01T20:00:00Z,43.96493646,2023-02-01T21:00:00Z,28.031555646,-127.47,1.0,-161.13,144.96,306.09,1372.01:00:00,False,470 979
INTC,long,6,2019-06-03T20:00:00Z,37.872691134,2023-02-01T21:00:00Z,28.031555646,-59.05,1.0,-84.29,145.27,229.57,1339.01:00:00,False,486 979
INTC,long,4,2020-05-01T20:00:00Z,50.946827421,2023-02-01T21:00:00Z,28.031555646,-91.66,1.0,-108.49,44.55,153.05,1006.01:00:00,False,637 979
INTC,long,29,2020-08-03T20:00:00Z,43.05954177,2023-02-01T21:00:00Z,28.031555646,-435.81,1.0,-557.84,551.74,1109.58,912.01:00:00,False,669 979
INTC,long,15,2020-11-02T21:00:00Z,39.90420603,2023-02-01T21:00:00Z,28.031555646,-178.09,1.0,-241.21,332.71,573.92,821.00:00:00,False,704 979
INTC,long,15,2021-05-03T20:00:00Z,52.080163058,2023-02-01T21:00:00Z,28.031555646,-360.73,1.0,-423.85,150.07,441.42,639.01:00:00,False,767 979
INTC,long,5,2021-06-01T20:00:00Z,52.061870858,2023-02-01T21:00:00Z,28.031555646,-120.15,1.0,-141.19,50.12,147.14,610.01:00:00,False,777 979
INTC,long,8,2021-08-02T20:00:00Z,49.124296496,2023-02-01T21:00:00Z,28.031555646,-168.74,1.0,-202.4,103.69,224.25,548.01:00:00,False,784 979
INTC,long,10,2021-11-01T20:00:00Z,45.63903832,2023-02-01T21:00:00Z,28.031555646,-176.07,1.0,-218.15,164.46,280.31,457.01:00:00,False,805 979
INTC,long,9,2022-05-02T20:00:00Z,42.01653624,2023-02-01T21:00:00Z,28.031555646,-125.86,1.0,-163.74,180.62,177.02,275.01:00:00,False,876 979
INTC,long,11,2022-07-01T20:00:00Z,34.229325558,2023-02-01T21:00:00Z,28.031555646,-68.18,1.0,-114.46,306.41,158.7,215.01:00:00,False,905 979
INTC,long,20,2022-08-01T20:00:00Z,34.813315152,2023-02-01T21:00:00Z,28.031555646,-135.64,1.0,-219.79,545.44,219.79,184.01:00:00,False,916 979
INTC,long,22,2022-09-01T20:00:00Z,30.217346928,2023-02-01T21:00:00Z,28.031555646,-48.09,1.0,-140.66,701.09,140.66,153.01:00:00,False,929 979
INTC,long,35,2022-10-03T20:00:00Z,25.660007766,2023-02-01T21:00:00Z,28.031555646,83.0,1.0,-64.27,1274.88,174.49,121.01:00:00,True,943 979
INTC,long,15,2022-11-01T20:00:00Z,26.92540674,2023-02-01T21:00:00Z,28.031555646,16.59,1.0,-46.52,527.4,74.78,92.01:00:00,True,957 979
INTC,long,18,2023-01-03T21:00:00Z,25.775145594,2023-02-01T21:00:00Z,28.031555646,40.62,1.0,-35.13,653.58,40.62,29.00:00:00,True,977 979
NOC,long,9,2021-02-01T21:00:00Z,265.949571893,2023-02-01T21:00:00Z,415.860175281,1349.2,1.0,-11.71,2233.75,926.33,730.00:00:00,True,740 980
NOC,long,1,2021-12-01T21:00:00Z,320.402598148,2023-02-01T21:00:00Z,415.860175281,95.46,1.0,-55.75,193.74,102.93,427.00:00:00,True,817 980
NOC,long,1,2022-02-01T21:00:00Z,343.183984108,2023-02-01T21:00:00Z,415.860175281,72.68,1.0,-78.54,170.96,102.93,365.00:00:00,True,836 980
NOC,long,1,2022-04-01T20:00:00Z,422.847187644,2023-02-01T21:00:00Z,415.860175281,-6.99,1.0,-158.2,91.3,102.93,306.01:00:00,False,863 980
NOC,long,1,2022-08-01T20:00:00Z,443.866239525,2023-02-01T21:00:00Z,415.860175281,-28.01,1.0,-179.22,70.28,102.93,184.01:00:00,False,918 980
NOC,long,1,2022-12-01T21:00:00Z,498.27300877,2023-02-01T21:00:00Z,415.860175281,-82.41,1.0,-233.62,15.87,101.44,62.00:00:00,False,967 980
MU,long,18,2021-09-01T20:00:00Z,71.887121756,2023-02-01T21:00:00Z,61.66725374,-183.96,1.0,-431.03,419.15,850.18,518.01:00:00,False,792 981
NFLX,long,30,2022-02-01T21:00:00Z,45.713,2023-02-01T21:00:00Z,36.199,-285.42,1.0,-872.28,0.0,872.28,365.00:00:00,False,831 982
FCX,long,23,2022-03-01T21:00:00Z,45.32079576,2023-02-01T21:00:00Z,42.8514762775,-56.79,1.0,-493.97,87.7,581.67,337.00:00:00,False,846 983
T,long,47,2022-01-03T21:00:00Z,14.675303257431102,2023-02-01T21:00:00Z,16.702835694,95.29,1.0,-129.17,104.24,231.85,394.00:00:00,True,825 984
F,long,73,2022-03-01T21:00:00Z,12.64980244,2023-02-01T21:00:00Z,10.73871564,-139.51,1.0,-307.24,77.14,384.38,337.00:00:00,False,842 985
TGT,long,5,2021-04-01T20:00:00Z,170.549905234,2023-02-01T21:00:00Z,155.273146948,-76.38,1.0,-249.44,291.06,540.5,671.01:00:00,False,763 986
HCA,long,2,2019-09-03T20:00:00Z,113.125111056,2023-02-01T21:00:00Z,253.809366648,281.37,1.0,-96.95,303.64,209.23,1247.01:00:00,True,516 987
CVS,long,37,2020-03-02T21:00:00Z,51.920639997,2023-03-01T21:00:00Z,72.354378246,756.05,1.0,-351.93,1591.8,835.75,1094.00:00:00,True,589 995
CVS,long,11,2020-05-01T20:00:00Z,48.822735353,2023-03-01T21:00:00Z,72.354378246,258.85,1.0,-70.55,507.32,248.47,1034.01:00:00,True,631 995
CVS,long,4,2020-08-03T20:00:00Z,52.623852158,2023-03-01T21:00:00Z,72.354378246,78.92,1.0,-40.86,169.27,90.35,940.01:00:00,True,676 995
CVS,long,5,2020-09-01T20:00:00Z,49.673752084,2023-03-01T21:00:00Z,72.354378246,113.4,1.0,-36.32,226.34,112.94,911.01:00:00,True,687 995
CVS,long,5,2021-03-01T21:00:00Z,57.958394032,2023-03-01T21:00:00Z,72.354378246,71.98,1.0,-77.75,184.92,112.94,730.00:00:00,True,754 995
CVS,long,4,2021-08-02T20:00:00Z,69.81536211,2023-03-01T21:00:00Z,72.354378246,10.16,1.0,-109.63,100.51,90.35,576.01:00:00,True,786 995
CVS,long,5,2022-04-01T20:00:00Z,86.59854632,2023-03-01T21:00:00Z,72.354378246,-71.22,1.0,-220.95,41.72,99.12,334.01:00:00,False,862 995
CVS,long,3,2022-08-01T20:00:00Z,83.162480308,2023-03-01T21:00:00Z,72.354378246,-32.42,1.0,-122.26,35.34,59.47,212.01:00:00,False,920 995
CVS,long,12,2022-11-01T20:00:00Z,82.444648494,2023-03-01T21:00:00Z,72.354378246,-121.08,1.0,-480.43,149.97,216.96,120.01:00:00,False,954 995
CVS,long,12,2023-02-01T21:00:00Z,76.758634082,2023-03-01T21:00:00Z,72.354378246,-52.85,1.0,-412.2,218.2,80.01,28.00:00:00,False,991 995
REGN,long,7,2022-03-01T21:00:00Z,601.355119342,2023-03-01T21:00:00Z,763.237464616,1133.18,1.0,-406.92,1221.18,1320.96,365.00:00:00,True,849 996
REGN,long,1,2022-08-01T20:00:00Z,571.288849352,2023-03-01T21:00:00Z,763.237464616,191.95,1.0,-28.07,204.52,85.1,212.01:00:00,True,917 996
REGN,long,1,2022-11-01T20:00:00Z,752.805905374,2023-03-01T21:00:00Z,763.237464616,10.43,1.0,-209.58,23.0,85.1,120.01:00:00,True,955 996
REGN,long,1,2022-12-01T21:00:00Z,754.123471736,2023-03-01T21:00:00Z,763.237464616,9.11,1.0,-210.9,21.69,85.1,90.00:00:00,True,964 996
F,long,289,2022-03-01T21:00:00Z,12.64980244,2023-03-01T21:00:00Z,9.702696474,-851.71,3.605,-1216.34,305.38,1521.72,365.00:00:00,False,842 997
F,long,37,2022-04-01T20:00:00Z,12.61192878,2023-03-01T21:00:00Z,9.702696474,-107.64,1.0,-154.32,40.5,154.32,334.01:00:00,False,861 997
F,long,50,2022-05-02T20:00:00Z,10.888684212,2023-03-01T21:00:00Z,9.702696474,-59.3,1.0,-122.38,140.89,206.8,303.01:00:00,False,875 997
F,long,45,2022-06-01T20:00:00Z,10.332049795,2023-03-01T21:00:00Z,9.702696474,-28.32,1.0,-85.1,151.85,186.12,273.01:00:00,False,890 997
F,long,60,2022-07-01T20:00:00Z,8.6278334635,2023-03-01T21:00:00Z,9.702696474,64.49,1.0,-11.21,304.72,248.16,243.01:00:00,True,903 997
F,long,154,2022-10-03T20:00:00Z,8.829400577,2023-03-01T21:00:00Z,9.702696474,134.49,1.0,-59.81,751.07,409.83,149.01:00:00,True,942 997
F,long,86,2023-01-03T21:00:00Z,9.085109065,2023-03-01T21:00:00Z,9.702696474,53.11,1.0,-55.39,397.44,155.35,57.00:00:00,True,973 997
T,long,289,2022-01-03T21:00:00Z,14.675303257431102,2023-03-01T21:00:00Z,15.437093316,220.16,2.25,-794.23,640.95,1425.61,422.00:00:00,True,825 998
T,long,30,2022-03-01T21:00:00Z,13.854767733289613,2023-03-01T21:00:00Z,15.437093316,47.47,1.0,-57.83,91.15,147.99,365.00:00:00,True,854 998
T,long,72,2022-08-01T20:00:00Z,15.000734736,2023-03-01T21:00:00Z,15.437093316,31.42,1.0,-221.3,136.25,221.3,212.01:00:00,True,913 998
T,long,25,2022-09-01T20:00:00Z,14.02312275,2023-03-01T21:00:00Z,15.437093316,35.35,1.0,-52.4,71.75,52.4,181.01:00:00,True,933 998
T,long,34,2022-10-03T20:00:00Z,12.74100867,2023-03-01T21:00:00Z,15.437093316,91.67,1.0,-27.67,141.17,49.5,149.01:00:00,True,944 998
MPC,long,5,2022-08-01T20:00:00Z,82.613057624,2023-03-01T21:00:00Z,120.332113488,188.6,1.0,-1.07,213.61,91.54,212.01:00:00,True,912 999
EPD,long,23,2023-02-01T21:00:00Z,20.152767768,2023-03-01T21:00:00Z,20.105681862,-1.08,2.885,-2.71,19.85,22.56,28.00:00:00,False,989 1000
TGT,long,3,2021-04-01T20:00:00Z,170.549905234,2023-03-01T21:00:00Z,143.329128928,-81.66,1.0,-149.66,174.64,324.3,699.01:00:00,False,763 1001
TGT,long,12,2021-04-01T20:00:00Z,170.549905234,2023-04-03T20:00:00Z,146.51441676,-288.43,1.0,-598.65,698.54,1297.19,732.00:00:00,False,763 1010
TGT,long,1,2021-09-01T20:00:00Z,210.833566563,2023-04-03T20:00:00Z,146.51441676,-64.32,1.0,-90.17,17.93,108.1,579.00:00:00,False,796 1010
TGT,long,2,2021-10-01T20:00:00Z,195.45556116,2023-04-03T20:00:00Z,146.51441676,-97.88,1.0,-149.59,66.61,216.2,549.00:00:00,False,799 1010
TGT,long,2,2021-12-01T21:00:00Z,206.290148064,2023-04-03T20:00:00Z,146.51441676,-119.55,1.0,-171.25,44.94,188.69,487.23:00:00,False,816 1010
TGT,long,3,2022-01-03T21:00:00Z,199.163074184,2023-04-03T20:00:00Z,146.51441676,-157.95,1.0,-235.5,88.8,283.03,454.23:00:00,False,827 1010
TGT,long,2,2022-02-01T21:00:00Z,188.30931348,2023-04-03T20:00:00Z,146.51441676,-83.59,1.0,-135.29,80.91,188.69,425.23:00:00,False,835 1010
TGT,long,3,2022-03-01T21:00:00Z,189.32376965,2023-04-03T20:00:00Z,146.51441676,-128.43,1.0,-205.98,118.31,283.03,397.23:00:00,False,852 1010
TGT,long,15,2022-06-01T20:00:00Z,135.56597538,2023-04-03T20:00:00Z,146.51441676,164.23,1.0,-223.55,1397.94,495.17,306.00:00:00,True,887 1010
TGT,long,3,2022-12-01T21:00:00Z,144.750909748,2023-04-03T20:00:00Z,146.51441676,5.29,1.0,-72.26,252.03,63.03,122.23:00:00,True,968 1010
TGT,long,4,2023-01-03T21:00:00Z,133.01861527,2023-04-03T20:00:00Z,146.51441676,53.98,1.0,-49.42,382.97,84.04,89.23:00:00,True,976 1010
ADM,long,99,2023-03-01T21:00:00Z,70.875243348,2023-04-03T20:00:00Z,71.930679834,104.49,2.0,-440.98,191.27,632.24,32.23:00:00,True,1003 1011
MRNA,long,4,2022-03-01T21:00:00Z,149.52,2023-04-03T20:00:00Z,159.48,39.84,1.0,-129.56,242.08,304.44,397.23:00:00,True,848 1012
HCA,long,2,2019-10-01T20:00:00Z,110.371482144,2023-04-03T20:00:00Z,257.053620512,293.36,2.0,-91.44,309.15,209.23,1280.00:00:00,True,524 1013
MPC,long,4,2022-08-01T20:00:00Z,82.613057624,2023-04-03T20:00:00Z,126.339870528,174.91,1.0,-0.86,174.91,73.23,245.00:00:00,True,912 1014
MU,long,6,2021-09-01T20:00:00Z,71.887121756,2023-04-03T20:00:00Z,58.721805039,-78.99,1.0,-143.68,139.72,283.39,579.00:00:00,False,792 1015
HCA,long,1,2019-10-01T20:00:00Z,110.371482144,2023-05-01T20:00:00Z,276.369619782,166.0,1.0,-45.72,169.23,104.62,1308.00:00:00,True,524 1021
HCA,long,2,2020-04-01T20:00:00Z,79.453975884,2023-05-01T20:00:00Z,276.369619782,393.83,1.0,-29.61,400.29,209.23,1125.00:00:00,True,619 1021
MU,long,10,2021-09-01T20:00:00Z,71.887121756,2023-05-01T20:00:00Z,61.545105145,-103.42,1.0,-239.46,232.86,472.32,607.00:00:00,False,792 1022
XOM,long,6,2022-03-01T21:00:00Z,68.072399188,2023-05-01T20:00:00Z,102.1721909175,204.6,1.0,-11.51,223.98,111.7,425.23:00:00,True,843 1023
EOG,long,5,2022-03-01T21:00:00Z,95.190505816,2023-05-01T20:00:00Z,105.960575416,53.85,1.0,-72.84,163.89,202.34,425.23:00:00,True,841 1024
COP,long,5,2022-03-01T21:00:00Z,81.211737408,2023-05-01T20:00:00Z,91.946802135,53.68,1.0,-59.05,186.63,172.06,425.23:00:00,True,847 1025
CVX,long,3,2023-03-01T21:00:00Z,140.234727936,2023-05-01T20:00:00Z,144.690606816,13.37,2.0,-26.81,26.68,37.46,60.23:00:00,True,1002 1026
EPD,long,17,2023-02-01T21:00:00Z,20.152767768,2023-05-01T20:00:00Z,21.02621091,14.85,1.0,-10.14,17.74,24.81,88.23:00:00,True,989 1027
VLO,long,59,2023-03-01T21:00:00Z,126.08321865,2023-05-02T20:00:00Z,103.3540233,-1341.02,2.0,-1522.6,100.4,1623.01,61.23:00:00,False,1004 1035
VLO,long,9,2023-05-01T20:00:00Z,104.46740085,2023-05-02T20:00:00Z,103.3540233,-10.02,1.0,-37.72,209.86,37.72,1.00:00:00,False,1028 1035
PSX,long,77,2023-03-01T21:00:00Z,95.189677128,2023-06-01T20:00:00Z,83.50485656,-899.73,2.0,-1049.14,0.0,1049.14,91.23:00:00,False,1005 1037
PSX,long,3,2023-04-03T20:00:00Z,91.346229702,2023-06-01T20:00:00Z,83.50485656,-23.52,1.0,-29.35,11.53,38.8,59.00:00:00,False,1020 1037
NFLX,long,33,2022-02-01T21:00:00Z,45.713,2023-06-01T20:00:00Z,40.313,-178.2,1.0,-959.51,0.0,959.51,484.23:00:00,False,831 1038
NFLX,long,11,2022-03-01T21:00:00Z,38.624,2023-06-01T20:00:00Z,40.313,18.58,1.0,-241.86,77.98,248.0,456.23:00:00,True,853 1038
MU,long,11,2021-09-01T20:00:00Z,71.887121756,2023-06-01T20:00:00Z,68.198096463,-40.58,1.0,-263.41,256.15,519.55,638.00:00:00,False,792 1039
HCA,long,5,2020-04-01T20:00:00Z,79.453975884,2023-07-03T17:00:00Z,290.557749924,1055.52,1.0,-74.02,1082.43,523.09,1187.21:00:00,True,619 1050
HCA,long,3,2020-06-01T20:00:00Z,103.272138964,2023-07-03T17:00:00Z,290.557749924,561.86,1.0,-115.86,578.01,313.85,1126.21:00:00,True,645 1050
HCA,long,4,2020-07-01T20:00:00Z,93.071132864,2023-07-03T17:00:00Z,290.557749924,789.95,1.0,-113.68,811.48,418.47,1096.21:00:00,True,658 1050
HCA,long,2,2021-12-01T21:00:00Z,216.353718042,2023-07-03T17:00:00Z,290.557749924,148.41,1.0,-303.41,159.17,209.23,578.20:00:00,True,815 1050
HCA,long,2,2022-02-01T21:00:00Z,228.042304047,2023-07-03T17:00:00Z,290.557749924,125.03,1.0,-326.78,135.8,209.23,516.20:00:00,True,833 1050
HCA,long,1,2022-05-02T20:00:00Z,202.995247044,2023-07-03T17:00:00Z,290.557749924,87.56,1.0,-138.34,92.95,58.58,426.21:00:00,True,879 1050
HCA,long,2,2022-06-01T20:00:00Z,199.26888519,2023-07-03T17:00:00Z,290.557749924,182.58,1.0,-269.24,193.34,86.02,396.21:00:00,True,891 1050
HCA,long,4,2022-07-01T20:00:00Z,169.090681578,2023-07-03T17:00:00Z,290.557749924,485.87,1.0,-417.76,507.4,147.11,366.21:00:00,True,901 1050
HCA,long,2,2022-09-01T20:00:00Z,192.649014285,2023-07-03T17:00:00Z,290.557749924,195.82,1.0,-256.0,206.58,73.55,304.21:00:00,True,932 1050
HCA,long,1,2023-06-01T20:00:00Z,260.663814834,2023-07-03T17:00:00Z,290.557749924,29.89,1.0,-196.01,35.28,5.38,31.21:00:00,True,1049 1050
DE,long,2,2022-01-03T21:00:00Z,329.813878223,2023-07-03T17:00:00Z,390.204791095,120.78,1.0,-111.48,187.92,280.02,545.20:00:00,True,826 1051
EMR,long,8,2023-06-01T20:00:00Z,74.872969728,2023-07-03T17:00:00Z,85.685019036,86.5,2.0,0.0,86.5,10.19,31.21:00:00,True,1040 1052
FCX,long,17,2022-03-01T21:00:00Z,45.32079576,2023-07-03T17:00:00Z,39.117701979,-105.45,1.0,-365.11,64.82,429.93,488.20:00:00,False,846 1053
CI,long,2,2023-06-01T20:00:00Z,236.899556173,2023-07-03T17:00:00Z,263.168752077,52.54,2.0,0.0,53.35,15.93,31.21:00:00,True,1041 1054
NFLX,long,8,2022-04-01T20:00:00Z,37.347,2023-07-03T17:00:00Z,44.135,54.3,2.0,-165.68,66.93,180.1,457.21:00:00,True,860 1055
MRNA,long,17,2022-03-01T21:00:00Z,149.52,2023-08-01T20:00:00Z,113.94,-604.86,1.0,-604.86,1028.84,1633.7,517.23:00:00,False,848 1063
MRNA,long,8,2022-05-02T20:00:00Z,142.08,2023-08-01T20:00:00Z,113.94,-225.12,1.0,-225.12,543.68,768.8,456.00:00:00,False,873 1063
MRNA,long,9,2022-09-01T20:00:00Z,138.95,2023-08-01T20:00:00Z,113.94,-225.09,1.0,-225.09,639.81,864.9,334.00:00:00,False,928 1063
MRNA,long,2,2022-10-03T20:00:00Z,120.99,2023-08-01T20:00:00Z,113.94,-14.1,1.0,-14.1,178.1,192.2,302.00:00:00,False,948 1063
MRNA,long,3,2023-02-01T21:00:00Z,174.3,2023-08-01T20:00:00Z,113.94,-181.08,1.0,-181.08,107.22,190.02,180.23:00:00,False,993 1063
MRNA,long,8,2023-03-01T21:00:00Z,135.66,2023-08-01T20:00:00Z,113.94,-173.76,1.0,-173.76,595.04,372.72,152.23:00:00,False,1006 1063
MRNA,long,6,2023-05-01T20:00:00Z,133.4,2023-08-01T20:00:00Z,113.94,-116.76,1.0,-116.76,459.84,142.86,92.00:00:00,False,1029 1063
MRNA,long,6,2023-07-03T17:00:00Z,121.74,2023-08-01T20:00:00Z,113.94,-46.8,1.0,-46.8,529.8,76.02,29.03:00:00,False,1058 1063
MPC,long,8,2022-08-01T20:00:00Z,82.613057624,2023-08-01T20:00:00Z,126.545760432,351.46,1.0,-1.72,351.46,227.87,365.00:00:00,True,912 1064
EOG,long,7,2022-03-01T21:00:00Z,95.190505816,2023-08-01T20:00:00Z,118.466846425,162.93,1.0,-101.98,229.45,283.27,517.23:00:00,True,841 1065
COP,long,6,2022-03-01T21:00:00Z,81.211737408,2023-08-01T20:00:00Z,106.44241422,151.38,1.0,-70.86,223.96,206.47,517.23:00:00,True,847 1066
MU,long,9,2021-09-01T20:00:00Z,71.887121756,2023-08-01T20:00:00Z,69.977967556,-17.18,1.0,-215.51,209.58,425.09,699.00:00:00,False,792 1067
MMM,long,8,2021-12-01T21:00:00Z,100.99947662435402,2023-08-01T20:00:00Z,70.12631283763068,-246.99,2.0,-334.36,48.65,383.01,607.23:00:00,False,813 1068
FCX,long,12,2022-03-01T21:00:00Z,45.32079576,2023-08-01T20:00:00Z,42.122503548,-38.38,1.0,-257.72,45.76,303.48,517.23:00:00,False,846 1069
QCOM,long,4,2023-04-03T20:00:00Z,115.438163148,2023-08-01T20:00:00Z,123.079646144,30.57,2.0,-80.4,30.9,80.4,120.00:00:00,True,1017 1070
EMR,long,8,2023-06-01T20:00:00Z,74.872969728,2023-09-01T20:00:00Z,93.835106428,151.7,1.0,0.0,151.7,19.47,92.00:00:00,True,1040 1079
MPC,long,5,2022-08-01T20:00:00Z,82.613057624,2023-09-01T20:00:00Z,137.574875324,274.81,1.0,-1.07,289.11,142.42,396.00:00:00,True,912 1080
XOM,long,5,2022-03-01T21:00:00Z,68.072399188,2023-09-01T20:00:00Z,102.866068536,173.97,1.0,-9.59,186.65,93.09,548.23:00:00,True,843 1081
MCK,long,2,2023-08-01T20:00:00Z,399.096704006,2023-10-02T20:00:00Z,431.65764763,65.12,2.0,0.0,82.88,63.72,62.00:00:00,True,1071 1085
OXY,long,10,2023-02-01T21:00:00Z,59.5862791,2023-10-02T20:00:00Z,58.96822715,-6.18,2.0,-66.61,41.15,93.26,242.23:00:00,False,990 1086
MPC,long,4,2022-08-01T20:00:00Z,82.613057624,2023-10-02T20:00:00Z,141.401636038,235.15,1.0,-0.86,258.98,113.93,427.00:00:00,True,912 1087
XOM,long,5,2022-03-01T21:00:00Z,68.072399188,2023-10-02T20:00:00Z,104.778043559,183.53,1.0,-9.59,204.23,93.09,579.23:00:00,True,843 1088
COP,long,4,2022-03-01T21:00:00Z,81.211737408,2023-10-02T20:00:00Z,107.18597441,103.9,1.0,-47.24,149.31,137.65,579.23:00:00,True,847 1089
MU,long,13,2021-09-01T20:00:00Z,71.887121756,2023-11-01T20:00:00Z,68.74749426,-40.82,1.0,-311.3,302.72,614.02,791.00:00:00,False,792 1096
MU,long,4,2021-11-01T20:00:00Z,69.03857121,2023-11-01T20:00:00Z,68.74749426,-1.16,1.0,-84.39,104.54,188.93,730.00:00:00,False,808 1096
MU,long,9,2022-02-01T21:00:00Z,79.620755175,2023-11-01T20:00:00Z,68.74749426,-97.86,1.0,-285.12,139.97,413.65,637.23:00:00,False,832 1096
MU,long,14,2022-04-01T20:00:00Z,74.46911147,2023-11-01T20:00:00Z,68.74749426,-80.1,1.0,-371.39,289.86,391.78,579.00:00:00,False,859 1096
MU,long,4,2022-05-02T20:00:00Z,69.10873738,2023-11-01T20:00:00Z,68.74749426,-1.44,1.0,-84.67,104.26,103.35,548.00:00:00,False,878 1096
MU,long,14,2022-07-01T20:00:00Z,52.516767145,2023-11-01T20:00:00Z,68.74749426,227.23,1.0,-64.06,597.19,221.89,488.00:00:00,True,900 1096
MU,long,5,2022-09-01T20:00:00Z,56.209298409,2023-11-01T20:00:00Z,68.74749426,62.69,1.0,-41.34,194.82,68.7,426.00:00:00,True,935 1096
MU,long,7,2022-10-03T20:00:00Z,50.726660508,2023-11-01T20:00:00Z,68.74749426,126.15,1.0,-19.5,311.13,96.18,394.00:00:00,True,945 1096
MU,long,10,2022-11-01T20:00:00Z,53.919880638,2023-11-01T20:00:00Z,68.74749426,148.28,1.0,-59.79,412.54,137.4,365.00:00:00,True,956 1096
MU,long,11,2023-01-03T21:00:00Z,49.619481963,2023-11-01T20:00:00Z,68.74749426,210.41,1.0,-18.46,501.09,142.96,301.23:00:00,True,975 1096
MU,long,15,2023-07-03T17:00:00Z,63.084966637,2023-11-01T20:00:00Z,68.74749426,84.94,1.0,-227.16,481.33,118.38,121.03:00:00,True,1057 1096
CI,long,4,2023-06-01T20:00:00Z,236.899556173,2023-11-01T20:00:00Z,291.932264507,220.13,1.0,0.0,230.4,108.47,153.00:00:00,True,1041 1097
MCK,long,2,2023-08-01T20:00:00Z,399.096704006,2023-11-01T20:00:00Z,453.535591135,108.88,1.0,0.0,114.74,63.72,92.00:00:00,True,1071 1098
NFLX,long,7,2022-04-01T20:00:00Z,37.347,2023-11-01T20:00:00Z,42.019,32.7,1.0,-144.97,72.88,157.59,579.00:00:00,True,860 1099
NFLX,long,13,2022-05-02T20:00:00Z,19.946,2023-11-01T20:00:00Z,42.019,286.95,1.0,-43.02,361.57,170.82,548.00:00:00,True,872 1099
VZ,long,27,2023-04-03T20:00:00Z,30.996719068,2023-11-01T20:00:00Z,29.56696854,-38.6,2.175,-145.27,19.48,164.75,212.00:00:00,False,1016 1100
EMR,long,76,2023-06-01T20:00:00Z,74.872969728,2023-12-01T21:00:00Z,85.998370812,845.53,1.0,0.0,1527.63,1108.07,183.01:00:00,True,1040 1110
EMR,long,3,2023-08-01T20:00:00Z,86.477525268,2023-12-01T21:00:00Z,85.998370812,-1.44,1.0,-34.81,25.49,43.74,122.01:00:00,False,1078 1110
EMR,long,5,2023-11-01T20:00:00Z,85.003678599,2023-12-01T21:00:00Z,85.998370812,4.97,1.0,-50.65,49.85,34.24,30.01:00:00,True,1106 1110
VLO,long,61,2023-11-01T20:00:00Z,117.620630328,2023-12-01T21:00:00Z,117.321978898,-18.22,2.0,-438.7,69.09,507.8,30.01:00:00,False,1101 1111
QCOM,long,57,2023-04-03T20:00:00Z,115.438163148,2023-12-01T21:00:00Z,122.463395245,400.44,1.0,-1145.72,440.34,1415.43,242.01:00:00,True,1017 1112
QCOM,long,4,2023-05-01T20:00:00Z,107.201834368,2023-12-01T21:00:00Z,122.463395245,61.05,1.0,-47.46,63.85,99.33,214.01:00:00,True,1031 1112
QCOM,long,8,2023-09-01T20:00:00Z,108.2836417135,2023-12-01T21:00:00Z,122.463395245,113.44,1.0,-103.57,119.04,88.36,91.01:00:00,True,1082 1112
NFLX,long,19,2022-05-02T20:00:00Z,19.946,2023-12-01T21:00:00Z,46.574,505.93,1.0,-62.87,532.19,249.66,578.01:00:00,True,872 1113
MMM,long,9,2021-12-01T21:00:00Z,100.99947662435402,2023-12-01T21:00:00Z,65.29183975757319,-321.37,1.0,-413.04,54.73,467.77,730.00:00:00,False,813 1114
FCX,long,16,2022-03-01T21:00:00Z,45.32079576,2023-12-01T21:00:00Z,37.942109532,-118.06,1.0,-343.63,61.01,404.64,640.00:00:00,False,846 1115
VZ,long,15,2023-04-03T20:00:00Z,30.996719068,2023-12-01T21:00:00Z,32.222984358,18.39,1.0,-80.71,18.39,91.53,242.01:00:00,True,1016 1116
CI,long,3,2023-06-01T20:00:00Z,236.899556173,2024-01-02T21:00:00Z,293.95855076,171.18,1.0,0.0,191.93,170.37,215.01:00:00,True,1041 1124
FCX,long,20,2022-03-01T21:00:00Z,45.32079576,2024-01-02T21:00:00Z,40.697843787,-92.46,1.0,-429.54,76.26,505.8,672.00:00:00,False,846 1125
NXPI,long,3,2023-12-01T21:00:00Z,195.041366544,2024-01-02T21:00:00Z,210.708409844,47.0,2.0,0.0,80.58,33.58,32.00:00:00,True,1119 1126
MMM,long,7,2021-12-01T21:00:00Z,100.99947662435402,2024-01-02T21:00:00Z,71.928917108994,-203.49,1.0,-321.25,42.57,363.82,762.00:00:00,False,813 1127
NXPI,long,34,2023-12-01T21:00:00Z,195.041366544,2024-02-01T21:00:00Z,202.925211958,268.05,1.0,0.0,913.27,889.11,62.00:00:00,True,1119 1136
NFLX,long,20,2022-05-02T20:00:00Z,19.946,2024-02-01T21:00:00Z,56.751,736.1,1.0,-66.18,752.66,262.8,640.01:00:00,True,872 1137
VZ,long,28,2023-04-03T20:00:00Z,30.996719068,2024-02-01T21:00:00Z,36.087164904,142.53,1.0,-150.65,142.53,170.85,304.01:00:00,True,1016 1138
MPC,long,5,2022-08-01T20:00:00Z,82.613057624,2024-02-01T21:00:00Z,158.775099989,380.81,1.0,-1.07,391.99,142.42,549.01:00:00,True,912 1139
PSX,long,5,2023-12-01T21:00:00Z,118.5622719,2024-02-01T21:00:00Z,133.05118485,72.44,2.0,-23.22,72.44,36.93,62.00:00:00,True,1117 1140
MCK,long,1,2023-08-01T20:00:00Z,399.096704006,2024-02-01T21:00:00Z,495.9121108,96.82,1.0,0.0,96.82,31.86,184.01:00:00,True,1071 1141
CI,long,20,2023-06-01T20:00:00Z,236.899556173,2024-03-01T21:00:00Z,315.628632896,1574.58,1.0,0.0,1788.44,1135.79,274.01:00:00,True,1041 1150
CI,long,1,2023-09-01T20:00:00Z,259.881138727,2024-03-01T21:00:00Z,315.628632896,55.75,1.0,-22.98,66.44,56.79,182.01:00:00,True,1084 1150
CI,long,5,2023-12-01T21:00:00Z,253.823786554,2024-03-01T21:00:00Z,315.628632896,309.02,1.0,-84.62,362.49,74.94,91.00:00:00,True,1120 1150
FCX,long,37,2022-03-01T21:00:00Z,45.32079576,2024-03-01T21:00:00Z,36.80913057,-314.93,1.0,-794.65,141.08,935.73,731.00:00:00,False,846 1151
FCX,long,15,2022-05-02T20:00:00Z,38.075978318,2024-03-01T21:00:00Z,36.80913057,-19.0,1.0,-213.48,165.87,258.97,669.01:00:00,False,874 1151
FCX,long,13,2022-06-01T20:00:00Z,37.554779013,2024-03-01T21:00:00Z,36.80913057,-9.69,1.0,-178.24,150.53,224.44,639.01:00:00,False,889 1151
FCX,long,35,2022-07-01T20:00:00Z,27.67094492,2024-03-01T21:00:00Z,36.80913057,319.84,1.0,-133.95,751.2,445.62,609.01:00:00,True,899 1151
FCX,long,12,2022-09-01T20:00:00Z,26.685288864,2024-03-01T21:00:00Z,36.80913057,121.49,1.0,-34.1,269.38,152.78,547.01:00:00,True,934 1151
FCX,long,7,2023-04-03T20:00:00Z,39.38607524,2024-03-01T21:00:00Z,36.80913057,-18.04,1.0,-108.8,68.23,76.14,333.01:00:00,False,1019 1151
FCX,long,11,2023-05-01T20:00:00Z,36.095362974,2024-03-01T21:00:00Z,36.80913057,7.85,1.0,-134.77,143.42,119.65,305.01:00:00,True,1033 1151
FCX,long,9,2023-06-01T20:00:00Z,34.032496669,2024-03-01T21:00:00Z,36.80913057,24.99,1.0,-91.7,135.91,97.9,274.01:00:00,True,1048 1151
FCX,long,18,2023-09-01T20:00:00Z,39.955708098,2024-03-01T21:00:00Z,36.80913057,-56.64,1.0,-290.01,165.21,140.67,182.01:00:00,False,1083 1151
FCX,long,10,2023-10-02T20:00:00Z,35.285060128,2024-03-01T21:00:00Z,36.80913057,15.24,1.0,-114.41,138.49,61.94,151.01:00:00,True,1094 1151
FCX,long,15,2023-11-01T20:00:00Z,32.595018153,2024-03-01T21:00:00Z,36.80913057,63.21,1.0,-131.27,248.08,92.92,121.01:00:00,True,1105 1151
FCX,long,14,2024-02-01T21:00:00Z,38.99264082,2024-03-01T21:00:00Z,36.80913057,-30.57,1.0,-212.08,141.98,47.82,29.00:00:00,False,1144 1151
MMM,long,43,2021-12-01T21:00:00Z,100.99947662435402,2024-03-01T21:00:00Z,61.064894977547006,-1717.19,1.0,-1973.39,261.48,2234.88,821.00:00:00,False,813 1152
MMM,long,4,2022-02-01T21:00:00Z,99.05922663414738,2024-03-01T21:00:00Z,61.064894977547006,-151.98,1.0,-175.81,32.09,175.81,759.00:00:00,False,834 1152
MMM,long,7,2022-03-01T21:00:00Z,86.44111777055709,2024-03-01T21:00:00Z,61.064894977547006,-177.63,1.0,-219.34,144.48,259.23,731.00:00:00,False,851 1152
MMM,long,7,2022-09-01T20:00:00Z,76.56957311661911,2024-03-01T21:00:00Z,61.064894977547006,-108.53,1.0,-150.24,213.58,181.6,547.01:00:00,False,930 1152
MMM,long,5,2022-10-03T20:00:00Z,69.00586697654714,2024-03-01T21:00:00Z,61.064894977547006,-39.7,1.0,-69.5,190.37,129.71,515.01:00:00,False,946 1152
MMM,long,7,2022-12-01T21:00:00Z,77.70046307969264,2024-03-01T21:00:00Z,61.064894977547006,-116.45,1.0,-158.16,205.66,173.26,456.00:00:00,False,966 1152
MMM,long,9,2023-02-01T21:00:00Z,71.46025447429236,2024-03-01T21:00:00Z,61.064894977547006,-93.56,1.0,-147.18,320.58,171.71,394.00:00:00,False,992 1152
MMM,long,8,2023-06-01T20:00:00Z,59.81921638673072,2024-03-01T21:00:00Z,61.064894977547006,9.97,1.0,-37.7,378.09,131.02,274.01:00:00,True,1044 1152
MMM,long,15,2023-10-02T20:00:00Z,58.08724478916743,2024-03-01T21:00:00Z,61.064894977547006,44.66,1.0,-44.71,734.9,172.43,151.01:00:00,True,1090 1152
MMM,long,17,2024-02-01T21:00:00Z,62.715476726578316,2024-03-01T21:00:00Z,61.064894977547006,-28.06,1.0,-129.35,754.21,38.8,29.00:00:00,False,1143 1152
PFE,long,213,2023-02-01T21:00:00Z,35.480517558,2024-03-01T21:00:00Z,22.554959523,-2753.14,2.71,-2906.25,63.58,2969.83,394.00:00:00,False,988 1153
PFE,long,13,2023-05-01T20:00:00Z,31.608155478,2024-03-01T21:00:00Z,22.554959523,-117.69,1.0,-127.04,54.22,143.25,305.01:00:00,False,1032 1153
PFE,long,13,2023-07-03T17:00:00Z,29.870728371,2024-03-01T21:00:00Z,22.554959523,-95.1,1.0,-104.45,76.81,113.78,242.04:00:00,False,1060 1153
PFE,long,14,2023-08-01T20:00:00Z,29.378969473,2024-03-01T21:00:00Z,22.554959523,-95.54,1.0,-105.6,89.6,121.76,213.01:00:00,False,1075 1153
PFE,long,14,2023-10-02T20:00:00Z,27.985467974,2024-03-01T21:00:00Z,22.554959523,-76.03,1.0,-86.09,109.11,86.09,151.01:00:00,False,1093 1153
PFE,long,16,2023-11-01T20:00:00Z,25.157237121,2024-03-01T21:00:00Z,22.554959523,-41.64,1.0,-53.14,169.95,63.03,121.01:00:00,False,1107 1153
PFE,long,29,2024-01-02T21:00:00Z,24.844590993,2024-03-01T21:00:00Z,22.554959523,-66.4,1.0,-87.24,317.1,67.14,59.00:00:00,False,1128 1153
PFE,long,17,2024-02-01T21:00:00Z,23.148734313,2024-03-01T21:00:00Z,22.554959523,-10.09,1.0,-22.31,214.71,17.3,29.00:00:00,False,1147 1153
NFLX,long,7,2022-05-02T20:00:00Z,19.946,2024-03-01T21:00:00Z,61.934,293.92,1.0,-23.16,293.92,91.98,669.01:00:00,True,872 1154
MPC,long,5,2022-08-01T20:00:00Z,82.613057624,2024-04-01T20:00:00Z,194.672479948,560.3,1.0,-1.07,560.3,142.42,609.00:00:00,True,912 1162
NEE,long,10,2024-03-01T21:00:00Z,51.381103685,2024-04-01T20:00:00Z,58.98450193,76.03,2.0,-2.23,80.97,10.98,30.23:00:00,True,1156 1163
XOM,long,5,2022-03-01T21:00:00Z,68.072399188,2024-04-01T20:00:00Z,107.946337248,199.37,1.0,-9.59,204.23,102.01,761.23:00:00,True,843 1164
MCK,long,14,2023-08-01T20:00:00Z,399.096704006,2024-05-01T20:00:00Z,525.43810223,1768.78,1.0,0.0,1937.76,446.01,274.00:00:00,True,1071 1167
MCK,long,1,2024-01-02T21:00:00Z,467.81849456,2024-05-01T20:00:00Z,525.43810223,57.62,1.0,-68.72,69.69,22.48,119.23:00:00,True,1129 1167
EOG,long,6,2022-03-01T21:00:00Z,95.190505816,2024-05-01T20:00:00Z,120.834566285,153.86,1.0,-87.41,196.67,242.81,791.23:00:00,True,841 1168
OXY,long,11,2023-02-01T21:00:00Z,59.5862791,2024-05-01T20:00:00Z,61.41947077,20.17,1.0,-75.23,70.59,120.49,454.23:00:00,True,990 1169
NEE,long,11,2024-03-01T21:00:00Z,51.381103685,2024-05-01T20:00:00Z,63.851793585,137.18,1.0,-2.46,137.18,37.67,60.23:00:00,True,1156 1170
COP,long,5,2022-03-01T21:00:00Z,81.211737408,2024-05-01T20:00:00Z,115.2028751,169.96,1.0,-59.05,212.48,172.06,791.23:00:00,True,847 1171
XOM,long,4,2022-03-01T21:00:00Z,68.072399188,2024-05-01T20:00:00Z,107.023403448,155.8,1.0,-7.67,178.84,81.61,791.23:00:00,True,843 1172
SO,long,5,2023-12-01T21:00:00Z,64.270568304,2024-05-01T20:00:00Z,67.675338,17.02,2.0,-21.07,17.02,28.08,151.23:00:00,True,1118 1173
NEE,long,19,2024-03-01T21:00:00Z,51.381103685,2024-06-03T20:00:00Z,72.789154128,406.75,1.0,-4.24,438.7,65.07,93.23:00:00,True,1156 1182
NFLX,long,19,2022-05-02T20:00:00Z,19.946,2024-06-03T20:00:00Z,63.379,825.23,1.0,-62.87,864.8,249.66,763.00:00:00,True,872 1183
SO,long,10,2023-12-01T21:00:00Z,64.270568304,2024-06-03T20:00:00Z,73.674428414,94.04,1.0,-42.15,94.04,56.16,184.23:00:00,True,1118 1184
T,long,38,2024-03-01T21:00:00Z,15.016743534,2024-06-03T20:00:00Z,16.188070579,44.51,3.56,-20.73,51.68,41.9,93.23:00:00,True,1155 1185
DUK,long,6,2024-03-01T21:00:00Z,82.796102312,2024-06-03T20:00:00Z,95.176216593,74.28,2.0,0.0,79.64,24.33,93.23:00:00,True,1158 1186
MO,long,11,2023-07-03T17:00:00Z,35.94639681,2024-06-03T20:00:00Z,39.003011425,33.62,2.01,-49.63,33.62,51.27,336.03:00:00,True,1056 1187
GILD,long,7,2024-05-01T20:00:00Z,60.760439837,2024-07-01T20:00:00Z,64.444222128,25.79,2.0,-13.5,39.52,29.02,61.00:00:00,True,1174 1195
T,long,25,2024-03-01T21:00:00Z,15.016743534,2024-07-01T20:00:00Z,17.059943342,51.08,1.0,-13.64,54.34,27.57,121.23:00:00,True,1155 1196
NFLX,long,6,2022-05-02T20:00:00Z,19.946,2024-07-01T20:00:00Z,67.361,284.49,1.0,-19.85,292.0,78.84,791.00:00:00,True,872 1197
BMY,long,28,2022-03-01T21:00:00Z,57.265668108,2024-08-01T20:00:00Z,43.897687092,-374.3,1.0,-596.55,320.57,917.13,883.23:00:00,False,845 1199
GILD,long,9,2024-05-01T20:00:00Z,60.760439837,2024-08-01T20:00:00Z,71.814372823,99.49,1.0,-17.36,112.67,37.31,92.00:00:00,True,1174 1200
MO,long,12,2023-07-03T17:00:00Z,35.94639681,2024-08-01T20:00:00Z,42.827839286,82.58,1.0,-54.14,88.02,55.93,395.03:00:00,True,1056 1201
NEE,long,6,2024-03-01T21:00:00Z,51.381103685,2024-08-01T20:00:00Z,73.426094352,132.27,1.0,-1.34,138.54,53.98,152.23:00:00,True,1156 1202
NFLX,long,11,2022-05-02T20:00:00Z,19.946,2024-09-03T20:00:00Z,67.532,523.45,1.0,-36.4,552.08,144.54,855.00:00:00,True,872 1208
MO,long,13,2023-07-03T17:00:00Z,35.94639681,2024-09-03T20:00:00Z,46.295507201,134.54,1.0,-58.65,134.54,60.59,428.03:00:00,True,1056 1209
DUK,long,5,2024-03-01T21:00:00Z,82.796102312,2024-09-03T20:00:00Z,107.564255242,123.84,1.0,0.0,123.84,24.16,185.23:00:00,True,1158 1210
PCAR,long,74,2024-03-01T21:00:00Z,105.423819039,2024-09-04T20:00:00Z,89.081626263,-1209.32,2.0,-1467.5,776.76,2244.26,186.23:00:00,False,1157 1218
PCAR,long,7,2024-05-01T20:00:00Z,99.043810554,2024-09-04T20:00:00Z,89.081626263,-69.74,1.0,-94.16,118.14,120.1,126.00:00:00,False,1177 1218
PCAR,long,9,2024-08-01T20:00:00Z,89.94521115,2024-09-04T20:00:00Z,89.081626263,-7.77,1.0,-39.17,233.78,39.17,34.00:00:00,False,1203 1218
PCAR,long,4,2024-09-03T20:00:00Z,89.540761604,2024-09-04T20:00:00Z,89.081626263,-1.84,1.0,-15.79,105.52,2.1,1.00:00:00,False,1216 1218
OXY,long,103,2023-02-01T21:00:00Z,59.5862791,2024-10-01T20:00:00Z,51.1501608,-868.92,1.0,-1199.37,660.95,1860.33,607.23:00:00,False,990 1221
OXY,long,5,2023-07-03T17:00:00Z,55.861309878,2024-10-01T20:00:00Z,51.1501608,-23.56,1.0,-39.6,50.71,90.31,456.03:00:00,False,1061 1221
OXY,long,11,2023-12-01T21:00:00Z,55.683801015,2024-10-01T20:00:00Z,51.1501608,-49.87,1.0,-85.16,113.51,198.68,304.23:00:00,False,1121 1221
OXY,long,8,2024-02-01T21:00:00Z,54.428011112,2024-10-01T20:00:00Z,51.1501608,-26.22,1.0,-51.89,92.6,144.49,242.23:00:00,False,1145 1221
OXY,long,9,2024-06-03T20:00:00Z,57.721913802,2024-10-01T20:00:00Z,51.1501608,-59.15,1.0,-88.02,74.53,117.15,120.00:00:00,False,1192 1221
OXY,long,7,2024-08-01T20:00:00Z,56.797943832,2024-10-01T20:00:00Z,51.1501608,-39.53,1.0,-61.99,64.44,61.99,61.00:00:00,False,1206 1221
OXY,long,13,2024-09-03T20:00:00Z,52.99100856,2024-10-01T20:00:00Z,51.1501608,-23.93,1.0,-65.64,169.16,65.64,28.00:00:00,False,1211 1221
MPC,long,30,2022-08-01T20:00:00Z,82.613057624,2024-10-01T20:00:00Z,159.437405798,2304.73,1.0,-6.44,3782.35,1685.59,792.00:00:00,True,912 1222
MPC,long,5,2023-05-01T20:00:00Z,114.063554592,2024-10-01T20:00:00Z,159.437405798,226.87,1.0,-158.33,473.14,280.93,519.00:00:00,True,1030 1222
MPC,long,6,2023-06-01T20:00:00Z,99.284123736,2024-10-01T20:00:00Z,159.437405798,360.92,1.0,-101.31,656.44,337.12,488.00:00:00,True,1042 1222
MPC,long,2,2024-01-02T21:00:00Z,144.397864468,2024-10-01T20:00:00Z,159.437405798,30.08,1.0,-124.0,128.59,112.37,272.23:00:00,True,1135 1222
MPC,long,3,2024-05-01T20:00:00Z,170.444370316,2024-10-01T20:00:00Z,159.437405798,-33.02,1.0,-264.14,114.74,65.19,153.00:00:00,False,1178 1222
MPC,long,2,2024-06-03T20:00:00Z,167.215915875,2024-10-01T20:00:00Z,159.437405798,-15.56,1.0,-169.63,82.95,40.9,120.00:00:00,False,1194 1222
MPC,long,2,2024-09-03T20:00:00Z,167.129476998,2024-10-01T20:00:00Z,159.437405798,-15.38,1.0,-169.46,83.12,29.25,28.00:00:00,False,1217 1222
VZ,long,165,2023-04-03T20:00:00Z,30.996719068,2024-10-01T20:00:00Z,39.657642354,1429.05,1.175,-887.76,1429.05,1006.8,547.00:00:00,True,1016 1223
VZ,long,35,2023-08-01T20:00:00Z,27.338047757,2024-10-01T20:00:00Z,39.657642354,431.19,1.0,-60.26,431.19,107.46,427.00:00:00,True,1072 1223
VZ,long,10,2024-01-02T21:00:00Z,32.473551888,2024-10-01T20:00:00Z,39.657642354,71.84,1.0,-68.57,71.84,30.7,272.23:00:00,True,1134 1223
VZ,long,15,2024-03-01T21:00:00Z,34.14224592,2024-10-01T20:00:00Z,39.657642354,82.73,1.0,-127.89,82.73,46.05,213.23:00:00,True,1159 1223
VZ,long,10,2024-05-01T20:00:00Z,33.83207744,2024-10-01T20:00:00Z,39.657642354,58.26,1.0,-82.16,58.26,27.89,153.00:00:00,True,1181 1223
T,long,43,2024-03-01T21:00:00Z,15.016743534,2024-10-01T20:00:00Z,20.189289733,222.42,1.0,-23.45,227.91,47.41,213.23:00:00,True,1155 1224
DE,long,2,2022-01-03T21:00:00Z,329.813878223,2024-10-01T20:00:00Z,407.004010972,154.38,1.0,-111.48,196.97,280.02,1001.23:00:00,True,826 1225
CVS,long,13,2024-02-01T21:00:00Z,67.092113088,2024-10-01T20:00:00Z,57.032785784,-130.77,2.0,-233.28,68.91,302.19,242.23:00:00,False,1142 1226
NEE,long,9,2024-03-01T21:00:00Z,51.381103685,2024-10-01T20:00:00Z,80.387729718,261.06,1.0,-2.01,261.06,80.97,213.23:00:00,True,1156 1227
GILD,long,8,2024-05-01T20:00:00Z,60.760439837,2024-10-01T20:00:00Z,79.545505968,150.28,1.0,-15.43,150.66,38.01,153.00:00:00,True,1174 1228
SO,long,7,2023-12-01T21:00:00Z,64.270568304,2024-10-01T20:00:00Z,83.980263168,137.97,1.0,-29.5,137.97,39.32,304.23:00:00,True,1118 1229
BMY,long,10,2022-03-01T21:00:00Z,57.265668108,2024-10-01T20:00:00Z,48.20817204,-90.57,1.0,-213.05,114.49,327.54,944.23:00:00,False,845 1230
DE,long,9,2022-01-03T21:00:00Z,329.813878223,2024-11-01T20:00:00Z,391.347003346,553.8,1.0,-501.65,886.39,1260.1,1032.23:00:00,True,826 1240
DE,long,1,2022-03-01T21:00:00Z,337.858808445,2024-11-01T20:00:00Z,391.347003346,53.49,1.0,-63.78,90.44,140.01,975.23:00:00,True,855 1240
DE,long,2,2022-06-01T20:00:00Z,332.581341435,2024-11-01T20:00:00Z,391.347003346,117.53,1.0,-117.01,191.44,185.59,884.00:00:00,True,888 1240
DE,long,1,2022-07-01T20:00:00Z,285.913719665,2024-11-01T20:00:00Z,391.347003346,105.43,1.0,-11.84,142.39,92.8,854.00:00:00,True,906 1240
DE,long,1,2022-10-03T20:00:00Z,327.192341315,2024-11-01T20:00:00Z,391.347003346,64.15,1.0,-53.12,101.11,92.8,760.00:00:00,True,947 1240
DE,long,1,2023-05-01T20:00:00Z,365.553645944,2024-11-01T20:00:00Z,391.347003346,25.79,1.0,-91.48,62.75,92.46,550.00:00:00,True,1034 1240
DE,long,1,2023-06-01T20:00:00Z,337.284750734,2024-11-01T20:00:00Z,391.347003346,54.06,1.0,-63.21,91.02,92.46,519.00:00:00,True,1047 1240
DE,long,2,2023-10-02T20:00:00Z,360.003732992,2024-11-01T20:00:00Z,391.347003346,62.69,1.0,-171.86,136.59,131.6,396.00:00:00,True,1092 1240
DE,long,1,2024-03-01T21:00:00Z,355.536699455,2024-11-01T20:00:00Z,391.347003346,35.81,1.0,-81.46,72.76,65.8,244.23:00:00,True,1161 1240
DE,long,1,2024-06-03T20:00:00Z,357.114942164,2024-11-01T20:00:00Z,391.347003346,34.23,1.0,-83.04,71.19,40.62,151.00:00:00,True,1193 1240
DE,long,1,2024-08-01T20:00:00Z,348.570052222,2024-11-01T20:00:00Z,391.347003346,42.78,1.0,-74.5,79.73,16.66,92.00:00:00,True,1207 1240
PSX,long,57,2023-12-01T21:00:00Z,118.5622719,2024-11-01T20:00:00Z,112.302069726,-356.83,1.0,-356.83,2306.07,2662.9,335.23:00:00,False,1117 1241
PSX,long,3,2024-05-01T20:00:00Z,129.09583372,2024-11-01T20:00:00Z,112.302069726,-50.38,1.0,-50.38,89.77,72.84,184.00:00:00,False,1180 1241
PSX,long,4,2024-09-03T20:00:00Z,126.329301,2024-11-01T20:00:00Z,112.302069726,-56.11,1.0,-56.11,130.76,70.82,59.00:00:00,False,1214 1241
PSX,long,5,2024-10-01T20:00:00Z,124.448398074,2024-11-01T20:00:00Z,112.302069726,-60.73,1.0,-60.73,172.86,88.52,31.00:00:00,False,1235 1241
WMB,long,23,2024-10-01T20:00:00Z,43.468313544,2024-11-01T20:00:00Z,48.343965624,112.14,2.0,0.0,135.0,22.86,31.00:00:00,True,1232 1242
BMY,long,13,2022-03-01T21:00:00Z,57.265668108,2024-11-01T20:00:00Z,50.056358016,-93.72,1.0,-276.97,148.84,425.81,975.23:00:00,False,845 1243
NFLX,long,6,2022-05-02T20:00:00Z,19.946,2024-11-01T20:00:00Z,75.61,333.98,1.0,-19.85,343.57,78.84,914.00:00:00,True,872 1244
MO,long,9,2023-07-03T17:00:00Z,35.94639681,2024-11-01T20:00:00Z,47.030056069,99.75,1.0,-40.61,104.31,41.94,487.03:00:00,True,1056 1245
GILD,long,5,2024-05-01T20:00:00Z,60.760439837,2024-11-01T20:00:00Z,84.823900872,120.32,1.0,-9.65,120.32,23.75,184.00:00:00,True,1174 1246
NFLX,long,54,2022-05-02T20:00:00Z,19.946,2024-12-02T21:00:00Z,89.774,3770.71,1.0,-178.69,3770.98,709.56,945.01:00:00,True,872 1251
NFLX,long,9,2023-08-01T20:00:00Z,43.862,2024-12-02T21:00:00Z,89.774,413.21,1.0,-245.02,413.25,92.24,489.01:00:00,True,1076 1251
NFLX,long,22,2023-10-02T20:00:00Z,38.033,2024-12-02T21:00:00Z,89.774,1138.3,1.0,-470.71,1138.41,202.62,427.01:00:00,True,1091 1251
NFLX,long,9,2024-04-01T20:00:00Z,61.431,2024-12-02T21:00:00Z,89.774,255.09,1.0,-403.15,255.13,82.89,245.01:00:00,True,1165 1251
NFLX,long,9,2024-05-01T20:00:00Z,55.171,2024-12-02T21:00:00Z,89.774,311.43,1.0,-346.81,311.47,82.89,215.01:00:00,True,1179 1251
NFLX,long,12,2024-08-01T20:00:00Z,62.485,2024-12-02T21:00:00Z,89.774,327.47,1.0,-550.18,327.53,51.17,123.01:00:00,True,1204 1251
EPD,long,40,2023-02-01T21:00:00Z,20.152767768,2024-12-02T21:00:00Z,30.179627583,401.07,1.0,-23.86,423.21,58.39,670.00:00:00,True,989 1252
WMB,long,11,2024-10-01T20:00:00Z,43.468313544,2024-12-02T21:00:00Z,52.92895383,104.07,1.0,0.0,138.0,33.93,62.01:00:00,True,1232 1253
SLB,long,10,2024-10-01T20:00:00Z,40.881521778,2024-12-02T21:00:00Z,41.345869151,4.64,2.08,-32.03,23.22,55.25,62.01:00:00,True,1231 1254
TGT,long,59,2024-10-01T20:00:00Z,140.84349046,2024-12-03T21:00:00Z,121.710510196,-1128.85,2.0,-1623.23,463.53,2086.76,63.01:00:00,False,1233 1262
TGT,long,3,2024-11-01T20:00:00Z,139.584967812,2024-12-03T21:00:00Z,121.710510196,-53.62,1.0,-78.76,27.35,94.64,32.01:00:00,False,1250 1262
TGT,long,12,2024-12-02T21:00:00Z,121.841000864,2024-12-03T21:00:00Z,121.710510196,-1.57,1.0,-102.12,322.31,9.73,1.00:00:00,False,1258 1262
