id,time,last_fill_time,symbol,type,status,direction,quantity,price,value,fee,tag
1,2016-02-01T15:00:00Z,2016-02-01T21:00:00Z,GILD,MarketOnClose,Filled,buy,87,58.045930195,5049.995926965,1.0,
2,2016-02-01T15:00:00Z,2016-02-01T21:00:00Z,BBY,MarketOnClose,Filled,buy,267,19.109253061,5102.170567287,1.335,
3,2016-02-01T15:00:00Z,2016-02-01T21:00:00Z,AAPL,MarketOnClose,Filled,buy,228,21.655612962,4937.479755336,1.14,
4,2016-02-01T15:00:00Z,2016-02-01T21:00:00Z,TSN,MarketOnClose,Filled,buy,122,41.576944466,5072.387224852,1.0,
5,2016-02-01T15:00:00Z,2016-02-01T21:00:00Z,LUMN,MarketOnClose,Filled,buy,365,13.91136656,5077.6487944,1.825,
6,2016-02-01T15:00:00Z,2016-02-01T21:00:00Z,F,MarketOnClose,Filled,buy,707,7.124142485,5036.768736895,3.535,
7,2016-02-01T15:00:00Z,2016-02-01T21:00:00Z,STX,MarketOnClose,Filled,buy,274,19.031849138,5214.726663812,1.37,
8,2016-02-01T15:00:00Z,2016-02-01T21:00:00Z,HPQ,MarketOnClose,Filled,buy,741,6.902331697,5114.627787477,3.705,
9,2016-02-01T15:00:00Z,2016-02-01T21:00:00Z,HPE,MarketOnClose,Filled,buy,483,10.335336095,4991.967333885,2.415,
10,2016-02-01T15:00:00Z,2016-02-01T21:00:00Z,MU,MarketOnClose,Filled,buy,463,10.687504808,4948.314726104,2.315,
11,2016-02-01T15:00:00Z,2016-02-01T21:00:00Z,UAL,MarketOnClose,Filled,buy,103,48.85,5031.55,1.0,
12,2016-02-01T15:00:00Z,2016-02-01T21:00:00Z,GM,MarketOnClose,Filled,buy,210,24.06538739,5053.7313519,1.05,
13,2016-02-01T15:00:00Z,2016-02-01T21:00:00Z,VLO,MarketOnClose,Filled,buy,111,45.37488669,5036.61242259,1.0,
14,2016-02-01T15:00:00Z,2016-02-01T21:00:00Z,MPC,MarketOnClose,Filled,buy,165,30.149807381,4974.718217865,1.0,
15,2016-02-01T15:00:00Z,2016-02-01T21:00:00Z,EMR,MarketOnClose,Filled,buy,142,34.656258,4921.188636,1.0,
16,2016-02-01T15:00:00Z,2016-02-01T21:00:00Z,VZ,MarketOnClose,Filled,buy,174,29.034775836,5052.050995464,1.0,
17,2016-02-01T15:00:00Z,2016-02-01T21:00:00Z,M,MarketOnClose,Filled,buy,196,25.676920131,5032.676345676,1.0,
18,2016-02-01T15:00:00Z,2016-02-01T21:00:00Z,DD,MarketOnClose,Filled,buy,96,52.4968856582607,5039.701023193027,1.0,
19,2016-02-01T15:00:00Z,2016-02-01T21:00:00Z,EMN,MarketOnClose,Filled,buy,116,42.16867344,4891.56611904,1.0,
20,2016-02-01T15:00:00Z,2016-02-01T21:00:00Z,LEA,MarketOnClose,Filled,buy,58,86.317154639,5006.394969062,1.0,
21,2016-02-02T05:00:00Z,2016-02-02T21:00:00Z,LEA,MarketOnOpen,Filled,sell,-58,85.197426376,-4941.450729808,1.0,left universe
22,2016-03-01T15:00:00Z,2016-03-01T21:00:00Z,TSN,MarketOnClose,Filled,sell,-18,50.318196168,-905.727531024,1.0,
23,2016-03-01T15:00:00Z,2016-03-01T21:00:00Z,LUMN,MarketOnClose,Filled,sell,-49,16.715124608,-819.041105792,1.0,
24,2016-03-01T15:00:00Z,2016-03-01T21:00:00Z,UAL,MarketOnClose,Filled,sell,-13,58.46,-759.98,1.0,
25,2016-03-01T15:00:00Z,2016-03-01T21:00:00Z,BBY,MarketOnClose,Filled,sell,-28,22.099045192,-618.773265376,1.0,
26,2016-03-01T15:00:00Z,2016-03-01T21:00:00Z,DD,MarketOnClose,Filled,sell,-10,61.731307301764,-617.31307301764,1.0,
27,2016-03-01T15:00:00Z,2016-03-01T21:00:00Z,STX,MarketOnClose,Filled,sell,-15,21.211865404,-318.17798106,1.0,
28,2016-03-01T15:00:00Z,2016-03-01T21:00:00Z,HPQ,MarketOnClose,Filled,sell,-39,7.566949393,-295.111026327,1.0,
29,2016-03-01T15:00:00Z,2016-03-01T21:00:00Z,DAL,MarketOnClose,Filled,buy,122,43.04467977,5251.45093194,1.0,
30,2016-03-01T15:00:00Z,2016-03-01T21:00:00Z,MPC,MarketOnClose,Filled,buy,43,25.243699899,1085.479095657,1.0,
31,2016-03-01T15:00:00Z,2016-03-01T21:00:00Z,VLO,MarketOnClose,Filled,buy,18,41.077764609,739.399762962,1.0,
32,2016-03-01T15:00:00Z,2016-03-01T21:00:00Z,MU,MarketOnClose,Filled,buy,38,10.794769911,410.201256618,1.0,
33,2016-03-01T15:00:00Z,2016-03-01T21:00:00Z,HPE,MarketOnClose,Filled,buy,39,9.95310104,388.17094056,1.0,
34,2016-03-01T15:00:00Z,2016-03-01T21:00:00Z,GM,MarketOnClose,Filled,buy,10,23.98546249,239.8546249,1.0,
35,2016-03-01T15:00:00Z,2016-03-01T21:00:00Z,AAPL,MarketOnClose,Filled,buy,10,22.69886976,226.9886976,1.0,
36,2016-04-01T14:00:00Z,2016-04-01T20:00:00Z,HPE,MarketOnClose,Filled,sell,-101,13.83974032,-1397.81377232,1.0,
37,2016-04-01T14:00:00Z,2016-04-01T20:00:00Z,HPQ,MarketOnClose,Filled,sell,-50,8.582917048,-429.1458524,1.0,
38,2016-04-01T14:00:00Z,2016-04-01T20:00:00Z,EMR,MarketOnClose,Filled,sell,-8,42.128345625,-337.026765,1.0,
39,2016-04-01T14:00:00Z,2016-04-01T20:00:00Z,EMN,MarketOnClose,Filled,sell,-6,51.71804871,-310.30829226,1.0,
40,2016-04-01T14:00:00Z,2016-04-01T20:00:00Z,AAPL,MarketOnClose,Filled,sell,-10,24.83486208,-248.3486208,1.0,
41,2016-04-01T14:00:00Z,2016-04-01T20:00:00Z,MU,MarketOnClose,Filled,buy,50,10.755764419,537.78822095,1.0,
42,2016-04-01T14:00:00Z,2016-04-01T20:00:00Z,DAL,MarketOnClose,Filled,buy,9,41.380989693,372.428907237,1.0,
43,2016-04-01T14:00:00Z,2016-04-01T20:00:00Z,BBY,MarketOnClose,Filled,buy,14,21.990358368,307.865017152,1.0,
44,2016-04-01T14:00:00Z,2016-04-01T20:00:00Z,TSN,MarketOnClose,Filled,buy,5,52.244067964,261.22033982,1.0,
45,2016-04-01T14:00:00Z,2016-04-01T20:00:00Z,VZ,MarketOnClose,Filled,buy,7,30.893779411,216.256455877,1.0,
46,2016-04-01T14:00:00Z,2016-04-01T20:00:00Z,UAL,MarketOnClose,Filled,buy,3,56.74,170.22,1.0,
47,2016-05-02T14:00:00Z,2016-05-02T20:00:00Z,MPC,MarketOnClose,Filled,sell,-22,28.139322222,-619.065088884,1.0,
48,2016-05-02T14:00:00Z,2016-05-02T20:00:00Z,EMN,MarketOnClose,Filled,sell,-11,54.10525161,-595.15776771,1.0,
49,2016-05-02T14:00:00Z,2016-05-02T20:00:00Z,MU,MarketOnClose,Filled,sell,-43,10.355958126,-445.306199418,1.0,
50,2016-05-02T14:00:00Z,2016-05-02T20:00:00Z,F,MarketOnClose,Filled,sell,-49,8.12767371,-398.25601179,1.0,
51,2016-05-02T14:00:00Z,2016-05-02T20:00:00Z,GM,MarketOnClose,Filled,sell,-14,25.69440505,-359.7216707,1.0,
52,2016-05-02T14:00:00Z,2016-05-02T20:00:00Z,EMR,MarketOnClose,Filled,sell,-8,42.482300675,-339.8584054,1.0,
53,2016-05-02T14:00:00Z,2016-05-02T20:00:00Z,DD,MarketOnClose,Filled,sell,-5,65.49651194198,-327.4825597099,1.0,
54,2016-05-02T14:00:00Z,2016-05-02T20:00:00Z,HPQ,MarketOnClose,Filled,sell,-32,8.484906576,-271.517010432,1.0,
55,2016-05-02T14:00:00Z,2016-05-02T20:00:00Z,BBY,MarketOnClose,Filled,sell,-11,22.065574146,-242.721315606,1.0,
56,2016-05-02T14:00:00Z,2016-05-02T20:00:00Z,STX,MarketOnClose,Filled,buy,124,13.073096704,1621.063991296,1.0,
57,2016-05-02T14:00:00Z,2016-05-02T20:00:00Z,UAL,MarketOnClose,Filled,buy,23,46.66,1073.18,1.0,
58,2016-05-02T14:00:00Z,2016-05-02T20:00:00Z,DAL,MarketOnClose,Filled,buy,14,37.120534681,519.687485534,1.0,
59,2016-05-02T14:00:00Z,2016-05-02T20:00:00Z,AAPL,MarketOnClose,Filled,buy,23,21.14316288,486.29274624,1.0,
60,2016-05-02T14:00:00Z,2016-05-02T20:00:00Z,M,MarketOnClose,Filled,buy,16,25.254972171,404.079554736,1.0,
61,2016-05-02T14:00:00Z,2016-05-02T20:00:00Z,VLO,MarketOnClose,Filled,buy,6,39.897254082,239.383524492,1.0,
62,2016-05-03T04:00:00Z,2016-05-03T20:00:00Z,STX,MarketOnOpen,Filled,sell,-383,13.009263224,-4982.547814792,1.915,left universe
63,2016-06-01T14:00:00Z,2016-06-01T20:00:00Z,MU,MarketOnClose,Filled,sell,-83,12.764547257,-1059.457422331,1.0,
64,2016-06-01T14:00:00Z,2016-06-01T20:00:00Z,HPE,MarketOnClose,Filled,sell,-41,13.757002742,-564.037112422,1.0,
65,2016-06-01T14:00:00Z,2016-06-01T20:00:00Z,HPQ,MarketOnClose,Filled,sell,-57,9.409005312,-536.313302784,1.0,
66,2016-06-01T14:00:00Z,2016-06-01T20:00:00Z,AAPL,MarketOnClose,Filled,sell,-19,22.3668357435,-424.9698791265,1.0,
67,2016-06-01T14:00:00Z,2016-06-01T20:00:00Z,DAL,MarketOnClose,Filled,sell,-8,38.423467801,-307.387742408,1.0,
68,2016-06-01T14:00:00Z,2016-06-01T20:00:00Z,AAL,MarketOnClose,Filled,buy,172,30.704694435,5281.20744282,1.0,
69,2016-06-01T14:00:00Z,2016-06-01T20:00:00Z,M,MarketOnClose,Filled,buy,39,20.907649224,815.398319736,1.0,
70,2016-06-01T14:00:00Z,2016-06-01T20:00:00Z,MPC,MarketOnClose,Filled,buy,20,26.820284568,536.40569136,1.0,
71,2016-06-01T14:00:00Z,2016-06-01T20:00:00Z,LUMN,MarketOnClose,Filled,buy,33,15.00167001,495.05511033,1.0,
72,2016-06-01T14:00:00Z,2016-06-01T20:00:00Z,VLO,MarketOnClose,Filled,buy,8,37.57776201,300.62209608,1.0,
73,2016-07-01T14:00:00Z,2016-07-01T20:00:00Z,VZ,MarketOnClose,Filled,sell,-21,32.508918984,-682.687298664,1.0,
74,2016-07-01T14:00:00Z,2016-07-01T20:00:00Z,MPC,MarketOnClose,Filled,sell,-22,28.903199094,-635.870380068,1.0,
75,2016-07-01T14:00:00Z,2016-07-01T20:00:00Z,MU,MarketOnClose,Filled,sell,-40,12.18921625,-487.56865,1.0,
76,2016-07-01T14:00:00Z,2016-07-01T20:00:00Z,LUMN,MarketOnClose,Filled,sell,-30,16.379146773,-491.37440319,1.0,
77,2016-07-01T14:00:00Z,2016-07-01T20:00:00Z,TSN,MarketOnClose,Filled,sell,-9,50.77271401,-456.95442609,1.0,
78,2016-07-01T14:00:00Z,2016-07-01T20:00:00Z,M,MarketOnClose,Filled,sell,-11,21.50789424,-236.58683664,1.0,
79,2016-07-01T14:00:00Z,2016-07-01T20:00:00Z,DAL,MarketOnClose,Filled,buy,23,32.471406827,746.842357021,1.0,
80,2016-07-01T14:00:00Z,2016-07-01T20:00:00Z,AAL,MarketOnClose,Filled,buy,17,28.186813389,479.175827613,1.0,
81,2016-07-01T14:00:00Z,2016-07-01T20:00:00Z,EMN,MarketOnClose,Filled,buy,8,48.16028832,385.28230656,1.0,
82,2016-07-01T14:00:00Z,2016-07-01T20:00:00Z,GM,MarketOnClose,Filled,buy,16,23.677518861,378.840301776,1.0,
83,2016-07-01T14:00:00Z,2016-07-01T20:00:00Z,UAL,MarketOnClose,Filled,buy,9,41.36,372.24,1.0,
84,2016-07-01T14:00:00Z,2016-07-01T20:00:00Z,VLO,MarketOnClose,Filled,buy,7,34.672125945,242.704881615,1.0,
85,2016-07-01T14:00:00Z,2016-07-01T20:00:00Z,F,MarketOnClose,Filled,buy,30,7.59060276,227.7180828,1.0,
86,2016-08-01T14:00:00Z,2016-08-01T20:00:00Z,AAL,MarketOnClose,Filled,sell,-27,34.21242948,-923.73559596,1.0,
87,2016-08-01T14:00:00Z,2016-08-01T20:00:00Z,HPE,MarketOnClose,Filled,sell,-32,15.907543484,-509.041391488,1.0,
88,2016-08-01T14:00:00Z,2016-08-01T20:00:00Z,UAL,MarketOnClose,Filled,sell,-8,47.37,-378.96,1.0,
89,2016-08-01T14:00:00Z,2016-08-01T20:00:00Z,GILD,MarketOnClose,Filled,buy,12,56.148681114,673.784173368,1.0,
90,2016-08-01T14:00:00Z,2016-08-01T20:00:00Z,EMN,MarketOnClose,Filled,buy,12,46.05468886,552.65626632,1.0,
91,2016-08-01T14:00:00Z,2016-08-01T20:00:00Z,MU,MarketOnClose,Filled,buy,27,13.222861788,357.017268276,1.0,
92,2016-08-01T14:00:00Z,2016-08-01T20:00:00Z,VZ,MarketOnClose,Filled,buy,10,31.82424495,318.2424495,1.0,
93,2016-08-01T14:00:00Z,2016-08-01T20:00:00Z,F,MarketOnClose,Filled,buy,35,7.529042976,263.51650416,1.0,
94,2016-08-01T14:00:00Z,2016-08-01T20:00:00Z,VLO,MarketOnClose,Filled,buy,6,34.80021663,208.80129978,1.0,
95,2016-09-01T14:00:00Z,2016-09-01T20:00:00Z,MU,MarketOnClose,Filled,sell,-60,16.226284672,-973.57708032,1.0,
96,2016-09-01T14:00:00Z,2016-09-01T20:00:00Z,BBY,MarketOnClose,Filled,sell,-29,26.60040435,-771.41172615,1.0,
97,2016-09-01T14:00:00Z,2016-09-01T20:00:00Z,UAL,MarketOnClose,Filled,sell,-5,50.88,-254.4,1.0,
98,2016-09-01T14:00:00Z,2016-09-01T20:00:00Z,LUMN,MarketOnClose,Filled,buy,39,15.768156658,614.958109662,1.0,
99,2016-09-01T14:00:00Z,2016-09-01T20:00:00Z,VZ,MarketOnClose,Filled,buy,15,30.691418616,460.37127924,1.0,
100,2016-09-01T14:00:00Z,2016-09-01T20:00:00Z,EMR,MarketOnClose,Filled,buy,11,41.247556396,453.723120356,1.0,
101,2016-09-01T14:00:00Z,2016-09-01T20:00:00Z,DAL,MarketOnClose,Filled,buy,13,32.691561182,424.990295366,1.0,
102,2016-09-01T14:00:00Z,2016-09-01T20:00:00Z,GILD,MarketOnClose,Filled,buy,4,54.027229578,216.108918312,1.0,
103,2016-10-03T14:00:00Z,2016-10-03T20:00:00Z,HPQ,MarketOnClose,Filled,sell,-43,11.149524805,-479.429566615,1.0,
104,2016-10-03T14:00:00Z,2016-10-03T20:00:00Z,MU,MarketOnClose,Filled,sell,-20,17.289184329,-345.78368658,1.0,
105,2016-10-03T14:00:00Z,2016-10-03T20:00:00Z,DAL,MarketOnClose,Filled,sell,-9,35.497246498,-319.475218482,1.0,
106,2016-10-03T14:00:00Z,2016-10-03T20:00:00Z,AAPL,MarketOnClose,Filled,sell,-10,25.699267009,-256.99267009,1.0,
107,2016-10-03T14:00:00Z,2016-10-03T20:00:00Z,F,MarketOnClose,Filled,buy,67,7.29979327,489.08614909,1.0,
108,2016-10-03T14:00:00Z,2016-10-03T20:00:00Z,DD,MarketOnClose,Filled,buy,6,66.3971459150965,398.382875490579,1.0,
109,2016-11-01T14:00:00Z,2016-11-01T20:00:00Z,AAPL,MarketOnClose,Filled,sell,-222,25.46401776425,-5653.0119436635,1.11,reached implied value
110,2016-11-01T14:00:00Z,2016-11-01T20:00:00Z,MU,MarketOnClose,Filled,sell,-332,16.557831354,-5497.200009528,1.66,reached implied value
111,2016-11-01T14:00:00Z,2016-11-01T20:00:00Z,AAL,MarketOnClose,Filled,sell,-15,38.36320806,-575.4481209,1.0,
112,2016-11-01T14:00:00Z,2016-11-01T20:00:00Z,VLO,MarketOnClose,Filled,sell,-13,40.554898155,-527.213676015,1.0,
113,2016-11-01T14:00:00Z,2016-11-01T20:00:00Z,UAL,MarketOnClose,Filled,sell,-9,55.99,-503.91,1.0,
114,2016-11-01T14:00:00Z,2016-11-01T20:00:00Z,EMN,MarketOnClose,Filled,sell,-6,51.284997586,-307.709985516,1.0,
115,2016-11-01T14:00:00Z,2016-11-01T20:00:00Z,DAL,MarketOnClose,Filled,sell,-8,37.184209188,-297.473673504,1.0,
116,2016-11-01T14:00:00Z,2016-11-01T20:00:00Z,T,MarketOnClose,Filled,buy,370,15.5462699947136,5752.119898044032,1.85,
117,2016-11-01T14:00:00Z,2016-11-01T20:00:00Z,TGT,MarketOnClose,Filled,buy,113,50.204198652,5673.074447676,1.0,
118,2016-11-01T14:00:00Z,2016-11-01T20:00:00Z,VZ,MarketOnClose,Filled,buy,18,28.148653708,506.675766744,1.0,
119,2016-11-01T14:00:00Z,2016-11-01T20:00:00Z,GILD,MarketOnClose,Filled,buy,9,52.00254711,468.02292399,1.0,
120,2016-11-01T14:00:00Z,2016-11-01T20:00:00Z,HPQ,MarketOnClose,Filled,buy,40,10.230490492,409.21961968,1.0,
121,2016-11-01T14:00:00Z,2016-11-01T20:00:00Z,LUMN,MarketOnClose,Filled,buy,25,14.193614699,354.840367475,1.0,
122,2016-11-01T14:00:00Z,2016-11-01T20:00:00Z,TSN,MarketOnClose,Filled,buy,6,54.779878172,328.679269032,1.0,
123,2016-11-01T14:00:00Z,2016-11-01T20:00:00Z,EMR,MarketOnClose,Filled,buy,8,39.9473106,319.5784848,1.0,
124,2016-12-01T15:00:00Z,2016-12-01T21:00:00Z,EMR,MarketOnClose,Filled,sell,-145,44.894488072,-6509.70077044,1.0,reached implied value
125,2016-12-01T15:00:00Z,2016-12-01T21:00:00Z,UAL,MarketOnClose,Filled,sell,-14,68.49,-958.86,1.0,
126,2016-12-01T15:00:00Z,2016-12-01T21:00:00Z,BBY,MarketOnClose,Filled,sell,-19,31.60305756,-600.45809364,1.0,
127,2016-12-01T15:00:00Z,2016-12-01T21:00:00Z,DAL,MarketOnClose,Filled,sell,-13,42.606535923,-553.884966999,1.0,
128,2016-12-01T15:00:00Z,2016-12-01T21:00:00Z,AAL,MarketOnClose,Filled,sell,-10,44.2097439,-442.097439,1.0,
129,2016-12-01T15:00:00Z,2016-12-01T21:00:00Z,M,MarketOnClose,Filled,sell,-14,27.446274492,-384.247842888,1.0,
130,2016-12-01T15:00:00Z,2016-12-01T21:00:00Z,TGT,MarketOnClose,Filled,sell,-6,58.129586718,-348.777520308,1.0,
131,2016-12-01T15:00:00Z,2016-12-01T21:00:00Z,MPC,MarketOnClose,Filled,sell,-9,35.735858158,-321.622723422,1.0,
132,2016-12-01T15:00:00Z,2016-12-01T21:00:00Z,LUV,MarketOnClose,Filled,buy,150,41.598498474,6239.7747711,1.0,
133,2016-12-01T15:00:00Z,2016-12-01T21:00:00Z,TSN,MarketOnClose,Filled,buy,34,43.454274719,1477.445340446,1.0,
134,2016-12-01T15:00:00Z,2016-12-01T21:00:00Z,LUMN,MarketOnClose,Filled,buy,69,13.789469212,951.473375628,1.0,
135,2016-12-01T15:00:00Z,2016-12-01T21:00:00Z,F,MarketOnClose,Filled,buy,56,7.592303664,425.169005184,1.0,
136,2016-12-01T15:00:00Z,2016-12-01T21:00:00Z,GILD,MarketOnClose,Filled,buy,7,51.13899732,357.97298124,1.0,
137,2017-01-03T15:00:00Z,2017-01-03T21:00:00Z,VLO,MarketOnClose,Filled,sell,-10,48.45554427,-484.5554427,1.0,
138,2017-01-03T15:00:00Z,2017-01-03T21:00:00Z,TSN,MarketOnClose,Filled,sell,-9,48.413183406,-435.718650654,1.0,
139,2017-01-03T15:00:00Z,2017-01-03T21:00:00Z,T,MarketOnClose,Filled,sell,-23,18.2932312683966,-420.7443191731218,1.0,
140,2017-01-03T15:00:00Z,2017-01-03T21:00:00Z,LUV,MarketOnClose,Filled,sell,-8,44.264272206,-354.114177648,1.0,
141,2017-01-03T15:00:00Z,2017-01-03T21:00:00Z,MPC,MarketOnClose,Filled,sell,-9,39.620841481,-356.587573329,1.0,
142,2017-01-03T15:00:00Z,2017-01-03T21:00:00Z,M,MarketOnClose,Filled,buy,42,23.003833818,966.161020356,1.0,
143,2017-01-03T15:00:00Z,2017-01-03T21:00:00Z,TGT,MarketOnClose,Filled,buy,9,54.342423975,489.081815775,1.0,
144,2017-01-03T15:00:00Z,2017-01-03T21:00:00Z,BBY,MarketOnClose,Filled,buy,16,29.911483752,478.583740032,1.0,
145,2017-01-03T15:00:00Z,2017-01-03T21:00:00Z,HPQ,MarketOnClose,Filled,buy,29,10.66746186,309.35639394,1.0,
146,2017-01-03T15:00:00Z,2017-01-03T21:00:00Z,GILD,MarketOnClose,Filled,buy,5,52.400951712,262.00475856,1.0,
147,2017-02-01T05:00:00Z,,M,MarketOnOpen,Canceled,sell,-268,0.0,0.0,0.0,no valuation
148,2017-02-01T15:00:00Z,2017-02-01T21:00:00Z,F,MarketOnClose,Filled,sell,-846,7.64648808,-6468.92891568,4.23,reached implied value
149,2017-02-01T15:00:00Z,2017-02-01T21:00:00Z,M,MarketOnClose,Filled,sell,-268,19.078420949,-5113.016814332,1.34,no valuation
150,2017-02-01T15:00:00Z,2017-02-01T21:00:00Z,GM,MarketOnClose,Filled,sell,-20,30.299201374,-605.98402748,1.0,
151,2017-02-01T15:00:00Z,2017-02-01T21:00:00Z,LUMN,MarketOnClose,Filled,sell,-38,14.817580438,-563.068056644,1.0,
152,2017-02-01T15:00:00Z,2017-02-01T21:00:00Z,DD,MarketOnClose,Filled,sell,-6,76.9809881889297,-461.8859291335782,1.0,
153,2017-02-01T15:00:00Z,2017-02-01T21:00:00Z,LUV,MarketOnClose,Filled,sell,-8,46.699781381,-373.598251048,1.0,
154,2017-02-01T15:00:00Z,2017-02-01T21:00:00Z,BBY,MarketOnClose,Filled,sell,-11,31.1286489,-342.4151379,1.0,
155,2017-02-01T15:00:00Z,2017-02-01T21:00:00Z,LBTYA,MarketOnClose,Filled,buy,170,36.23,6159.1,1.0,
156,2017-02-01T15:00:00Z,2017-02-01T21:00:00Z,HCA,MarketOnClose,Filled,buy,83,75.6574809,6279.5709147,1.0,
157,2017-02-01T15:00:00Z,2017-02-01T21:00:00Z,TGT,MarketOnClose,Filled,buy,13,47.559891883,618.278594479,1.0,
158,2017-02-01T15:00:00Z,2017-02-01T21:00:00Z,AAL,MarketOnClose,Filled,buy,8,42.56697746,340.53581968,1.0,
159,2017-02-01T15:00:00Z,2017-02-01T21:00:00Z,VZ,MarketOnClose,Filled,buy,9,28.886429856,259.977868704,1.0,
160,2017-02-01T15:00:00Z,2017-02-01T21:00:00Z,MPC,MarketOnClose,Filled,buy,7,35.713401607,249.993811249,1.0,
161,2017-03-01T15:00:00Z,2017-03-01T21:00:00Z,AAL,MarketOnClose,Filled,sell,-145,45.605840925,-6612.846934125,1.0,no valuation
162,2017-03-01T15:00:00Z,2017-03-01T21:00:00Z,DD,MarketOnClose,Filled,sell,-81,81.0151494273546,-6562.227103615723,1.0,reached implied value
163,2017-03-01T15:00:00Z,2017-03-01T21:00:00Z,EMN,MarketOnClose,Filled,sell,-113,58.3610345,-6594.7968985,1.0,reached implied value
164,2017-03-01T15:00:00Z,2017-03-01T21:00:00Z,GM,MarketOnClose,Filled,sell,-202,31.380716863,-6338.904806326,1.01,no valuation
165,2017-03-01T15:00:00Z,2017-03-01T21:00:00Z,MPC,MarketOnClose,Filled,sell,-173,38.443905401,-6650.795634373,1.0,reached implied value
166,2017-03-01T15:00:00Z,2017-03-01T21:00:00Z,HPQ,MarketOnClose,Filled,sell,-79,12.664468188,-1000.492986852,1.0,
167,2017-03-01T15:00:00Z,2017-03-01T21:00:00Z,LUV,MarketOnClose,Filled,sell,-10,52.146465536,-521.46465536,1.0,
168,2017-03-01T15:00:00Z,2017-03-01T21:00:00Z,HCA,MarketOnClose,Filled,sell,-4,81.2699441,-325.0797764,1.0,
169,2017-03-01T15:00:00Z,2017-03-01T21:00:00Z,GLW,MarketOnClose,Filled,buy,293,22.18168008,6499.23226344,1.465,
170,2017-03-01T15:00:00Z,2017-03-01T21:00:00Z,TAP,MarketOnClose,Filled,buy,82,76.901871618,6305.953472676,1.0,
171,2017-03-01T15:00:00Z,2017-03-01T21:00:00Z,BAX,MarketOnClose,Filled,buy,145,44.151848604,6402.01804758,1.0,
172,2017-03-01T15:00:00Z,2017-03-01T21:00:00Z,MO,MarketOnClose,Filled,buy,167,38.344509,6403.533003,1.0,
173,2017-03-01T15:00:00Z,2017-03-01T21:00:00Z,CNC,MarketOnClose,Filled,buy,180,36.21,6517.8,1.0,
174,2017-03-01T15:00:00Z,2017-03-01T21:00:00Z,TGT,MarketOnClose,Filled,buy,14,43.595446216,610.336247024,1.0,
175,2017-03-01T15:00:00Z,2017-03-01T21:00:00Z,LUMN,MarketOnClose,Filled,buy,37,14.281618292,528.419876804,1.0,
176,2017-03-01T15:00:00Z,2017-03-01T21:00:00Z,HPE,MarketOnClose,Filled,buy,19,17.588872736,334.188581984,1.0,
177,2017-03-01T15:00:00Z,2017-03-01T21:00:00Z,LBTYA,MarketOnClose,Filled,buy,8,35.2,281.6,1.0,
178,2017-04-03T14:00:00Z,2017-04-03T20:00:00Z,BBY,MarketOnClose,Filled,sell,-17,34.201949417,-581.433140089,1.0,
179,2017-04-03T14:00:00Z,2017-04-03T20:00:00Z,HPE,MarketOnClose,Filled,sell,-18,13.37387989,-240.72983802,1.0,
180,2017-04-03T14:00:00Z,2017-04-03T20:00:00Z,HPQ,MarketOnClose,Filled,sell,-23,12.731126613,-292.815912099,1.0,
181,2017-04-03T14:00:00Z,2017-04-03T20:00:00Z,DAL,MarketOnClose,Filled,buy,10,41.466293539,414.66293539,1.0,
182,2017-04-03T14:00:00Z,2017-04-03T20:00:00Z,LUV,MarketOnClose,Filled,buy,8,47.9077794,383.2622352,1.0,
183,2017-04-03T14:00:00Z,2017-04-03T20:00:00Z,TGT,MarketOnClose,Filled,buy,8,40.730796456,325.846371648,1.0,
184,2017-04-03T14:00:00Z,2017-04-03T20:00:00Z,GILD,MarketOnClose,Filled,buy,6,47.77722642,286.66335852,1.0,
185,2017-04-03T14:00:00Z,2017-04-03T20:00:00Z,TAP,MarketOnClose,Filled,buy,3,73.660973958,220.982921874,1.0,
186,2017-05-01T14:00:00Z,2017-05-01T20:00:00Z,BAX,MarketOnClose,Filled,sell,-14,47.928163716,-670.994292024,1.0,
187,2017-05-01T14:00:00Z,2017-05-01T20:00:00Z,LUMN,MarketOnClose,Filled,sell,-36,15.071741101,-542.582679636,1.0,
188,2017-05-01T14:00:00Z,2017-05-01T20:00:00Z,CNC,MarketOnClose,Filled,sell,-10,37.675,-376.75,1.0,
189,2017-05-01T14:00:00Z,2017-05-01T20:00:00Z,BBY,MarketOnClose,Filled,sell,-9,36.266892994,-326.402036946,1.0,
190,2017-05-01T14:00:00Z,2017-05-01T20:00:00Z,GLW,MarketOnClose,Filled,sell,-14,22.897471884,-320.564606376,1.0,
191,2017-05-01T14:00:00Z,2017-05-01T20:00:00Z,HPQ,MarketOnClose,Filled,sell,-22,13.708217058,-301.580775276,1.0,
192,2017-05-01T14:00:00Z,2017-05-01T20:00:00Z,HPE,MarketOnClose,Filled,buy,97,14.27206875,1384.39066875,1.0,
193,2017-05-01T14:00:00Z,2017-05-01T20:00:00Z,VZ,MarketOnClose,Filled,buy,16,27.71601624,443.45625984,1.0,
194,2017-05-01T14:00:00Z,2017-05-01T20:00:00Z,VLO,MarketOnClose,Filled,buy,8,44.749977828,357.999822624,1.0,
195,2017-05-01T14:00:00Z,2017-05-01T20:00:00Z,T,MarketOnClose,Filled,buy,20,17.0292549013891,340.585098027782,1.0,
196,2017-06-01T14:00:00Z,2017-06-01T20:00:00Z,BBY,MarketOnClose,Filled,sell,-21,42.518104437,-892.880193177,1.0,
197,2017-06-01T14:00:00Z,2017-06-01T20:00:00Z,UAL,MarketOnClose,Filled,sell,-9,80.99,-728.91,1.0,
198,2017-06-01T14:00:00Z,2017-06-01T20:00:00Z,LUV,MarketOnClose,Filled,sell,-13,53.49702033,-695.46126429,1.0,
199,2017-06-01T14:00:00Z,2017-06-01T20:00:00Z,DAL,MarketOnClose,Filled,sell,-9,44.819352355,-403.374171195,1.0,
200,2017-06-01T14:00:00Z,2017-06-01T20:00:00Z,BAX,MarketOnClose,Filled,sell,-7,51.870174,-363.091218,1.0,
201,2017-06-01T14:00:00Z,2017-06-01T20:00:00Z,LBTYA,MarketOnClose,Filled,buy,30,31.35,940.5,1.0,
202,2017-06-01T14:00:00Z,2017-06-01T20:00:00Z,TSN,MarketOnClose,Filled,buy,11,45.583762328,501.421385608,1.0,
203,2017-06-01T14:00:00Z,2017-06-01T20:00:00Z,HCA,MarketOnClose,Filled,buy,5,77.309834375,386.549171875,1.0,
204,2017-06-01T14:00:00Z,2017-06-01T20:00:00Z,GILD,MarketOnClose,Filled,buy,8,46.011391524,368.091132192,1.0,
205,2017-06-01T14:00:00Z,2017-06-01T20:00:00Z,VLO,MarketOnClose,Filled,buy,6,43.652543984,261.915263904,1.0,
206,2017-07-03T14:00:00Z,2017-07-03T17:00:00Z,GILD,MarketOnClose,Filled,sell,-12,50.7455613,-608.9467356,1.0,
207,2017-07-03T14:00:00Z,2017-07-03T17:00:00Z,VLO,MarketOnClose,Filled,sell,-12,47.791524732,-573.498296784,1.0,
208,2017-07-03T14:00:00Z,2017-07-03T17:00:00Z,TSN,MarketOnClose,Filled,sell,-11,48.779614338,-536.575757718,1.0,
209,2017-07-03T14:00:00Z,2017-07-03T17:00:00Z,DAL,MarketOnClose,Filled,sell,-11,48.604497258,-534.649469838,1.0,
210,2017-07-03T14:00:00Z,2017-07-03T17:00:00Z,CNC,MarketOnClose,Filled,sell,-9,40.07,-360.63,1.0,
211,2017-07-03T14:00:00Z,2017-07-03T17:00:00Z,HCA,MarketOnClose,Filled,sell,-4,80.503769025,-322.0150761,1.0,
212,2017-07-03T14:00:00Z,2017-07-03T17:00:00Z,HPE,MarketOnClose,Filled,buy,62,12.737552001,789.728224062,1.0,
213,2017-07-03T14:00:00Z,2017-07-03T17:00:00Z,TAP,MarketOnClose,Filled,buy,11,66.983172213,736.814894343,1.0,
214,2017-07-03T14:00:00Z,2017-07-03T17:00:00Z,HPQ,MarketOnClose,Filled,buy,40,12.81216699,512.4866796,1.0,
215,2017-07-03T14:00:00Z,2017-07-03T17:00:00Z,LUMN,MarketOnClose,Filled,buy,29,14.555053812,422.096560548,1.0,
216,2017-07-03T14:00:00Z,2017-07-03T17:00:00Z,T,MarketOnClose,Filled,buy,25,16.5895936679944,414.73984169986,1.0,
217,2017-07-03T14:00:00Z,2017-07-03T17:00:00Z,TGT,MarketOnClose,Filled,buy,10,40.091413673,400.91413673,1.0,
218,2017-07-03T14:00:00Z,2017-07-03T17:00:00Z,UAL,MarketOnClose,Filled,buy,5,75.07,375.35,1.0,
219,2017-07-03T14:00:00Z,2017-07-03T17:00:00Z,VZ,MarketOnClose,Filled,buy,10,27.18441,271.8441,1.0,
220,2017-07-03T14:00:00Z,2017-07-03T17:00:00Z,BBY,MarketOnClose,Filled,buy,6,41.98573638,251.91441828,1.0,
221,2017-08-01T14:00:00Z,2017-08-01T20:00:00Z,VZ,MarketOnClose,Filled,sell,-21,29.92126668,-628.34660028,1.0,
222,2017-08-01T14:00:00Z,2017-08-01T20:00:00Z,LBTYA,MarketOnClose,Filled,sell,-18,34.4,-619.2,1.0,
223,2017-08-01T14:00:00Z,2017-08-01T20:00:00Z,HPQ,MarketOnClose,Filled,sell,-42,13.95702198,-586.19492316,1.0,
224,2017-08-01T14:00:00Z,2017-08-01T20:00:00Z,TGT,MarketOnClose,Filled,sell,-12,43.330123198,-519.961478376,1.0,
225,2017-08-01T14:00:00Z,2017-08-01T20:00:00Z,GILD,MarketOnClose,Filled,sell,-8,54.3343563,-434.6748504,1.0,
226,2017-08-01T14:00:00Z,2017-08-01T20:00:00Z,HPE,MarketOnClose,Filled,sell,-27,13.409960265,-362.068927155,1.0,
227,2017-08-01T14:00:00Z,2017-08-01T20:00:00Z,T,MarketOnClose,Filled,sell,-18,17.1451665253758,-308.6129974567644,1.0,
228,2017-08-01T14:00:00Z,2017-08-01T20:00:00Z,MO,MarketOnClose,Filled,buy,25,33.76211255,844.05281375,1.0,
229,2017-08-01T14:00:00Z,2017-08-01T20:00:00Z,UAL,MarketOnClose,Filled,buy,10,67.85,678.5,1.0,
230,2017-08-01T14:00:00Z,2017-08-01T20:00:00Z,LUV,MarketOnClose,Filled,buy,11,49.515761876,544.673380636,1.0,
231,2017-08-01T14:00:00Z,2017-08-01T20:00:00Z,DAL,MarketOnClose,Filled,buy,12,45.017150901,540.205810812,1.0,
232,2017-08-01T14:00:00Z,2017-08-01T20:00:00Z,HCA,MarketOnClose,Filled,buy,6,73.1835662,439.1013972,1.0,
233,2017-09-01T14:00:00Z,2017-09-01T20:00:00Z,CNC,MarketOnClose,Filled,sell,-18,44.31,-797.58,1.0,
234,2017-09-01T14:00:00Z,2017-09-01T20:00:00Z,GILD,MarketOnClose,Filled,sell,-12,60.11231625,-721.347795,1.0,
235,2017-09-01T14:00:00Z,2017-09-01T20:00:00Z,TAP,MarketOnClose,Filled,sell,-5,70.094305983,-350.471529915,1.0,
236,2017-09-01T14:00:00Z,2017-09-01T20:00:00Z,BAX,MarketOnClose,Filled,sell,-6,53.938549476,-323.631296856,1.0,
237,2017-09-01T14:00:00Z,2017-09-01T20:00:00Z,HPE,MarketOnClose,Filled,sell,-19,10.934275293,-207.751230567,1.0,
238,2017-09-01T14:00:00Z,2017-09-01T20:00:00Z,LUMN,MarketOnClose,Filled,buy,74,12.499384872,924.954480528,1.0,
239,2017-09-01T14:00:00Z,2017-09-01T20:00:00Z,UAL,MarketOnClose,Filled,buy,7,62.43,437.01,1.0,
240,2017-09-01T14:00:00Z,2017-09-01T20:00:00Z,LUV,MarketOnClose,Filled,buy,7,46.487350051,325.411450357,1.0,
241,2017-09-01T14:00:00Z,2017-09-01T20:00:00Z,BBY,MarketOnClose,Filled,buy,7,38.62517592,270.37623144,1.0,
242,2017-10-02T14:00:00Z,2017-10-02T20:00:00Z,VLO,MarketOnClose,Filled,sell,-16,54.70281866,-875.24509856,1.0,
243,2017-10-02T14:00:00Z,2017-10-02T20:00:00Z,TSN,MarketOnClose,Filled,sell,-13,55.535931336,-721.967107368,1.0,
244,2017-10-02T14:00:00Z,2017-10-02T20:00:00Z,CNC,MarketOnClose,Filled,sell,-9,48.465,-436.185,1.0,
245,2017-10-02T14:00:00Z,2017-10-02T20:00:00Z,LUV,MarketOnClose,Filled,sell,-7,49.836505755,-348.855540285,1.0,
246,2017-10-02T14:00:00Z,2017-10-02T20:00:00Z,HPQ,MarketOnClose,Filled,sell,-19,14.780456526,-280.828673994,1.0,
247,2017-10-02T14:00:00Z,2017-10-02T20:00:00Z,TGT,MarketOnClose,Filled,sell,-6,45.3904015,-272.342409,1.0,
248,2017-10-02T14:00:00Z,2017-10-02T20:00:00Z,HPE,MarketOnClose,Filled,buy,114,11.502226722,1311.253846308,1.0,
249,2017-10-02T14:00:00Z,2017-10-02T20:00:00Z,TAP,MarketOnClose,Filled,buy,11,63.904705488,702.951760368,1.0,
250,2017-10-02T14:00:00Z,2017-10-02T20:00:00Z,LUMN,MarketOnClose,Filled,buy,34,12.050305176,409.710375984,1.0,
251,2017-10-02T14:00:00Z,2017-10-02T20:00:00Z,GILD,MarketOnClose,Filled,buy,5,60.322086144,301.61043072,1.0,
252,2017-10-02T14:00:00Z,2017-10-02T20:00:00Z,UAL,MarketOnClose,Filled,buy,4,60.43,241.72,1.0,
253,2017-10-03T04:00:00Z,2017-10-03T20:00:00Z,LUMN,MarketOnOpen,Filled,sell,-552,12.212472844,-6741.285009888,2.76,left universe
254,2017-11-01T14:00:00Z,2017-11-01T20:00:00Z,HPQ,MarketOnClose,Filled,sell,-39,15.764351794,-614.809719966,1.0,
255,2017-11-01T14:00:00Z,2017-11-01T20:00:00Z,GLW,MarketOnClose,Filled,sell,-21,25.14629282,-528.07214922,1.0,
256,2017-11-01T14:00:00Z,2017-11-01T20:00:00Z,TSN,MarketOnClose,Filled,sell,-6,57.350882184,-344.105293104,1.0,
257,2017-11-01T14:00:00Z,2017-11-01T20:00:00Z,MCK,MarketOnClose,Filled,buy,49,130.464615673,6392.766167977,1.0,
258,2017-11-01T14:00:00Z,2017-11-01T20:00:00Z,T,MarketOnClose,Filled,buy,53,14.9805486759736,793.9690798266008,1.0,
259,2017-11-01T14:00:00Z,2017-11-01T20:00:00Z,LBTYA,MarketOnClose,Filled,buy,18,31.34,564.12,1.0,
260,2017-11-01T14:00:00Z,2017-11-01T20:00:00Z,GILD,MarketOnClose,Filled,buy,7,54.052980448,378.370863136,1.0,
261,2017-11-01T14:00:00Z,2017-11-01T20:00:00Z,HCA,MarketOnClose,Filled,buy,5,70.921965075,354.609825375,1.0,
262,2017-11-01T14:00:00Z,2017-11-01T20:00:00Z,HPE,MarketOnClose,Filled,buy,24,10.44260904,250.62261696,1.0,
263,2017-12-01T15:00:00Z,2017-12-01T21:00:00Z,VLO,MarketOnClose,Filled,sell,-9,60.266780542,-542.401024878,1.0,
264,2017-12-01T15:00:00Z,2017-12-01T21:00:00Z,TSN,MarketOnClose,Filled,sell,-7,64.631527576,-452.420693032,1.0,
265,2017-12-01T15:00:00Z,2017-12-01T21:00:00Z,HCA,MarketOnClose,Filled,sell,-5,77.586765125,-387.933825625,1.0,
266,2017-12-01T15:00:00Z,2017-12-01T21:00:00Z,TAP,MarketOnClose,Filled,buy,8,61.993674816,495.949398528,1.0,
267,2017-12-01T15:00:00Z,2017-12-01T21:00:00Z,HPQ,MarketOnClose,Filled,buy,25,15.720296782,393.00741955,1.0,
268,2017-12-01T15:00:00Z,2017-12-01T21:00:00Z,GILD,MarketOnClose,Filled,buy,7,54.414104048,380.898728336,1.0,
269,2017-12-01T15:00:00Z,2017-12-01T21:00:00Z,HPE,MarketOnClose,Filled,buy,32,11.087593716,354.802998912,1.0,
270,2018-01-02T15:00:00Z,2018-01-02T21:00:00Z,BBY,MarketOnClose,Filled,sell,-21,49.591129588,-1041.413721348,1.0,
271,2018-01-02T15:00:00Z,2018-01-02T21:00:00Z,LUV,MarketOnClose,Filled,sell,-9,59.166516374,-532.498647366,1.0,
272,2018-01-02T15:00:00Z,2018-01-02T21:00:00Z,LBTYA,MarketOnClose,Filled,sell,-11,36.24,-398.64,1.0,
273,2018-01-02T15:00:00Z,2018-01-02T21:00:00Z,DAL,MarketOnClose,Filled,sell,-7,51.662938844,-361.640571908,1.0,
274,2018-01-02T15:00:00Z,2018-01-02T21:00:00Z,T,MarketOnClose,Filled,sell,-20,17.208654127333,-344.17308254666,1.0,
275,2018-01-02T15:00:00Z,2018-01-02T21:00:00Z,GILD,MarketOnClose,Filled,buy,10,53.8844085,538.844085,1.0,
276,2018-01-02T15:00:00Z,2018-01-02T21:00:00Z,GLW,MarketOnClose,Filled,buy,19,26.060783448,495.154885512,1.0,
277,2018-01-02T15:00:00Z,2018-01-02T21:00:00Z,BAX,MarketOnClose,Filled,buy,8,58.363616697,466.908933576,1.0,
278,2018-01-02T15:00:00Z,2018-01-02T21:00:00Z,HPQ,MarketOnClose,Filled,buy,25,15.757264484,393.9316121,1.0,
279,2018-01-02T15:00:00Z,2018-01-02T21:00:00Z,TSN,MarketOnClose,Filled,buy,6,63.243036208,379.458217248,1.0,
280,2018-01-02T15:00:00Z,2018-01-02T21:00:00Z,CNC,MarketOnClose,Filled,buy,6,51.295,307.77,1.0,
281,2018-02-01T15:00:00Z,2018-02-01T21:00:00Z,HPQ,MarketOnClose,Filled,sell,-455,17.22065021,-7835.39584555,2.275,reached implied value
282,2018-02-01T15:00:00Z,2018-02-01T21:00:00Z,TGT,MarketOnClose,Filled,sell,-16,58.373703675,-933.9792588,1.0,
283,2018-02-01T15:00:00Z,2018-02-01T21:00:00Z,GILD,MarketOnClose,Filled,sell,-13,60.71267565,-789.26478345,1.0,
284,2018-02-01T15:00:00Z,2018-02-01T21:00:00Z,HCA,MarketOnClose,Filled,sell,-7,94.3779996,-660.6459972,1.0,
285,2018-02-01T15:00:00Z,2018-02-01T21:00:00Z,HPE,MarketOnClose,Filled,sell,-45,12.958674789,-583.140365505,1.0,
286,2018-02-01T15:00:00Z,2018-02-01T21:00:00Z,BAX,MarketOnClose,Filled,sell,-8,60.779142295,-486.23313836,1.0,
287,2018-02-01T15:00:00Z,2018-02-01T21:00:00Z,MCK,MarketOnClose,Filled,sell,-2,155.66879107,-311.33758214,1.0,
288,2018-02-01T15:00:00Z,2018-02-01T21:00:00Z,MU,MarketOnClose,Filled,buy,174,41.433583877,7209.443594598,1.0,
289,2018-02-01T15:00:00Z,2018-02-01T21:00:00Z,LUV,MarketOnClose,Filled,buy,16,53.829123586,861.265977376,1.0,
290,2018-02-01T15:00:00Z,2018-02-01T21:00:00Z,TSN,MarketOnClose,Filled,buy,13,59.430568384,772.597388992,1.0,
291,2018-02-01T15:00:00Z,2018-02-01T21:00:00Z,T,MarketOnClose,Filled,buy,32,17.7172112345234,566.9507595047488,1.0,
292,2018-02-01T15:00:00Z,2018-02-01T21:00:00Z,GLW,MarketOnClose,Filled,buy,21,25.317787476,531.673536996,1.0,
293,2018-02-01T15:00:00Z,2018-02-01T21:00:00Z,MO,MarketOnClose,Filled,buy,9,36.758501703,330.826515327,1.0,
294,2018-02-01T15:00:00Z,2018-02-01T21:00:00Z,DAL,MarketOnClose,Filled,buy,5,51.371572252,256.85786126,1.0,
295,2018-03-01T15:00:00Z,2018-03-01T21:00:00Z,BAX,MarketOnClose,Filled,sell,-118,57.752681238,-6814.816386084,1.0,reached implied value
296,2018-03-01T15:00:00Z,2018-03-01T21:00:00Z,GLW,MarketOnClose,Filled,sell,-298,22.8270822,-6802.4704956,1.49,no valuation
297,2018-03-01T15:00:00Z,2018-03-01T21:00:00Z,LBTYA,MarketOnClose,Filled,sell,-197,31.87,-6278.39,1.0,reached implied value
298,2018-03-01T15:00:00Z,2018-03-01T21:00:00Z,MO,MarketOnClose,Filled,sell,-201,32.816148453,-6596.045839053,1.005,reached implied value
299,2018-03-01T15:00:00Z,2018-03-01T21:00:00Z,TAP,MarketOnClose,Filled,sell,-110,60.138795264,-6615.26747904,1.0,reached implied value
300,2018-03-01T15:00:00Z,2018-03-01T21:00:00Z,UAL,MarketOnClose,Filled,sell,-106,67.51,-7156.06,1.0,no valuation
301,2018-03-01T15:00:00Z,2018-03-01T21:00:00Z,HPE,MarketOnClose,Filled,sell,-89,14.20128744,-1263.91458216,1.0,
302,2018-03-01T15:00:00Z,2018-03-01T21:00:00Z,MU,MarketOnClose,Filled,sell,-24,46.436038226,-1114.464917424,1.0,
303,2018-03-01T15:00:00Z,2018-03-01T21:00:00Z,TGT,MarketOnClose,Filled,sell,-7,58.196297649,-407.374083543,1.0,
304,2018-03-01T15:00:00Z,2018-03-01T21:00:00Z,BBY,MarketOnClose,Filled,sell,-7,53.99381229,-377.95668603,1.0,
305,2018-03-01T15:00:00Z,2018-03-01T21:00:00Z,EXC,MarketOnClose,Filled,buy,368,19.3812893412622,7132.314477584489,1.84,
306,2018-03-01T15:00:00Z,2018-03-01T21:00:00Z,F,MarketOnClose,Filled,buy,1020,6.794068448,6929.94981696,5.1,
307,2018-03-01T15:00:00Z,2018-03-01T21:00:00Z,ET,MarketOnClose,Filled,buy,852,8.45736309,7205.67335268,4.26,
308,2018-03-01T15:00:00Z,2018-03-01T21:00:00Z,WDC,MarketOnClose,Filled,buy,119,60.2132921567844,7165.381766657343,1.0,
309,2018-03-01T15:00:00Z,2018-03-01T21:00:00Z,MPC,MarketOnClose,Filled,buy,144,50.183360139,7226.403860016,1.0,
310,2018-03-01T15:00:00Z,2018-03-01T21:00:00Z,APA,MarketOnClose,Filled,buy,262,27.365571695,7169.77978409,1.31,
311,2018-03-01T15:00:00Z,2018-03-01T21:00:00Z,VZ,MarketOnClose,Filled,buy,22,30.04240778,660.93297116,1.0,
312,2018-03-01T15:00:00Z,2018-03-01T21:00:00Z,MCK,MarketOnClose,Filled,buy,4,137.50082664,550.00330656,1.0,
313,2018-04-02T14:00:00Z,2018-04-02T20:00:00Z,MPC,MarketOnClose,Filled,sell,-17,55.61298438,-945.42073446,1.0,
314,2018-04-02T14:00:00Z,2018-04-02T20:00:00Z,APA,MarketOnClose,Filled,sell,-27,30.272215435,-817.349816745,1.0,
315,2018-04-02T14:00:00Z,2018-04-02T20:00:00Z,WDC,MarketOnClose,Filled,sell,-7,62.4286206450553,-437.0003445153871,1.0,
316,2018-04-02T14:00:00Z,2018-04-02T20:00:00Z,MU,MarketOnClose,Filled,sell,-8,48.815373238,-390.522985904,1.0,
317,2018-04-02T14:00:00Z,2018-04-02T20:00:00Z,EXC,MarketOnClose,Filled,sell,-16,20.0847272534315,-321.355636054904,1.0,
318,2018-04-02T14:00:00Z,2018-04-02T20:00:00Z,ET,MarketOnClose,Filled,buy,86,7.672268565,659.81509659,1.0,
319,2018-04-02T14:00:00Z,2018-04-02T20:00:00Z,TGT,MarketOnClose,Filled,buy,12,54.153252554,649.839030648,1.0,
320,2018-04-02T14:00:00Z,2018-04-02T20:00:00Z,GILD,MarketOnClose,Filled,buy,8,53.562769794,428.502158352,1.0,
321,2018-04-02T14:00:00Z,2018-04-02T20:00:00Z,HPE,MarketOnClose,Filled,buy,32,13.26554328,424.49738496,1.0,
322,2018-04-02T14:00:00Z,2018-04-02T20:00:00Z,MCK,MarketOnClose,Filled,buy,3,131.18595996,393.55787988,1.0,
323,2018-04-02T14:00:00Z,2018-04-02T20:00:00Z,BBY,MarketOnClose,Filled,buy,5,49.73859912,248.6929956,1.0,
324,2018-05-01T14:00:00Z,2018-05-01T20:00:00Z,VLO,MarketOnClose,Filled,sell,-20,80.002385728,-1600.04771456,1.0,
325,2018-05-01T14:00:00Z,2018-05-01T20:00:00Z,ET,MarketOnClose,Filled,sell,-87,8.58730977,-747.09594999,1.0,
326,2018-05-01T14:00:00Z,2018-05-01T20:00:00Z,MCK,MarketOnClose,Filled,sell,-5,144.69771036,-723.4885518,1.0,
327,2018-05-01T14:00:00Z,2018-05-01T20:00:00Z,BBY,MarketOnClose,Filled,sell,-11,54.40069068,-598.40759748,1.0,
328,2018-05-01T14:00:00Z,2018-05-01T20:00:00Z,APA,MarketOnClose,Filled,sell,-14,32.493707475,-454.91190465,1.0,
329,2018-05-01T14:00:00Z,2018-05-01T20:00:00Z,F,MarketOnClose,Filled,sell,-54,7.541596688,-407.246221152,1.0,
330,2018-05-01T14:00:00Z,2018-05-01T20:00:00Z,CNC,MarketOnClose,Filled,sell,-6,54.385,-326.31,1.0,
331,2018-05-01T14:00:00Z,2018-05-01T20:00:00Z,WDC,MarketOnClose,Filled,buy,21,55.3525907464048,1162.4044056745008,1.0,
332,2018-05-01T14:00:00Z,2018-05-01T20:00:00Z,MU,MarketOnClose,Filled,buy,20,45.626674267,912.53348534,1.0,
333,2018-05-01T14:00:00Z,2018-05-01T20:00:00Z,LUV,MarketOnClose,Filled,buy,17,47.352484758,804.992240886,1.0,
334,2018-05-01T14:00:00Z,2018-05-01T20:00:00Z,T,MarketOnClose,Filled,buy,46,14.9316546894002,686.8561157124092,1.0,
335,2018-05-01T14:00:00Z,2018-05-01T20:00:00Z,DAL,MarketOnClose,Filled,buy,9,48.297957678,434.681619102,1.0,
336,2018-05-01T14:00:00Z,2018-05-01T20:00:00Z,TSN,MarketOnClose,Filled,buy,7,54.7873689,383.5115823,1.0,
337,2018-05-01T14:00:00Z,2018-05-01T20:00:00Z,GILD,MarketOnClose,Filled,buy,7,53.138017176,371.966120232,1.0,
338,2018-06-01T14:00:00Z,2018-06-01T20:00:00Z,MCK,MarketOnClose,Filled,sell,-49,133.781001424,-6555.269069776,1.0,reached implied value
339,2018-06-01T14:00:00Z,2018-06-01T20:00:00Z,MU,MarketOnClose,Filled,sell,-30,57.279565002,-1718.38695006,1.0,
340,2018-06-01T14:00:00Z,2018-06-01T20:00:00Z,ET,MarketOnClose,Filled,sell,-73,9.650551746,-704.490277458,1.0,
341,2018-06-01T14:00:00Z,2018-06-01T20:00:00Z,VLO,MarketOnClose,Filled,sell,-6,90.060731238,-540.364387428,1.0,
342,2018-06-01T14:00:00Z,2018-06-01T20:00:00Z,CNC,MarketOnClose,Filled,sell,-8,58.785,-470.28,1.0,
343,2018-06-01T14:00:00Z,2018-06-01T20:00:00Z,MPC,MarketOnClose,Filled,sell,-7,63.826255872,-446.783791104,1.0,
344,2018-06-01T14:00:00Z,2018-06-01T20:00:00Z,EXC,MarketOnClose,Filled,sell,-14,21.7020835712202,-303.8291699970828,1.0,
345,2018-06-01T14:00:00Z,2018-06-01T20:00:00Z,DXC,MarketOnClose,Filled,buy,97,79.60919478,7722.09189366,1.0,
346,2018-06-01T14:00:00Z,2018-06-01T20:00:00Z,HPE,MarketOnClose,Filled,buy,98,12.033521445,1179.28510161,1.0,
347,2018-06-01T14:00:00Z,2018-06-01T20:00:00Z,BBY,MarketOnClose,Filled,buy,19,49.6880811,944.0735409,1.0,
348,2018-06-01T14:00:00Z,2018-06-01T20:00:00Z,GILD,MarketOnClose,Filled,buy,13,50.01828243,650.23767159,1.0,
349,2018-06-01T14:00:00Z,2018-06-01T20:00:00Z,TSN,MarketOnClose,Filled,buy,8,53.858679325,430.8694346,1.0,
350,2018-06-01T14:00:00Z,2018-06-01T20:00:00Z,LUV,MarketOnClose,Filled,buy,8,45.581462472,364.651699776,1.0,
351,2018-06-01T14:00:00Z,2018-06-01T20:00:00Z,APA,MarketOnClose,Filled,buy,9,31.29678228,281.67104052,1.0,
352,2018-07-02T14:00:00Z,2018-07-02T20:00:00Z,APA,MarketOnClose,Filled,sell,-33,35.89168974,-1184.42576142,1.0,
353,2018-07-02T14:00:00Z,2018-07-02T20:00:00Z,BBY,MarketOnClose,Filled,sell,-14,53.985423475,-755.79592865,1.0,
354,2018-07-02T14:00:00Z,2018-07-02T20:00:00Z,TGT,MarketOnClose,Filled,sell,-10,59.994026801,-599.94026801,1.0,
355,2018-07-02T14:00:00Z,2018-07-02T20:00:00Z,GILD,MarketOnClose,Filled,sell,-9,52.621362288,-473.592260592,1.0,
356,2018-07-02T14:00:00Z,2018-07-02T20:00:00Z,CNC,MarketOnClose,Filled,sell,-6,62.02,-372.12,1.0,
357,2018-07-02T14:00:00Z,2018-07-02T20:00:00Z,MPC,MarketOnClose,Filled,buy,15,54.749401857,821.241027855,1.0,
358,2018-07-02T14:00:00Z,2018-07-02T20:00:00Z,MU,MarketOnClose,Filled,buy,12,53.125480104,637.505761248,1.0,
359,2018-07-02T14:00:00Z,2018-07-02T20:00:00Z,VLO,MarketOnClose,Filled,buy,7,79.474338933,556.320372531,1.0,
360,2018-07-02T14:00:00Z,2018-07-02T20:00:00Z,DAL,MarketOnClose,Filled,buy,10,45.987192576,459.87192576,1.0,
361,2018-08-01T14:00:00Z,2018-08-01T20:00:00Z,HCA,MarketOnClose,Filled,sell,-13,115.784078932,-1505.193026116,1.0,
362,2018-08-01T14:00:00Z,2018-08-01T20:00:00Z,MPC,MarketOnClose,Filled,sell,-13,62.922466116,-817.992059508,1.0,
363,2018-08-01T14:00:00Z,2018-08-01T20:00:00Z,LUV,MarketOnClose,Filled,sell,-15,50.720700203,-760.810503045,1.0,
364,2018-08-01T14:00:00Z,2018-08-01T20:00:00Z,DAL,MarketOnClose,Filled,sell,-10,49.704682128,-497.04682128,1.0,
365,2018-08-01T14:00:00Z,2018-08-01T20:00:00Z,GILD,MarketOnClose,Filled,sell,-8,57.50847534,-460.06780272,1.0,
366,2018-08-01T14:00:00Z,2018-08-01T20:00:00Z,TSN,MarketOnClose,Filled,buy,29,45.561168,1321.273872,1.0,
367,2018-08-01T14:00:00Z,2018-08-01T20:00:00Z,WDC,MarketOnClose,Filled,buy,23,48.3394943678914,1111.8083704615021,1.0,
368,2018-08-01T14:00:00Z,2018-08-01T20:00:00Z,F,MarketOnClose,Filled,buy,161,6.717134705,1081.458687505,1.0,
369,2018-08-01T14:00:00Z,2018-08-01T20:00:00Z,T,MarketOnClose,Filled,buy,31,14.8654865587743,460.8300833220033,1.0,
370,2018-08-01T14:00:00Z,2018-08-01T20:00:00Z,APA,MarketOnClose,Filled,buy,9,36.27191722,326.44725498,1.0,
371,2018-09-04T14:00:00Z,2018-09-04T20:00:00Z,HCA,MarketOnClose,Filled,sell,-66,124.898562906,-8243.305151796,1.0,reached implied value
372,2018-09-04T14:00:00Z,2018-09-04T20:00:00Z,CNC,MarketOnClose,Filled,sell,-120,73.105,-8772.6,1.0,reached implied value
373,2018-09-04T14:00:00Z,2018-09-04T20:00:00Z,TGT,MarketOnClose,Filled,sell,-9,70.983514305,-638.851628745,1.0,
374,2018-09-04T14:00:00Z,2018-09-04T20:00:00Z,DXC,MarketOnClose,Filled,sell,-7,86.963940059,-608.747580413,1.0,
375,2018-09-04T14:00:00Z,2018-09-04T20:00:00Z,TSN,MarketOnClose,Filled,sell,-10,49.871999475,-498.71999475,1.0,
376,2018-09-04T14:00:00Z,2018-09-04T20:00:00Z,VZ,MarketOnClose,Filled,sell,-13,34.12254815,-443.59312595,1.0,
377,2018-09-04T14:00:00Z,2018-09-04T20:00:00Z,DAL,MarketOnClose,Filled,sell,-7,54.611152896,-382.278070272,1.0,
378,2018-09-04T14:00:00Z,2018-09-04T20:00:00Z,NEM,MarketOnClose,Filled,buy,321,23.888372766,7668.167657886,1.605,
379,2018-09-04T14:00:00Z,2018-09-04T20:00:00Z,STX,MarketOnClose,Filled,buy,199,36.618378507,7287.057322893,1.0,
380,2018-09-04T14:00:00Z,2018-09-04T20:00:00Z,WDC,MarketOnClose,Filled,buy,23,42.0622727245671,967.4322726650433,1.0,
381,2018-09-04T14:00:00Z,2018-09-04T20:00:00Z,F,MarketOnClose,Filled,buy,102,6.42508537,655.35870774,1.0,
382,2018-09-04T14:00:00Z,2018-09-04T20:00:00Z,APA,MarketOnClose,Filled,buy,17,34.890514582,593.138747894,1.0,
383,2018-09-04T14:00:00Z,2018-09-04T20:00:00Z,MU,MarketOnClose,Filled,buy,10,50.638879989,506.38879989,1.0,
384,2018-09-04T14:00:00Z,2018-09-04T20:00:00Z,GILD,MarketOnClose,Filled,buy,8,54.843448434,438.747587472,1.0,
385,2018-10-01T14:00:00Z,2018-10-01T20:00:00Z,APA,MarketOnClose,Filled,sell,-20,39.05895763,-781.1791526,1.0,
386,2018-10-01T14:00:00Z,2018-10-01T20:00:00Z,LUV,MarketOnClose,Filled,sell,-8,55.50352453,-444.02819624,1.0,
387,2018-10-01T14:00:00Z,2018-10-01T20:00:00Z,MU,MarketOnClose,Filled,buy,23,44.027449095,1012.631329185,1.0,
388,2018-10-01T14:00:00Z,2018-10-01T20:00:00Z,STX,MarketOnClose,Filled,buy,21,35.281120266,740.903525586,1.0,
389,2018-10-01T14:00:00Z,2018-10-01T20:00:00Z,WDC,MarketOnClose,Filled,buy,11,40.8587848268296,449.4466330951256,1.0,
390,2018-10-01T14:00:00Z,2018-10-01T20:00:00Z,TSN,MarketOnClose,Filled,buy,7,46.772385165,327.406696155,1.0,
391,2018-11-01T04:00:00Z,,STX,MarketOnOpen,Canceled,sell,-220,0.0,0.0,0.0,no valuation
392,2018-11-01T14:00:00Z,2018-11-01T20:00:00Z,STX,MarketOnClose,Filled,sell,-220,32.277193466,-7100.98256252,1.1,no valuation
393,2018-11-01T14:00:00Z,2018-11-01T20:00:00Z,VZ,MarketOnClose,Filled,sell,-35,36.368661518,-1272.90315313,1.0,
394,2018-11-01T14:00:00Z,2018-11-01T20:00:00Z,F,MarketOnClose,Filled,sell,-157,6.422834732,-1008.385052924,1.0,
395,2018-11-01T14:00:00Z,2018-11-01T20:00:00Z,NEM,MarketOnClose,Filled,sell,-34,25.573181578,-869.488173652,1.0,
396,2018-11-01T14:00:00Z,2018-11-01T20:00:00Z,EXC,MarketOnClose,Filled,sell,-35,23.3013681619347,-815.5478856677145,1.0,
397,2018-11-01T14:00:00Z,2018-11-01T20:00:00Z,TSN,MarketOnClose,Filled,sell,-17,49.562038044,-842.554646748,1.0,
398,2018-11-01T14:00:00Z,2018-11-01T20:00:00Z,TGT,MarketOnClose,Filled,sell,-7,67.184958621,-470.294710347,1.0,
399,2018-11-01T14:00:00Z,2018-11-01T20:00:00Z,HPE,MarketOnClose,Filled,sell,-37,12.4144234,-459.3336658,1.0,
400,2018-11-01T14:00:00Z,2018-11-01T20:00:00Z,T,MarketOnClose,Filled,sell,-28,14.4150646125177,-403.6218091504956,1.0,
401,2018-11-01T14:00:00Z,2018-11-01T20:00:00Z,NXPI,MarketOnClose,Filled,buy,107,73.95572547,7913.26262529,1.0,
402,2018-11-01T14:00:00Z,2018-11-01T20:00:00Z,WDC,MarketOnClose,Filled,buy,43,33.1546292596886,1425.6490581666098,1.0,
403,2018-11-01T14:00:00Z,2018-11-01T20:00:00Z,VLO,MarketOnClose,Filled,buy,15,67.779033421,1016.685501315,1.0,
404,2018-11-01T14:00:00Z,2018-11-01T20:00:00Z,LUV,MarketOnClose,Filled,buy,21,45.833137355,962.495884455,1.0,
405,2018-11-01T14:00:00Z,2018-11-01T20:00:00Z,APA,MarketOnClose,Filled,buy,27,29.571871347,798.440526369,1.0,
406,2018-11-01T14:00:00Z,2018-11-01T20:00:00Z,DXC,MarketOnClose,Filled,buy,11,68.623953582,754.863489402,1.0,
407,2018-11-01T14:00:00Z,2018-11-01T20:00:00Z,MU,MarketOnClose,Filled,buy,15,39.122508476,586.83762714,1.0,
408,2018-11-01T14:00:00Z,2018-11-01T20:00:00Z,MPC,MarketOnClose,Filled,buy,6,55.700327996,334.201967976,1.0,
409,2018-11-01T14:00:00Z,2018-11-01T20:00:00Z,ET,MarketOnClose,Filled,buy,34,8.877487745,301.83458333,1.0,
410,2018-12-03T15:00:00Z,2018-12-03T21:00:00Z,DAL,MarketOnClose,Filled,sell,-21,56.111637276,-1178.344382796,1.0,
411,2018-12-03T15:00:00Z,2018-12-03T21:00:00Z,LUV,MarketOnClose,Filled,sell,-17,48.909669833,-831.464387161,1.0,
412,2018-12-03T15:00:00Z,2018-12-03T21:00:00Z,NXPI,MarketOnClose,Filled,sell,-11,75.34530861,-828.79839471,1.0,
413,2018-12-03T15:00:00Z,2018-12-03T21:00:00Z,GILD,MarketOnClose,Filled,sell,-10,52.71753705,-527.1753705,1.0,
414,2018-12-03T15:00:00Z,2018-12-03T21:00:00Z,EXC,MarketOnClose,Filled,sell,-21,24.9941870401163,-524.8779278424423,1.0,
415,2018-12-03T15:00:00Z,2018-12-03T21:00:00Z,VZ,MarketOnClose,Filled,sell,-11,37.731026648,-415.041293128,1.0,
416,2018-12-03T15:00:00Z,2018-12-03T21:00:00Z,WDC,MarketOnClose,Filled,sell,-13,32.654633788695,-424.510239253035,1.0,
417,2018-12-03T15:00:00Z,2018-12-03T21:00:00Z,NEM,MarketOnClose,Filled,sell,-14,26.498474486,-370.978642804,1.0,
418,2018-12-03T15:00:00Z,2018-12-03T21:00:00Z,TGT,MarketOnClose,Filled,buy,17,58.2072959,989.5240303,1.0,
419,2018-12-03T15:00:00Z,2018-12-03T21:00:00Z,DXC,MarketOnClose,Filled,buy,15,60.848873063,912.733095945,1.0,
420,2018-12-03T15:00:00Z,2018-12-03T21:00:00Z,VLO,MarketOnClose,Filled,buy,13,60.13893519,781.80615747,1.0,
421,2018-12-03T15:00:00Z,2018-12-03T21:00:00Z,BBY,MarketOnClose,Filled,buy,13,48.922180692,635.988348996,1.0,
422,2018-12-03T15:00:00Z,2018-12-03T21:00:00Z,APA,MarketOnClose,Filled,buy,16,29.645008704,474.320139264,1.0,
423,2018-12-03T15:00:00Z,2018-12-03T21:00:00Z,MPC,MarketOnClose,Filled,buy,8,51.0396943,408.3175544,1.0,
424,2019-01-01T05:00:00Z,,APA,MarketOnOpen,Canceled,sell,-246,0.0,0.0,0.0,no valuation
425,2019-01-01T05:00:00Z,,WDC,MarketOnOpen,Canceled,sell,-220,0.0,0.0,0.0,no valuation
426,2019-01-02T15:00:00Z,2019-01-02T21:00:00Z,APA,MarketOnClose,Filled,sell,-246,22.014344457,-5415.528736422,1.23,no valuation
427,2019-01-02T15:00:00Z,2019-01-02T21:00:00Z,NEM,MarketOnClose,Filled,sell,-273,27.6179628,-7539.7038444,1.365,reached implied value
428,2019-01-02T15:00:00Z,2019-01-02T21:00:00Z,WDC,MarketOnClose,Filled,sell,-220,27.3132125286698,-6008.906756307356,1.1,no valuation
429,2019-01-02T15:00:00Z,2019-01-02T21:00:00Z,EXC,MarketOnClose,Filled,sell,-26,23.6982319891981,-616.1540317191506,1.0,
430,2019-01-02T15:00:00Z,2019-01-02T21:00:00Z,VLO,MarketOnClose,Filled,sell,-7,55.892963628,-391.250745396,1.0,
431,2019-01-02T15:00:00Z,2019-01-02T21:00:00Z,VZ,MarketOnClose,Filled,sell,-10,36.336224253,-363.36224253,1.0,
432,2019-01-02T15:00:00Z,2019-01-02T21:00:00Z,T,MarketOnClose,Filled,sell,-27,13.9705055332603,-377.2036493980281,1.0,
433,2019-01-02T15:00:00Z,2019-01-02T21:00:00Z,TGT,MarketOnClose,Filled,sell,-6,53.4599494,-320.7596964,1.0,
434,2019-01-02T15:00:00Z,2019-01-02T21:00:00Z,FCX,MarketOnClose,Filled,buy,657,9.51289906,6249.97468242,3.285,
435,2019-01-02T15:00:00Z,2019-01-02T21:00:00Z,LRCX,MarketOnClose,Filled,buy,502,12.575249739,6312.775368978,2.51,
436,2019-01-02T15:00:00Z,2019-01-02T21:00:00Z,ATUS,MarketOnClose,Filled,buy,376,17.12,6437.12,1.88,
437,2019-01-02T15:00:00Z,2019-01-02T21:00:00Z,F,MarketOnClose,Filled,buy,105,5.468743028,574.21801794,1.0,
438,2019-01-02T15:00:00Z,2019-01-02T21:00:00Z,DAL,MarketOnClose,Filled,buy,9,46.750364457,420.753280113,1.0,
439,2019-01-02T15:00:00Z,2019-01-02T21:00:00Z,BBY,MarketOnClose,Filled,buy,10,39.43652696,394.3652696,1.0,
440,2019-01-02T15:00:00Z,2019-01-02T21:00:00Z,MU,MarketOnClose,Filled,buy,9,31.935746575,287.421719175,1.0,
441,2019-01-02T15:00:00Z,2019-01-02T21:00:00Z,DXC,MarketOnClose,Filled,buy,5,52.396575935,261.982879675,1.0,
442,2019-02-01T15:00:00Z,2019-02-01T21:00:00Z,LRCX,MarketOnClose,Filled,sell,-44,15.7095148041,-691.2186513804,1.0,
443,2019-02-01T15:00:00Z,2019-02-01T21:00:00Z,MU,MarketOnClose,Filled,sell,-12,38.61543708,-463.38524496,1.0,
444,2019-02-01T15:00:00Z,2019-02-01T21:00:00Z,DXC,MarketOnClose,Filled,sell,-7,62.59895565,-438.19268955,1.0,
445,2019-02-01T15:00:00Z,2019-02-01T21:00:00Z,ATUS,MarketOnClose,Filled,sell,-16,19.69,-315.04,1.0,
446,2019-02-01T15:00:00Z,2019-02-01T21:00:00Z,NXPI,MarketOnClose,Filled,sell,-4,77.9908116,-311.9632464,1.0,
447,2019-02-01T15:00:00Z,2019-02-01T21:00:00Z,VZ,MarketOnClose,Filled,buy,26,35.75809232,929.71040032,1.0,
448,2019-02-01T15:00:00Z,2019-02-01T21:00:00Z,DAL,MarketOnClose,Filled,buy,20,46.591698816,931.83397632,1.0,
449,2019-02-01T15:00:00Z,2019-02-01T21:00:00Z,EXC,MarketOnClose,Filled,buy,19,25.5104180977435,484.6979438571265,1.0,
450,2019-02-01T15:00:00Z,2019-02-01T21:00:00Z,T,MarketOnClose,Filled,buy,28,14.423218104867,403.850106936276,1.0,
451,2019-03-01T15:00:00Z,2019-03-01T21:00:00Z,EXC,MarketOnClose,Filled,sell,-275,26.3052121196597,-7233.9333329064175,1.375,reached implied value
452,2019-03-01T15:00:00Z,2019-03-01T21:00:00Z,F,MarketOnClose,Filled,sell,-1177,6.19005728,-7285.69741856,5.885,no valuation
453,2019-03-01T15:00:00Z,2019-03-01T21:00:00Z,BBY,MarketOnClose,Filled,sell,-16,49.891621141,-798.265938256,1.0,
454,2019-03-01T15:00:00Z,2019-03-01T21:00:00Z,ATUS,MarketOnClose,Filled,sell,-28,21.51,-602.28,1.0,
455,2019-03-01T15:00:00Z,2019-03-01T21:00:00Z,FCX,MarketOnClose,Filled,sell,-47,11.868824682,-557.834760054,1.0,
456,2019-03-01T15:00:00Z,2019-03-01T21:00:00Z,HPE,MarketOnClose,Filled,sell,-32,12.969772452,-415.032718464,1.0,
457,2019-03-01T15:00:00Z,2019-03-01T21:00:00Z,WDC,MarketOnClose,Filled,buy,202,36.8792618722186,7449.610898188157,1.01,
458,2019-03-01T15:00:00Z,2019-03-01T21:00:00Z,NUE,MarketOnClose,Filled,buy,139,51.880577416,7211.400260824,1.0,
459,2019-03-01T15:00:00Z,2019-03-01T21:00:00Z,GILD,MarketOnClose,Filled,buy,17,49.523566834,841.900636178,1.0,
460,2019-03-01T15:00:00Z,2019-03-01T21:00:00Z,MPC,MarketOnClose,Filled,buy,11,49.882567988,548.708247868,1.0,
461,2019-03-01T15:00:00Z,2019-03-01T21:00:00Z,VLO,MarketOnClose,Filled,buy,7,61.984536903,433.891758321,1.0,
462,2019-03-01T15:00:00Z,2019-03-01T21:00:00Z,ET,MarketOnClose,Filled,buy,47,8.555952832,402.129783104,1.0,
463,2019-03-01T15:00:00Z,2019-03-01T21:00:00Z,TGT,MarketOnClose,Filled,buy,6,59.21032145,355.2619287,1.0,
464,2019-04-01T14:00:00Z,2019-04-01T20:00:00Z,TSN,MarketOnClose,Filled,sell,-17,56.10385798,-953.76558566,1.0,
465,2019-04-01T14:00:00Z,2019-04-01T20:00:00Z,TGT,MarketOnClose,Filled,sell,-11,64.917046975,-714.087516725,1.0,
466,2019-04-01T14:00:00Z,2019-04-01T20:00:00Z,MU,MarketOnClose,Filled,sell,-8,41.199550925,-329.5964074,1.0,
467,2019-04-01T14:00:00Z,2019-04-01T20:00:00Z,LUV,MarketOnClose,Filled,buy,12,47.426631837,569.119582044,1.0,
468,2019-04-01T14:00:00Z,2019-04-01T20:00:00Z,HPE,MarketOnClose,Filled,buy,36,12.6790734,456.4466424,1.0,
469,2019-04-01T14:00:00Z,2019-04-01T20:00:00Z,WDC,MarketOnClose,Filled,buy,9,35.5938104467529,320.3442940207761,1.0,
470,2019-04-01T14:00:00Z,2019-04-01T20:00:00Z,MPC,MarketOnClose,Filled,buy,6,48.585366555,291.51219933,1.0,
471,2019-04-01T14:00:00Z,2019-04-01T20:00:00Z,NUE,MarketOnClose,Filled,buy,5,51.672353306,258.36176653,1.0,
472,2019-05-01T14:00:00Z,2019-05-01T20:00:00Z,LRCX,MarketOnClose,Filled,sell,-57,18.6594417284,-1063.5881785188,1.0,
473,2019-05-01T14:00:00Z,2019-05-01T20:00:00Z,NXPI,MarketOnClose,Filled,sell,-11,92.877398191,-1021.651380101,1.0,
474,2019-05-01T14:00:00Z,2019-05-01T20:00:00Z,DAL,MarketOnClose,Filled,sell,-14,54.065268168,-756.913754352,1.0,
475,2019-05-01T14:00:00Z,2019-05-01T20:00:00Z,VLO,MarketOnClose,Filled,sell,-7,67.129350679,-469.905454753,1.0,
476,2019-05-01T14:00:00Z,2019-05-01T20:00:00Z,FCX,MarketOnClose,Filled,buy,58,10.8394786,628.6897588,1.0,
477,2019-05-01T14:00:00Z,2019-05-01T20:00:00Z,TGT,MarketOnClose,Filled,buy,9,61.426446725,552.838020525,1.0,
478,2019-05-01T14:00:00Z,2019-05-01T20:00:00Z,NUE,MarketOnClose,Filled,buy,10,48.323299424,483.23299424,1.0,
479,2019-05-01T14:00:00Z,2019-05-01T20:00:00Z,DXC,MarketOnClose,Filled,buy,6,63.497801256,380.986807536,1.0,
480,2019-05-01T14:00:00Z,2019-05-01T20:00:00Z,GILD,MarketOnClose,Filled,buy,6,49.139128792,294.834772752,1.0,
481,2019-06-01T04:00:00Z,,WDC,MarketOnOpen,Canceled,sell,-211,0.0,0.0,0.0,no valuation
482,2019-06-03T14:00:00Z,2019-06-03T20:00:00Z,WDC,MarketOnClose,Filled,sell,-211,26.7657369978827,-5647.570506553249,1.055,no valuation
483,2019-06-03T14:00:00Z,2019-06-03T20:00:00Z,TSN,MarketOnClose,Filled,sell,-23,63.143522406,-1452.301015338,1.0,
484,2019-06-03T14:00:00Z,2019-06-03T20:00:00Z,TGT,MarketOnClose,Filled,sell,-21,67.94275236,-1426.79779956,1.0,
485,2019-06-03T14:00:00Z,2019-06-03T20:00:00Z,ATUS,MarketOnClose,Filled,sell,-49,24.11,-1181.39,1.0,
486,2019-06-03T14:00:00Z,2019-06-03T20:00:00Z,T,MarketOnClose,Filled,sell,-44,15.1863799552257,-668.2007180299308,1.0,
487,2019-06-03T14:00:00Z,2019-06-03T20:00:00Z,GILD,MarketOnClose,Filled,sell,-13,48.199826808,-626.597748504,1.0,
488,2019-06-03T14:00:00Z,2019-06-03T20:00:00Z,VZ,MarketOnClose,Filled,sell,-12,37.338128592,-448.057543104,1.0,
489,2019-06-03T14:00:00Z,2019-06-03T20:00:00Z,KR,MarketOnClose,Filled,buy,341,19.610276056,6687.104135096,1.705,
490,2019-06-03T14:00:00Z,2019-06-03T20:00:00Z,DXC,MarketOnClose,Filled,buy,25,44.980823976,1124.5205994,1.0,
491,2019-06-03T14:00:00Z,2019-06-03T20:00:00Z,MPC,MarketOnClose,Filled,buy,26,37.898901402,985.371436452,1.0,
492,2019-06-03T14:00:00Z,2019-06-03T20:00:00Z,MU,MarketOnClose,Filled,buy,28,31.877238337,892.562673436,1.0,
493,2019-06-03T14:00:00Z,2019-06-03T20:00:00Z,VLO,MarketOnClose,Filled,buy,12,54.4429512,653.3154144,1.0,
494,2019-06-03T14:00:00Z,2019-06-03T20:00:00Z,FCX,MarketOnClose,Filled,buy,71,9.1825472,651.9608512,1.0,
495,2019-06-03T14:00:00Z,2019-06-03T20:00:00Z,NXPI,MarketOnClose,Filled,buy,4,79.289467567,317.157870268,1.0,
496,2019-07-01T14:00:00Z,2019-07-01T20:00:00Z,MPC,MarketOnClose,Filled,sell,-16,44.323943248,-709.183091968,1.0,
497,2019-07-01T14:00:00Z,2019-07-01T20:00:00Z,VLO,MarketOnClose,Filled,sell,-11,63.698252904,-700.680781944,1.0,
498,2019-07-01T14:00:00Z,2019-07-01T20:00:00Z,FCX,MarketOnClose,Filled,sell,-56,10.598807,-593.533192,1.0,
499,2019-07-01T14:00:00Z,2019-07-01T20:00:00Z,MU,MarketOnClose,Filled,sell,-14,39.112757103,-547.578599442,1.0,
500,2019-07-01T14:00:00Z,2019-07-01T20:00:00Z,DXC,MarketOnClose,Filled,sell,-8,54.19400072,-433.55200576,1.0,
501,2019-07-01T14:00:00Z,2019-07-01T20:00:00Z,KR,MarketOnClose,Filled,buy,55,18.44869176,1014.6780468,1.0,
502,2019-07-01T14:00:00Z,2019-07-01T20:00:00Z,ATUS,MarketOnClose,Filled,buy,18,24.23,436.14,1.0,
503,2019-07-01T14:00:00Z,2019-07-01T20:00:00Z,ET,MarketOnClose,Filled,buy,54,8.05333344,434.88000576,1.0,
504,2019-07-01T14:00:00Z,2019-07-01T20:00:00Z,LRCX,MarketOnClose,Filled,buy,24,17.606197935,422.54875044,1.0,
505,2019-07-01T14:00:00Z,2019-07-01T20:00:00Z,VZ,MarketOnClose,Filled,buy,10,37.523560944,375.23560944,1.0,
506,2019-08-01T14:00:00Z,2019-08-01T20:00:00Z,MU,MarketOnClose,Filled,sell,-24,42.51598628,-1020.38367072,1.0,
507,2019-08-01T14:00:00Z,2019-08-01T20:00:00Z,BBY,MarketOnClose,Filled,sell,-12,50.979229792,-611.750757504,1.0,
508,2019-08-01T14:00:00Z,2019-08-01T20:00:00Z,LRCX,MarketOnClose,Filled,sell,-34,18.93305784,-643.72396656,1.0,
509,2019-08-01T14:00:00Z,2019-08-01T20:00:00Z,DAL,MarketOnClose,Filled,sell,-10,57.400879952,-574.00879952,1.0,
510,2019-08-01T14:00:00Z,2019-08-01T20:00:00Z,HPE,MarketOnClose,Filled,buy,55,11.364865218,625.06758699,1.0,
511,2019-08-01T14:00:00Z,2019-08-01T20:00:00Z,TSN,MarketOnClose,Filled,buy,8,65.028282939,520.226263512,1.0,
512,2019-08-01T14:00:00Z,2019-08-01T20:00:00Z,FCX,MarketOnClose,Filled,buy,48,9.94937895,477.5701896,1.0,
513,2019-08-01T14:00:00Z,2019-08-01T20:00:00Z,GILD,MarketOnClose,Filled,buy,9,50.065949973,450.593549757,1.0,
514,2019-08-01T14:00:00Z,2019-08-01T20:00:00Z,TGT,MarketOnClose,Filled,buy,6,67.672455696,406.034734176,1.0,
515,2019-08-01T14:00:00Z,2019-08-01T20:00:00Z,KR,MarketOnClose,Filled,buy,20,18.380363272,367.60726544,1.0,
516,2019-08-01T14:00:00Z,2019-08-01T20:00:00Z,VZ,MarketOnClose,Filled,buy,9,36.974598375,332.771385375,1.0,
517,2019-09-03T14:00:00Z,2019-09-03T20:00:00Z,LRCX,MarketOnClose,Filled,sell,-391,19.593727335,-7661.147387985,1.955,reached implied value
518,2019-09-03T14:00:00Z,2019-09-03T20:00:00Z,TGT,MarketOnClose,Filled,sell,-106,88.075510146,-9336.004075476,1.0,reached implied value
519,2019-09-03T14:00:00Z,2019-09-03T20:00:00Z,TSN,MarketOnClose,Filled,sell,-19,75.776938841,-1439.761837979,1.0,
520,2019-09-03T14:00:00Z,2019-09-03T20:00:00Z,ATUS,MarketOnClose,Filled,sell,-47,28.65,-1346.55,1.0,
521,2019-09-03T14:00:00Z,2019-09-03T20:00:00Z,KR,MarketOnClose,Filled,sell,-56,20.650431963,-1156.424189928,1.0,
522,2019-09-03T14:00:00Z,2019-09-03T20:00:00Z,VZ,MarketOnClose,Filled,sell,-15,38.84173194,-582.6259791,1.0,
523,2019-09-03T14:00:00Z,2019-09-03T20:00:00Z,T,MarketOnClose,Filled,sell,-25,17.5431220175792,-438.57805043948,1.0,
524,2019-09-03T14:00:00Z,2019-09-03T20:00:00Z,NXPI,MarketOnClose,Filled,sell,-4,87.963383403,-351.853533612,1.0,
525,2019-09-03T14:00:00Z,2019-09-03T20:00:00Z,DOW,MarketOnClose,Filled,buy,252,28.58234258,7202.75033016,1.26,
526,2019-09-03T14:00:00Z,2019-09-03T20:00:00Z,COP,MarketOnClose,Filled,buy,183,40.020196062,7323.695879346,1.0,
527,2019-09-03T14:00:00Z,2019-09-03T20:00:00Z,DXC,MarketOnClose,Filled,buy,91,30.749957694,2798.246150154,1.0,
528,2019-09-03T14:00:00Z,2019-09-03T20:00:00Z,FCX,MarketOnClose,Filled,buy,128,8.433725895,1079.51691456,1.0,
529,2019-09-03T14:00:00Z,2019-09-03T20:00:00Z,BBY,MarketOnClose,Filled,buy,23,47.223179904,1086.133137792,1.0,
530,2019-09-03T14:00:00Z,2019-09-03T20:00:00Z,VLO,MarketOnClose,Filled,buy,14,57.011464434,798.160502076,1.0,
531,2019-09-03T14:00:00Z,2019-09-03T20:00:00Z,MPC,MarketOnClose,Filled,buy,20,40.364746144,807.29492288,1.0,
532,2019-09-03T14:00:00Z,2019-09-03T20:00:00Z,NUE,MarketOnClose,Filled,buy,18,42.33045612,761.94821016,1.0,
533,2019-09-04T04:00:00Z,2019-09-04T20:00:00Z,DXC,MarketOnOpen,Filled,sell,-228,31.325178843,-7142.140776204,1.14,left universe
534,2019-09-04T04:00:00Z,2019-09-04T20:00:00Z,FCX,MarketOnOpen,Filled,sell,-859,8.68478499,-7460.23030641,4.295,left universe
535,2019-10-01T14:00:00Z,2019-10-01T20:00:00Z,MPC,MarketOnClose,Filled,sell,-27,49.097972848,-1325.645266896,1.0,
536,2019-10-01T14:00:00Z,2019-10-01T20:00:00Z,VLO,MarketOnClose,Filled,sell,-9,65.153774964,-586.383974676,1.0,
537,2019-10-01T14:00:00Z,2019-10-01T20:00:00Z,DOW,MarketOnClose,Filled,sell,-16,31.433738957,-502.939823312,1.0,
538,2019-10-01T14:00:00Z,2019-10-01T20:00:00Z,COP,MarketOnClose,Filled,sell,-8,42.42002331,-339.36018648,1.0,
539,2019-10-01T14:00:00Z,2019-10-01T20:00:00Z,CCL,MarketOnClose,Filled,buy,183,40.862288831,7477.798856073,1.0,
540,2019-10-01T14:00:00Z,2019-10-01T20:00:00Z,OXY,MarketOnClose,Filled,buy,196,38.598171816,7565.241675936,1.0,
541,2019-10-01T14:00:00Z,2019-10-01T20:00:00Z,TSN,MarketOnClose,Filled,buy,13,67.678578028,879.821514364,1.0,
542,2019-10-01T14:00:00Z,2019-10-01T20:00:00Z,ET,MarketOnClose,Filled,buy,119,7.419347616,882.902366304,1.0,
543,2019-10-01T14:00:00Z,2019-10-01T20:00:00Z,DAL,MarketOnClose,Filled,buy,11,54.251063761,596.761701371,1.0,
544,2019-10-01T14:00:00Z,2019-10-01T20:00:00Z,MU,MarketOnClose,Filled,buy,13,41.24830779,536.22800127,1.0,
545,2019-10-01T14:00:00Z,2019-10-01T20:00:00Z,ATUS,MarketOnClose,Filled,buy,14,28.31,396.34,1.0,
546,2019-10-01T14:00:00Z,2019-10-01T20:00:00Z,GILD,MarketOnClose,Filled,buy,7,48.79689437,341.57826059,1.0,
547,2019-11-01T14:00:00Z,2019-11-01T20:00:00Z,VLO,MarketOnClose,Filled,sell,-12,76.346584932,-916.159019184,1.0,
548,2019-11-01T14:00:00Z,2019-11-01T20:00:00Z,HPE,MarketOnClose,Filled,sell,-56,13.385949369,-749.613164664,1.0,
549,2019-11-01T14:00:00Z,2019-11-01T20:00:00Z,MU,MarketOnClose,Filled,sell,-14,47.177142574,-660.479996036,1.0,
550,2019-11-01T14:00:00Z,2019-11-01T20:00:00Z,BBY,MarketOnClose,Filled,sell,-8,54.852370964,-438.818967712,1.0,
551,2019-11-01T14:00:00Z,2019-11-01T20:00:00Z,ATUS,MarketOnClose,Filled,sell,-13,31.41,-408.33,1.0,
552,2019-11-01T14:00:00Z,2019-11-01T20:00:00Z,OXY,MarketOnClose,Filled,buy,25,37.293047432,932.3261858,1.0,
553,2019-11-01T14:00:00Z,2019-11-01T20:00:00Z,ET,MarketOnClose,Filled,buy,67,7.373654944,494.034881248,1.0,
554,2019-11-01T14:00:00Z,2019-11-01T20:00:00Z,DAL,MarketOnClose,Filled,buy,9,53.704514136,483.340627224,1.0,
555,2019-11-01T14:00:00Z,2019-11-01T20:00:00Z,TSN,MarketOnClose,Filled,buy,7,67.98724173,475.91069211,1.0,
556,2019-11-01T14:00:00Z,2019-11-01T20:00:00Z,COP,MarketOnClose,Filled,buy,9,44.29084995,398.61764955,1.0,
557,2019-11-01T14:00:00Z,2019-11-01T20:00:00Z,CCL,MarketOnClose,Filled,buy,8,41.304667105,330.43733684,1.0,
558,2019-12-02T15:00:00Z,2019-12-02T21:00:00Z,GILD,MarketOnClose,Filled,sell,-157,51.03528402,-8012.53959114,1.0,reached implied value
559,2019-12-02T15:00:00Z,2019-12-02T21:00:00Z,TSN,MarketOnClose,Filled,sell,-117,73.105709478,-8553.368008926,1.0,reached implied value
560,2019-12-02T15:00:00Z,2019-12-02T21:00:00Z,BBY,MarketOnClose,Filled,sell,-14,59.568832373,-833.963653222,1.0,
561,2019-12-02T15:00:00Z,2019-12-02T21:00:00Z,DOW,MarketOnClose,Filled,sell,-19,36.815601828,-699.496434732,1.0,
562,2019-12-02T15:00:00Z,2019-12-02T21:00:00Z,COP,MarketOnClose,Filled,sell,-12,46.78632741,-561.43592892,1.0,
563,2019-12-02T15:00:00Z,2019-12-02T21:00:00Z,KR,MarketOnClose,Filled,sell,-21,24.00042608,-504.00894768,1.0,
564,2019-12-02T15:00:00Z,2019-12-02T21:00:00Z,NUE,MarketOnClose,Filled,sell,-10,49.759044288,-497.59044288,1.0,
565,2019-12-02T15:00:00Z,2019-12-02T21:00:00Z,CCL,MarketOnClose,Filled,sell,-8,43.281220047,-346.249760376,1.0,
566,2019-12-02T15:00:00Z,2019-12-02T21:00:00Z,FCX,MarketOnClose,Filled,buy,755,10.706511425,8083.416125875,3.775,
567,2019-12-02T15:00:00Z,2019-12-02T21:00:00Z,LBTYA,MarketOnClose,Filled,buy,356,22.27,7928.12,1.78,
568,2019-12-02T15:00:00Z,2019-12-02T21:00:00Z,ATUS,MarketOnClose,Filled,buy,59,25.55,1507.45,1.0,
569,2019-12-02T15:00:00Z,2019-12-02T21:00:00Z,ET,MarketOnClose,Filled,buy,92,6.642572192,611.116641664,1.0,
570,2019-12-02T15:00:00Z,2019-12-02T21:00:00Z,OXY,MarketOnClose,Filled,buy,15,34.109602144,511.64403216,1.0,
571,2019-12-02T15:00:00Z,2019-12-02T21:00:00Z,HPE,MarketOnClose,Filled,buy,32,12.770503421,408.656109472,1.0,
572,2019-12-02T15:00:00Z,2019-12-02T21:00:00Z,VZ,MarketOnClose,Filled,buy,9,40.544166524,364.897498716,1.0,
573,2019-12-03T05:00:00Z,2019-12-03T21:00:00Z,LBTYA,MarketOnOpen,Filled,sell,-356,22.05,-7849.8,1.78,left universe
574,2020-01-02T15:00:00Z,2020-01-02T21:00:00Z,HPE,MarketOnClose,Filled,sell,-626,13.202223092,-8264.591655592,3.13,no valuation
575,2020-01-02T15:00:00Z,2020-01-02T21:00:00Z,FCX,MarketOnClose,Filled,sell,-68,12.3428778,-839.3156904,1.0,
576,2020-01-02T15:00:00Z,2020-01-02T21:00:00Z,NXPI,MarketOnClose,Filled,sell,-7,114.75144993,-803.26014951,1.0,
577,2020-01-02T15:00:00Z,2020-01-02T21:00:00Z,CCL,MarketOnClose,Filled,sell,-13,49.915922693,-648.906995009,1.0,
578,2020-01-02T15:00:00Z,2020-01-02T21:00:00Z,MU,MarketOnClose,Filled,sell,-10,54.012855047,-540.12855047,1.0,
579,2020-01-02T15:00:00Z,2020-01-02T21:00:00Z,CAH,MarketOnClose,Filled,buy,194,42.901463884,8322.883993496,1.0,
580,2020-01-02T15:00:00Z,2020-01-02T21:00:00Z,UAL,MarketOnClose,Filled,buy,95,89.74,8525.3,1.0,
581,2020-01-02T15:00:00Z,2020-01-02T21:00:00Z,LUV,MarketOnClose,Filled,buy,15,50.153636832,752.30455248,1.0,
582,2020-01-02T15:00:00Z,2020-01-02T21:00:00Z,VLO,MarketOnClose,Filled,buy,10,73.383862293,733.83862293,1.0,
583,2020-01-02T15:00:00Z,2020-01-02T21:00:00Z,MPC,MarketOnClose,Filled,buy,14,50.758919384,710.624871376,1.0,
584,2020-01-02T15:00:00Z,2020-01-02T21:00:00Z,NUE,MarketOnClose,Filled,buy,7,48.770032688,341.390228816,1.0,
585,2020-02-03T15:00:00Z,2020-02-03T21:00:00Z,ATUS,MarketOnClose,Filled,sell,-26,27.71,-720.46,1.0,
586,2020-02-03T15:00:00Z,2020-02-03T21:00:00Z,ET,MarketOnClose,Filled,sell,-93,7.31082752,-679.90695936,1.0,
587,2020-02-03T15:00:00Z,2020-02-03T21:00:00Z,LUV,MarketOnClose,Filled,sell,-13,50.501163856,-656.515130128,1.0,
588,2020-02-03T15:00:00Z,2020-02-03T21:00:00Z,CAH,MarketOnClose,Filled,sell,-14,43.903554376,-614.649761264,1.0,
589,2020-02-03T15:00:00Z,2020-02-03T21:00:00Z,BBY,MarketOnClose,Filled,sell,-9,64.515295614,-580.637660526,1.0,
590,2020-02-03T15:00:00Z,2020-02-03T21:00:00Z,NXPI,MarketOnClose,Filled,sell,-5,112.21609815,-561.08049075,1.0,
591,2020-02-03T15:00:00Z,2020-02-03T21:00:00Z,OXY,MarketOnClose,Filled,sell,-15,36.075118224,-541.12677336,1.0,
592,2020-02-03T15:00:00Z,2020-02-03T21:00:00Z,MU,MarketOnClose,Filled,sell,-8,52.442883994,-419.543071952,1.0,
593,2020-02-03T15:00:00Z,2020-02-03T21:00:00Z,DOW,MarketOnClose,Filled,buy,30,32.369473842,971.08421526,1.0,
594,2020-02-03T15:00:00Z,2020-02-03T21:00:00Z,NUE,MarketOnClose,Filled,buy,19,42.417187356,805.926559764,1.0,
595,2020-02-03T15:00:00Z,2020-02-03T21:00:00Z,FCX,MarketOnClose,Filled,buy,72,10.736838112,773.052344064,1.0,
596,2020-02-03T15:00:00Z,2020-02-03T21:00:00Z,UAL,MarketOnClose,Filled,buy,10,74.91,749.1,1.0,
597,2020-02-03T15:00:00Z,2020-02-03T21:00:00Z,CCL,MarketOnClose,Filled,buy,16,41.588495325,665.4159252,1.0,
598,2020-02-03T15:00:00Z,2020-02-03T21:00:00Z,VLO,MarketOnClose,Filled,buy,5,61.905339525,309.526697625,1.0,
599,2020-03-02T15:00:00Z,2020-03-02T21:00:00Z,DOW,MarketOnClose,Filled,sell,-247,29.159278226,-7202.341721822,1.235,no valuation
600,2020-03-02T15:00:00Z,2020-03-02T21:00:00Z,NXPI,MarketOnClose,Filled,sell,-69,107.19895836,-7396.72812684,1.0,reached implied value
601,2020-03-02T15:00:00Z,2020-03-02T21:00:00Z,OXY,MarketOnClose,Filled,sell,-221,29.675565066,-6558.299879586,1.105,no valuation
602,2020-03-02T15:00:00Z,2020-03-02T21:00:00Z,FCX,MarketOnClose,Filled,sell,-759,9.8546154,-7479.6530886,3.795,no valuation
603,2020-03-02T15:00:00Z,2020-03-02T21:00:00Z,KR,MarketOnClose,Filled,sell,-52,25.822908888,-1342.791262176,1.0,
604,2020-03-02T15:00:00Z,2020-03-02T21:00:00Z,CAH,MarketOnClose,Filled,sell,-23,46.267460152,-1064.151583496,1.0,
605,2020-03-02T15:00:00Z,2020-03-02T21:00:00Z,MU,MarketOnClose,Filled,sell,-15,53.232745207,-798.491178105,1.0,
606,2020-03-02T15:00:00Z,2020-03-02T21:00:00Z,T,MarketOnClose,Filled,sell,-29,18.9400646367676,-549.2618744662605,1.0,
607,2020-03-02T15:00:00Z,2020-03-02T21:00:00Z,ATUS,MarketOnClose,Filled,sell,-17,26.21,-445.57,1.0,
608,2020-03-02T15:00:00Z,2020-03-02T21:00:00Z,DELL,MarketOnClose,Filled,buy,377,19.5172680433947,7358.010052359802,1.885,
609,2020-03-02T15:00:00Z,2020-03-02T21:00:00Z,MGM,MarketOnClose,Filled,buy,288,24.845323965,7155.45330192,1.44,
610,2020-03-02T15:00:00Z,2020-03-02T21:00:00Z,CVS,MarketOnClose,Filled,buy,146,51.920639997,7580.413439562,1.0,
611,2020-03-02T15:00:00Z,2020-03-02T21:00:00Z,CI,MarketOnClose,Filled,buy,42,174.792000156,7341.264006552,1.0,
612,2020-03-02T15:00:00Z,2020-03-02T21:00:00Z,CCL,MarketOnClose,Filled,buy,27,32.53713957,878.50276839,1.0,
613,2020-03-02T15:00:00Z,2020-03-02T21:00:00Z,VLO,MarketOnClose,Filled,buy,14,52.970682149,741.589550086,1.0,
614,2020-03-02T15:00:00Z,2020-03-02T21:00:00Z,UAL,MarketOnClose,Filled,buy,9,61.26,551.34,1.0,
615,2020-03-02T15:00:00Z,2020-03-02T21:00:00Z,COP,MarketOnClose,Filled,buy,13,38.422946709,499.498307217,1.0,
616,2020-03-02T15:00:00Z,2020-03-02T21:00:00Z,LUV,MarketOnClose,Filled,buy,9,42.93787836,386.44090524,1.0,
617,2020-03-02T15:00:00Z,2020-03-02T21:00:00Z,DAL,MarketOnClose,Filled,buy,8,45.522765144,364.182121152,1.0,
618,2020-03-02T15:00:00Z,2020-03-02T21:00:00Z,MPC,MarketOnClose,Filled,buy,8,39.526010091,316.208080728,1.0,
619,2020-03-03T05:00:00Z,2020-03-03T21:00:00Z,MGM,MarketOnOpen,Filled,sell,-288,24.845323965,-7155.45330192,1.44,left universe
620,2020-03-03T05:00:00Z,2020-03-03T21:00:00Z,NUE,MarketOnOpen,Filled,sell,-188,37.833936824,-7112.780122912,1.0,left universe
621,2020-04-01T04:00:00Z,,CCL,MarketOnOpen,Canceled,sell,-213,0.0,0.0,0.0,no valuation
622,2020-04-01T04:00:00Z,,ET,MarketOnOpen,Canceled,sell,-1098,0.0,0.0,0.0,no valuation
623,2020-04-01T04:00:00Z,,UAL,MarketOnOpen,Canceled,sell,-114,0.0,0.0,0.0,no valuation
624,2020-04-01T14:00:00Z,2020-04-01T20:00:00Z,CCL,MarketOnClose,Filled,sell,-213,8.6608236,-1844.7554268,1.065,no valuation
625,2020-04-01T14:00:00Z,2020-04-01T20:00:00Z,ET,MarketOnClose,Filled,sell,-1098,2.901484672,-3185.830169856,5.49,no valuation
626,2020-04-01T14:00:00Z,2020-04-01T20:00:00Z,UAL,MarketOnClose,Filled,sell,-114,25.65,-2924.1,1.0,no valuation
627,2020-04-01T14:00:00Z,2020-04-01T20:00:00Z,KR,MarketOnClose,Filled,sell,-76,26.527644609,-2016.100990284,1.0,
628,2020-04-01T14:00:00Z,2020-04-01T20:00:00Z,VZ,MarketOnClose,Filled,sell,-47,36.15621408,-1699.34206176,1.0,
629,2020-04-01T14:00:00Z,2020-04-01T20:00:00Z,CVS,MarketOnClose,Filled,sell,-31,47.306733366,-1466.508734346,1.0,
630,2020-04-01T14:00:00Z,2020-04-01T20:00:00Z,DELL,MarketOnClose,Filled,sell,-73,16.9895539231249,-1240.2374363881177,1.0,
631,2020-04-01T14:00:00Z,2020-04-01T20:00:00Z,CI,MarketOnClose,Filled,sell,-8,155.693322018,-1245.546576144,1.0,
632,2020-04-01T14:00:00Z,2020-04-01T20:00:00Z,CAH,MarketOnClose,Filled,sell,-24,41.272942945,-990.55063068,1.0,
633,2020-04-01T14:00:00Z,2020-04-01T20:00:00Z,ATUS,MarketOnClose,Filled,sell,-23,21.95,-504.85,1.0,
634,2020-04-01T14:00:00Z,2020-04-01T20:00:00Z,T,MarketOnClose,Filled,sell,-19,14.2891020188631,-271.4929383583989,1.0,
635,2020-04-01T14:00:00Z,2020-04-01T20:00:00Z,CRH,MarketOnClose,Filled,buy,238,22.43575845,5339.7105111,1.19,
636,2020-04-01T14:00:00Z,2020-04-01T20:00:00Z,EPD,MarketOnClose,Filled,buy,633,8.428841015,5335.456362495,3.165,
637,2020-04-01T14:00:00Z,2020-04-01T20:00:00Z,WMB,MarketOnClose,Filled,buy,541,9.628402964,5208.966003524,2.705,
638,2020-04-01T14:00:00Z,2020-04-01T20:00:00Z,LEN,MarketOnClose,Filled,buy,164,30.5723196659964,5013.86042522341,1.0,
639,2020-04-01T14:00:00Z,2020-04-01T20:00:00Z,SO,MarketOnClose,Filled,buy,132,38.639398228,5100.400566096,1.0,
640,2020-04-01T14:00:00Z,2020-04-01T20:00:00Z,MPC,MarketOnClose,Filled,buy,104,17.282795529,1797.410735016,1.0,
641,2020-04-01T14:00:00Z,2020-04-01T20:00:00Z,DAL,MarketOnClose,Filled,buy,44,22.997877005,1011.90658822,1.0,
642,2020-04-01T14:00:00Z,2020-04-01T20:00:00Z,COP,MarketOnClose,Filled,buy,45,23.117767246,1040.29952607,1.0,
643,2020-04-01T14:00:00Z,2020-04-01T20:00:00Z,VLO,MarketOnClose,Filled,buy,21,31.9993807,671.9869947,1.0,
644,2020-05-01T14:00:00Z,2020-05-01T20:00:00Z,VLO,MarketOnClose,Filled,sell,-26,45.860575852,-1192.374972152,1.0,
645,2020-05-01T14:00:00Z,2020-05-01T20:00:00Z,COP,MarketOnClose,Filled,sell,-35,30.555725445,-1069.450390575,1.0,
646,2020-05-01T14:00:00Z,2020-05-01T20:00:00Z,WMB,MarketOnClose,Filled,sell,-82,13.39886534,-1098.70695788,1.0,
647,2020-05-01T14:00:00Z,2020-05-01T20:00:00Z,MPC,MarketOnClose,Filled,sell,-40,24.214132308,-968.56529232,1.0,
648,2020-05-01T14:00:00Z,2020-05-01T20:00:00Z,LEN,MarketOnClose,Filled,sell,-19,43.6409371365688,-829.1778055948072,1.0,
649,2020-05-01T14:00:00Z,2020-05-01T20:00:00Z,BBY,MarketOnClose,Filled,sell,-14,55.18156578,-772.54192092,1.0,
650,2020-05-01T14:00:00Z,2020-05-01T20:00:00Z,EPD,MarketOnClose,Filled,sell,-50,10.747766268,-537.3883134,1.0,
651,2020-05-01T14:00:00Z,2020-05-01T20:00:00Z,LUV,MarketOnClose,Filled,buy,58,26.835028258,1556.431638964,1.0,
652,2020-05-01T14:00:00Z,2020-05-01T20:00:00Z,DAL,MarketOnClose,Filled,buy,55,23.287462025,1280.810411375,1.0,
653,2020-05-01T14:00:00Z,2020-05-01T20:00:00Z,CAH,MarketOnClose,Filled,buy,17,41.02206989,697.37518813,1.0,
654,2020-05-01T14:00:00Z,2020-05-01T20:00:00Z,SO,MarketOnClose,Filled,buy,14,41.929989182,587.019848548,1.0,
655,2020-05-01T14:00:00Z,2020-05-01T20:00:00Z,KR,MarketOnClose,Filled,buy,22,27.824010318,612.128226996,1.0,
656,2020-05-01T14:00:00Z,2020-05-01T20:00:00Z,CVS,MarketOnClose,Filled,buy,12,48.822735353,585.872824236,1.0,
657,2020-05-01T14:00:00Z,2020-05-01T20:00:00Z,T,MarketOnClose,Filled,buy,35,15.499464255094,542.48124892829,1.0,
658,2020-05-01T14:00:00Z,2020-05-01T20:00:00Z,VZ,MarketOnClose,Filled,buy,12,39.2559916775,471.07190013,1.0,
659,2020-05-01T14:00:00Z,2020-05-01T20:00:00Z,DELL,MarketOnClose,Filled,buy,22,18.4168606212736,405.1709336680192,1.0,
660,2020-05-01T14:00:00Z,2020-05-01T20:00:00Z,CI,MarketOnClose,Filled,buy,2,168.305677566,336.611355132,1.0,
661,2020-06-01T14:00:00Z,2020-06-01T20:00:00Z,CI,MarketOnClose,Filled,sell,-36,178.21024494,-6415.56881784,1.0,no valuation
662,2020-06-01T14:00:00Z,2020-06-01T20:00:00Z,LEN,MarketOnClose,Filled,sell,-19,53.0644148684442,-1008.2238825004398,1.0,
663,2020-06-01T14:00:00Z,2020-06-01T20:00:00Z,DELL,MarketOnClose,Filled,sell,-31,22.7310102218069,-704.6613168760139,1.0,
664,2020-06-01T14:00:00Z,2020-06-01T20:00:00Z,MPC,MarketOnClose,Filled,sell,-14,30.73633245,-430.3086543,1.0,
665,2020-06-01T14:00:00Z,2020-06-01T20:00:00Z,CAH,MarketOnClose,Filled,sell,-8,47.31984865,-378.5587892,1.0,
666,2020-06-01T14:00:00Z,2020-06-01T20:00:00Z,ET,MarketOnClose,Filled,buy,1395,4.869906817,6793.520009715,6.975,
667,2020-06-01T14:00:00Z,2020-06-01T20:00:00Z,DAL,MarketOnClose,Filled,buy,21,25.261466578,530.490798138,1.0,
668,2020-06-01T14:00:00Z,2020-06-01T20:00:00Z,ATUS,MarketOnClose,Filled,buy,14,25.68,359.52,1.0,
669,2020-06-01T14:00:00Z,2020-06-01T20:00:00Z,MU,MarketOnClose,Filled,buy,7,45.187862482,316.315037374,1.0,
670,2020-06-01T14:00:00Z,2020-06-01T20:00:00Z,VZ,MarketOnClose,Filled,buy,8,38.52052451,308.16419608,1.0,
671,2020-07-01T04:00:00Z,,ATUS,MarketOnOpen,Canceled,sell,-262,0.0,0.0,0.0,no valuation
672,2020-07-01T14:00:00Z,2020-07-01T20:00:00Z,ATUS,MarketOnClose,Filled,sell,-262,23.43,-6138.66,1.31,no valuation
673,2020-07-01T14:00:00Z,2020-07-01T20:00:00Z,DAL,MarketOnClose,Filled,sell,-28,26.73835018,-748.67380504,1.0,
674,2020-07-01T14:00:00Z,2020-07-01T20:00:00Z,DELL,MarketOnClose,Filled,sell,-29,24.9916798630683,-724.7587160289806,1.0,
675,2020-07-01T14:00:00Z,2020-07-01T20:00:00Z,BBY,MarketOnClose,Filled,sell,-9,67.157641165,-604.418770485,1.0,
676,2020-07-01T14:00:00Z,2020-07-01T20:00:00Z,MU,MarketOnClose,Filled,sell,-10,48.46432381,-484.6432381,1.0,
677,2020-07-01T14:00:00Z,2020-07-01T20:00:00Z,MPC,MarketOnClose,Filled,sell,-14,30.045817584,-420.641446176,1.0,
678,2020-07-01T14:00:00Z,2020-07-01T20:00:00Z,CRH,MarketOnClose,Filled,sell,-11,30.171330765,-331.884638415,1.0,
679,2020-07-01T14:00:00Z,2020-07-01T20:00:00Z,LUV,MarketOnClose,Filled,sell,-9,31.039764126,-279.357877134,1.0,
680,2020-07-01T14:00:00Z,2020-07-01T20:00:00Z,BIIB,MarketOnClose,Filled,buy,25,264.77,6619.25,1.0,
681,2020-07-01T14:00:00Z,2020-07-01T20:00:00Z,ET,MarketOnClose,Filled,buy,203,4.205558993,853.728475579,1.015,
682,2020-07-01T14:00:00Z,2020-07-01T20:00:00Z,SO,MarketOnClose,Filled,buy,20,41.22511815,824.502363,1.0,
683,2020-07-01T14:00:00Z,2020-07-01T20:00:00Z,VLO,MarketOnClose,Filled,buy,14,44.74213272,626.38985808,1.0,
684,2020-07-01T14:00:00Z,2020-07-01T20:00:00Z,T,MarketOnClose,Filled,buy,24,15.5020561387487,372.0493473299688,1.0,
685,2020-07-01T14:00:00Z,2020-07-01T20:00:00Z,WMB,MarketOnClose,Filled,buy,22,13.861978713,304.963531686,1.0,
686,2020-07-01T14:00:00Z,2020-07-01T20:00:00Z,CAH,MarketOnClose,Filled,buy,6,45.12924992,270.77549952,1.0,
687,2020-07-01T14:00:00Z,2020-07-01T20:00:00Z,VZ,MarketOnClose,Filled,buy,7,37.753981265,264.277868855,1.0,
688,2020-07-01T14:00:00Z,2020-07-01T20:00:00Z,COP,MarketOnClose,Filled,buy,8,32.114653494,256.917227952,1.0,
689,2020-08-03T14:00:00Z,2020-08-03T20:00:00Z,LEN,MarketOnClose,Filled,sell,-20,65.0649000907868,-1301.298001815736,1.0,
690,2020-08-03T14:00:00Z,2020-08-03T20:00:00Z,BBY,MarketOnClose,Filled,sell,-11,77.567652171,-853.244173881,1.0,
691,2020-08-03T14:00:00Z,2020-08-03T20:00:00Z,DELL,MarketOnClose,Filled,sell,-18,27.8462932593657,-501.2332786685826,1.0,
692,2020-08-03T14:00:00Z,2020-08-03T20:00:00Z,CRH,MarketOnClose,Filled,sell,-11,32.562168345,-358.183851795,1.0,
693,2020-08-03T14:00:00Z,2020-08-03T20:00:00Z,DAL,MarketOnClose,Filled,buy,34,24.32514168,827.05481712,1.0,
694,2020-08-03T14:00:00Z,2020-08-03T20:00:00Z,COP,MarketOnClose,Filled,buy,26,29.233083408,760.060168608,1.0,
695,2020-08-03T14:00:00Z,2020-08-03T20:00:00Z,LUV,MarketOnClose,Filled,buy,25,28.992480068,724.8120017,1.0,
696,2020-08-03T14:00:00Z,2020-08-03T20:00:00Z,ET,MarketOnClose,Filled,buy,161,3.997950298,643.669997978,1.0,
697,2020-08-03T14:00:00Z,2020-08-03T20:00:00Z,VLO,MarketOnClose,Filled,buy,9,43.494544872,391.450903848,1.0,
698,2020-08-03T14:00:00Z,2020-08-03T20:00:00Z,MU,MarketOnClose,Filled,buy,6,49.137168547,294.823011282,1.0,
699,2020-09-01T04:00:00Z,,CAH,MarketOnOpen,Canceled,sell,-148,0.0,0.0,0.0,no valuation
700,2020-09-01T14:00:00Z,2020-09-01T20:00:00Z,CAH,MarketOnClose,Filled,sell,-148,43.08585896,-6376.70712608,1.0,no valuation
701,2020-09-01T14:00:00Z,2020-09-01T20:00:00Z,DAL,MarketOnClose,Filled,sell,-47,29.643853214,-1393.261101058,1.0,
702,2020-09-01T14:00:00Z,2020-09-01T20:00:00Z,LUV,MarketOnClose,Filled,sell,-36,34.803828986,-1252.937843496,1.0,
703,2020-09-01T14:00:00Z,2020-09-01T20:00:00Z,BBY,MarketOnClose,Filled,sell,-7,87.26264765,-610.83853355,1.0,
704,2020-09-01T14:00:00Z,2020-09-01T20:00:00Z,DELL,MarketOnClose,Filled,sell,-17,30.5581759858482,-519.4889917594194,1.0,
705,2020-09-01T14:00:00Z,2020-09-01T20:00:00Z,WMB,MarketOnClose,Filled,sell,-20,15.446415408,-308.92830816,1.0,
706,2020-09-01T14:00:00Z,2020-09-01T20:00:00Z,ETR,MarketOnClose,Filled,buy,175,39.669212756,6942.1122323,1.0,
707,2020-09-01T14:00:00Z,2020-09-01T20:00:00Z,MU,MarketOnClose,Filled,buy,18,44.622282848,803.201091264,1.0,
708,2020-09-01T14:00:00Z,2020-09-01T20:00:00Z,VLO,MarketOnClose,Filled,buy,13,42.332754024,550.325802312,1.0,
709,2020-09-01T14:00:00Z,2020-09-01T20:00:00Z,MPC,MarketOnClose,Filled,buy,18,29.896576879,538.138383822,1.0,
710,2020-09-01T14:00:00Z,2020-09-01T20:00:00Z,CVS,MarketOnClose,Filled,buy,10,49.673752084,496.73752084,1.0,
711,2020-09-01T14:00:00Z,2020-09-01T20:00:00Z,EPD,MarketOnClose,Filled,buy,41,11.302266384,463.392921744,1.0,
712,2020-10-01T04:00:00Z,,ET,MarketOnOpen,Canceled,sell,-1759,0.0,0.0,0.0,no valuation
713,2020-10-01T14:00:00Z,2020-10-01T20:00:00Z,ET,MarketOnClose,Filled,sell,-1759,3.358221702,-5907.111973818,8.795,no valuation
714,2020-10-01T14:00:00Z,2020-10-01T20:00:00Z,LEN,MarketOnClose,Filled,sell,-13,73.3129370180563,-953.0681812347319,1.0,
715,2020-10-01T14:00:00Z,2020-10-01T20:00:00Z,VZ,MarketOnClose,Filled,sell,-14,41.515986025,-581.22380435,1.0,
716,2020-10-01T14:00:00Z,2020-10-01T20:00:00Z,BIIB,MarketOnClose,Filled,sell,-2,285.57,-571.14,1.0,
717,2020-10-01T14:00:00Z,2020-10-01T20:00:00Z,MU,MarketOnClose,Filled,sell,-10,46.728579416,-467.28579416,1.0,
718,2020-10-01T14:00:00Z,2020-10-01T20:00:00Z,DELL,MarketOnClose,Filled,sell,-14,31.0968691590205,-435.356168226287,1.0,
719,2020-10-01T14:00:00Z,2020-10-01T20:00:00Z,BBY,MarketOnClose,Filled,sell,-4,88.168991589,-352.675966356,1.0,
720,2020-10-01T14:00:00Z,2020-10-01T20:00:00Z,SO,MarketOnClose,Filled,sell,-8,43.09100157,-344.72801256,1.0,
721,2020-10-01T14:00:00Z,2020-10-01T20:00:00Z,RTX,MarketOnClose,Filled,buy,134,50.316900322,6742.464643148,1.0,
722,2020-10-01T14:00:00Z,2020-10-01T20:00:00Z,MPC,MarketOnClose,Filled,buy,38,23.689852597,900.214398686,1.0,
723,2020-10-01T14:00:00Z,2020-10-01T20:00:00Z,VLO,MarketOnClose,Filled,buy,27,32.497871776,877.442537952,1.0,
724,2020-10-01T14:00:00Z,2020-10-01T20:00:00Z,COP,MarketOnClose,Filled,buy,30,25.824813264,774.74439792,1.0,
725,2020-10-01T14:00:00Z,2020-10-01T20:00:00Z,EPD,MarketOnClose,Filled,buy,43,10.074318216,433.195683288,1.0,
726,2020-10-01T14:00:00Z,2020-10-01T20:00:00Z,T,MarketOnClose,Filled,buy,20,15.0170567117893,300.341134235786,1.0,
727,2020-11-02T15:00:00Z,2020-11-02T21:00:00Z,LUV,MarketOnClose,Filled,sell,-22,35.25368064,-775.58097408,1.0,
728,2020-11-02T15:00:00Z,2020-11-02T21:00:00Z,EPD,MarketOnClose,Filled,sell,-63,10.82790976,-682.15831488,1.0,
729,2020-11-02T15:00:00Z,2020-11-02T21:00:00Z,MU,MarketOnClose,Filled,sell,-14,48.474075183,-678.637052562,1.0,
730,2020-11-02T15:00:00Z,2020-11-02T21:00:00Z,ETR,MarketOnClose,Filled,sell,-15,42.775666616,-641.63499924,1.0,
731,2020-11-02T15:00:00Z,2020-11-02T21:00:00Z,SO,MarketOnClose,Filled,sell,-13,46.554375735,-605.206884555,1.0,
732,2020-11-02T15:00:00Z,2020-11-02T21:00:00Z,DAL,MarketOnClose,Filled,sell,-13,29.170864348,-379.221236524,1.0,
733,2020-11-02T15:00:00Z,2020-11-02T21:00:00Z,LEN,MarketOnClose,Filled,buy,13,64.2942161634641,835.8248101250333,1.0,
734,2020-11-02T15:00:00Z,2020-11-02T21:00:00Z,BIIB,MarketOnClose,Filled,buy,3,248.99,746.97,1.0,
735,2020-11-02T15:00:00Z,2020-11-02T21:00:00Z,COP,MarketOnClose,Filled,buy,27,24.368904818,657.960430086,1.0,
736,2020-11-02T15:00:00Z,2020-11-02T21:00:00Z,VLO,MarketOnClose,Filled,buy,19,32.19128808,611.63447352,1.0,
737,2020-11-02T15:00:00Z,2020-11-02T21:00:00Z,DELL,MarketOnClose,Filled,buy,21,27.7588131714146,582.9350765997066,1.0,
738,2020-12-01T15:00:00Z,2020-12-01T21:00:00Z,MU,MarketOnClose,Filled,sell,-134,65.412210084,-8765.236151256,1.0,reached implied value
739,2020-12-01T15:00:00Z,2020-12-01T21:00:00Z,VLO,MarketOnClose,Filled,sell,-39,44.67634816,-1742.37757824,1.0,
740,2020-12-01T15:00:00Z,2020-12-01T21:00:00Z,COP,MarketOnClose,Filled,sell,-46,31.656198882,-1456.185148572,1.0,
741,2020-12-01T15:00:00Z,2020-12-01T21:00:00Z,MPC,MarketOnClose,Filled,sell,-43,34.213829115,-1471.194651945,1.0,
742,2020-12-01T15:00:00Z,2020-12-01T21:00:00Z,DAL,MarketOnClose,Filled,sell,-26,38.572724664,-1002.890841264,1.0,
743,2020-12-01T15:00:00Z,2020-12-01T21:00:00Z,RTX,MarketOnClose,Filled,sell,-13,62.828293286,-816.767812718,1.0,
744,2020-12-01T15:00:00Z,2020-12-01T21:00:00Z,TSN,MarketOnClose,Filled,buy,140,55.923937388,7829.35123432,1.0,
745,2020-12-01T15:00:00Z,2020-12-01T21:00:00Z,BIIB,MarketOnClose,Filled,buy,5,243.16,1215.8,1.0,
746,2020-12-01T15:00:00Z,2020-12-01T21:00:00Z,BBY,MarketOnClose,Filled,buy,13,84.127236606,1093.654075878,1.0,
747,2020-12-01T15:00:00Z,2020-12-01T21:00:00Z,KR,MarketOnClose,Filled,buy,30,29.170025924,875.10077772,1.0,
748,2020-12-01T15:00:00Z,2020-12-01T21:00:00Z,SO,MarketOnClose,Filled,buy,15,48.271461381,724.071920715,1.0,
749,2020-12-01T15:00:00Z,2020-12-01T21:00:00Z,T,MarketOnClose,Filled,buy,45,15.5053288977729,697.7398003997805,1.0,
750,2020-12-01T15:00:00Z,2020-12-01T21:00:00Z,VZ,MarketOnClose,Filled,buy,16,42.755177062,684.082832992,1.0,
751,2020-12-01T15:00:00Z,2020-12-01T21:00:00Z,LEN,MarketOnClose,Filled,buy,8,64.9326361832917,519.4610894663336,1.0,
752,2020-12-01T15:00:00Z,2020-12-01T21:00:00Z,ETR,MarketOnClose,Filled,buy,12,44.5890690875,535.06882905,1.0,
753,2020-12-01T15:00:00Z,2020-12-01T21:00:00Z,WMB,MarketOnClose,Filled,buy,25,15.70098079,392.52451975,1.0,
754,2021-01-04T15:00:00Z,2021-01-04T21:00:00Z,EPD,MarketOnClose,Filled,sell,-604,12.735998736,-7692.543236544,3.02,reached implied value
755,2021-01-04T15:00:00Z,2021-01-04T21:00:00Z,SO,MarketOnClose,Filled,sell,-160,47.307147888,-7569.14366208,1.0,reached implied value
756,2021-01-04T15:00:00Z,2021-01-04T21:00:00Z,RTX,MarketOnClose,Filled,sell,-121,60.358558326,-7303.385557446,1.0,reached implied value
757,2021-01-04T15:00:00Z,2021-01-04T21:00:00Z,WMB,MarketOnClose,Filled,sell,-486,15.3745302,-7472.0216772,2.43,reached implied value
758,2021-01-04T15:00:00Z,2021-01-04T21:00:00Z,MPC,MarketOnClose,Filled,sell,-12,35.341281025,-424.0953723,1.0,
759,2021-01-04T15:00:00Z,2021-01-04T21:00:00Z,DELL,MarketOnClose,Filled,sell,-10,33.3759556609031,-333.759556609031,1.0,
760,2021-01-04T15:00:00Z,2021-01-04T21:00:00Z,VLO,MarketOnClose,Filled,sell,-7,45.768619172,-320.380334204,1.0,
761,2021-01-04T15:00:00Z,2021-01-04T21:00:00Z,HPQ,MarketOnClose,Filled,buy,386,19.586942301,7560.559728186,1.93,
762,2021-01-04T15:00:00Z,2021-01-04T21:00:00Z,INTC,MarketOnClose,Filled,buy,171,44.904595629,7678.685852559,1.0,
763,2021-01-04T15:00:00Z,2021-01-04T21:00:00Z,DISH,MarketOnClose,Filled,buy,238,31.53,7504.14,1.19,
764,2021-01-04T15:00:00Z,2021-01-04T21:00:00Z,DHI,MarketOnClose,Filled,buy,118,63.509350632,7494.103374576,1.0,
765,2021-01-04T15:00:00Z,2021-01-04T21:00:00Z,ETR,MarketOnClose,Filled,buy,16,40.1485958775,642.37753404,1.0,
766,2021-01-04T15:00:00Z,2021-01-04T21:00:00Z,BBY,MarketOnClose,Filled,buy,8,78.085794696,624.686357568,1.0,
767,2021-01-04T15:00:00Z,2021-01-04T21:00:00Z,KR,MarketOnClose,Filled,buy,11,28.392394212,312.316336332,1.0,
768,2021-02-01T15:00:00Z,2021-02-01T21:00:00Z,BIIB,MarketOnClose,Filled,sell,-4,278.46,-1113.84,1.0,
769,2021-02-01T15:00:00Z,2021-02-01T21:00:00Z,INTC,MarketOnClose,Filled,sell,-15,51.251087703,-768.766315545,1.0,
770,2021-02-01T15:00:00Z,2021-02-01T21:00:00Z,DHI,MarketOnClose,Filled,sell,-10,72.704719932,-727.04719932,1.0,
771,2021-02-01T15:00:00Z,2021-02-01T21:00:00Z,BBY,MarketOnClose,Filled,sell,-7,83.680557576,-585.763903032,1.0,
772,2021-02-01T15:00:00Z,2021-02-01T21:00:00Z,LEN,MarketOnClose,Filled,sell,-8,74.8886939768594,-599.1095518148752,1.0,
773,2021-02-01T15:00:00Z,2021-02-01T21:00:00Z,KR,MarketOnClose,Filled,sell,-17,29.77975988,-506.25591796,1.0,
774,2021-02-01T15:00:00Z,2021-02-01T21:00:00Z,CVS,MarketOnClose,Filled,sell,-6,59.782142574,-358.692855444,1.0,
775,2021-02-01T15:00:00Z,2021-02-01T21:00:00Z,DISH,MarketOnClose,Filled,buy,32,29.45,942.4,1.0,
776,2021-02-01T15:00:00Z,2021-02-01T21:00:00Z,VZ,MarketOnClose,Filled,buy,22,38.718645924,851.810210328,1.0,
777,2021-02-01T15:00:00Z,2021-02-01T21:00:00Z,DAL,MarketOnClose,Filled,buy,17,36.507018188,620.619309196,1.0,
778,2021-02-01T15:00:00Z,2021-02-01T21:00:00Z,ETR,MarketOnClose,Filled,buy,13,38.9770319125,506.7014148625,1.0,
779,2021-02-01T15:00:00Z,2021-02-01T21:00:00Z,LUV,MarketOnClose,Filled,buy,12,41.120113434,493.441361208,1.0,
780,2021-03-01T15:00:00Z,2021-03-01T21:00:00Z,COP,MarketOnClose,Filled,sell,-240,42.799292461,-10271.83019064,1.2,no valuation
781,2021-03-01T15:00:00Z,2021-03-01T21:00:00Z,DAL,MarketOnClose,Filled,sell,-214,46.391520204,-9927.785323656,1.07,no valuation
782,2021-03-01T15:00:00Z,2021-03-01T21:00:00Z,DISH,MarketOnClose,Filled,sell,-270,32.84,-8866.8,1.35,no valuation
783,2021-03-01T15:00:00Z,2021-03-01T21:00:00Z,LUV,MarketOnClose,Filled,sell,-194,53.302830676,-10340.749151144,1.0,no valuation
784,2021-03-01T15:00:00Z,2021-03-01T21:00:00Z,MPC,MarketOnClose,Filled,sell,-215,49.21963233,-10582.22095095,1.075,no valuation
785,2021-03-01T15:00:00Z,2021-03-01T21:00:00Z,VLO,MarketOnClose,Filled,sell,-166,64.8781202,-10769.7679532,1.0,no valuation
786,2021-03-01T15:00:00Z,2021-03-01T21:00:00Z,HPQ,MarketOnClose,Filled,sell,-22,24.038889369,-528.855566118,1.0,
787,2021-03-01T15:00:00Z,2021-03-01T21:00:00Z,CNC,MarketOnClose,Filled,buy,146,59.39,8670.94,1.0,
788,2021-03-01T15:00:00Z,2021-03-01T21:00:00Z,CARR,MarketOnClose,Filled,buy,240,36.29998692,8711.9968608,1.2,
789,2021-03-01T15:00:00Z,2021-03-01T21:00:00Z,DOW,MarketOnClose,Filled,buy,193,45.844118382,8847.914847726,1.0,
790,2021-03-01T15:00:00Z,2021-03-01T21:00:00Z,DTE,MarketOnClose,Filled,buy,103,83.5000745498377,8600.507678633283,1.0,
791,2021-03-01T15:00:00Z,2021-03-01T21:00:00Z,CI,MarketOnClose,Filled,buy,45,193.36846113,8701.58075085,1.0,
792,2021-03-01T15:00:00Z,2021-03-01T21:00:00Z,LH,MarketOnClose,Filled,buy,43,196.737159161452,8459.697843942437,1.0,
793,2021-03-01T15:00:00Z,2021-03-01T21:00:00Z,ETR,MarketOnClose,Filled,buy,37,36.309080828,1343.435990636,1.0,
794,2021-03-01T15:00:00Z,2021-03-01T21:00:00Z,BBY,MarketOnClose,Filled,buy,17,79.018255176,1343.310337992,1.0,
795,2021-03-01T15:00:00Z,2021-03-01T21:00:00Z,KR,MarketOnClose,Filled,buy,42,29.220475856,1227.259985952,1.0,
796,2021-03-01T15:00:00Z,2021-03-01T21:00:00Z,BIIB,MarketOnClose,Filled,buy,4,273.24,1092.96,1.0,
797,2021-03-01T15:00:00Z,2021-03-01T21:00:00Z,CVS,MarketOnClose,Filled,buy,19,57.958394032,1101.209486608,1.0,
798,2021-03-01T15:00:00Z,2021-03-01T21:00:00Z,T,MarketOnClose,Filled,buy,65,15.3533361193853,997.9668477600445,1.0,
799,2021-03-01T15:00:00Z,2021-03-01T21:00:00Z,LEN,MarketOnClose,Filled,buy,10,73.4569068102195,734.569068102195,1.0,
800,2021-03-01T15:00:00Z,2021-03-01T21:00:00Z,DHI,MarketOnClose,Filled,buy,9,73.402067184,660.618604656,1.0,
801,2021-03-01T15:00:00Z,2021-03-01T21:00:00Z,VZ,MarketOnClose,Filled,buy,16,39.489024288,631.824388608,1.0,
802,2021-03-01T15:00:00Z,2021-03-01T21:00:00Z,TSN,MarketOnClose,Filled,buy,10,57.791495514,577.91495514,1.0,
803,2021-03-01T15:00:00Z,2021-03-01T21:00:00Z,CRH,MarketOnClose,Filled,buy,10,38.79107736,387.9107736,1.0,
804,2021-03-02T05:00:00Z,2021-03-02T21:00:00Z,ETR,MarketOnOpen,Filled,sell,-238,36.32563009,-8645.49996142,1.19,left universe
805,2021-04-01T14:00:00Z,2021-04-01T20:00:00Z,CRH,MarketOnClose,Filled,sell,-226,41.58218064,-9397.57282464,1.13,reached implied value
806,2021-04-01T14:00:00Z,2021-04-01T20:00:00Z,T,MarketOnClose,Filled,sell,-561,16.6487226129041,-9339.9333858392,2.805,reached implied value
807,2021-04-01T14:00:00Z,2021-04-01T20:00:00Z,LEN,MarketOnClose,Filled,sell,-12,91.9812090966224,-1103.7745091594688,1.0,
808,2021-04-01T14:00:00Z,2021-04-01T20:00:00Z,DHI,MarketOnClose,Filled,sell,-6,86.08009038,-516.48054228,1.0,
809,2021-04-01T14:00:00Z,2021-04-01T20:00:00Z,CARR,MarketOnClose,Filled,sell,-11,41.003372322,-451.037095542,1.0,
810,2021-04-01T14:00:00Z,2021-04-01T20:00:00Z,CI,MarketOnClose,Filled,sell,-2,218.475944874,-436.951889748,1.0,
811,2021-04-01T14:00:00Z,2021-04-01T20:00:00Z,EBAY,MarketOnClose,Filled,buy,169,57.488880654,9715.620830526,1.0,
812,2021-04-01T14:00:00Z,2021-04-01T20:00:00Z,DLTR,MarketOnClose,Filled,buy,82,115.93,9506.26,1.0,
813,2021-04-01T14:00:00Z,2021-04-01T20:00:00Z,NOC,MarketOnClose,Filled,buy,31,294.595449312,9132.458928672,1.0,
814,2021-04-01T14:00:00Z,2021-04-01T20:00:00Z,BIIB,MarketOnClose,Filled,buy,2,278.71,557.42,1.0,
815,2021-04-01T14:00:00Z,2021-04-01T20:00:00Z,LH,MarketOnClose,Filled,buy,2,205.861201325461,411.722402650922,1.0,
816,2021-04-01T14:00:00Z,2021-04-01T20:00:00Z,VZ,MarketOnClose,Filled,buy,10,41.58616539,415.8616539,1.0,
817,2021-05-03T14:00:00Z,2021-05-03T20:00:00Z,DHI,MarketOnClose,Filled,sell,-8,95.34516326,-762.76130608,1.0,
818,2021-05-03T14:00:00Z,2021-05-03T20:00:00Z,DELL,MarketOnClose,Filled,sell,-16,45.0200157887033,-720.3202526192528,1.0,
819,2021-05-03T14:00:00Z,2021-05-03T20:00:00Z,DTE,MarketOnClose,Filled,sell,-7,99.317288006448,-695.221016045136,1.0,
820,2021-05-03T14:00:00Z,2021-05-03T20:00:00Z,NOC,MarketOnClose,Filled,sell,-2,330.0302793,-660.0605586,1.0,
821,2021-05-03T14:00:00Z,2021-05-03T20:00:00Z,HPQ,MarketOnClose,Filled,sell,-20,28.192682336,-563.85364672,1.0,
822,2021-05-03T14:00:00Z,2021-05-03T20:00:00Z,INTC,MarketOnClose,Filled,buy,27,52.080163058,1406.164402566,1.0,
823,2021-05-03T14:00:00Z,2021-05-03T20:00:00Z,EBAY,MarketOnClose,Filled,buy,19,52.97066091,1006.44255729,1.0,
824,2021-05-03T14:00:00Z,2021-05-03T20:00:00Z,DOW,MarketOnClose,Filled,buy,13,48.086412765,625.123365945,1.0,
825,2021-05-03T14:00:00Z,2021-05-03T20:00:00Z,CNC,MarketOnClose,Filled,buy,9,62.44,561.96,1.0,
826,2021-05-03T14:00:00Z,2021-05-03T20:00:00Z,BIIB,MarketOnClose,Filled,buy,2,275.31,550.62,1.0,
827,2021-06-01T14:00:00Z,2021-06-01T20:00:00Z,CI,MarketOnClose,Filled,sell,-43,232.795275504,-10010.196846672,1.0,no valuation
828,2021-06-01T14:00:00Z,2021-06-01T20:00:00Z,CNC,MarketOnClose,Filled,sell,-23,73.28,-1685.44,1.0,
829,2021-06-01T14:00:00Z,2021-06-01T20:00:00Z,CVS,MarketOnClose,Filled,sell,-16,72.308653944,-1156.938463104,1.0,
830,2021-06-01T14:00:00Z,2021-06-01T20:00:00Z,DOW,MarketOnClose,Filled,sell,-17,52.9849332,-900.7438644,1.0,
831,2021-06-01T14:00:00Z,2021-06-01T20:00:00Z,EBAY,MarketOnClose,Filled,sell,-13,56.07346215,-728.95500795,1.0,
832,2021-06-01T14:00:00Z,2021-06-01T20:00:00Z,CARR,MarketOnClose,Filled,sell,-12,45.716515785,-548.59818942,1.0,
833,2021-06-01T14:00:00Z,2021-06-01T20:00:00Z,GIS,MarketOnClose,Filled,buy,190,51.115477738,9711.94077022,1.0,
834,2021-06-01T14:00:00Z,2021-06-01T20:00:00Z,DLTR,MarketOnClose,Filled,buy,18,98.88,1779.84,1.0,
835,2021-06-01T14:00:00Z,2021-06-01T20:00:00Z,HPQ,MarketOnClose,Filled,buy,64,24.40694802,1562.04467328,1.0,
836,2021-06-01T14:00:00Z,2021-06-01T20:00:00Z,LEN,MarketOnClose,Filled,buy,6,87.8080004026674,526.8480024160044,1.0,
837,2021-06-01T14:00:00Z,2021-06-01T20:00:00Z,VZ,MarketOnClose,Filled,buy,12,40.648931332,487.787175984,1.0,
838,2021-06-01T14:00:00Z,2021-06-01T20:00:00Z,DHI,MarketOnClose,Filled,buy,5,90.03917311,450.19586555,1.0,
839,2021-06-01T14:00:00Z,2021-06-01T20:00:00Z,BIIB,MarketOnClose,Filled,buy,1,267.15,267.15,1.0,
840,2021-07-01T14:00:00Z,2021-07-01T20:00:00Z,BIIB,MarketOnClose,Filled,sell,-36,348.92,-12561.12,1.0,reached implied value
841,2021-07-01T14:00:00Z,2021-07-01T20:00:00Z,EBAY,MarketOnClose,Filled,sell,-22,63.775911,-1403.070042,1.0,
842,2021-07-01T14:00:00Z,2021-07-01T20:00:00Z,CARR,MarketOnClose,Filled,sell,-9,47.570547375,-428.134926375,1.0,
843,2021-07-01T14:00:00Z,2021-07-01T20:00:00Z,FTV,MarketOnClose,Filled,buy,192,51.9610913569455,9976.529540533536,1.0,
844,2021-07-01T14:00:00Z,2021-07-01T20:00:00Z,DTE,MarketOnClose,Filled,buy,10,93.72204382,937.2204382,1.0,
845,2021-07-01T14:00:00Z,2021-07-01T20:00:00Z,DOW,MarketOnClose,Filled,buy,18,47.78502,860.13036,1.0,
846,2021-07-01T14:00:00Z,2021-07-01T20:00:00Z,DHI,MarketOnClose,Filled,buy,7,87.917260982,615.420826874,1.0,
847,2021-07-01T14:00:00Z,2021-07-01T20:00:00Z,INTC,MarketOnClose,Filled,buy,9,51.256554522,461.308990698,1.0,
848,2021-07-01T14:00:00Z,2021-07-01T20:00:00Z,TSN,MarketOnClose,Filled,buy,7,62.610767232,438.275370624,1.0,
849,2021-07-01T14:00:00Z,2021-07-01T20:00:00Z,CVS,MarketOnClose,Filled,buy,6,69.235094064,415.410564384,1.0,
850,2021-07-01T14:00:00Z,2021-07-01T20:00:00Z,GIS,MarketOnClose,Filled,buy,8,49.125025046,393.000200368,1.0,
851,2021-08-02T14:00:00Z,2021-08-02T20:00:00Z,CARR,MarketOnClose,Filled,sell,-24,53.288771121,-1278.930506904,1.0,
852,2021-08-02T14:00:00Z,2021-08-02T20:00:00Z,LH,MarketOnClose,Filled,sell,-4,242.446981109895,-969.78792443958,1.0,
853,2021-08-02T14:00:00Z,2021-08-02T20:00:00Z,KR,MarketOnClose,Filled,sell,-25,36.614453877,-915.361346925,1.0,
854,2021-08-02T14:00:00Z,2021-08-02T20:00:00Z,DTE,MarketOnClose,Filled,sell,-5,98.5136964,-492.568482,1.0,
855,2021-08-02T14:00:00Z,2021-08-02T20:00:00Z,DHI,MarketOnClose,Filled,sell,-5,91.403259478,-457.01629739,1.0,
856,2021-08-02T14:00:00Z,2021-08-02T20:00:00Z,CNC,MarketOnClose,Filled,buy,13,70.31,914.03,1.0,
857,2021-08-02T14:00:00Z,2021-08-02T20:00:00Z,DELL,MarketOnClose,Filled,buy,12,44.3339877305609,532.0078527667308,1.0,
858,2021-08-02T14:00:00Z,2021-08-02T20:00:00Z,INTC,MarketOnClose,Filled,buy,10,49.124296496,491.24296496,1.0,
859,2021-08-02T14:00:00Z,2021-08-02T20:00:00Z,EBAY,MarketOnClose,Filled,buy,7,62.70688785,438.94821495,1.0,
860,2021-08-02T14:00:00Z,2021-08-02T20:00:00Z,TSN,MarketOnClose,Filled,buy,7,60.8386044,425.8702308,1.0,
861,2021-09-01T04:00:00Z,,DLTR,MarketOnOpen,Canceled,sell,-100,0.0,0.0,0.0,no valuation
862,2021-09-01T14:00:00Z,2021-09-01T20:00:00Z,DLTR,MarketOnClose,Filled,sell,-100,89.99,-8999.0,1.0,no valuation
863,2021-09-01T14:00:00Z,2021-09-01T20:00:00Z,KR,MarketOnClose,Filled,sell,-27,41.037900556,-1108.023315012,1.0,
864,2021-09-01T14:00:00Z,2021-09-01T20:00:00Z,EBAY,MarketOnClose,Filled,sell,-15,69.739746305,-1046.096194575,1.0,
865,2021-09-01T14:00:00Z,2021-09-01T20:00:00Z,TSN,MarketOnClose,Filled,sell,-12,66.81521898,-801.78262776,1.0,
866,2021-09-01T14:00:00Z,2021-09-01T20:00:00Z,CI,MarketOnClose,Filled,buy,53,191.425241385,10145.537793405,1.0,
867,2021-09-01T14:00:00Z,2021-09-01T20:00:00Z,CNC,MarketOnClose,Filled,buy,17,62.71,1066.07,1.0,
868,2021-09-01T14:00:00Z,2021-09-01T20:00:00Z,GIS,MarketOnClose,Filled,buy,16,47.47019967,759.52319472,1.0,
869,2021-09-01T14:00:00Z,2021-09-01T20:00:00Z,VZ,MarketOnClose,Filled,buy,15,40.055347536,600.83021304,1.0,
870,2021-10-01T04:00:00Z,,DTE,MarketOnOpen,Canceled,sell,-101,0.0,0.0,0.0,no valuation
871,2021-10-01T14:00:00Z,2021-10-01T20:00:00Z,DTE,MarketOnClose,Filled,sell,-101,94.207246406,-9514.931887006,1.0,no valuation
872,2021-10-01T14:00:00Z,2021-10-01T20:00:00Z,DELL,MarketOnClose,Filled,sell,-22,48.703387912958,-1071.474534085076,1.0,
873,2021-10-01T14:00:00Z,2021-10-01T20:00:00Z,GIS,MarketOnClose,Filled,sell,-18,49.872504402,-897.705079236,1.0,
874,2021-10-01T14:00:00Z,2021-10-01T20:00:00Z,TSN,MarketOnClose,Filled,sell,-9,66.781107828,-601.029970452,1.0,
875,2021-10-01T14:00:00Z,2021-10-01T20:00:00Z,CNC,MarketOnClose,Filled,sell,-7,63.05,-441.35,1.0,
876,2021-10-01T14:00:00Z,2021-10-01T20:00:00Z,BIO,MarketOnClose,Filled,buy,12,741.92,8903.04,1.0,
877,2021-10-01T14:00:00Z,2021-10-01T20:00:00Z,DHI,MarketOnClose,Filled,buy,11,79.50278625,874.53064875,1.0,
878,2021-10-01T14:00:00Z,2021-10-01T20:00:00Z,KR,MarketOnClose,Filled,buy,20,35.116384516,702.32769032,1.0,
879,2021-10-01T14:00:00Z,2021-10-01T20:00:00Z,DOW,MarketOnClose,Filled,buy,14,44.559708836,623.835923704,1.0,
880,2021-10-01T14:00:00Z,2021-10-01T20:00:00Z,BBY,MarketOnClose,Filled,buy,6,83.375422402,500.252534412,1.0,
881,2021-10-01T14:00:00Z,2021-10-01T20:00:00Z,HPQ,MarketOnClose,Filled,buy,19,23.27379128,442.20203432,1.0,
882,2021-10-01T14:00:00Z,2021-10-01T20:00:00Z,LEN,MarketOnClose,Filled,buy,5,83.7397434693746,418.698717346873,1.0,
883,2021-10-01T14:00:00Z,2021-10-01T20:00:00Z,EBAY,MarketOnClose,Filled,buy,6,64.025025137,384.150150822,1.0,
884,2021-10-01T14:00:00Z,2021-10-01T20:00:00Z,CARR,MarketOnClose,Filled,buy,7,51.190788006,358.335516042,1.0,
885,2021-11-01T14:00:00Z,2021-11-01T20:00:00Z,BBY,MarketOnClose,Filled,sell,-11,98.101306522,-1079.114371742,1.0,
886,2021-11-01T14:00:00Z,2021-11-01T20:00:00Z,CNC,MarketOnClose,Filled,sell,-13,71.74,-932.62,1.0,
887,2021-11-01T14:00:00Z,2021-11-01T20:00:00Z,FTV,MarketOnClose,Filled,sell,-11,56.4383083329859,-620.8213916628449,1.0,
888,2021-11-01T14:00:00Z,2021-11-01T20:00:00Z,HPQ,MarketOnClose,Filled,sell,-24,25.882775,-621.1866,1.0,
889,2021-11-01T14:00:00Z,2021-11-01T20:00:00Z,CVS,MarketOnClose,Filled,sell,-7,77.242275775,-540.695930425,1.0,
890,2021-11-01T14:00:00Z,2021-11-01T20:00:00Z,EBAY,MarketOnClose,Filled,sell,-7,69.87711941,-489.13983587,1.0,
891,2021-11-01T14:00:00Z,2021-11-01T20:00:00Z,INTC,MarketOnClose,Filled,buy,22,45.63903832,1004.05884304,1.0,
892,2021-11-01T14:00:00Z,2021-11-01T20:00:00Z,DOW,MarketOnClose,Filled,buy,16,43.692551648,699.080826368,1.0,
893,2021-11-01T14:00:00Z,2021-11-01T20:00:00Z,KR,MarketOnClose,Filled,buy,15,36.29171573,544.37573595,1.0,
894,2021-11-01T14:00:00Z,2021-11-01T20:00:00Z,LH,MarketOnClose,Filled,buy,2,235.25365143952,470.50730287904,1.0,
895,2021-11-01T14:00:00Z,2021-11-01T20:00:00Z,NOC,MarketOnClose,Filled,buy,1,327.18915862,327.18915862,1.0,
896,2021-12-01T05:00:00Z,,BIO,MarketOnOpen,Canceled,sell,-12,0.0,0.0,0.0,no valuation
897,2021-12-01T15:00:00Z,2021-12-01T21:00:00Z,CI,MarketOnClose,Filled,sell,-53,177.431667968,-9403.878402304,1.0,no valuation
898,2021-12-01T15:00:00Z,2021-12-01T21:00:00Z,BIO,MarketOnClose,Filled,sell,-12,755.56,-9066.72,1.0,no valuation
899,2021-12-01T15:00:00Z,2021-12-01T21:00:00Z,HPQ,MarketOnClose,Filled,sell,-58,30.197951248,-1751.481172384,1.0,
900,2021-12-01T15:00:00Z,2021-12-01T21:00:00Z,DHI,MarketOnClose,Filled,sell,-13,92.80229712,-1206.42986256,1.0,
901,2021-12-01T15:00:00Z,2021-12-01T21:00:00Z,LEN,MarketOnClose,Filled,sell,-8,97.2863597805773,-778.2908782446184,1.0,
902,2021-12-01T15:00:00Z,2021-12-01T21:00:00Z,KR,MarketOnClose,Filled,sell,-13,36.25651259,-471.33466367,1.0,
903,2021-12-01T15:00:00Z,2021-12-01T21:00:00Z,FDX,MarketOnClose,Filled,buy,74,133.746565418297,9897.245840953978,1.0,
904,2021-12-01T15:00:00Z,2021-12-01T21:00:00Z,MU,MarketOnClose,Filled,buy,122,83.149000545,10144.17806649,1.0,
905,2021-12-01T15:00:00Z,2021-12-01T21:00:00Z,BBY,MarketOnClose,Filled,buy,15,80.95277695,1214.29165425,1.0,
906,2021-12-01T15:00:00Z,2021-12-01T21:00:00Z,EBAY,MarketOnClose,Filled,buy,18,61.342490073,1104.164821314,1.0,
907,2021-12-01T15:00:00Z,2021-12-01T21:00:00Z,VZ,MarketOnClose,Filled,buy,17,36.716966433,624.188429361,1.0,
908,2022-01-03T15:00:00Z,2022-01-03T21:00:00Z,CARR,MarketOnClose,Filled,sell,-191,51.249336372,-9788.623247052,1.0,reached implied value
909,2022-01-03T15:00:00Z,2022-01-03T21:00:00Z,EBAY,MarketOnClose,Filled,sell,-162,61.33330844,-9935.99596728,1.0,reached implied value
910,2022-01-03T15:00:00Z,2022-01-03T21:00:00Z,CNC,MarketOnClose,Filled,sell,-142,82.65,-11736.3,1.0,reached implied value
911,2022-01-03T15:00:00Z,2022-01-03T21:00:00Z,FTV,MarketOnClose,Filled,sell,-181,54.2542877875026,-9820.02608953797,1.0,reached implied value
912,2022-01-03T15:00:00Z,2022-01-03T21:00:00Z,CVS,MarketOnClose,Filled,sell,-11,88.75405896,-976.29464856,1.0,
913,2022-01-03T15:00:00Z,2022-01-03T21:00:00Z,FDX,MarketOnClose,Filled,sell,-4,152.279600775576,-609.118403102304,1.0,
914,2022-01-03T15:00:00Z,2022-01-03T21:00:00Z,T,MarketOnClose,Filled,buy,761,14.6753032574311,11167.905778905068,3.805,
915,2022-01-03T15:00:00Z,2022-01-03T21:00:00Z,KMI,MarketOnClose,Filled,buy,895,12.442367985,11135.919346575,4.475,
916,2022-01-03T15:00:00Z,2022-01-03T21:00:00Z,HCA,MarketOnClose,Filled,buy,43,244.136807872,10497.882738496,1.0,
917,2022-01-03T15:00:00Z,2022-01-03T21:00:00Z,URI,MarketOnClose,Filled,buy,33,318.298465232,10503.849352656,1.0,
918,2022-01-03T15:00:00Z,2022-01-03T21:00:00Z,BBY,MarketOnClose,Filled,buy,14,81.39867762,1139.58148668,1.0,
919,2022-01-03T15:00:00Z,2022-01-03T21:00:00Z,DELL,MarketOnClose,Filled,buy,9,51.761292968,465.851636712,1.0,
920,2022-01-03T15:00:00Z,2022-01-03T21:00:00Z,DOW,MarketOnClose,Filled,buy,10,43.791156827,437.91156827,1.0,
921,2022-02-01T15:00:00Z,2022-02-01T21:00:00Z,KMI,MarketOnClose,Filled,sell,-117,13.456887141,-1574.455795497,1.0,
922,2022-02-01T15:00:00Z,2022-02-01T21:00:00Z,T,MarketOnClose,Filled,sell,-66,14.3788112217141,-949.0015406331306,1.0,
923,2022-02-01T15:00:00Z,2022-02-01T21:00:00Z,DOW,MarketOnClose,Filled,sell,-21,47.595066001,-999.496386021,1.0,
924,2022-02-01T15:00:00Z,2022-02-01T21:00:00Z,GIS,MarketOnClose,Filled,sell,-15,57.039220875,-855.588313125,1.0,
925,2022-02-01T15:00:00Z,2022-02-01T21:00:00Z,TSN,MarketOnClose,Filled,sell,-10,78.092755502,-780.92755502,1.0,
926,2022-02-01T15:00:00Z,2022-02-01T21:00:00Z,CVS,MarketOnClose,Filled,sell,-8,91.03598296,-728.28786368,1.0,
927,2022-02-01T15:00:00Z,2022-02-01T21:00:00Z,DELL,MarketOnClose,Filled,sell,-9,53.205667412,-478.851006708,1.0,
928,2022-02-01T15:00:00Z,2022-02-01T21:00:00Z,DHI,MarketOnClose,Filled,buy,14,85.100019665,1191.40027531,1.0,
929,2022-02-01T15:00:00Z,2022-02-01T21:00:00Z,LEN,MarketOnClose,Filled,buy,13,86.0745157254301,1118.9687044305913,1.0,
930,2022-02-01T15:00:00Z,2022-02-01T21:00:00Z,LH,MarketOnClose,Filled,buy,4,222.365941882857,889.463767531428,1.0,
931,2022-02-01T15:00:00Z,2022-02-01T21:00:00Z,MU,MarketOnClose,Filled,buy,7,79.620755175,557.345286225,1.0,
932,2022-02-01T15:00:00Z,2022-02-01T21:00:00Z,HCA,MarketOnClose,Filled,buy,2,228.042304047,456.084608094,1.0,
933,2022-03-01T15:00:00Z,2022-03-01T21:00:00Z,VZ,MarketOnClose,Filled,sell,-271,40.026362532,-10847.144246172,1.355,no valuation
934,2022-03-01T15:00:00Z,2022-03-01T21:00:00Z,NOC,MarketOnClose,Filled,sell,-5,424.06517796,-2120.3258898,1.0,
935,2022-03-01T15:00:00Z,2022-03-01T21:00:00Z,KR,MarketOnClose,Filled,sell,-24,43.7949465,-1051.078716,1.0,
936,2022-03-01T15:00:00Z,2022-03-01T21:00:00Z,MU,MarketOnClose,Filled,sell,-10,84.32272979,-843.2272979,1.0,
937,2022-03-01T15:00:00Z,2022-03-01T21:00:00Z,HCA,MarketOnClose,Filled,sell,-2,242.541770478,-485.083540956,1.0,
938,2022-03-01T15:00:00Z,2022-03-01T21:00:00Z,ET,MarketOnClose,Filled,buy,1471,7.258240644,10676.871987324,7.355,
939,2022-03-01T15:00:00Z,2022-03-01T21:00:00Z,FDX,MarketOnClose,Filled,buy,9,126.576712445094,1139.190412005846,1.0,
940,2022-03-01T15:00:00Z,2022-03-01T21:00:00Z,DELL,MarketOnClose,Filled,buy,22,45.311570608,996.854553376,1.0,
941,2022-03-01T15:00:00Z,2022-03-01T21:00:00Z,T,MarketOnClose,Filled,buy,50,13.8547677332896,692.73838666448,1.0,
942,2022-03-01T15:00:00Z,2022-03-01T21:00:00Z,LEN,MarketOnClose,Filled,buy,8,81.262114647668,650.096917181344,1.0,
943,2022-03-01T15:00:00Z,2022-03-01T21:00:00Z,HPQ,MarketOnClose,Filled,buy,17,28.402426234,482.841245978,1.0,
944,2022-03-01T15:00:00Z,2022-03-01T21:00:00Z,DHI,MarketOnClose,Filled,buy,5,81.873271332,409.36635666,1.0,
945,2022-04-01T04:00:00Z,,BBY,MarketOnOpen,Canceled,sell,-133,0.0,0.0,0.0,no valuation
946,2022-04-01T14:00:00Z,2022-04-01T20:00:00Z,BBY,MarketOnClose,Filled,sell,-133,72.68499689,-9667.10458637,1.0,no valuation
947,2022-04-01T14:00:00Z,2022-04-01T20:00:00Z,KR,MarketOnClose,Filled,sell,-43,52.0648092,-2238.7867956,1.0,
948,2022-04-01T14:00:00Z,2022-04-01T20:00:00Z,URI,MarketOnClose,Filled,sell,-3,340.7865252,-1022.3595756,1.0,
949,2022-04-01T14:00:00Z,2022-04-01T20:00:00Z,ET,MarketOnClose,Filled,sell,-121,8.024465664,-970.960345344,1.0,
950,2022-04-01T14:00:00Z,2022-04-01T20:00:00Z,KMI,MarketOnClose,Filled,sell,-58,14.855908722,-861.642705876,1.0,
951,2022-04-01T14:00:00Z,2022-04-01T20:00:00Z,DOW,MarketOnClose,Filled,sell,-15,50.016256996,-750.24385494,1.0,
952,2022-04-01T14:00:00Z,2022-04-01T20:00:00Z,HPQ,MarketOnClose,Filled,sell,-17,29.887816467,-508.092879939,1.0,
953,2022-04-01T14:00:00Z,2022-04-01T20:00:00Z,F,MarketOnClose,Filled,buy,821,12.61192878,10354.39352838,4.105,
954,2022-04-01T14:00:00Z,2022-04-01T20:00:00Z,DHI,MarketOnClose,Filled,buy,21,72.668132472,1526.030781912,1.0,
955,2022-04-01T14:00:00Z,2022-04-01T20:00:00Z,MU,MarketOnClose,Filled,buy,19,74.46911147,1414.91311793,1.0,
956,2022-04-01T14:00:00Z,2022-04-01T20:00:00Z,LEN,MarketOnClose,Filled,buy,16,74.0570057443271,1184.9120919092336,1.0,
957,2022-04-01T14:00:00Z,2022-04-01T20:00:00Z,CVS,MarketOnClose,Filled,buy,7,86.59854632,606.18982424,1.0,
958,2022-04-01T14:00:00Z,2022-04-01T20:00:00Z,LH,MarketOnClose,Filled,buy,1,214.390551455566,214.390551455566,1.0,
959,2022-05-02T14:00:00Z,2022-05-02T20:00:00Z,T,MarketOnClose,Filled,sell,-75,15.1202394,-1134.017955,1.0,
960,2022-05-02T14:00:00Z,2022-05-02T20:00:00Z,DOW,MarketOnClose,Filled,sell,-18,52.260676132,-940.692170376,1.0,
961,2022-05-02T14:00:00Z,2022-05-02T20:00:00Z,GIS,MarketOnClose,Filled,sell,-13,58.49500356,-760.43504628,1.0,
962,2022-05-02T14:00:00Z,2022-05-02T20:00:00Z,TSN,MarketOnClose,Filled,sell,-9,80.06518683,-720.58668147,1.0,
963,2022-05-02T14:00:00Z,2022-05-02T20:00:00Z,HPQ,MarketOnClose,Filled,sell,-20,31.122294978,-622.44589956,1.0,
964,2022-05-02T14:00:00Z,2022-05-02T20:00:00Z,ET,MarketOnClose,Filled,sell,-54,7.857289296,-424.293621984,1.0,
965,2022-05-02T14:00:00Z,2022-05-02T20:00:00Z,F,MarketOnClose,Filled,buy,106,10.888684212,1154.200526472,1.0,
966,2022-05-02T14:00:00Z,2022-05-02T20:00:00Z,HCA,MarketOnClose,Filled,buy,5,202.995247044,1014.97623522,1.0,
967,2022-05-02T14:00:00Z,2022-05-02T20:00:00Z,INTC,MarketOnClose,Filled,buy,21,42.01653624,882.34726104,1.0,
968,2022-05-02T14:00:00Z,2022-05-02T20:00:00Z,MU,MarketOnClose,Filled,buy,11,69.10873738,760.19611118,1.0,
969,2022-05-02T14:00:00Z,2022-05-02T20:00:00Z,FDX,MarketOnClose,Filled,buy,6,116.428627658092,698.571765948552,1.0,
970,2022-05-02T14:00:00Z,2022-05-02T20:00:00Z,URI,MarketOnClose,Filled,buy,2,295.569736814,591.139473628,1.0,
971,2022-05-02T14:00:00Z,2022-05-02T20:00:00Z,LH,MarketOnClose,Filled,buy,3,197.96727556035,593.90182668105,1.0,
972,2022-06-01T14:00:00Z,2022-06-01T20:00:00Z,FDX,MarketOnClose,Filled,sell,-7,129.229216841759,-904.604517892313,1.0,
973,2022-06-01T14:00:00Z,2022-06-01T20:00:00Z,T,MarketOnClose,Filled,sell,-55,16.78093515,-922.95143325,1.0,
974,2022-06-01T14:00:00Z,2022-06-01T20:00:00Z,NOC,MarketOnClose,Filled,sell,-2,433.246224375,-866.49244875,1.0,
975,2022-06-01T14:00:00Z,2022-06-01T20:00:00Z,KMI,MarketOnClose,Filled,sell,-49,15.705966276,-769.592347524,1.0,
976,2022-06-01T14:00:00Z,2022-06-01T20:00:00Z,URI,MarketOnClose,Filled,buy,4,282.5447603,1130.1790412,1.0,
977,2022-06-01T14:00:00Z,2022-06-01T20:00:00Z,F,MarketOnClose,Filled,buy,67,10.332049795,692.247336265,1.0,
978,2022-06-01T14:00:00Z,2022-06-01T20:00:00Z,TSN,MarketOnClose,Filled,buy,9,76.34858673,687.13728057,1.0,
979,2022-06-01T14:00:00Z,2022-06-01T20:00:00Z,KR,MarketOnClose,Filled,buy,13,46.692796345,607.006352485,1.0,
980,2022-06-01T14:00:00Z,2022-06-01T20:00:00Z,HCA,MarketOnClose,Filled,buy,3,199.26888519,597.80665557,1.0,
981,2022-06-01T14:00:00Z,2022-06-01T20:00:00Z,GIS,MarketOnClose,Filled,buy,8,58.19192064,465.53536512,1.0,
982,2022-07-01T04:00:00Z,,URI,MarketOnOpen,Canceled,sell,-36,0.0,0.0,0.0,no valuation
983,2022-07-01T14:00:00Z,2022-07-01T20:00:00Z,URI,MarketOnClose,Filled,sell,-36,235.238969768,-8468.602911648,1.0,no valuation
984,2022-07-01T14:00:00Z,2022-07-01T20:00:00Z,GIS,MarketOnClose,Filled,sell,-30,63.80737363,-1914.2212089,1.0,
985,2022-07-01T14:00:00Z,2022-07-01T20:00:00Z,FDX,MarketOnClose,Filled,sell,-10,132.818182150818,-1328.18182150818,1.0,
986,2022-07-01T14:00:00Z,2022-07-01T20:00:00Z,NOC,MarketOnClose,Filled,sell,-3,453.888995475,-1361.666986425,1.0,
987,2022-07-01T14:00:00Z,2022-07-01T20:00:00Z,T,MarketOnClose,Filled,sell,-56,16.8560618625,-943.9394643,1.0,
988,2022-07-01T14:00:00Z,2022-07-01T20:00:00Z,TSN,MarketOnClose,Filled,sell,-9,73.845212375,-664.606911375,1.0,
989,2022-07-01T14:00:00Z,2022-07-01T20:00:00Z,LH,MarketOnClose,Filled,sell,-3,196.853044638611,-590.559133915833,1.0,
990,2022-07-01T14:00:00Z,2022-07-01T20:00:00Z,CVS,MarketOnClose,Filled,sell,-5,80.890710054,-404.45355027,1.0,
991,2022-07-01T14:00:00Z,2022-07-01T20:00:00Z,NUE,MarketOnClose,Filled,buy,94,99.68185118,9370.09401092,1.0,
992,2022-07-01T14:00:00Z,2022-07-01T20:00:00Z,DOW,MarketOnClose,Filled,buy,35,40.702634037,1424.592191295,1.0,
993,2022-07-01T14:00:00Z,2022-07-01T20:00:00Z,MU,MarketOnClose,Filled,buy,22,52.516767145,1155.36887719,1.0,
994,2022-07-01T14:00:00Z,2022-07-01T20:00:00Z,HCA,MarketOnClose,Filled,buy,6,169.090681578,1014.544089468,1.0,
995,2022-07-01T14:00:00Z,2022-07-01T20:00:00Z,F,MarketOnClose,Filled,buy,98,8.6278334635,845.527679423,1.0,
996,2022-07-01T14:00:00Z,2022-07-01T20:00:00Z,INTC,MarketOnClose,Filled,buy,18,34.229325558,616.127860044,1.0,
997,2022-07-01T14:00:00Z,2022-07-01T20:00:00Z,KMI,MarketOnClose,Filled,buy,34,13.321044324,452.915507016,1.0,
998,2022-08-01T14:00:00Z,2022-08-01T20:00:00Z,FDX,MarketOnClose,Filled,sell,-68,141.187254135546,-9600.733281217128,1.0,no valuation
999,2022-08-01T14:00:00Z,2022-08-01T20:00:00Z,F,MarketOnClose,Filled,sell,-194,11.689322757,-2267.728614858,1.0,
1000,2022-08-01T14:00:00Z,2022-08-01T20:00:00Z,NUE,MarketOnClose,Filled,sell,-16,127.25382857,-2036.06125712,1.0,
1001,2022-08-01T14:00:00Z,2022-08-01T20:00:00Z,HCA,MarketOnClose,Filled,sell,-8,203.718243183,-1629.745945464,1.0,
1002,2022-08-01T14:00:00Z,2022-08-01T20:00:00Z,LEN,MarketOnClose,Filled,sell,-14,77.4160170090353,-1083.8242381264943,1.0,
1003,2022-08-01T14:00:00Z,2022-08-01T20:00:00Z,DHI,MarketOnClose,Filled,sell,-14,74.860360095,-1048.04504133,1.0,
1004,2022-08-01T14:00:00Z,2022-08-01T20:00:00Z,FCX,MarketOnClose,Filled,buy,335,28.490917384,9544.45732364,1.675,
1005,2022-08-01T14:00:00Z,2022-08-01T20:00:00Z,T,MarketOnClose,Filled,buy,109,15.000734736,1635.080086224,1.0,
1006,2022-08-01T14:00:00Z,2022-08-01T20:00:00Z,INTC,MarketOnClose,Filled,buy,31,34.813315152,1079.212769712,1.0,
1007,2022-08-01T14:00:00Z,2022-08-01T20:00:00Z,KR,MarketOnClose,Filled,buy,23,42.500901678,977.520738594,1.0,
1008,2022-08-01T14:00:00Z,2022-08-01T20:00:00Z,NOC,MarketOnClose,Filled,buy,2,443.866239525,887.73247905,1.0,
1009,2022-08-01T14:00:00Z,2022-08-01T20:00:00Z,HPQ,MarketOnClose,Filled,buy,31,28.455442925,882.118730675,1.0,
1010,2022-08-01T14:00:00Z,2022-08-01T20:00:00Z,GIS,MarketOnClose,Filled,buy,12,64.18634794,770.23617528,1.0,
1011,2022-08-01T14:00:00Z,2022-08-01T20:00:00Z,DELL,MarketOnClose,Filled,buy,18,41.871162804,753.680930472,1.0,
1012,2022-08-01T14:00:00Z,2022-08-01T20:00:00Z,TSN,MarketOnClose,Filled,buy,8,76.374573315,610.99658652,1.0,
1013,2022-08-01T14:00:00Z,2022-08-01T20:00:00Z,DOW,MarketOnClose,Filled,buy,12,41.308960758,495.707529096,1.0,
1014,2022-08-01T14:00:00Z,2022-08-01T20:00:00Z,CVS,MarketOnClose,Filled,buy,5,83.162480308,415.81240154,1.0,
1015,2022-09-01T14:00:00Z,2022-09-01T20:00:00Z,ET,MarketOnClose,Filled,sell,-162,8.486340636,-1374.787183032,1.0,
1016,2022-09-01T14:00:00Z,2022-09-01T20:00:00Z,F,MarketOnClose,Filled,sell,-80,11.694238793,-935.53910344,1.0,
1017,2022-09-01T14:00:00Z,2022-09-01T20:00:00Z,KR,MarketOnClose,Filled,sell,-19,44.446184064,-844.477497216,1.0,
1018,2022-09-01T14:00:00Z,2022-09-01T20:00:00Z,GIS,MarketOnClose,Filled,sell,-11,65.424288072,-719.667168792,1.0,
1019,2022-09-01T14:00:00Z,2022-09-01T20:00:00Z,KMI,MarketOnClose,Filled,sell,-47,14.477312717,-680.433697699,1.0,
1020,2022-09-01T14:00:00Z,2022-09-01T20:00:00Z,CVS,MarketOnClose,Filled,sell,-8,86.548913322,-692.391306576,1.0,
1021,2022-09-01T14:00:00Z,2022-09-01T20:00:00Z,DELL,MarketOnClose,Filled,buy,30,34.70826243,1041.2478729,1.0,
1022,2022-09-01T14:00:00Z,2022-09-01T20:00:00Z,HPQ,MarketOnClose,Filled,buy,40,23.807241675,952.289667,1.0,
1023,2022-09-01T14:00:00Z,2022-09-01T20:00:00Z,TSN,MarketOnClose,Filled,buy,14,65.201372742,912.819218388,1.0,
1024,2022-09-01T14:00:00Z,2022-09-01T20:00:00Z,LH,MarketOnClose,Filled,buy,4,186.054225881201,744.216903524804,1.0,
1025,2022-09-01T14:00:00Z,2022-09-01T20:00:00Z,INTC,MarketOnClose,Filled,buy,22,30.217346928,664.781632416,1.0,
1026,2022-09-01T14:00:00Z,2022-09-01T20:00:00Z,LEN,MarketOnClose,Filled,buy,6,70.3856289807597,422.3137738845582,1.0,
1027,2022-09-01T14:00:00Z,2022-09-01T20:00:00Z,DHI,MarketOnClose,Filled,buy,6,68.465287338,410.791724028,1.0,
1028,2022-10-03T14:00:00Z,2022-10-03T20:00:00Z,NOC,MarketOnClose,Filled,sell,-3,454.864452169,-1364.593356507,1.0,
1029,2022-10-03T14:00:00Z,2022-10-03T20:00:00Z,GIS,MarketOnClose,Filled,sell,-14,66.543521616,-931.609302624,1.0,
1030,2022-10-03T14:00:00Z,2022-10-03T20:00:00Z,CVS,MarketOnClose,Filled,sell,-9,84.669486304,-762.025376736,1.0,
1031,2022-10-03T14:00:00Z,2022-10-03T20:00:00Z,LEN,MarketOnClose,Filled,sell,-9,70.9942026214502,-638.9478235930518,1.0,
1032,2022-10-03T14:00:00Z,2022-10-03T20:00:00Z,ET,MarketOnClose,Filled,sell,-49,8.204186088,-402.005118312,1.0,
1033,2022-10-03T14:00:00Z,2022-10-03T20:00:00Z,DHI,MarketOnClose,Filled,sell,-6,67.898982564,-407.393895384,1.0,
1034,2022-10-03T14:00:00Z,2022-10-03T20:00:00Z,F,MarketOnClose,Filled,buy,184,8.829400577,1624.609706168,1.0,
1035,2022-10-03T14:00:00Z,2022-10-03T20:00:00Z,INTC,MarketOnClose,Filled,buy,37,25.660007766,949.420287342,1.0,
1036,2022-10-03T14:00:00Z,2022-10-03T20:00:00Z,NUE,MarketOnClose,Filled,buy,7,108.388590024,758.720130168,1.0,
1037,2022-10-03T14:00:00Z,2022-10-03T20:00:00Z,T,MarketOnClose,Filled,buy,35,12.74100867,445.93530345,1.0,
1038,2022-11-01T14:00:00Z,2022-11-01T20:00:00Z,NUE,MarketOnClose,Filled,sell,-8,127.5104116,-1020.0832928,1.0,
1039,2022-11-01T14:00:00Z,2022-11-01T20:00:00Z,T,MarketOnClose,Filled,sell,-52,14.960857491,-777.964589532,1.0,
1040,2022-11-01T14:00:00Z,2022-11-01T20:00:00Z,F,MarketOnClose,Filled,sell,-62,10.311877342,-639.336395204,1.0,
1041,2022-11-01T14:00:00Z,2022-11-01T20:00:00Z,HCA,MarketOnClose,Filled,sell,-3,214.164250209,-642.492750627,1.0,
1042,2022-11-01T14:00:00Z,2022-11-01T20:00:00Z,FCX,MarketOnClose,Filled,sell,-15,31.34740294,-470.2110441,1.0,
1043,2022-11-01T14:00:00Z,2022-11-01T20:00:00Z,CVS,MarketOnClose,Filled,buy,13,82.444648494,1071.780430422,1.0,
1044,2022-11-01T14:00:00Z,2022-11-01T20:00:00Z,TSN,MarketOnClose,Filled,buy,16,59.2581308,948.1300928,1.0,
1045,2022-11-01T14:00:00Z,2022-11-01T20:00:00Z,DOW,MarketOnClose,Filled,buy,19,37.44371059,711.43050121,1.0,
1046,2022-11-01T14:00:00Z,2022-11-01T20:00:00Z,MU,MarketOnClose,Filled,buy,11,53.919880638,593.118687018,1.0,
1047,2022-11-01T14:00:00Z,2022-11-01T20:00:00Z,GIS,MarketOnClose,Filled,buy,6,68.55473331,411.32839986,1.0,
1048,2022-12-01T15:00:00Z,2022-12-01T21:00:00Z,FCX,MarketOnClose,Filled,sell,-45,37.702636302,-1696.61863359,1.0,
1049,2022-12-01T15:00:00Z,2022-12-01T21:00:00Z,DELL,MarketOnClose,Filled,sell,-22,41.7918873,-919.4215206,1.0,
1050,2022-12-01T15:00:00Z,2022-12-01T21:00:00Z,DHI,MarketOnClose,Filled,sell,-8,83.4606279,-667.6850232,1.0,
1051,2022-12-01T15:00:00Z,2022-12-01T21:00:00Z,NUE,MarketOnClose,Filled,sell,-4,141.4938954,-565.9755816,1.0,
1052,2022-12-01T15:00:00Z,2022-12-01T21:00:00Z,TSN,MarketOnClose,Filled,buy,17,57.477283224,977.113814808,1.0,
1053,2022-12-01T15:00:00Z,2022-12-01T21:00:00Z,KR,MarketOnClose,Filled,buy,12,44.509015698,534.108188376,1.0,
1054,2022-12-01T15:00:00Z,2022-12-01T21:00:00Z,NOC,MarketOnClose,Filled,buy,1,498.27300877,498.27300877,1.0,
1055,2023-01-03T15:00:00Z,2023-01-03T21:00:00Z,DHI,MarketOnClose,Filled,sell,-11,87.29192316,-960.21115476,1.0,
1056,2023-01-03T15:00:00Z,2023-01-03T21:00:00Z,HCA,MarketOnClose,Filled,sell,-4,236.093383548,-944.373534192,1.0,
1057,2023-01-03T15:00:00Z,2023-01-03T21:00:00Z,DOW,MarketOnClose,Filled,sell,-17,41.298806736,-702.079714512,1.0,
1058,2023-01-03T15:00:00Z,2023-01-03T21:00:00Z,LEN,MarketOnClose,Filled,sell,-8,83.9499491513926,-671.5995932111408,1.0,
1059,2023-01-03T15:00:00Z,2023-01-03T21:00:00Z,F,MarketOnClose,Filled,buy,151,9.085109065,1371.851468815,1.0,
1060,2023-01-03T15:00:00Z,2023-01-03T21:00:00Z,MU,MarketOnClose,Filled,buy,18,49.619481963,893.150675334,1.0,
1061,2023-01-03T15:00:00Z,2023-01-03T21:00:00Z,INTC,MarketOnClose,Filled,buy,34,25.775145594,876.354950196,1.0,
1062,2023-01-03T15:00:00Z,2023-01-03T21:00:00Z,HPQ,MarketOnClose,Filled,buy,31,23.015338875,713.475505125,1.0,
1063,2023-01-03T15:00:00Z,2023-01-03T21:00:00Z,NUE,MarketOnClose,Filled,buy,5,124.723196576,623.61598288,1.0,
1064,2023-01-03T15:00:00Z,2023-01-03T21:00:00Z,DELL,MarketOnClose,Filled,buy,13,38.0687793,494.8941309,1.0,
1065,2023-01-03T15:00:00Z,2023-01-03T21:00:00Z,KR,MarketOnClose,Filled,buy,9,40.886509566,367.978586094,1.0,
1066,2023-02-01T15:00:00Z,2023-02-01T21:00:00Z,INTC,MarketOnClose,Filled,sell,-387,28.031555646,-10848.212035002,1.935,no valuation
1067,2023-02-01T15:00:00Z,2023-02-01T21:00:00Z,KMI,MarketOnClose,Filled,sell,-658,15.090394715,-9929.47972247,3.29,reached implied value
1068,2023-02-01T15:00:00Z,2023-02-01T21:00:00Z,NOC,MarketOnClose,Filled,sell,-20,415.860175281,-8317.20350562,1.0,reached implied value
1069,2023-02-01T15:00:00Z,2023-02-01T21:00:00Z,NUE,MarketOnClose,Filled,sell,-12,166.519647008,-1998.235764096,1.0,
1070,2023-02-01T15:00:00Z,2023-02-01T21:00:00Z,MU,MarketOnClose,Filled,sell,-21,61.66725374,-1295.01232854,1.0,
1071,2023-02-01T15:00:00Z,2023-02-01T21:00:00Z,FCX,MarketOnClose,Filled,sell,-26,42.8514762775,-1114.138383215,1.0,
1072,2023-02-01T15:00:00Z,2023-02-01T21:00:00Z,DOW,MarketOnClose,Filled,sell,-21,48.726766098,-1023.262088058,1.0,
1073,2023-02-01T15:00:00Z,2023-02-01T21:00:00Z,F,MarketOnClose,Filled,sell,-78,10.73871564,-837.61981992,1.0,
1074,2023-02-01T15:00:00Z,2023-02-01T21:00:00Z,LEN,MarketOnClose,Filled,sell,-6,95.9135007526654,-575.4810045159924,1.0,
1075,2023-02-01T15:00:00Z,2023-02-01T21:00:00Z,WBD,MarketOnClose,Filled,buy,718,15.34,11014.12,3.59,
1076,2023-02-01T15:00:00Z,2023-02-01T21:00:00Z,FANG,MarketOnClose,Filled,buy,84,124.321190605,10442.98001082,1.0,
1077,2023-02-01T15:00:00Z,2023-02-01T21:00:00Z,OXY,MarketOnClose,Filled,buy,175,59.5862791,10427.5988425,1.0,
1078,2023-02-01T15:00:00Z,2023-02-01T21:00:00Z,CVS,MarketOnClose,Filled,buy,20,76.758634082,1535.17268164,1.0,
1079,2023-02-01T15:00:00Z,2023-02-01T21:00:00Z,GIS,MarketOnClose,Filled,buy,19,67.011870233,1273.225534427,1.0,
1080,2023-02-01T15:00:00Z,2023-02-01T21:00:00Z,KR,MarketOnClose,Filled,buy,19,41.539296204,789.246627876,1.0,
1081,2023-02-01T15:00:00Z,2023-02-01T21:00:00Z,DELL,MarketOnClose,Filled,buy,16,38.68701606,618.99225696,1.0,
1082,2023-03-01T15:00:00Z,2023-03-01T21:00:00Z,CVS,MarketOnClose,Filled,sell,-137,72.354378246,-9912.549819702,1.0,reached implied value
1083,2023-03-01T15:00:00Z,2023-03-01T21:00:00Z,F,MarketOnClose,Filled,sell,-1013,9.702696474,-9828.831528162,5.065,no valuation
1084,2023-03-01T15:00:00Z,2023-03-01T21:00:00Z,LH,MarketOnClose,Filled,sell,-52,196.037759664613,-10193.963502559876,1.0,reached implied value
1085,2023-03-01T15:00:00Z,2023-03-01T21:00:00Z,T,MarketOnClose,Filled,sell,-651,15.437093316,-10049.547748716,3.255,no valuation
1086,2023-03-01T15:00:00Z,2023-03-01T21:00:00Z,WBD,MarketOnClose,Filled,sell,-61,15.025,-916.525,1.0,
1087,2023-03-01T15:00:00Z,2023-03-01T21:00:00Z,HPQ,MarketOnClose,Filled,sell,-23,24.839358255,-571.305239865,1.0,
1088,2023-03-01T15:00:00Z,2023-03-01T21:00:00Z,GIS,MarketOnClose,Filled,sell,-8,67.750813795,-542.00651036,1.0,
1089,2023-03-01T15:00:00Z,2023-03-01T21:00:00Z,VLO,MarketOnClose,Filled,buy,86,126.08321865,10843.1568039,1.0,
1090,2023-03-01T15:00:00Z,2023-03-01T21:00:00Z,COG,MarketOnClose,Filled,buy,463,22.386842636,10365.108140468,2.315,
1091,2023-03-01T15:00:00Z,2023-03-01T21:00:00Z,MPC,MarketOnClose,Filled,buy,89,120.332113488,10709.558100432,1.0,
1092,2023-03-01T15:00:00Z,2023-03-01T21:00:00Z,PSX,MarketOnClose,Filled,buy,112,95.189677128,10661.243838336,1.0,
1093,2023-03-01T15:00:00Z,2023-03-01T21:00:00Z,TSN,MarketOnClose,Filled,buy,16,52.460639847,839.370237552,1.0,
1094,2023-03-01T15:00:00Z,2023-03-01T21:00:00Z,OXY,MarketOnClose,Filled,buy,11,56.029869686,616.328566546,1.0,
1095,2023-03-01T15:00:00Z,2023-03-01T21:00:00Z,FCX,MarketOnClose,Filled,buy,12,41.1068261,493.2819132,1.0,
1096,2023-04-03T14:00:00Z,2023-04-03T20:00:00Z,KR,MarketOnClose,Filled,sell,-31,46.18321356,-1431.67962036,1.0,
1097,2023-04-03T14:00:00Z,2023-04-03T20:00:00Z,MPC,MarketOnClose,Filled,sell,-6,126.339870528,-758.039223168,1.0,
1098,2023-04-03T14:00:00Z,2023-04-03T20:00:00Z,GIS,MarketOnClose,Filled,sell,-8,73.825617264,-590.604938112,1.0,
1099,2023-04-03T14:00:00Z,2023-04-03T20:00:00Z,OXY,MarketOnClose,Filled,sell,-9,61.340389596,-552.063506364,1.0,
1100,2023-04-03T14:00:00Z,2023-04-03T20:00:00Z,VLO,MarketOnClose,Filled,sell,-4,125.39527805,-501.5811122,1.0,
1101,2023-04-03T14:00:00Z,2023-04-03T20:00:00Z,LEN,MarketOnClose,Filled,sell,-5,96.4265541524314,-482.132770762157,1.0,
1102,2023-04-03T14:00:00Z,2023-04-03T20:00:00Z,NUE,MarketOnClose,Filled,buy,4,147.4839961,589.9359844,1.0,
1103,2023-04-03T14:00:00Z,2023-04-03T20:00:00Z,WBD,MarketOnClose,Filled,buy,34,14.825,504.05,1.0,
1104,2023-04-03T14:00:00Z,2023-04-03T20:00:00Z,DOW,MarketOnClose,Filled,buy,11,45.318982643,498.508809073,1.0,
1105,2023-05-01T14:00:00Z,2023-05-01T20:00:00Z,DHI,MarketOnClose,Filled,sell,-16,104.63207625,-1674.11322,1.0,
1106,2023-05-01T14:00:00Z,2023-05-01T20:00:00Z,HCA,MarketOnClose,Filled,sell,-5,276.369619782,-1381.84809891,1.0,
1107,2023-05-01T14:00:00Z,2023-05-01T20:00:00Z,DELL,MarketOnClose,Filled,sell,-24,41.4732199,-995.3572776,1.0,
1108,2023-05-01T14:00:00Z,2023-05-01T20:00:00Z,MU,MarketOnClose,Filled,sell,-14,61.545105145,-861.63147203,1.0,
1109,2023-05-01T14:00:00Z,2023-05-01T20:00:00Z,LEN,MarketOnClose,Filled,sell,-7,103.313499925808,-723.194499480656,1.0,
1110,2023-05-01T14:00:00Z,2023-05-01T20:00:00Z,VLO,MarketOnClose,Filled,buy,19,104.46740085,1984.88061615,1.0,
1111,2023-05-01T14:00:00Z,2023-05-01T20:00:00Z,WBD,MarketOnClose,Filled,buy,82,13.29,1089.78,1.0,
1112,2023-05-01T14:00:00Z,2023-05-01T20:00:00Z,MPC,MarketOnClose,Filled,buy,9,114.063554592,1026.571991328,1.0,
1113,2023-05-01T14:00:00Z,2023-05-01T20:00:00Z,FCX,MarketOnClose,Filled,buy,27,36.095362974,974.574800298,1.0,
1114,2023-05-01T14:00:00Z,2023-05-01T20:00:00Z,PSX,MarketOnClose,Filled,buy,7,87.34300848,611.40105936,1.0,
1115,2023-05-01T14:00:00Z,2023-05-01T20:00:00Z,NUE,MarketOnClose,Filled,buy,4,141.33445298,565.33781192,1.0,
1116,2023-06-01T04:00:00Z,,COG,MarketOnOpen,Canceled,sell,-463,0.0,0.0,0.0,no valuation
1117,2023-06-01T04:00:00Z,,TSN,MarketOnOpen,Canceled,sell,-195,0.0,0.0,0.0,no valuation
1118,2023-06-01T14:00:00Z,2023-06-01T20:00:00Z,GIS,MarketOnClose,Filled,sell,-142,72.531252055,-10299.43779181,1.0,reached implied value
1119,2023-06-01T14:00:00Z,2023-06-01T20:00:00Z,TSN,MarketOnClose,Filled,sell,-195,45.194603475,-8812.947677625,1.0,no valuation
1120,2023-06-01T14:00:00Z,2023-06-01T20:00:00Z,COG,MarketOnClose,Filled,sell,-463,21.0157124,-9730.2748412,2.315,no valuation
1121,2023-06-01T14:00:00Z,2023-06-01T20:00:00Z,MU,MarketOnClose,Filled,sell,-20,68.198096463,-1363.96192926,1.0,
1122,2023-06-01T14:00:00Z,2023-06-01T20:00:00Z,DELL,MarketOnClose,Filled,sell,-25,43.0253897,-1075.6347425,1.0,
1123,2023-06-01T14:00:00Z,2023-06-01T20:00:00Z,ET,MarketOnClose,Filled,sell,-67,9.77277672,-654.77604024,1.0,
1124,2023-06-01T14:00:00Z,2023-06-01T20:00:00Z,DHI,MarketOnClose,Filled,sell,-5,104.931933792,-524.65966896,1.0,
1125,2023-06-01T14:00:00Z,2023-06-01T20:00:00Z,HPQ,MarketOnClose,Filled,sell,-17,25.5472983,-434.3040711,1.0,
1126,2023-06-01T14:00:00Z,2023-06-01T20:00:00Z,COP,MarketOnClose,Filled,buy,109,89.71664059,9779.11382431,1.0,
1127,2023-06-01T14:00:00Z,2023-06-01T20:00:00Z,XOM,MarketOnClose,Filled,buy,106,92.907043655,9848.14662743,1.0,
1128,2023-06-01T14:00:00Z,2023-06-01T20:00:00Z,CVX,MarketOnClose,Filled,buy,74,132.97589196,9840.21600504,1.0,
1129,2023-06-01T14:00:00Z,2023-06-01T20:00:00Z,WBD,MarketOnClose,Filled,buy,94,11.35,1066.9,1.0,
1130,2023-06-01T14:00:00Z,2023-06-01T20:00:00Z,MPC,MarketOnClose,Filled,buy,7,99.284123736,694.988866152,1.0,
1131,2023-06-01T14:00:00Z,2023-06-01T20:00:00Z,NUE,MarketOnClose,Filled,buy,3,127.03008094,381.09024282,1.0,
1132,2023-07-03T14:00:00Z,2023-07-03T17:00:00Z,HCA,MarketOnClose,Filled,sell,-37,290.557749924,-10750.636747188,1.0,reached implied value
1133,2023-07-03T14:00:00Z,2023-07-03T17:00:00Z,NUE,MarketOnClose,Filled,sell,-10,158.767351348,-1587.67351348,1.0,
1134,2023-07-03T14:00:00Z,2023-07-03T17:00:00Z,DELL,MarketOnClose,Filled,sell,-23,51.72321925,-1189.63404275,1.0,
1135,2023-07-03T14:00:00Z,2023-07-03T17:00:00Z,LEN,MarketOnClose,Filled,sell,-9,115.088977584404,-1035.800798259636,1.0,
1136,2023-07-03T14:00:00Z,2023-07-03T17:00:00Z,DHI,MarketOnClose,Filled,sell,-4,116.287952438,-465.151809752,1.0,
1137,2023-07-03T14:00:00Z,2023-07-03T17:00:00Z,PFE,MarketOnClose,Filled,buy,355,29.870728371,10604.108571705,1.775,
1138,2023-07-03T14:00:00Z,2023-07-03T17:00:00Z,MU,MarketOnClose,Filled,buy,25,63.084966637,1577.124165925,1.0,
1139,2023-07-03T14:00:00Z,2023-07-03T17:00:00Z,OXY,MarketOnClose,Filled,buy,14,55.861309878,782.058338292,1.0,
1140,2023-07-03T14:00:00Z,2023-07-03T17:00:00Z,FANG,MarketOnClose,Filled,buy,6,117.542522484,705.255134904,1.0,
1141,2023-07-03T14:00:00Z,2023-07-03T17:00:00Z,KR,MarketOnClose,Filled,buy,15,44.08594722,661.2892083,1.0,
1142,2023-07-03T14:00:00Z,2023-07-03T17:00:00Z,ET,MarketOnClose,Filled,buy,61,9.96668102,607.96754222,1.0,
1143,2023-07-03T14:00:00Z,2023-07-03T17:00:00Z,PSX,MarketOnClose,Filled,buy,5,85.74840456,428.7420228,1.0,
1144,2023-07-03T14:00:00Z,2023-07-03T17:00:00Z,CVX,MarketOnClose,Filled,buy,3,137.25698178,411.77094534,1.0,
1145,2023-08-01T14:00:00Z,2023-08-01T20:00:00Z,PSX,MarketOnClose,Filled,sell,-11,100.609666512,-1106.706331632,1.0,
1146,2023-08-01T14:00:00Z,2023-08-01T20:00:00Z,FCX,MarketOnClose,Filled,sell,-25,42.122503548,-1053.0625887,1.0,
1147,2023-08-01T14:00:00Z,2023-08-01T20:00:00Z,MPC,MarketOnClose,Filled,sell,-8,126.545760432,-1012.366083456,1.0,
1148,2023-08-01T14:00:00Z,2023-08-01T20:00:00Z,MU,MarketOnClose,Filled,sell,-10,69.977967556,-699.77967556,1.0,
1149,2023-08-01T14:00:00Z,2023-08-01T20:00:00Z,VLO,MarketOnClose,Filled,sell,-5,117.639056815,-588.195284075,1.0,
1150,2023-08-01T14:00:00Z,2023-08-01T20:00:00Z,FANG,MarketOnClose,Filled,sell,-4,131.743127368,-526.972509472,1.0,
1151,2023-08-01T14:00:00Z,2023-08-01T20:00:00Z,XOM,MarketOnClose,Filled,buy,11,95.8101079,1053.9111869,1.0,
1152,2023-08-01T14:00:00Z,2023-08-01T20:00:00Z,DELL,MarketOnClose,Filled,buy,18,50.863141719,915.536550942,1.0,
1153,2023-08-01T14:00:00Z,2023-08-01T20:00:00Z,PFE,MarketOnClose,Filled,buy,26,29.378969473,763.853206298,1.0,
1154,2023-08-01T14:00:00Z,2023-08-01T20:00:00Z,LEN,MarketOnClose,Filled,buy,5,117.096912411465,585.484562057325,1.0,
1155,2023-08-01T14:00:00Z,2023-08-01T20:00:00Z,DOW,MarketOnClose,Filled,buy,10,46.331827416,463.31827416,1.0,
1156,2023-09-01T14:00:00Z,2023-09-01T20:00:00Z,MPC,MarketOnClose,Filled,sell,-8,137.574875324,-1100.599002592,1.0,
1157,2023-09-01T14:00:00Z,2023-09-01T20:00:00Z,DELL,MarketOnClose,Filled,sell,-15,64.987027053,-974.805405795,1.0,
1158,2023-09-01T14:00:00Z,2023-09-01T20:00:00Z,COP,MarketOnClose,Filled,sell,-5,111.240922598,-556.20461299,1.0,
1159,2023-09-01T14:00:00Z,2023-09-01T20:00:00Z,XOM,MarketOnClose,Filled,sell,-5,102.866068536,-514.33034268,1.0,
1160,2023-09-01T14:00:00Z,2023-09-01T20:00:00Z,HPQ,MarketOnClose,Filled,buy,47,26.601644845,1250.277307715,1.0,
1161,2023-09-01T14:00:00Z,2023-09-01T20:00:00Z,FCX,MarketOnClose,Filled,buy,30,39.955708098,1198.67124294,1.0,
1162,2023-09-01T14:00:00Z,2023-09-01T20:00:00Z,DHI,MarketOnClose,Filled,buy,7,116.485738908,815.400172356,1.0,
1163,2023-09-01T14:00:00Z,2023-09-01T20:00:00Z,KR,MarketOnClose,Filled,buy,17,43.001797234,731.030552978,1.0,
1164,2023-09-01T14:00:00Z,2023-09-01T20:00:00Z,LEN,MarketOnClose,Filled,buy,5,111.251287020215,556.256435101075,1.0,
1165,2023-10-02T14:00:00Z,2023-10-02T20:00:00Z,DELL,MarketOnClose,Filled,sell,-210,64.52004299,-13549.2090279,1.05,reached implied value
1166,2023-10-02T14:00:00Z,2023-10-02T20:00:00Z,VLO,MarketOnClose,Filled,sell,-11,127.160673624,-1398.767409864,1.0,
1167,2023-10-02T14:00:00Z,2023-10-02T20:00:00Z,PSX,MarketOnClose,Filled,sell,-10,107.81022032,-1078.1022032,1.0,
1168,2023-10-02T14:00:00Z,2023-10-02T20:00:00Z,FANG,MarketOnClose,Filled,sell,-6,134.56758954,-807.40553724,1.0,
1169,2023-10-02T14:00:00Z,2023-10-02T20:00:00Z,ET,MarketOnClose,Filled,sell,-73,10.947667068,-799.179695964,1.0,
1170,2023-10-02T14:00:00Z,2023-10-02T20:00:00Z,XOM,MarketOnClose,Filled,sell,-7,104.778043559,-733.446304913,1.0,
1171,2023-10-02T14:00:00Z,2023-10-02T20:00:00Z,MPC,MarketOnClose,Filled,sell,-5,141.401636038,-707.00818019,1.0,
1172,2023-10-02T14:00:00Z,2023-10-02T20:00:00Z,OXY,MarketOnClose,Filled,sell,-9,58.96822715,-530.71404435,1.0,
1173,2023-10-02T14:00:00Z,2023-10-02T20:00:00Z,COG,MarketOnClose,Filled,buy,450,24.256146152,10915.2657684,2.25,
1174,2023-10-02T14:00:00Z,2023-10-02T20:00:00Z,WBD,MarketOnClose,Filled,buy,166,10.51,1744.66,1.0,
1175,2023-10-02T14:00:00Z,2023-10-02T20:00:00Z,HPQ,MarketOnClose,Filled,buy,60,22.686288622,1361.17731732,1.0,
1176,2023-10-02T14:00:00Z,2023-10-02T20:00:00Z,NUE,MarketOnClose,Filled,buy,7,148.75565284,1041.28956988,1.0,
1177,2023-10-02T14:00:00Z,2023-10-02T20:00:00Z,DHI,MarketOnClose,Filled,buy,10,102.916090508,1029.16090508,1.0,
1178,2023-10-02T14:00:00Z,2023-10-02T20:00:00Z,PFE,MarketOnClose,Filled,buy,29,27.985467974,811.578571246,1.0,
1179,2023-10-02T14:00:00Z,2023-10-02T20:00:00Z,DOW,MarketOnClose,Filled,buy,16,43.15755627,690.52090032,1.0,
1180,2023-10-02T14:00:00Z,2023-10-02T20:00:00Z,FCX,MarketOnClose,Filled,buy,19,35.285060128,670.416142432,1.0,
1181,2023-10-02T14:00:00Z,2023-10-02T20:00:00Z,LEN,MarketOnClose,Filled,buy,6,102.482848933341,614.897093600046,1.0,
1182,2023-10-02T14:00:00Z,2023-10-02T20:00:00Z,MU,MarketOnClose,Filled,buy,6,67.208912876,403.253477256,1.0,
1183,2023-11-01T14:00:00Z,2023-11-01T20:00:00Z,MU,MarketOnClose,Filled,sell,-166,68.74749426,-11412.08404716,1.0,no valuation
1184,2023-11-01T14:00:00Z,2023-11-01T20:00:00Z,FANG,MarketOnClose,Filled,sell,-6,142.819037607,-856.914225642,1.0,
1185,2023-11-01T14:00:00Z,2023-11-01T20:00:00Z,HPQ,MarketOnClose,Filled,sell,-33,23.402139568,-772.270605744,1.0,
1186,2023-11-01T14:00:00Z,2023-11-01T20:00:00Z,COG,MarketOnClose,Filled,sell,-27,25.389697055,-685.521820485,1.0,
1187,2023-11-01T14:00:00Z,2023-11-01T20:00:00Z,COP,MarketOnClose,Filled,sell,-6,106.792379457,-640.754276742,1.0,
1188,2023-11-01T14:00:00Z,2023-11-01T20:00:00Z,DAL,MarketOnClose,Filled,buy,354,30.177263091,10682.751134214,1.77,
1189,2023-11-01T14:00:00Z,2023-11-01T20:00:00Z,CVX,MarketOnClose,Filled,buy,6,127.003087832,762.018526992,1.0,
1190,2023-11-01T14:00:00Z,2023-11-01T20:00:00Z,VLO,MarketOnClose,Filled,buy,6,117.620630328,705.723781968,1.0,
1191,2023-11-01T14:00:00Z,2023-11-01T20:00:00Z,XOM,MarketOnClose,Filled,buy,6,95.725612052,574.353672312,1.0,
1192,2023-11-01T14:00:00Z,2023-11-01T20:00:00Z,FCX,MarketOnClose,Filled,buy,16,32.595018153,521.520290448,1.0,
1193,2023-11-01T14:00:00Z,2023-11-01T20:00:00Z,WBD,MarketOnClose,Filled,buy,48,10.08,483.84,1.0,
1194,2023-12-01T15:00:00Z,2023-12-01T21:00:00Z,DHI,MarketOnClose,Filled,sell,-16,127.135279476,-2034.164471616,1.0,
1195,2023-12-01T15:00:00Z,2023-12-01T21:00:00Z,LEN,MarketOnClose,Filled,sell,-12,121.723472010223,-1460.681664122676,1.0,
1196,2023-12-01T15:00:00Z,2023-12-01T21:00:00Z,DAL,MarketOnClose,Filled,sell,-37,36.909188705,-1365.639982085,1.0,
1197,2023-12-01T15:00:00Z,2023-12-01T21:00:00Z,PSX,MarketOnClose,Filled,sell,-7,118.5622719,-829.9359033,1.0,
1198,2023-12-01T15:00:00Z,2023-12-01T21:00:00Z,NUE,MarketOnClose,Filled,sell,-5,163.77730198,-818.8865099,1.0,
1199,2023-12-01T15:00:00Z,2023-12-01T21:00:00Z,HPQ,MarketOnClose,Filled,sell,-23,26.0711147,-599.6356381,1.0,
1200,2023-12-01T15:00:00Z,2023-12-01T21:00:00Z,FCX,MarketOnClose,Filled,sell,-13,37.942109532,-493.247423916,1.0,
1201,2023-12-01T15:00:00Z,2023-12-01T21:00:00Z,OXY,MarketOnClose,Filled,buy,21,55.683801015,1169.359821315,1.0,
1202,2023-12-01T15:00:00Z,2023-12-01T21:00:00Z,COG,MarketOnClose,Filled,buy,43,24.268640014,1043.551520602,1.0,
1203,2023-12-01T15:00:00Z,2023-12-01T21:00:00Z,XOM,MarketOnClose,Filled,buy,10,94.168557492,941.68557492,1.0,
1204,2023-12-01T15:00:00Z,2023-12-01T21:00:00Z,PFE,MarketOnClose,Filled,buy,36,24.159338231,869.736176316,1.0,
1205,2023-12-01T15:00:00Z,2023-12-01T21:00:00Z,COP,MarketOnClose,Filled,buy,8,106.006115052,848.048920416,1.0,
1206,2023-12-01T15:00:00Z,2023-12-01T21:00:00Z,FANG,MarketOnClose,Filled,buy,6,141.20379381,847.22276286,1.0,
1207,2023-12-01T15:00:00Z,2023-12-01T21:00:00Z,VLO,MarketOnClose,Filled,buy,6,117.321978898,703.931873388,1.0,
1208,2023-12-01T15:00:00Z,2023-12-01T21:00:00Z,CVX,MarketOnClose,Filled,buy,5,129.06529352,645.3264676,1.0,
1209,2023-12-01T15:00:00Z,2023-12-01T21:00:00Z,KR,MarketOnClose,Filled,buy,12,41.98678342,503.84140104,1.0,
1210,2024-01-02T15:00:00Z,2024-01-02T21:00:00Z,DHI,MarketOnClose,Filled,sell,-11,145.613905608,-1601.752961688,1.0,
1211,2024-01-02T15:00:00Z,2024-01-02T21:00:00Z,LEN,MarketOnClose,Filled,sell,-11,136.413916876634,-1500.553085642974,1.0,
1212,2024-01-02T15:00:00Z,2024-01-02T21:00:00Z,FCX,MarketOnClose,Filled,sell,-27,40.697843787,-1098.841782249,1.0,
1213,2024-01-02T15:00:00Z,2024-01-02T21:00:00Z,DAL,MarketOnClose,Filled,sell,-14,39.237232145,-549.32125003,1.0,
1214,2024-01-02T15:00:00Z,2024-01-02T21:00:00Z,PFE,MarketOnClose,Filled,buy,46,24.844590993,1142.851185678,1.0,
1215,2024-01-02T15:00:00Z,2024-01-02T21:00:00Z,MPC,MarketOnClose,Filled,buy,6,144.397864468,866.387186808,1.0,
1216,2024-01-02T15:00:00Z,2024-01-02T21:00:00Z,COG,MarketOnClose,Filled,buy,34,23.850855469,810.929085946,1.0,
1217,2024-01-02T15:00:00Z,2024-01-02T21:00:00Z,XOM,MarketOnClose,Filled,buy,8,93.629040606,749.032324848,1.0,
1218,2024-01-02T15:00:00Z,2024-01-02T21:00:00Z,ET,MarketOnClose,Filled,buy,50,11.287039724,564.3519862,1.0,
1219,2024-01-02T15:00:00Z,2024-01-02T21:00:00Z,COP,MarketOnClose,Filled,buy,5,108.177202716,540.88601358,1.0,
1220,2024-01-02T15:00:00Z,2024-01-02T21:00:00Z,FANG,MarketOnClose,Filled,buy,3,143.71172403,431.13517209,1.0,
1221,2024-01-03T05:00:00Z,2024-01-03T21:00:00Z,COG,MarketOnOpen,Filled,sell,-500,23.869423671,-11934.7118355,2.5,left universe
1222,2024-02-01T15:00:00Z,2024-02-01T21:00:00Z,DOW,MarketOnClose,Filled,sell,-258,45.660362934,-11780.373636972,1.29,reached implied value
1223,2024-02-01T15:00:00Z,2024-02-01T21:00:00Z,MPC,MarketOnClose,Filled,sell,-9,158.775099989,-1428.975899901,1.0,
1224,2024-02-01T15:00:00Z,2024-02-01T21:00:00Z,PSX,MarketOnClose,Filled,sell,-7,133.05118485,-931.35829395,1.0,
1225,2024-02-01T15:00:00Z,2024-02-01T21:00:00Z,VLO,MarketOnClose,Filled,sell,-7,129.353824661,-905.476772627,1.0,
1226,2024-02-01T15:00:00Z,2024-02-01T21:00:00Z,NUE,MarketOnClose,Filled,sell,-4,178.938552414,-715.754209656,1.0,
1227,2024-02-01T15:00:00Z,2024-02-01T21:00:00Z,HPE,MarketOnClose,Filled,buy,825,14.392045056,11873.4371712,4.125,
1228,2024-02-01T15:00:00Z,2024-02-01T21:00:00Z,ETR,MarketOnClose,Filled,buy,259,46.547583264,12055.824065376,1.295,
1229,2024-02-01T15:00:00Z,2024-02-01T21:00:00Z,WBD,MarketOnClose,Filled,buy,98,10.445,1023.61,1.0,
1230,2024-02-01T15:00:00Z,2024-02-01T21:00:00Z,OXY,MarketOnClose,Filled,buy,13,54.428011112,707.564144456,1.0,
1231,2024-02-01T15:00:00Z,2024-02-01T21:00:00Z,DHI,MarketOnClose,Filled,buy,5,143.136487278,715.68243639,1.0,
1232,2024-02-01T15:00:00Z,2024-02-01T21:00:00Z,FCX,MarketOnClose,Filled,buy,18,38.99264082,701.86753476,1.0,
1233,2024-02-01T15:00:00Z,2024-02-01T21:00:00Z,HPQ,MarketOnClose,Filled,buy,23,25.8104284,593.6398532,1.0,
1234,2024-02-01T15:00:00Z,2024-02-01T21:00:00Z,PFE,MarketOnClose,Filled,buy,22,23.148734313,509.272154886,1.0,
1235,2024-03-01T05:00:00Z,,HPE,MarketOnOpen,Canceled,sell,-825,0.0,0.0,0.0,no valuation
1236,2024-03-01T15:00:00Z,2024-03-01T21:00:00Z,FCX,MarketOnClose,Filled,sell,-306,36.80913057,-11263.59395442,1.53,no valuation
1237,2024-03-01T15:00:00Z,2024-03-01T21:00:00Z,PFE,MarketOnClose,Filled,sell,-514,22.554959523,-11593.249194822,2.57,reached implied value
1238,2024-03-01T15:00:00Z,2024-03-01T21:00:00Z,HPE,MarketOnClose,Filled,sell,-825,14.579441476,-12028.0392177,4.125,no valuation
1239,2024-03-01T15:00:00Z,2024-03-01T21:00:00Z,FANG,MarketOnClose,Filled,sell,-11,169.48665651,-1864.35322161,1.0,
1240,2024-03-01T15:00:00Z,2024-03-01T21:00:00Z,ET,MarketOnClose,Filled,sell,-61,12.45572769,-759.79938909,1.0,
1241,2024-03-01T15:00:00Z,2024-03-01T21:00:00Z,KR,MarketOnClose,Filled,sell,-15,46.576007836,-698.64011754,1.0,
1242,2024-03-01T15:00:00Z,2024-03-01T21:00:00Z,T,MarketOnClose,Filled,buy,809,15.016743534,12148.545519006,4.045,
1243,2024-03-01T15:00:00Z,2024-03-01T21:00:00Z,CQP,MarketOnClose,Filled,buy,288,42.11107184,12127.98868992,1.44,
1244,2024-03-01T15:00:00Z,2024-03-01T21:00:00Z,LNG,MarketOnClose,Filled,buy,79,152.546640625,12051.184609375,1.0,
1245,2024-03-01T15:00:00Z,2024-03-01T21:00:00Z,WBD,MarketOnClose,Filled,buy,198,8.66,1714.68,1.0,
1246,2024-03-01T15:00:00Z,2024-03-01T21:00:00Z,COP,MarketOnClose,Filled,buy,5,105.8450736,529.225368,1.0,
1247,2024-04-01T14:00:00Z,2024-04-01T20:00:00Z,MPC,MarketOnClose,Filled,sell,-7,194.672479948,-1362.707359636,1.0,
1248,2024-04-01T14:00:00Z,2024-04-01T20:00:00Z,VLO,MarketOnClose,Filled,sell,-8,161.484158576,-1291.873268608,1.0,
1249,2024-04-01T14:00:00Z,2024-04-01T20:00:00Z,DAL,MarketOnClose,Filled,sell,-20,46.885588652,-937.71177304,1.0,
1250,2024-04-01T14:00:00Z,2024-04-01T20:00:00Z,KR,MarketOnClose,Filled,sell,-14,53.994440329,-755.922164606,1.0,
1251,2024-04-01T14:00:00Z,2024-04-01T20:00:00Z,XOM,MarketOnClose,Filled,sell,-6,107.946337248,-647.678023488,1.0,
1252,2024-04-01T14:00:00Z,2024-04-01T20:00:00Z,WBD,MarketOnClose,Filled,buy,134,8.79,1177.86,1.0,
1253,2024-04-01T14:00:00Z,2024-04-01T20:00:00Z,CQP,MarketOnClose,Filled,buy,21,42.62883092,895.20544932,1.0,
1254,2024-04-01T14:00:00Z,2024-04-01T20:00:00Z,HPQ,MarketOnClose,Filled,buy,24,27.338858708,656.132608992,1.0,
1255,2024-04-01T14:00:00Z,2024-04-01T20:00:00Z,LNG,MarketOnClose,Filled,buy,4,155.58292896,622.33171584,1.0,
1256,2024-04-01T14:00:00Z,2024-04-01T20:00:00Z,T,MarketOnClose,Filled,buy,39,15.47662025,603.58818975,1.0,
1257,2024-04-01T14:00:00Z,2024-04-01T20:00:00Z,NUE,MarketOnClose,Filled,buy,3,193.33894,580.01682,1.0,
1258,2024-04-01T14:00:00Z,2024-04-01T20:00:00Z,CVX,MarketOnClose,Filled,buy,4,143.304725536,573.218902144,1.0,
1259,2024-04-01T14:00:00Z,2024-04-01T20:00:00Z,ETR,MarketOnClose,Filled,buy,11,48.355949477,531.915444247,1.0,
1260,2024-04-02T04:00:00Z,2024-04-02T20:00:00Z,WBD,MarketOnOpen,Filled,sell,-1511,8.58,-12964.38,7.555,left universe
1261,2024-05-01T14:00:00Z,2024-05-01T20:00:00Z,DAL,MarketOnClose,Filled,sell,-23,48.635776532,-1118.622860236,1.0,
1262,2024-05-01T14:00:00Z,2024-05-01T20:00:00Z,OXY,MarketOnClose,Filled,sell,-15,61.41947077,-921.29206155,1.0,
1263,2024-05-01T14:00:00Z,2024-05-01T20:00:00Z,FANG,MarketOnClose,Filled,sell,-5,182.443187451,-912.215937255,1.0,
1264,2024-05-01T14:00:00Z,2024-05-01T20:00:00Z,COP,MarketOnClose,Filled,sell,-7,115.2028751,-806.4201257,1.0,
1265,2024-05-01T14:00:00Z,2024-05-01T20:00:00Z,XOM,MarketOnClose,Filled,sell,-7,107.023403448,-749.163824136,1.0,
1266,2024-05-01T14:00:00Z,2024-05-01T20:00:00Z,CVX,MarketOnClose,Filled,sell,-5,143.773277204,-718.86638602,1.0,
1267,2024-05-01T14:00:00Z,2024-05-01T20:00:00Z,ETR,MarketOnClose,Filled,sell,-13,49.918911318,-648.945847134,1.0,
1268,2024-05-01T14:00:00Z,2024-05-01T20:00:00Z,CVS,MarketOnClose,Filled,buy,204,51.603266709,10527.066408636,1.02,
1269,2024-05-01T14:00:00Z,2024-05-01T20:00:00Z,NUE,MarketOnClose,Filled,buy,9,163.052395049,1467.471555441,1.0,
1270,2024-05-01T14:00:00Z,2024-05-01T20:00:00Z,PSX,MarketOnClose,Filled,buy,7,129.09583372,903.67083604,1.0,
1271,2024-05-01T14:00:00Z,2024-05-01T20:00:00Z,MPC,MarketOnClose,Filled,buy,5,170.444370316,852.22185158,1.0,
1272,2024-05-01T14:00:00Z,2024-05-01T20:00:00Z,DHI,MarketOnClose,Filled,buy,6,139.000467424,834.002804544,1.0,
1273,2024-05-01T14:00:00Z,2024-05-01T20:00:00Z,LEN,MarketOnClose,Filled,buy,4,141.972638140466,567.890552561864,1.0,
1274,2024-06-03T14:00:00Z,2024-06-03T20:00:00Z,HPQ,MarketOnClose,Filled,sell,-90,31.784347912,-2860.59131208,1.0,
1275,2024-06-03T14:00:00Z,2024-06-03T20:00:00Z,T,MarketOnClose,Filled,sell,-56,16.188070579,-906.531952424,1.0,
1276,2024-06-03T14:00:00Z,2024-06-03T20:00:00Z,CVS,MarketOnClose,Filled,buy,33,55.177280919,1820.850270327,1.0,
1277,2024-06-03T14:00:00Z,2024-06-03T20:00:00Z,COP,MarketOnClose,Filled,buy,10,106.173435604,1061.73435604,1.0,
1278,2024-06-03T14:00:00Z,2024-06-03T20:00:00Z,OXY,MarketOnClose,Filled,buy,16,57.721913802,923.550620832,1.0,
1279,2024-06-03T14:00:00Z,2024-06-03T20:00:00Z,KR,MarketOnClose,Filled,buy,17,49.393579888,839.690858096,1.0,
1280,2024-06-03T14:00:00Z,2024-06-03T20:00:00Z,VLO,MarketOnClose,Filled,buy,5,144.988989366,724.94494683,1.0,
1281,2024-06-03T14:00:00Z,2024-06-03T20:00:00Z,MPC,MarketOnClose,Filled,buy,3,167.215915875,501.647747625,1.0,
1282,2024-07-01T14:00:00Z,2024-07-01T20:00:00Z,LNG,MarketOnClose,Filled,sell,-9,169.456633192,-1525.109698728,1.0,
1283,2024-07-01T14:00:00Z,2024-07-01T20:00:00Z,ET,MarketOnClose,Filled,sell,-64,13.874606796,-887.974834944,1.0,
1284,2024-07-01T14:00:00Z,2024-07-01T20:00:00Z,T,MarketOnClose,Filled,sell,-47,17.059943342,-801.817337074,1.0,
1285,2024-07-01T14:00:00Z,2024-07-01T20:00:00Z,NUE,MarketOnClose,Filled,buy,6,152.3026542,913.8159252,1.0,
1286,2024-07-01T14:00:00Z,2024-07-01T20:00:00Z,DAL,MarketOnClose,Filled,buy,17,45.708459912,777.043818504,1.0,
1287,2024-08-01T14:00:00Z,2024-08-01T20:00:00Z,DHI,MarketOnClose,Filled,sell,-91,174.969110305,-15922.189037755,1.0,reached implied value
1288,2024-08-01T14:00:00Z,2024-08-01T20:00:00Z,LEN,MarketOnClose,Filled,sell,-9,164.680786746066,-1482.127080714594,1.0,
1289,2024-08-01T14:00:00Z,2024-08-01T20:00:00Z,CQP,MarketOnClose,Filled,sell,-19,46.33933451,-880.44735569,1.0,
1290,2024-08-01T14:00:00Z,2024-08-01T20:00:00Z,ETR,MarketOnClose,Filled,sell,-11,56.376919662,-620.146116282,1.0,
1291,2024-08-01T14:00:00Z,2024-08-01T20:00:00Z,F,MarketOnClose,Filled,buy,1451,9.089191742,13188.417217642,7.255,
1292,2024-08-01T14:00:00Z,2024-08-01T20:00:00Z,DAL,MarketOnClose,Filled,buy,40,40.5693459,1622.773836,1.0,
1293,2024-08-01T14:00:00Z,2024-08-01T20:00:00Z,COP,MarketOnClose,Filled,buy,9,101.063833188,909.574498692,1.0,
1294,2024-08-01T14:00:00Z,2024-08-01T20:00:00Z,OXY,MarketOnClose,Filled,buy,12,56.797943832,681.575325984,1.0,
1295,2024-08-01T14:00:00Z,2024-08-01T20:00:00Z,CVX,MarketOnClose,Filled,buy,4,138.863065429,555.452261716,1.0,
1296,2024-08-01T14:00:00Z,2024-08-01T20:00:00Z,FANG,MarketOnClose,Filled,buy,3,186.328524514,558.985573542,1.0,
1297,2024-08-01T14:00:00Z,2024-08-01T20:00:00Z,XOM,MarketOnClose,Filled,buy,5,108.804519282,544.02259641,1.0,
1298,2024-09-03T14:00:00Z,2024-09-03T20:00:00Z,F,MarketOnClose,Filled,sell,-84,9.481181688,-796.419261792,1.0,
1299,2024-09-03T14:00:00Z,2024-09-03T20:00:00Z,ETR,MarketOnClose,Filled,sell,-14,57.565033692,-805.910471688,1.0,
1300,2024-09-03T14:00:00Z,2024-09-03T20:00:00Z,VLO,MarketOnClose,Filled,buy,7,134.036728127,938.257096889,1.0,
1301,2024-09-03T14:00:00Z,2024-09-03T20:00:00Z,NUE,MarketOnClose,Filled,buy,6,140.108741058,840.652446348,1.0,
1302,2024-09-03T14:00:00Z,2024-09-03T20:00:00Z,CVX,MarketOnClose,Filled,buy,6,133.137281292,798.823687752,1.0,
1303,2024-09-03T14:00:00Z,2024-09-03T20:00:00Z,OXY,MarketOnClose,Filled,buy,13,52.99100856,688.88311128,1.0,
1304,2024-09-03T14:00:00Z,2024-09-03T20:00:00Z,CVS,MarketOnClose,Filled,buy,12,53.177465848,638.129590176,1.0,
1305,2024-09-03T14:00:00Z,2024-09-03T20:00:00Z,PSX,MarketOnClose,Filled,buy,4,126.329301,505.317204,1.0,
1306,2024-09-03T14:00:00Z,2024-09-03T20:00:00Z,CQP,MarketOnClose,Filled,buy,12,42.991696293,515.900355516,1.0,
1307,2024-10-01T14:00:00Z,2024-10-01T20:00:00Z,FANG,MarketOnClose,Filled,sell,-70,168.88196556,-11821.7375892,1.0,reached implied value
1308,2024-10-01T14:00:00Z,2024-10-01T20:00:00Z,DAL,MarketOnClose,Filled,sell,-51,48.839627016,-2490.820977816,1.0,
1309,2024-10-01T14:00:00Z,2024-10-01T20:00:00Z,T,MarketOnClose,Filled,sell,-87,20.189289733,-1756.468206771,1.0,
1310,2024-10-01T14:00:00Z,2024-10-01T20:00:00Z,CVS,MarketOnClose,Filled,sell,-23,57.032785784,-1311.754073032,1.0,
1311,2024-10-01T14:00:00Z,2024-10-01T20:00:00Z,ETR,MarketOnClose,Filled,sell,-20,62.63931273,-1252.7862546,1.0,
1312,2024-10-01T14:00:00Z,2024-10-01T20:00:00Z,KR,MarketOnClose,Filled,sell,-20,54.342896245,-1086.8579249,1.0,
1313,2024-10-01T14:00:00Z,2024-10-01T20:00:00Z,LEN,MarketOnClose,Filled,sell,-5,175.949796551772,-879.74898275886,1.0,
1314,2024-10-01T14:00:00Z,2024-10-01T20:00:00Z,HAL,MarketOnClose,Filled,buy,477,28.517016672,13602.616952544,2.385,
1315,2024-10-01T14:00:00Z,2024-10-01T20:00:00Z,MPC,MarketOnClose,Filled,buy,8,159.437405798,1275.499246384,1.0,
1316,2024-10-01T14:00:00Z,2024-10-01T20:00:00Z,OXY,MarketOnClose,Filled,buy,24,51.1501608,1227.6038592,1.0,
1317,2024-10-01T14:00:00Z,2024-10-01T20:00:00Z,VLO,MarketOnClose,Filled,buy,9,130.339032437,1173.051291933,1.0,
1318,2024-10-01T14:00:00Z,2024-10-01T20:00:00Z,PSX,MarketOnClose,Filled,buy,7,124.448398074,871.138786518,1.0,
1319,2024-10-01T14:00:00Z,2024-10-01T20:00:00Z,F,MarketOnClose,Filled,buy,81,9.2825777,751.8887937,1.0,
1320,2024-10-01T14:00:00Z,2024-10-01T20:00:00Z,COP,MarketOnClose,Filled,buy,5,102.715262043,513.576310215,1.0,
1321,2024-11-01T14:00:00Z,2024-11-01T20:00:00Z,ETR,MarketOnClose,Filled,sell,-32,68.217721626,-2182.967092032,1.0,
1322,2024-11-01T14:00:00Z,2024-11-01T20:00:00Z,DAL,MarketOnClose,Filled,sell,-32,57.249024366,-1831.968779712,1.0,
1323,2024-11-01T14:00:00Z,2024-11-01T20:00:00Z,LNG,MarketOnClose,Filled,sell,-5,184.125877692,-920.62938846,1.0,
1324,2024-11-01T14:00:00Z,2024-11-01T20:00:00Z,COP,MarketOnClose,Filled,sell,-6,101.278356576,-607.670139456,1.0,
1325,2024-11-01T14:00:00Z,2024-11-01T20:00:00Z,T,MarketOnClose,Filled,sell,-27,20.438798156,-551.847550212,1.0,
1326,2024-11-01T14:00:00Z,2024-11-01T20:00:00Z,MPC,MarketOnClose,Filled,buy,9,137.620768857,1238.586919713,1.0,
1327,2024-11-01T14:00:00Z,2024-11-01T20:00:00Z,CVS,MarketOnClose,Filled,buy,22,52.298831051,1150.574283122,1.0,
1328,2024-11-01T14:00:00Z,2024-11-01T20:00:00Z,LEN,MarketOnClose,Filled,buy,7,158.970991163529,1112.796938144703,1.0,
1329,2024-11-01T14:00:00Z,2024-11-01T20:00:00Z,PSX,MarketOnClose,Filled,buy,8,112.302069726,898.416557808,1.0,
1330,2024-11-01T14:00:00Z,2024-11-01T20:00:00Z,NUE,MarketOnClose,Filled,buy,6,139.765967608,838.595805648,1.0,
1331,2024-11-01T14:00:00Z,2024-11-01T20:00:00Z,HAL,MarketOnClose,Filled,buy,20,26.373238272,527.46476544,1.0,
1332,2024-12-02T15:00:00Z,2024-12-02T21:00:00Z,ET,MarketOnClose,Filled,sell,-119,17.1176619,-2037.0017661,1.0,
1333,2024-12-02T15:00:00Z,2024-12-02T21:00:00Z,CQP,MarketOnClose,Filled,sell,-33,53.105307773,-1752.475156509,1.0,
1334,2024-12-02T15:00:00Z,2024-12-02T21:00:00Z,LNG,MarketOnClose,Filled,sell,-5,218.947338345,-1094.736691725,1.0,
1335,2024-12-02T15:00:00Z,2024-12-02T21:00:00Z,HAL,MarketOnClose,Filled,sell,-29,30.070065024,-872.031885696,1.0,
1336,2024-12-02T15:00:00Z,2024-12-02T21:00:00Z,HPQ,MarketOnClose,Filled,buy,43,33.3264537,1433.0375091,1.0,
1337,2024-12-02T15:00:00Z,2024-12-02T21:00:00Z,OXY,MarketOnClose,Filled,buy,26,48.431757888,1259.225705088,1.0,
1338,2024-12-02T15:00:00Z,2024-12-02T21:00:00Z,COP,MarketOnClose,Filled,buy,11,100.378370538,1104.162075918,1.0,
1339,2024-12-02T15:00:00Z,2024-12-02T21:00:00Z,LEN,MarketOnClose,Filled,buy,5,162.540951533287,812.704757666435,1.0,
1340,2024-12-02T15:00:00Z,2024-12-02T21:00:00Z,ETR,MarketOnClose,Filled,buy,11,72.7889609375,800.6785703125,1.0,
1341,2024-12-02T15:00:00Z,2024-12-02T21:00:00Z,T,MarketOnClose,Filled,buy,33,20.965476047,691.860709551,1.0,
1342,2024-12-02T15:00:00Z,2024-12-02T21:00:00Z,XOM,MarketOnClose,Filled,buy,6,111.442271585,668.65362951,1.0,
