symbol,direction,quantity,entry_time,entry_price,exit_time,exit_price,profit_loss,total_fees,mae,mfe,end_trade_drawdown,duration,is_win,order_ids
LEA,long,58,2016-02-01T21:00:00Z,86.317154639,2016-02-02T21:00:00Z,85.197426376,-64.94,2.0,-189.62,0.0,189.62,1.00:00:00,False,20 21
TSN,long,18,2016-02-01T21:00:00Z,41.576944466,2016-03-01T21:00:00Z,50.318196168,157.34,2.0,-32.52,167.84,32.52,29.00:00:00,True,4 22
CTL,long,49,2016-02-01T21:00:00Z,13.91136656,2016-03-01T21:00:00Z,16.715124608,137.38,2.825,-34.48,137.38,53.43,29.00:00:00,True,5 23
UAL,long,13,2016-02-01T21:00:00Z,48.85,2016-03-01T21:00:00Z,58.46,124.93,2.0,-41.21,124.93,41.21,29.00:00:00,True,11 24
BBY,long,28,2016-02-01T21:00:00Z,19.109253061,2016-03-01T21:00:00Z,22.099045192,83.71,2.335,-30.9,83.71,31.84,29.00:00:00,True,2 25
DOW,long,10,2016-02-01T21:00:00Z,52.4968856582607,2016-03-01T21:00:00Z,61.73130730176405,92.34,2.0,0.0,92.34,31.69,29.00:00:00,True,18 26
STX,long,15,2016-02-01T21:00:00Z,19.031849138,2016-03-01T21:00:00Z,21.211865404,32.7,2.37,-16.9,32.7,24.51,29.00:00:00,True,7 27
HPQ,long,39,2016-02-01T21:00:00Z,6.902331697,2016-03-01T21:00:00Z,7.566949393,25.92,4.705,-25.65,25.92,25.65,29.00:00:00,True,8 28
HPE,long,101,2016-02-01T21:00:00Z,10.335336095,2016-04-01T20:00:00Z,13.83974032,353.94,3.415,-113.55,353.94,118.09,59.23:00:00,True,9 36
HPQ,long,50,2016-02-01T21:00:00Z,6.902331697,2016-04-01T20:00:00Z,8.582917048,84.03,1.0,-32.88,86.13,32.88,59.23:00:00,True,8 37
EMR,long,8,2016-02-01T21:00:00Z,34.656258,2016-04-01T20:00:00Z,42.128345625,59.78,2.0,0.0,63.29,11.39,59.23:00:00,True,15 38
EMN,long,6,2016-02-01T21:00:00Z,42.16867344,2016-04-01T20:00:00Z,51.71804871,57.3,2.0,-8.5,57.46,12.26,59.23:00:00,True,19 39
AAPL,long,10,2016-02-01T21:00:00Z,21.655612962,2016-04-01T20:00:00Z,24.83486208,31.79,2.14,-4.99,31.79,7.74,59.23:00:00,True,3 40
MPC,long,22,2016-02-01T21:00:00Z,30.149807381,2016-05-02T20:00:00Z,28.139322222,-44.23,2.0,-175.31,2.14,175.31,90.23:00:00,False,14 47
EMN,long,11,2016-02-01T21:00:00Z,42.16867344,2016-05-02T20:00:00Z,54.10525161,131.3,1.0,-15.57,140.18,22.48,90.23:00:00,True,19 48
MU,long,43,2016-02-01T21:00:00Z,10.687504808,2016-05-02T20:00:00Z,10.355958126,-14.26,3.315,-53.25,38.58,71.7,90.23:00:00,False,10 49
F,long,49,2016-02-01T21:00:00Z,7.124142485,2016-05-02T20:00:00Z,8.12767371,49.17,4.535,-26.03,62.92,32.97,90.23:00:00,True,6 50
GM,long,14,2016-02-01T21:00:00Z,24.06538739,2016-05-02T20:00:00Z,25.69440505,22.81,2.05,-35.92,33.12,35.92,90.23:00:00,True,12 51
EMR,long,8,2016-02-01T21:00:00Z,34.656258,2016-05-02T20:00:00Z,42.482300675,62.61,1.0,0.0,69.26,15.02,90.23:00:00,True,15 52
DOW,long,5,2016-02-01T21:00:00Z,52.4968856582607,2016-05-02T20:00:00Z,65.49651194197995,65.0,1.0,0.0,71.34,15.84,90.23:00:00,True,18 53
HPQ,long,32,2016-02-01T21:00:00Z,6.902331697,2016-05-02T20:00:00Z,8.484906576,50.64,1.0,-21.05,65.88,21.05,90.23:00:00,True,8 54
BBY,long,11,2016-02-01T21:00:00Z,19.109253061,2016-05-02T20:00:00Z,22.065574146,32.52,1.0,-12.14,42.6,26.33,90.23:00:00,True,2 55
STX,long,259,2016-02-01T21:00:00Z,19.031849138,2016-05-03T20:00:00Z,13.009263224,-1559.85,1.915,-1715.26,1194.53,2909.79,91.23:00:00,False,7 62
STX,long,124,2016-05-02T20:00:00Z,13.073096704,2016-05-03T20:00:00Z,13.009263224,-7.92,1.0,-82.32,1310.78,82.32,1.00:00:00,False,56 62
MU,long,83,2016-02-01T21:00:00Z,10.687504808,2016-06-01T20:00:00Z,12.764547257,172.39,1.0,-113.31,172.39,187.77,120.23:00:00,True,10 63
HPE,long,41,2016-02-01T21:00:00Z,10.335336095,2016-06-01T20:00:00Z,13.757002742,140.29,1.0,-46.09,145.84,84.19,120.23:00:00,True,9 64
HPQ,long,57,2016-02-01T21:00:00Z,6.902331697,2016-06-01T20:00:00Z,9.409005312,142.88,1.0,-37.49,142.88,54.67,120.23:00:00,True,8 65
AAPL,long,19,2016-02-01T21:00:00Z,21.655612962,2016-06-01T20:00:00Z,22.3668357435,13.51,1.0,-21.53,69.46,90.99,120.23:00:00,True,3 66
DAL,long,8,2016-03-01T21:00:00Z,43.04467977,2016-06-01T20:00:00Z,38.423467801,-36.97,2.0,-54.21,8.59,62.8,91.23:00:00,False,29 67
VZ,long,21,2016-02-01T21:00:00Z,29.034775836,2016-07-01T20:00:00Z,32.508918984,72.96,2.0,-16.46,72.96,57.07,150.23:00:00,True,16 73
MPC,long,22,2016-02-01T21:00:00Z,30.149807381,2016-07-01T20:00:00Z,28.903199094,-27.43,1.0,-175.31,2.14,175.31,150.23:00:00,False,14 74
MU,long,40,2016-02-01T21:00:00Z,10.687504808,2016-07-01T20:00:00Z,12.18921625,60.07,1.0,-54.61,120.53,90.49,150.23:00:00,True,10 75
CTL,long,30,2016-02-01T21:00:00Z,13.91136656,2016-07-01T20:00:00Z,16.379146773,74.03,1.0,-21.11,120.52,97.08,150.23:00:00,True,5 76
TSN,long,9,2016-02-01T21:00:00Z,41.576944466,2016-07-01T20:00:00Z,50.77271401,82.76,1.0,-16.26,104.15,64.72,150.23:00:00,True,4 77
M,long,11,2016-02-01T21:00:00Z,25.676920131,2016-07-01T20:00:00Z,21.50789424,-45.86,2.0,-73.14,29.81,102.95,150.23:00:00,False,17 78
AAL,long,27,2016-06-01T20:00:00Z,30.704694435,2016-08-01T20:00:00Z,34.21242948,94.71,2.0,-173.33,119.36,210.95,61.00:00:00,True,68 86
HPE,long,32,2016-02-01T21:00:00Z,10.335336095,2016-08-01T20:00:00Z,15.907543484,178.31,1.0,-35.98,178.31,65.71,181.23:00:00,True,9 87
UAL,long,8,2016-02-01T21:00:00Z,48.85,2016-08-01T20:00:00Z,47.37,-11.84,1.0,-88.8,98.72,187.52,181.23:00:00,False,11 88
MU,long,60,2016-02-01T21:00:00Z,10.687504808,2016-09-01T20:00:00Z,16.226284672,332.33,1.0,-81.91,348.12,135.74,212.23:00:00,True,10 95
BBY,long,29,2016-02-01T21:00:00Z,19.109253061,2016-09-01T20:00:00Z,26.60040435,217.24,1.0,-32.0,236.66,82.61,212.23:00:00,True,2 96
UAL,long,5,2016-02-01T21:00:00Z,48.85,2016-09-01T20:00:00Z,50.88,10.15,1.0,-55.5,61.7,117.2,212.23:00:00,True,11 97
HPQ,long,43,2016-02-01T21:00:00Z,6.902331697,2016-10-03T20:00:00Z,11.149524805,182.63,1.0,-28.28,182.63,66.72,244.23:00:00,True,8 103
MU,long,20,2016-02-01T21:00:00Z,10.687504808,2016-10-03T20:00:00Z,17.289184329,132.03,1.0,-27.3,137.3,45.25,244.23:00:00,True,10 104
DAL,long,9,2016-03-01T21:00:00Z,43.04467977,2016-10-03T20:00:00Z,35.497246498,-67.93,1.0,-122.26,9.67,131.93,215.23:00:00,False,29 105
AAPL,long,10,2016-02-01T21:00:00Z,21.655612962,2016-10-03T20:00:00Z,25.699267009,40.44,1.0,-11.33,47.4,47.89,244.23:00:00,True,3 106
AAPL,long,189,2016-02-01T21:00:00Z,21.655612962,2016-11-01T20:00:00Z,25.46401776425,719.79,1.11,-214.21,1011.6,905.13,273.23:00:00,True,3 109
AAPL,long,10,2016-03-01T21:00:00Z,22.69886976,2016-11-01T20:00:00Z,25.46401776425,27.65,1.0,-21.77,43.09,47.89,244.23:00:00,True,35 109
AAPL,long,23,2016-05-02T20:00:00Z,21.14316288,2016-11-01T20:00:00Z,25.46401776425,99.38,1.0,-14.28,134.89,43.73,183.00:00:00,True,59 109
MU,long,217,2016-02-01T21:00:00Z,10.687504808,2016-11-01T20:00:00Z,16.557831354,1273.86,1.66,-296.25,1489.7,490.92,273.23:00:00,True,10 110
MU,long,38,2016-03-01T21:00:00Z,10.794769911,2016-11-01T20:00:00Z,16.557831354,219.0,1.0,-55.95,256.79,85.97,244.23:00:00,True,32 110
MU,long,50,2016-04-01T20:00:00Z,10.755764419,2016-11-01T20:00:00Z,16.557831354,290.1,1.0,-71.67,339.84,113.12,214.00:00:00,True,41 110
MU,long,27,2016-08-01T20:00:00Z,13.222861788,2016-11-01T20:00:00Z,16.557831354,90.04,1.0,-105.31,116.9,32.12,92.00:00:00,True,91 110
AAL,long,15,2016-06-01T20:00:00Z,30.704694435,2016-11-01T20:00:00Z,38.36320806,114.88,1.0,-96.29,126.88,117.2,153.00:00:00,True,68 111
VLO,long,13,2016-02-01T21:00:00Z,45.37488669,2016-11-01T20:00:00Z,40.554898155,-62.66,2.0,-175.86,0.0,175.86,273.23:00:00,False,13 112
UAL,long,9,2016-02-01T21:00:00Z,48.85,2016-11-01T20:00:00Z,55.99,64.26,1.0,-99.9,111.06,210.96,273.23:00:00,True,11 113
EMN,long,6,2016-02-01T21:00:00Z,42.16867344,2016-11-01T20:00:00Z,51.284997586,54.7,1.0,-8.5,76.46,59.77,273.23:00:00,True,19 114
DAL,long,8,2016-03-01T21:00:00Z,43.04467977,2016-11-01T20:00:00Z,37.184209188,-46.88,1.0,-108.68,8.59,117.27,244.23:00:00,False,29 115
EMR,long,126,2016-02-01T21:00:00Z,34.656258,2016-12-01T21:00:00Z,44.894488072,1290.02,1.0,0.0,1290.02,641.73,304.00:00:00,True,15 124
EMR,long,11,2016-09-01T20:00:00Z,41.247556396,2016-12-01T21:00:00Z,44.894488072,40.12,1.0,-72.5,40.12,43.94,91.01:00:00,True,100 124
EMR,long,8,2016-11-01T20:00:00Z,39.9473106,2016-12-01T21:00:00Z,44.894488072,39.58,1.0,-42.33,39.58,10.0,30.01:00:00,True,123 124
UAL,long,14,2016-02-01T21:00:00Z,48.85,2016-12-01T21:00:00Z,68.49,274.96,1.0,-155.4,297.08,328.16,304.00:00:00,True,11 125
BBY,long,19,2016-02-01T21:00:00Z,19.109253061,2016-12-01T21:00:00Z,31.60305756,237.38,1.0,-20.97,257.33,54.13,304.00:00:00,True,2 126
DAL,long,13,2016-03-01T21:00:00Z,43.04467977,2016-12-01T21:00:00Z,42.606535923,-5.7,1.0,-176.6,13.96,190.56,275.00:00:00,False,29 127
AAL,long,10,2016-06-01T20:00:00Z,30.704694435,2016-12-01T21:00:00Z,44.2097439,135.05,1.0,-64.2,146.07,78.13,183.01:00:00,True,68 128
M,long,14,2016-02-01T21:00:00Z,25.676920131,2016-12-01T21:00:00Z,27.446274492,24.77,1.0,-93.08,47.33,131.03,304.00:00:00,True,17 129
TGT,long,6,2016-11-01T20:00:00Z,50.204198652,2016-12-01T21:00:00Z,58.129586718,47.55,2.0,-5.56,51.09,7.69,30.01:00:00,True,117 130
MPC,long,9,2016-02-01T21:00:00Z,30.149807381,2016-12-01T21:00:00Z,35.735858158,50.27,1.0,-71.72,53.37,71.72,304.00:00:00,True,14 131
VLO,long,10,2016-02-01T21:00:00Z,45.37488669,2017-01-03T21:00:00Z,48.45554427,30.81,1.0,-135.27,30.81,135.27,337.00:00:00,True,13 137
TSN,long,9,2016-02-01T21:00:00Z,41.576944466,2017-01-03T21:00:00Z,48.413183406,61.53,1.0,-16.26,158.15,141.25,337.00:00:00,True,4 138
T,long,23,2016-11-01T20:00:00Z,15.54626999471364,2017-01-03T21:00:00Z,18.29323126839663,63.18,2.85,-4.21,63.18,12.81,63.01:00:00,True,116 139
LUV,long,8,2016-12-01T21:00:00Z,41.598498474,2017-01-03T21:00:00Z,44.264272206,21.33,2.0,0.0,27.77,7.44,33.00:00:00,True,132 140
MPC,long,9,2016-02-01T21:00:00Z,30.149807381,2017-01-03T21:00:00Z,39.620841481,85.24,1.0,-71.72,85.24,71.72,337.00:00:00,True,14 141
F,long,658,2016-02-01T21:00:00Z,7.124142485,2017-02-01T21:00:00Z,7.64648808,343.7,4.23,-349.54,844.87,974.9,366.00:00:00,True,6 148
F,long,30,2016-07-01T20:00:00Z,7.59060276,2017-02-01T21:00:00Z,7.64648808,1.68,1.0,-29.93,24.53,43.05,215.01:00:00,True,85 148
F,long,35,2016-08-01T20:00:00Z,7.529042976,2017-02-01T21:00:00Z,7.64648808,4.11,1.0,-32.76,30.77,26.37,184.01:00:00,True,93 148
F,long,67,2016-10-03T20:00:00Z,7.29979327,2017-02-01T21:00:00Z,7.64648808,23.23,1.0,-47.36,74.26,42.56,121.01:00:00,True,107 148
F,long,56,2016-12-01T21:00:00Z,7.592303664,2017-02-01T21:00:00Z,7.64648808,3.03,1.0,-55.96,45.69,35.57,62.00:00:00,True,135 148
M,long,171,2016-02-01T21:00:00Z,25.676920131,2017-02-01T21:00:00Z,19.078420949,-1128.34,1.34,-1139.51,578.05,1717.56,366.00:00:00,False,17 149
M,long,16,2016-05-02T20:00:00Z,25.254972171,2017-02-01T21:00:00Z,19.078420949,-98.82,1.0,-99.87,60.84,160.71,275.01:00:00,False,60 149
M,long,39,2016-06-01T20:00:00Z,20.907649224,2017-02-01T21:00:00Z,19.078420949,-71.34,1.0,-73.89,317.84,391.72,245.01:00:00,False,69 149
M,long,42,2017-01-03T21:00:00Z,23.003833818,2017-02-01T21:00:00Z,19.078420949,-164.87,1.0,-167.61,254.25,184.07,29.00:00:00,False,142 149
GM,long,20,2016-02-01T21:00:00Z,24.06538739,2017-02-01T21:00:00Z,30.299201374,124.68,1.0,-51.31,160.56,77.69,366.00:00:00,True,12 150
CTL,long,38,2016-02-01T21:00:00Z,13.91136656,2017-02-01T21:00:00Z,14.817580438,34.44,1.0,-31.83,152.65,184.48,366.00:00:00,True,5 151
DOW,long,6,2016-02-01T21:00:00Z,52.4968856582607,2017-02-01T21:00:00Z,76.9809881889297,146.9,1.0,0.0,155.48,38.39,366.00:00:00,True,18 152
LUV,long,8,2016-12-01T21:00:00Z,41.598498474,2017-02-01T21:00:00Z,46.699781381,40.81,1.0,0.0,49.24,15.73,62.00:00:00,True,132 153
BBY,long,11,2016-02-01T21:00:00Z,19.109253061,2017-02-01T21:00:00Z,31.1286489,132.21,1.0,-12.14,169.3,51.4,366.00:00:00,True,2 154
AAL,long,120,2016-06-01T20:00:00Z,30.704694435,2017-03-01T21:00:00Z,45.605840925,1788.14,1.0,-770.36,2071.69,937.57,273.01:00:00,True,68 161
AAL,long,17,2016-07-01T20:00:00Z,28.186813389,2017-03-01T21:00:00Z,45.605840925,296.12,1.0,-66.33,336.29,92.49,243.01:00:00,True,80 161
AAL,long,8,2017-02-01T21:00:00Z,42.56697746,2017-03-01T21:00:00Z,45.605840925,24.31,1.0,-146.26,43.21,11.16,28.00:00:00,True,158 161
DOW,long,75,2016-02-01T21:00:00Z,52.4968856582607,2017-03-01T21:00:00Z,81.01514942735454,2138.87,1.0,0.0,2158.98,479.85,394.00:00:00,True,18 162
DOW,long,6,2016-10-03T20:00:00Z,66.39714591509646,2017-03-01T21:00:00Z,81.01514942735454,87.71,1.0,-83.4,89.32,13.71,149.01:00:00,True,108 162
EMN,long,93,2016-02-01T21:00:00Z,42.16867344,2017-03-01T21:00:00Z,58.3610345,1505.89,1.0,-131.67,1505.89,926.37,394.00:00:00,True,19 163
EMN,long,8,2016-07-01T20:00:00Z,48.16028832,2017-03-01T21:00:00Z,58.3610345,81.61,1.0,-59.26,81.61,48.0,243.01:00:00,True,81 163
EMN,long,12,2016-08-01T20:00:00Z,46.05468886,2017-03-01T21:00:00Z,58.3610345,147.68,1.0,-63.62,147.68,42.06,212.01:00:00,True,90 163
GM,long,176,2016-02-01T21:00:00Z,24.06538739,2017-03-01T21:00:00Z,31.380716863,1287.5,1.01,-451.54,1412.92,683.64,394.00:00:00,True,12 164
GM,long,10,2016-03-01T21:00:00Z,23.98546249,2017-03-01T21:00:00Z,31.380716863,73.95,1.0,-24.86,81.08,38.84,365.00:00:00,True,34 164
GM,long,16,2016-07-01T20:00:00Z,23.677518861,2017-03-01T21:00:00Z,31.380716863,123.25,1.0,-34.84,134.65,42.93,243.01:00:00,True,82 164
MPC,long,103,2016-02-01T21:00:00Z,30.149807381,2017-03-01T21:00:00Z,38.443905401,854.29,1.0,-820.78,975.52,820.78,394.00:00:00,True,14 165
MPC,long,43,2016-03-01T21:00:00Z,25.243699899,2017-03-01T21:00:00Z,38.443905401,567.61,1.0,-131.69,618.22,262.24,365.00:00:00,True,30 165
MPC,long,20,2016-06-01T20:00:00Z,26.820284568,2017-03-01T21:00:00Z,38.443905401,232.47,1.0,-92.78,256.01,78.15,273.01:00:00,True,70 165
MPC,long,7,2017-02-01T21:00:00Z,35.713401607,2017-03-01T21:00:00Z,38.443905401,19.11,1.0,-94.73,27.35,7.18,28.00:00:00,True,160 165
HPQ,long,79,2016-02-01T21:00:00Z,6.902331697,2017-03-01T21:00:00Z,12.664468188,455.21,1.0,-51.96,456.34,122.58,394.00:00:00,True,8 166
LUV,long,10,2016-12-01T21:00:00Z,41.598498474,2017-03-01T21:00:00Z,52.146465536,105.48,1.0,0.0,105.48,19.66,90.00:00:00,True,132 167
HCA,long,4,2017-02-01T21:00:00Z,75.6574809,2017-03-01T21:00:00Z,81.2699441,22.45,2.0,0.0,22.45,4.47,28.00:00:00,True,156 168
BBY,long,17,2016-02-01T21:00:00Z,19.109253061,2017-04-03T20:00:00Z,34.201949417,256.58,1.0,-18.76,264.0,85.38,426.23:00:00,True,2 178
HPE,long,18,2016-02-01T21:00:00Z,10.335336095,2017-04-03T20:00:00Z,13.37387989,54.69,1.0,-20.24,152.42,97.72,426.23:00:00,True,9 179
HPQ,long,23,2016-02-01T21:00:00Z,6.902331697,2017-04-03T20:00:00Z,12.731126613,134.06,1.0,-15.13,139.06,35.69,426.23:00:00,True,8 180
BAX,long,14,2017-03-01T21:00:00Z,44.151848604,2017-05-01T20:00:00Z,47.928163716,52.87,2.0,-6.4,53.95,13.4,60.23:00:00,True,171 186
CTL,long,36,2016-02-01T21:00:00Z,13.91136656,2017-05-01T20:00:00Z,15.071741101,41.77,1.0,-30.15,144.62,174.77,454.23:00:00,True,5 187
CNC,long,10,2017-03-01T21:00:00Z,36.21,2017-05-01T20:00:00Z,37.675,14.65,2.0,-35.55,14.65,35.55,60.23:00:00,True,173 188
BBY,long,9,2016-02-01T21:00:00Z,19.109253061,2017-05-01T20:00:00Z,36.266892994,154.42,1.0,-9.93,160.06,45.2,454.23:00:00,True,2 189
GLW,long,14,2017-03-01T21:00:00Z,22.18168008,2017-05-01T20:00:00Z,22.897471884,10.02,2.465,-20.7,10.02,20.7,60.23:00:00,True,169 190
HPQ,long,22,2016-02-01T21:00:00Z,6.902331697,2017-05-01T20:00:00Z,13.708217058,149.73,1.0,-14.47,149.73,34.14,454.23:00:00,True,8 191
BBY,long,21,2016-02-01T21:00:00Z,19.109253061,2017-06-01T20:00:00Z,42.518104437,491.59,1.0,-23.18,505.2,105.47,485.23:00:00,True,2 196
UAL,long,9,2016-02-01T21:00:00Z,48.85,2017-06-01T20:00:00Z,80.99,289.26,1.0,-99.9,292.95,210.96,485.23:00:00,True,11 197
LUV,long,13,2016-12-01T21:00:00Z,41.598498474,2017-06-01T20:00:00Z,53.49702033,154.68,1.0,0.0,161.83,79.55,181.23:00:00,True,132 198
DAL,long,9,2016-03-01T21:00:00Z,43.04467977,2017-06-01T20:00:00Z,44.819352355,15.97,1.0,-122.26,28.25,131.93,456.23:00:00,True,29 199
BAX,long,7,2017-03-01T21:00:00Z,44.151848604,2017-06-01T20:00:00Z,51.870174,54.03,1.0,-3.2,54.03,6.7,91.23:00:00,True,171 200
GILD,long,12,2016-02-01T21:00:00Z,58.045930195,2017-07-03T17:00:00Z,50.7455613,-87.6,2.0,-148.69,155.25,303.93,517.20:00:00,False,1 206
VLO,long,12,2016-02-01T21:00:00Z,45.37488669,2017-07-03T17:00:00Z,47.791524732,29.0,1.0,-162.33,36.97,162.33,517.20:00:00,True,13 207
TSN,long,11,2016-02-01T21:00:00Z,41.576944466,2017-07-03T17:00:00Z,48.779614338,79.23,1.0,-19.87,193.29,172.64,517.20:00:00,True,4 208
DAL,long,11,2016-03-01T21:00:00Z,43.04467977,2017-07-03T17:00:00Z,48.604497258,61.16,1.0,-149.43,61.16,161.24,488.20:00:00,True,29 209
CNC,long,9,2017-03-01T21:00:00Z,36.21,2017-07-03T17:00:00Z,40.07,34.74,1.0,-32.0,52.78,32.0,123.20:00:00,True,173 210
HCA,long,4,2017-02-01T21:00:00Z,75.6574809,2017-07-03T17:00:00Z,80.503769025,19.39,1.0,-2.58,31.5,34.08,151.20:00:00,True,156 211
VZ,long,21,2016-02-01T21:00:00Z,29.034775836,2017-08-01T20:00:00Z,29.92126668,18.62,1.0,-58.5,80.16,138.66,546.23:00:00,True,16 221
LBTYA,long,18,2017-02-01T21:00:00Z,36.23,2017-08-01T20:00:00Z,34.4,-32.94,2.0,-135.72,21.96,157.68,180.23:00:00,False,155 222
HPQ,long,42,2016-02-01T21:00:00Z,6.902331697,2017-08-01T20:00:00Z,13.95702198,296.3,1.0,-27.62,304.57,65.38,546.23:00:00,True,8 223
TGT,long,12,2016-11-01T20:00:00Z,50.204198652,2017-08-01T20:00:00Z,43.330123198,-82.49,1.0,-143.57,102.19,245.76,273.00:00:00,False,117 224
GILD,long,8,2016-02-01T21:00:00Z,58.045930195,2017-08-01T20:00:00Z,54.3343563,-29.69,1.0,-99.12,103.5,202.62,546.23:00:00,False,1 225
HPE,long,27,2016-02-01T21:00:00Z,10.335336095,2017-08-01T20:00:00Z,13.409960265,83.01,1.0,-30.35,228.63,167.69,546.23:00:00,True,9 226
T,long,18,2016-11-01T20:00:00Z,15.54626999471364,2017-08-01T20:00:00Z,17.145166525375824,28.78,1.0,-3.29,50.1,44.26,273.00:00:00,True,116 227
CNC,long,18,2017-03-01T21:00:00Z,36.21,2017-09-01T20:00:00Z,44.31,145.8,1.0,-63.99,147.87,63.99,183.23:00:00,True,173 233
GILD,long,12,2016-02-01T21:00:00Z,58.045930195,2017-09-01T20:00:00Z,60.11231625,24.8,1.0,-148.69,155.25,303.93,577.23:00:00,True,1 234
TAP,long,5,2017-03-01T21:00:00Z,76.901871618,2017-09-01T20:00:00Z,70.094305983,-34.04,2.0,-52.77,0.73,53.5,183.23:00:00,False,170 235
BAX,long,6,2017-03-01T21:00:00Z,44.151848604,2017-09-01T20:00:00Z,53.938549476,58.72,1.0,-2.74,62.08,18.36,183.23:00:00,True,171 236
HPE,long,19,2016-02-01T21:00:00Z,10.335336095,2017-09-01T20:00:00Z,10.934275293,11.38,1.0,-21.36,160.88,149.5,577.23:00:00,True,9 237
VLO,long,16,2016-02-01T21:00:00Z,45.37488669,2017-10-02T20:00:00Z,54.70281866,149.25,1.0,-216.44,149.25,216.44,608.23:00:00,True,13 242
TSN,long,13,2016-02-01T21:00:00Z,41.576944466,2017-10-02T20:00:00Z,55.535931336,181.47,1.0,-23.49,228.44,204.03,608.23:00:00,True,4 243
CNC,long,9,2017-03-01T21:00:00Z,36.21,2017-10-02T20:00:00Z,48.465,110.3,1.0,-32.0,115.83,37.71,214.23:00:00,True,173 244
LUV,long,7,2016-12-01T21:00:00Z,41.598498474,2017-10-02T20:00:00Z,49.836505755,57.67,1.0,0.0,108.42,83.49,304.23:00:00,True,132 245
HPQ,long,19,2016-02-01T21:00:00Z,6.902331697,2017-10-02T20:00:00Z,14.780456526,149.68,1.0,-12.5,149.68,29.58,608.23:00:00,True,8 246
TGT,long,6,2016-11-01T20:00:00Z,50.204198652,2017-10-02T20:00:00Z,45.3904015,-28.88,1.0,-71.79,51.09,122.88,335.00:00:00,False,117 247
CTL,long,212,2016-02-01T21:00:00Z,13.91136656,2017-10-03T20:00:00Z,12.212472844,-360.17,2.76,-526.77,851.65,1378.42,609.23:00:00,False,5 253
CTL,long,33,2016-06-01T20:00:00Z,15.00167001,2017-10-03T20:00:00Z,12.212472844,-92.04,1.0,-117.98,96.59,204.42,489.00:00:00,False,71 253
CTL,long,39,2016-09-01T20:00:00Z,15.768156658,2017-10-03T20:00:00Z,12.212472844,-138.67,1.0,-169.32,84.26,241.59,397.00:00:00,False,98 253
CTL,long,25,2016-11-01T20:00:00Z,14.193614699,2017-10-03T20:00:00Z,12.212472844,-49.53,1.0,-69.18,93.37,128.91,336.00:00:00,False,121 253
CTL,long,69,2016-12-01T21:00:00Z,13.789469212,2017-10-03T20:00:00Z,12.212472844,-108.81,1.0,-163.04,285.6,355.8,305.23:00:00,False,134 253
CTL,long,37,2017-03-01T21:00:00Z,14.281618292,2017-10-03T20:00:00Z,12.212472844,-76.56,1.0,-105.64,134.94,190.79,215.23:00:00,False,175 253
CTL,long,29,2017-07-03T17:00:00Z,14.555053812,2017-10-03T20:00:00Z,12.212472844,-67.93,1.0,-90.73,97.83,90.73,92.03:00:00,False,215 253
CTL,long,74,2017-09-01T20:00:00Z,12.499384872,2017-10-03T20:00:00Z,12.212472844,-21.23,1.0,-79.39,401.76,79.39,32.00:00:00,False,238 253
CTL,long,34,2017-10-02T20:00:00Z,12.050305176,2017-10-03T20:00:00Z,12.212472844,5.51,1.0,-21.21,199.86,12.72,1.00:00:00,True,250 253
HPQ,long,39,2016-02-01T21:00:00Z,6.902331697,2017-11-01T20:00:00Z,15.764351794,345.62,1.0,-25.65,364.23,60.71,638.23:00:00,True,8 254
GLW,long,21,2017-03-01T21:00:00Z,22.18168008,2017-11-01T20:00:00Z,25.14629282,62.26,1.0,-31.05,67.71,70.74,244.23:00:00,True,169 255
TSN,long,6,2016-02-01T21:00:00Z,41.576944466,2017-11-01T20:00:00Z,57.350882184,94.64,1.0,-10.84,105.43,94.17,638.23:00:00,True,4 256
VLO,long,9,2016-02-01T21:00:00Z,45.37488669,2017-12-01T21:00:00Z,60.266780542,134.03,1.0,-121.75,143.37,121.75,669.00:00:00,True,13 263
TSN,long,7,2016-02-01T21:00:00Z,41.576944466,2017-12-01T21:00:00Z,64.631527576,161.38,1.0,-12.65,161.38,109.86,669.00:00:00,True,4 264
HCA,long,5,2017-02-01T21:00:00Z,75.6574809,2017-12-01T21:00:00Z,77.586765125,9.65,1.0,-35.72,39.37,75.09,303.00:00:00,True,156 265
BBY,long,21,2016-02-01T21:00:00Z,19.109253061,2018-01-02T21:00:00Z,49.591129588,640.12,1.0,-23.18,640.12,142.53,701.00:00:00,True,2 270
LUV,long,9,2016-12-01T21:00:00Z,41.598498474,2018-01-02T21:00:00Z,59.166516374,158.11,1.0,0.0,158.11,107.34,397.00:00:00,True,132 271
LBTYA,long,11,2017-02-01T21:00:00Z,36.23,2018-01-02T21:00:00Z,36.24,0.11,1.0,-82.94,13.42,96.36,335.00:00:00,True,155 272
DAL,long,7,2016-03-01T21:00:00Z,43.04467977,2018-01-02T21:00:00Z,51.662938844,60.33,1.0,-95.09,60.33,102.61,672.00:00:00,True,29 273
T,long,20,2016-11-01T20:00:00Z,15.54626999471364,2018-01-02T21:00:00Z,17.208654127333006,33.25,1.0,-17.48,55.66,73.14,427.01:00:00,True,116 274
HPQ,long,296,2016-02-01T21:00:00Z,6.902331697,2018-02-01T21:00:00Z,17.22065021,3054.22,2.275,-194.68,3187.67,460.8,731.00:00:00,True,8 281
HPQ,long,40,2016-11-01T20:00:00Z,10.230490492,2018-02-01T21:00:00Z,17.22065021,279.61,1.0,-159.43,297.64,62.27,457.01:00:00,True,120 281
HPQ,long,29,2017-01-03T21:00:00Z,10.66746186,2018-02-01T21:00:00Z,17.22065021,190.04,1.0,-128.26,203.12,45.15,394.00:00:00,True,145 281
HPQ,long,40,2017-07-03T17:00:00Z,12.81216699,2018-02-01T21:00:00Z,17.22065021,176.34,1.0,-262.7,194.37,46.51,213.04:00:00,True,214 281
HPQ,long,25,2017-12-01T21:00:00Z,15.720296782,2018-02-01T21:00:00Z,17.22065021,37.51,1.0,-236.89,48.78,11.27,62.00:00:00,True,267 281
HPQ,long,25,2018-01-02T21:00:00Z,15.757264484,2018-02-01T21:00:00Z,17.22065021,36.58,1.0,-237.82,47.86,11.27,30.00:00:00,True,278 281
TGT,long,16,2016-11-01T20:00:00Z,50.204198652,2018-02-01T21:00:00Z,58.373703675,130.71,1.0,-191.43,175.69,327.68,457.01:00:00,True,117 282
GILD,long,13,2016-02-01T21:00:00Z,58.045930195,2018-02-01T21:00:00Z,60.71267565,34.67,1.0,-161.08,168.18,329.26,731.00:00:00,True,1 283
HCA,long,7,2017-02-01T21:00:00Z,75.6574809,2018-02-01T21:00:00Z,94.3779996,131.04,1.0,-50.01,131.04,105.13,365.00:00:00,True,156 284
HPE,long,45,2016-02-01T21:00:00Z,10.335336095,2018-02-01T21:00:00Z,12.958674789,118.05,1.0,-50.59,381.04,395.01,731.00:00:00,True,9 285
BAX,long,8,2017-03-01T21:00:00Z,44.151848604,2018-02-01T21:00:00Z,60.779142295,133.02,1.0,-3.66,149.08,24.48,337.00:00:00,True,171 286
MCK,long,2,2017-11-01T20:00:00Z,130.464615673,2018-02-01T21:00:00Z,155.66879107,50.41,2.0,-8.33,69.98,19.57,92.01:00:00,True,257 287
BAX,long,110,2017-03-01T21:00:00Z,44.151848604,2018-03-01T21:00:00Z,57.752681238,1496.09,1.0,-50.26,2049.79,927.11,365.00:00:00,True,171 295
BAX,long,8,2018-01-02T21:00:00Z,58.363616697,2018-03-01T21:00:00Z,57.752681238,-4.89,1.0,-117.35,35.38,67.43,58.00:00:00,False,277 295
GLW,long,258,2017-03-01T21:00:00Z,22.18168008,2018-03-01T21:00:00Z,22.8270822,166.51,1.49,-381.52,1460.46,1319.18,365.00:00:00,True,169 296
GLW,long,19,2018-01-02T21:00:00Z,26.060783448,2018-03-01T21:00:00Z,22.8270822,-61.44,1.0,-101.8,33.85,97.15,58.00:00:00,False,276 296
GLW,long,21,2018-02-01T21:00:00Z,25.317787476,2018-03-01T21:00:00Z,22.8270822,-52.3,1.0,-96.91,53.02,54.36,28.00:00:00,False,292 296
LBTYA,long,141,2017-02-01T21:00:00Z,36.23,2018-03-01T21:00:00Z,31.87,-614.76,1.0,-1063.14,318.66,1235.16,393.00:00:00,False,155 297
LBTYA,long,8,2017-03-01T21:00:00Z,35.2,2018-03-01T21:00:00Z,31.87,-26.64,1.0,-52.08,26.32,69.36,365.00:00:00,False,177 297
LBTYA,long,30,2017-06-01T20:00:00Z,31.35,2018-03-01T21:00:00Z,31.87,15.6,1.0,-79.8,214.2,220.5,273.01:00:00,True,201 297
LBTYA,long,18,2017-11-01T20:00:00Z,31.34,2018-03-01T21:00:00Z,31.87,9.54,1.0,-47.7,128.7,132.3,120.01:00:00,True,259 297
MO,long,167,2017-03-01T21:00:00Z,38.344509,2018-03-01T21:00:00Z,32.816148453,-923.24,2.005,-1077.45,285.78,1363.23,365.00:00:00,False,172 298
MO,long,25,2017-08-01T20:00:00Z,33.76211255,2018-03-01T21:00:00Z,32.816148453,-23.65,1.0,-46.74,157.34,142.06,212.01:00:00,False,228 298
MO,long,9,2018-02-01T21:00:00Z,36.758501703,2018-03-01T21:00:00Z,32.816148453,-35.48,1.0,-43.79,29.68,35.48,28.00:00:00,False,293 298
TAP,long,77,2017-03-01T21:00:00Z,76.901871618,2018-03-01T21:00:00Z,60.138795264,-1290.76,1.0,-1449.25,11.29,1460.54,365.00:00:00,False,170 299
TAP,long,3,2017-04-03T20:00:00Z,73.660973958,2018-03-01T21:00:00Z,60.138795264,-40.57,1.0,-46.74,10.16,50.96,332.01:00:00,False,185 299
TAP,long,11,2017-07-03T17:00:00Z,66.983172213,2018-03-01T21:00:00Z,60.138795264,-75.29,1.0,-97.93,110.72,143.97,241.04:00:00,False,213 299
TAP,long,11,2017-10-02T20:00:00Z,63.904705488,2018-03-01T21:00:00Z,60.138795264,-41.43,1.0,-64.07,144.58,94.7,150.01:00:00,False,249 299
TAP,long,8,2017-12-01T21:00:00Z,61.993674816,2018-03-01T21:00:00Z,60.138795264,-14.84,1.0,-31.31,120.44,68.87,90.00:00:00,False,266 299
UAL,long,45,2016-02-01T21:00:00Z,48.85,2018-03-01T21:00:00Z,67.51,839.7,1.0,-499.5,1492.65,1117.35,759.00:00:00,True,11 300
UAL,long,3,2016-04-01T20:00:00Z,56.74,2018-03-01T21:00:00Z,67.51,32.31,1.0,-56.97,75.84,74.49,699.01:00:00,True,46 300
UAL,long,23,2016-05-02T20:00:00Z,46.66,2018-03-01T21:00:00Z,67.51,479.55,1.0,-204.93,813.28,571.09,668.01:00:00,True,57 300
UAL,long,9,2016-07-01T20:00:00Z,41.36,2018-03-01T21:00:00Z,67.51,235.35,1.0,-32.49,365.94,223.47,608.01:00:00,True,83 300
UAL,long,5,2017-07-03T17:00:00Z,75.07,2018-03-01T21:00:00Z,67.51,-37.8,1.0,-186.6,34.75,116.85,241.04:00:00,False,218 300
UAL,long,10,2017-08-01T20:00:00Z,67.85,2018-03-01T21:00:00Z,67.51,-3.4,1.0,-301.0,141.7,154.1,212.01:00:00,False,229 300
UAL,long,7,2017-09-01T20:00:00Z,62.43,2018-03-01T21:00:00Z,67.51,35.56,1.0,-172.76,137.13,107.87,181.01:00:00,True,239 300
UAL,long,4,2017-10-02T20:00:00Z,60.43,2018-03-01T21:00:00Z,67.51,28.32,1.0,-90.72,86.36,61.64,150.01:00:00,True,252 300
HPE,long,89,2016-02-01T21:00:00Z,10.335336095,2018-03-01T21:00:00Z,14.20128744,344.07,1.0,-100.06,753.62,781.24,759.00:00:00,True,9 301
MU,long,24,2018-02-01T21:00:00Z,41.433583877,2018-03-01T21:00:00Z,46.436038226,120.06,2.0,-72.32,147.91,90.8,28.00:00:00,True,288 302
TGT,long,7,2016-11-01T20:00:00Z,50.204198652,2018-03-01T21:00:00Z,58.196297649,55.94,1.0,-83.75,76.86,143.36,485.01:00:00,True,117 303
BBY,long,7,2016-02-01T21:00:00Z,19.109253061,2018-03-01T21:00:00Z,53.99381229,244.19,1.0,-7.73,258.05,50.39,759.00:00:00,True,2 304
MPC,long,17,2018-03-01T21:00:00Z,50.183360139,2018-04-02T20:00:00Z,55.61298438,92.3,2.0,0.0,117.06,25.41,31.23:00:00,True,309 313
APA,long,27,2018-03-01T21:00:00Z,27.365571695,2018-04-02T20:00:00Z,30.272215435,78.48,2.31,0.0,90.55,23.29,31.23:00:00,True,310 314
WDC,long,7,2018-03-01T21:00:00Z,60.21329215678436,2018-04-02T20:00:00Z,62.42862064505534,15.51,2.0,0.0,92.63,77.13,31.23:00:00,True,308 315
MU,long,8,2018-02-01T21:00:00Z,41.433583877,2018-04-02T20:00:00Z,48.815373238,59.05,1.0,-24.11,145.57,86.51,59.23:00:00,True,288 316
EXC,long,16,2018-03-01T21:00:00Z,19.38128934126216,2018-04-02T20:00:00Z,20.08472725343148,11.26,2.84,-0.84,17.47,7.22,31.23:00:00,True,305 317
VLO,long,20,2016-02-01T21:00:00Z,45.37488669,2018-05-01T20:00:00Z,80.002385728,692.55,1.0,-270.55,704.4,270.55,819.23:00:00,True,13 324
ETE,long,87,2018-03-01T21:00:00Z,8.45736309,2018-05-01T20:00:00Z,8.58730977,11.31,5.26,-68.3,23.08,73.96,60.23:00:00,True,307 325
MCK,long,5,2017-11-01T20:00:00Z,130.464615673,2018-05-01T20:00:00Z,144.69771036,71.17,1.0,-20.83,174.94,176.31,181.00:00:00,True,257 326
BBY,long,11,2016-02-01T21:00:00Z,19.109253061,2018-05-01T20:00:00Z,54.40069068,388.21,1.0,-12.14,405.5,86.36,819.23:00:00,True,2 327
APA,long,14,2018-03-01T21:00:00Z,27.365571695,2018-05-01T20:00:00Z,32.493707475,71.79,1.0,0.0,95.81,26.94,60.23:00:00,True,310 328
F,long,54,2018-03-01T21:00:00Z,6.794068448,2018-05-01T20:00:00Z,7.541596688,40.37,6.1,0.0,48.32,21.06,60.23:00:00,True,306 329
CNC,long,6,2017-03-01T21:00:00Z,36.21,2018-05-01T20:00:00Z,54.385,109.05,1.0,-21.33,119.4,36.63,425.23:00:00,True,173 330
MCK,long,42,2017-11-01T20:00:00Z,130.464615673,2018-06-01T20:00:00Z,133.781001424,139.29,1.0,-174.97,1469.49,1480.97,212.00:00:00,True,257 338
MCK,long,4,2018-03-01T21:00:00Z,137.50082664,2018-06-01T20:00:00Z,133.781001424,-14.88,1.0,-44.81,111.81,71.5,91.23:00:00,False,312 338
MCK,long,3,2018-04-02T20:00:00Z,131.18595996,2018-06-01T20:00:00Z,133.781001424,7.79,1.0,-14.66,102.8,47.6,60.00:00:00,True,322 338
MU,long,30,2018-02-01T21:00:00Z,41.433583877,2018-06-01T20:00:00Z,57.279565002,475.38,1.0,-90.4,588.89,446.42,119.23:00:00,True,288 339
ETE,long,73,2018-03-01T21:00:00Z,8.45736309,2018-06-01T20:00:00Z,9.650551746,87.1,1.0,-57.31,87.1,62.05,91.23:00:00,True,307 340
VLO,long,6,2016-02-01T21:00:00Z,45.37488669,2018-06-01T20:00:00Z,90.060731238,268.12,1.0,-81.16,268.12,81.16,850.23:00:00,True,13 341
CNC,long,8,2017-03-01T21:00:00Z,36.21,2018-06-01T20:00:00Z,58.785,180.6,1.0,-28.44,185.56,48.84,456.23:00:00,True,173 342
MPC,long,7,2018-03-01T21:00:00Z,50.183360139,2018-06-01T20:00:00Z,63.826255872,95.5,1.0,0.0,98.35,54.38,91.23:00:00,True,309 343
EXC,long,14,2018-03-01T21:00:00Z,19.38128934126216,2018-06-01T20:00:00Z,21.702083571220204,32.49,1.0,-0.73,35.6,12.0,91.23:00:00,True,305 344
APA,long,33,2018-03-01T21:00:00Z,27.365571695,2018-07-02T20:00:00Z,35.89168974,281.36,1.0,0.0,335.97,140.76,122.23:00:00,True,310 352
BBY,long,14,2016-02-01T21:00:00Z,19.109253061,2018-07-02T20:00:00Z,53.985423475,488.27,1.0,-15.45,528.43,109.91,881.23:00:00,True,2 353
TGT,long,10,2016-11-01T20:00:00Z,50.204198652,2018-07-02T20:00:00Z,59.994026801,97.9,1.0,-119.65,124.03,204.8,608.00:00:00,True,117 354
GILD,long,9,2016-02-01T21:00:00Z,58.045930195,2018-07-02T20:00:00Z,52.621362288,-48.82,1.0,-111.51,116.44,227.95,881.23:00:00,False,1 355
CNC,long,6,2017-03-01T21:00:00Z,36.21,2018-07-02T20:00:00Z,62.02,154.86,1.0,-21.33,159.99,36.63,487.23:00:00,True,173 356
HCA,long,13,2017-02-01T21:00:00Z,75.6574809,2018-08-01T20:00:00Z,115.784078932,521.65,1.0,-92.88,521.65,195.25,545.23:00:00,True,156 361
MPC,long,13,2018-03-01T21:00:00Z,50.183360139,2018-08-01T20:00:00Z,62.922466116,165.61,1.0,0.0,182.66,134.13,152.23:00:00,True,309 362
LUV,long,15,2016-12-01T21:00:00Z,41.598498474,2018-08-01T20:00:00Z,50.720700203,136.83,1.0,0.0,263.52,212.36,607.23:00:00,True,132 363
DAL,long,10,2016-03-01T21:00:00Z,43.04467977,2018-08-01T20:00:00Z,49.704682128,66.6,1.0,-135.85,117.05,146.59,882.23:00:00,True,29 364
GILD,long,8,2016-02-01T21:00:00Z,58.045930195,2018-08-01T20:00:00Z,57.50847534,-4.3,1.0,-99.12,103.5,202.62,911.23:00:00,False,1 365
HCA,long,50,2017-02-01T21:00:00Z,75.6574809,2018-09-04T20:00:00Z,124.898562906,2462.05,1.0,-357.24,2465.78,750.94,579.23:00:00,True,156 371
HCA,long,5,2017-06-01T20:00:00Z,77.309834375,2018-09-04T20:00:00Z,124.898562906,237.94,1.0,-43.99,238.32,60.09,460.00:00:00,True,203 371
HCA,long,6,2017-08-01T20:00:00Z,73.1835662,2018-09-04T20:00:00Z,124.898562906,310.29,1.0,-28.03,310.74,47.69,399.00:00:00,True,232 371
HCA,long,5,2017-11-01T20:00:00Z,70.921965075,2018-09-04T20:00:00Z,124.898562906,269.88,1.0,-12.05,270.26,39.74,307.00:00:00,True,261 371
CNC,long,114,2017-03-01T21:00:00Z,36.21,2018-09-04T20:00:00Z,73.105,4206.03,1.0,-405.27,4244.22,695.97,551.23:00:00,True,173 372
CNC,long,6,2018-01-02T21:00:00Z,51.295,2018-09-04T20:00:00Z,73.105,130.86,1.0,-111.84,132.87,36.63,244.23:00:00,True,280 372
TGT,long,9,2016-11-01T20:00:00Z,50.204198652,2018-09-04T20:00:00Z,70.983514305,187.01,1.0,-107.68,187.01,184.32,672.00:00:00,True,117 373
DXC,long,7,2018-06-01T20:00:00Z,79.60919478,2018-09-04T20:00:00Z,86.963940059,51.48,2.0,-31.56,53.03,47.15,95.00:00:00,True,345 374
TSN,long,10,2016-02-01T21:00:00Z,41.576944466,2018-09-04T20:00:00Z,49.871999475,82.95,1.0,-18.07,240.19,200.75,945.23:00:00,True,4 375
VZ,long,13,2016-02-01T21:00:00Z,29.034775836,2018-09-04T20:00:00Z,34.12254815,66.14,1.0,-36.21,80.74,85.84,945.23:00:00,True,16 376
DAL,long,7,2016-03-01T21:00:00Z,43.04467977,2018-09-04T20:00:00Z,54.611152896,80.97,1.0,-95.09,81.93,102.61,916.23:00:00,True,29 377
APA,long,20,2018-03-01T21:00:00Z,27.365571695,2018-10-01T20:00:00Z,39.05895763,233.87,1.0,0.0,233.87,102.87,213.23:00:00,True,310 385
LUV,long,8,2016-12-01T21:00:00Z,41.598498474,2018-10-01T20:00:00Z,55.50352453,111.24,1.0,0.0,140.54,113.26,668.23:00:00,True,132 386
STX,long,199,2018-09-04T20:00:00Z,36.618378507,2018-11-01T20:00:00Z,32.277193466,-863.9,2.1,-1633.54,129.78,1763.32,58.00:00:00,False,379 392
STX,long,21,2018-10-01T20:00:00Z,35.281120266,2018-11-01T20:00:00Z,32.277193466,-63.08,1.0,-144.3,41.78,157.08,31.00:00:00,False,388 392
VZ,long,35,2016-02-01T21:00:00Z,29.034775836,2018-11-01T20:00:00Z,36.368661518,256.69,1.0,-97.5,304.82,231.1,1003.23:00:00,True,16 393
F,long,157,2018-03-01T21:00:00Z,6.794068448,2018-11-01T20:00:00Z,6.422834732,-58.28,1.0,-177.68,206.74,384.43,244.23:00:00,False,306 394
NEM,long,34,2018-09-04T20:00:00Z,23.888372766,2018-11-01T20:00:00Z,25.573181578,57.28,2.605,-12.42,74.91,84.35,58.00:00:00,True,378 395
EXC,long,35,2018-03-01T21:00:00Z,19.38128934126216,2018-11-01T20:00:00Z,23.30136816193472,137.2,1.0,-1.84,155.14,45.2,244.23:00:00,True,305 396
TSN,long,17,2016-02-01T21:00:00Z,41.576944466,2018-11-01T20:00:00Z,49.562038044,135.75,1.0,-30.71,408.33,341.27,1003.23:00:00,True,4 397
TGT,long,7,2016-11-01T20:00:00Z,50.204198652,2018-11-01T20:00:00Z,67.184958621,118.87,1.0,-83.75,147.19,143.36,730.00:00:00,True,117 398
HPE,long,37,2016-02-01T21:00:00Z,10.335336095,2018-11-01T20:00:00Z,12.4144234,76.93,1.0,-41.6,313.3,324.78,1003.23:00:00,True,9 399
T,long,28,2016-11-01T20:00:00Z,15.54626999471364,2018-11-01T20:00:00Z,14.415064612517712,-31.67,1.0,-49.95,77.93,127.88,730.00:00:00,False,116 400
DAL,long,21,2016-03-01T21:00:00Z,43.04467977,2018-12-03T21:00:00Z,56.111637276,274.41,1.0,-285.28,285.97,307.83,1007.00:00:00,True,29 410
LUV,long,17,2016-12-01T21:00:00Z,41.598498474,2018-12-03T21:00:00Z,48.909669833,124.29,1.0,0.0,298.66,273.16,732.00:00:00,True,132 411
NXPI,long,11,2018-11-01T20:00:00Z,73.95572547,2018-12-03T21:00:00Z,75.34530861,15.29,2.0,-46.53,15.29,59.69,32.01:00:00,True,401 412
GILD,long,10,2016-02-01T21:00:00Z,58.045930195,2018-12-03T21:00:00Z,52.71753705,-53.28,1.0,-123.91,129.37,253.28,1036.00:00:00,False,1 413
EXC,long,21,2018-03-01T21:00:00Z,19.38128934126216,2018-12-03T21:00:00Z,24.994187040116312,117.87,1.0,-1.1,117.87,27.12,277.00:00:00,True,305 414
VZ,long,11,2016-02-01T21:00:00Z,29.034775836,2018-12-03T21:00:00Z,37.731026648,95.66,1.0,-30.64,113.43,72.63,1036.00:00:00,True,16 415
WDC,long,13,2018-03-01T21:00:00Z,60.21329215678436,2018-12-03T21:00:00Z,32.65463378869504,-358.26,1.0,-404.04,172.04,576.07,277.00:00:00,False,308 416
NEM,long,14,2018-09-04T20:00:00Z,23.888372766,2018-12-03T21:00:00Z,26.498474486,36.54,1.0,-5.11,40.67,34.73,90.01:00:00,True,378 417
APA,long,168,2018-03-01T21:00:00Z,27.365571695,2019-01-02T21:00:00Z,22.014344457,-899.01,1.23,-1129.73,2093.42,3223.15,307.00:00:00,False,310 426
APA,long,9,2018-06-01T20:00:00Z,31.29678228,2019-01-02T21:00:00Z,22.014344457,-83.54,1.0,-95.9,76.77,172.67,215.01:00:00,False,351 426
APA,long,9,2018-08-01T20:00:00Z,36.27191722,2019-01-02T21:00:00Z,22.014344457,-128.32,1.0,-140.68,31.99,172.67,154.01:00:00,False,370 426
APA,long,17,2018-09-04T20:00:00Z,34.890514582,2019-01-02T21:00:00Z,22.014344457,-218.89,1.0,-242.24,83.91,326.15,120.01:00:00,False,382 426
APA,long,27,2018-11-01T20:00:00Z,29.571871347,2019-01-02T21:00:00Z,22.014344457,-204.05,1.0,-241.13,276.87,271.63,62.01:00:00,False,405 426
APA,long,16,2018-12-03T21:00:00Z,29.645008704,2019-01-02T21:00:00Z,22.014344457,-122.09,1.0,-144.06,162.9,144.06,30.00:00:00,False,422 426
NEM,long,273,2018-09-04T20:00:00Z,23.888372766,2019-01-02T21:00:00Z,27.6179628,1018.18,1.365,-99.7,1129.7,677.24,120.01:00:00,True,378 427
WDC,long,99,2018-03-01T21:00:00Z,60.21329215678436,2019-01-02T21:00:00Z,27.3132125286698,-3257.11,1.1,-3516.81,1310.12,4826.93,307.00:00:00,False,308 428
WDC,long,21,2018-05-01T20:00:00Z,55.35259074640477,2019-01-02T21:00:00Z,27.3132125286698,-588.83,1.0,-643.92,379.98,770.81,246.01:00:00,False,331 428
WDC,long,23,2018-08-01T20:00:00Z,48.339494367891426,2019-01-02T21:00:00Z,27.3132125286698,-483.6,1.0,-543.94,577.47,543.94,154.01:00:00,False,367 428
WDC,long,23,2018-09-04T20:00:00Z,42.06227272456709,2019-01-02T21:00:00Z,27.3132125286698,-339.23,1.0,-399.56,721.84,407.27,120.01:00:00,False,380 428
WDC,long,11,2018-10-01T20:00:00Z,40.85878482682955,2019-01-02T21:00:00Z,27.3132125286698,-149.0,1.0,-177.86,358.47,180.49,93.01:00:00,False,389 428
WDC,long,43,2018-11-01T20:00:00Z,33.15462925968865,2019-01-02T21:00:00Z,27.3132125286698,-251.18,1.0,-363.98,1732.56,419.09,62.01:00:00,False,402 428
EXC,long,26,2018-03-01T21:00:00Z,19.38128934126216,2019-01-02T21:00:00Z,23.698231989198064,112.24,1.0,-1.36,154.46,45.16,307.00:00:00,True,305 429
VLO,long,7,2016-02-01T21:00:00Z,45.37488669,2019-01-02T21:00:00Z,55.892963628,73.63,1.0,-94.69,316.16,276.81,1066.00:00:00,True,13 430
VZ,long,10,2016-02-01T21:00:00Z,29.034775836,2019-01-02T21:00:00Z,36.336224253,73.01,1.0,-27.86,103.12,66.03,1066.00:00:00,True,16 431
T,long,27,2016-11-01T20:00:00Z,15.54626999471364,2019-01-02T21:00:00Z,13.970505533260276,-42.55,1.0,-70.38,75.15,145.53,792.01:00:00,False,116 432
TGT,long,6,2016-11-01T20:00:00Z,50.204198652,2019-01-02T21:00:00Z,53.4599494,19.53,1.0,-71.79,126.16,132.26,792.01:00:00,True,117 433
LRCX,long,44,2019-01-02T21:00:00Z,12.575249739,2019-02-01T21:00:00Z,15.7095148041,137.91,3.51,-26.69,137.91,32.89,30.00:00:00,True,435 442
MU,long,12,2018-02-01T21:00:00Z,41.433583877,2019-02-01T21:00:00Z,38.61543708,-33.82,1.0,-157.62,235.55,393.18,365.00:00:00,False,288 443
DXC,long,7,2018-06-01T20:00:00Z,79.60919478,2019-02-01T21:00:00Z,62.59895565,-119.07,1.0,-220.51,89.06,309.57,245.01:00:00,False,345 444
ATUS,long,16,2019-01-02T21:00:00Z,17.12,2019-02-01T21:00:00Z,19.69,41.12,2.88,0.0,41.12,17.28,30.00:00:00,True,436 445
NXPI,long,4,2018-11-01T20:00:00Z,73.95572547,2019-02-01T21:00:00Z,77.9908116,16.14,1.0,-56.87,16.14,62.43,92.01:00:00,True,401 446
EXC,long,256,2018-03-01T21:00:00Z,19.38128934126216,2019-03-01T21:00:00Z,26.30521211965972,1772.52,1.375,-13.44,1797.49,444.65,365.00:00:00,True,305 451
EXC,long,19,2019-02-01T21:00:00Z,25.5104180977435,2019-03-01T21:00:00Z,26.30521211965972,15.1,1.0,-117.45,16.95,4.32,28.00:00:00,True,449 451
F,long,809,2018-03-01T21:00:00Z,6.794068448,2019-03-01T21:00:00Z,6.19005728,-488.65,5.885,-1228.8,1065.32,2294.11,365.00:00:00,False,306 452
F,long,161,2018-08-01T20:00:00Z,6.717134705,2019-03-01T21:00:00Z,6.19005728,-84.86,1.0,-232.16,224.4,252.93,212.01:00:00,False,368 452
F,long,102,2018-09-04T20:00:00Z,6.42508537,2019-03-01T21:00:00Z,6.19005728,-23.97,1.0,-117.29,171.95,142.92,178.01:00:00,False,381 452
F,long,105,2019-01-02T21:00:00Z,5.468743028,2019-03-01T21:00:00Z,6.19005728,75.74,1.0,-20.33,277.43,50.82,58.00:00:00,True,437 452
BBY,long,16,2016-02-01T21:00:00Z,19.109253061,2019-03-01T21:00:00Z,49.891621141,492.52,1.0,-17.66,653.86,391.73,1124.00:00:00,True,2 453
ATUS,long,28,2019-01-02T21:00:00Z,17.12,2019-03-01T21:00:00Z,21.51,122.92,1.0,0.0,131.32,30.24,58.00:00:00,True,436 454
FCX,long,47,2019-01-02T21:00:00Z,9.51289906,2019-03-01T21:00:00Z,11.868824682,110.73,4.285,-12.52,131.53,98.82,58.00:00:00,True,434 455
HPE,long,32,2016-02-01T21:00:00Z,10.335336095,2019-03-01T21:00:00Z,12.969772452,84.3,1.0,-35.98,270.96,290.8,1124.00:00:00,True,9 456
TSN,long,17,2016-02-01T21:00:00Z,41.576944466,2019-04-01T20:00:00Z,56.10385798,246.96,1.0,-30.71,408.33,424.91,1154.23:00:00,True,4 464
TGT,long,11,2016-11-01T20:00:00Z,50.204198652,2019-04-01T20:00:00Z,64.917046975,161.84,1.0,-131.61,231.29,242.48,881.00:00:00,True,117 465
MU,long,8,2018-02-01T21:00:00Z,41.433583877,2019-04-01T20:00:00Z,41.199550925,-1.87,1.0,-105.08,157.04,262.12,423.23:00:00,False,288 466
LRCX,long,57,2019-01-02T21:00:00Z,12.575249739,2019-05-01T20:00:00Z,18.6594417284,346.8,1.0,-34.57,364.89,78.0,118.23:00:00,True,435 472
NXPI,long,11,2018-11-01T20:00:00Z,73.95572547,2019-05-01T20:00:00Z,92.877398191,208.14,1.0,-156.41,214.27,171.69,181.00:00:00,True,401 473
DAL,long,14,2016-03-01T21:00:00Z,43.04467977,2019-05-01T20:00:00Z,54.065268168,154.29,1.0,-190.18,190.65,205.22,1155.23:00:00,True,29 474
VLO,long,7,2016-02-01T21:00:00Z,45.37488669,2019-05-01T20:00:00Z,67.129350679,152.28,1.0,-94.69,316.16,276.81,1184.23:00:00,True,13 475
WDC,long,202,2019-03-01T21:00:00Z,36.87926187221856,2019-06-03T20:00:00Z,26.765736997882705,-2042.93,2.065,-2042.93,626.87,2669.8,93.23:00:00,False,457 482
WDC,long,9,2019-04-01T20:00:00Z,35.59381044675286,2019-06-03T20:00:00Z,26.765736997882705,-79.45,1.0,-79.45,39.5,118.95,63.00:00:00,False,469 482
TSN,long,5,2016-02-01T21:00:00Z,41.576944466,2019-06-03T20:00:00Z,63.143522406,107.83,1.0,-9.03,124.59,124.97,1217.23:00:00,True,4 483
TSN,long,5,2016-04-01T20:00:00Z,52.244067964,2019-06-03T20:00:00Z,63.143522406,54.5,1.0,-62.37,71.26,124.97,1158.00:00:00,True,44 483
TSN,long,6,2016-11-01T20:00:00Z,54.779878172,2019-06-03T20:00:00Z,63.143522406,50.18,1.0,-90.06,70.29,149.97,944.00:00:00,True,122 483
TSN,long,7,2016-12-01T21:00:00Z,43.454274719,2019-06-03T20:00:00Z,63.143522406,137.82,1.0,-25.79,161.29,174.96,913.23:00:00,True,133 483
TGT,long,21,2016-11-01T20:00:00Z,50.204198652,2019-06-03T20:00:00Z,67.94275236,372.51,1.0,-251.26,441.56,462.91,944.00:00:00,True,117 484
ATUS,long,49,2019-01-02T21:00:00Z,17.12,2019-06-03T20:00:00Z,24.11,342.51,1.0,0.0,386.61,74.48,151.23:00:00,True,436 485
T,long,44,2016-11-01T20:00:00Z,15.54626999471364,2019-06-03T20:00:00Z,15.186379955225673,-15.84,1.0,-114.7,122.46,237.16,944.00:00:00,False,116 486
GILD,long,13,2016-02-01T21:00:00Z,58.045930195,2019-06-03T20:00:00Z,48.199826808,-128.0,1.0,-164.14,168.18,332.32,1217.23:00:00,False,1 487
VZ,long,12,2016-02-01T21:00:00Z,29.034775836,2019-06-03T20:00:00Z,37.338128592,99.64,1.0,-33.43,130.47,79.23,1217.23:00:00,True,16 488
MPC,long,16,2018-03-01T21:00:00Z,50.183360139,2019-07-01T20:00:00Z,44.323943248,-93.75,1.0,-211.09,280.23,491.32,486.23:00:00,False,309 496
VLO,long,11,2016-02-01T21:00:00Z,45.37488669,2019-07-01T20:00:00Z,63.698252904,201.56,1.0,-148.8,496.83,434.99,1245.23:00:00,True,13 497
FCX,long,56,2019-01-02T21:00:00Z,9.51289906,2019-07-01T20:00:00Z,10.598807,60.81,1.0,-29.39,203.36,232.75,179.23:00:00,True,434 498
MU,long,14,2018-02-01T21:00:00Z,41.433583877,2019-07-01T20:00:00Z,39.112757103,-32.49,1.0,-183.89,274.81,458.7,514.23:00:00,False,288 499
DXC,long,8,2018-06-01T20:00:00Z,79.60919478,2019-07-01T20:00:00Z,54.19400072,-203.32,1.0,-277.03,101.79,378.81,395.00:00:00,False,345 500
MU,long,24,2018-02-01T21:00:00Z,41.433583877,2019-08-01T20:00:00Z,42.51598628,25.98,1.0,-315.24,471.11,786.35,545.23:00:00,True,288 506
BBY,long,12,2016-02-01T21:00:00Z,19.109253061,2019-08-01T20:00:00Z,50.979229792,382.44,1.0,-13.24,490.4,293.79,1276.23:00:00,True,2 507
LRCX,long,34,2019-01-02T21:00:00Z,12.575249739,2019-08-01T20:00:00Z,18.93305784,216.17,1.0,-20.62,251.27,109.96,210.23:00:00,True,435 508
DAL,long,5,2016-03-01T21:00:00Z,43.04467977,2019-08-01T20:00:00Z,57.400879952,71.78,1.0,-67.92,85.29,73.29,1247.23:00:00,True,29 509
DAL,long,5,2016-04-01T20:00:00Z,41.380989693,2019-08-01T20:00:00Z,57.400879952,80.1,1.0,-59.6,93.61,70.47,1217.00:00:00,True,42 509
LRCX,long,367,2019-01-02T21:00:00Z,12.575249739,2019-09-03T20:00:00Z,19.593727335,2575.78,1.955,-222.58,2712.21,1186.89,243.23:00:00,True,435 517
LRCX,long,24,2019-07-01T20:00:00Z,17.606197935,2019-09-03T20:00:00Z,19.593727335,47.7,1.0,-135.3,56.62,51.79,64.00:00:00,True,504 517
TGT,long,2,2016-11-01T20:00:00Z,50.204198652,2019-09-03T20:00:00Z,88.075510146,75.74,1.0,-23.93,77.76,44.09,1036.00:00:00,True,117 518
TGT,long,9,2017-01-03T21:00:00Z,54.342423975,2019-09-03T20:00:00Z,88.075510146,303.6,1.0,-144.93,312.66,198.39,972.23:00:00,True,143 518
TGT,long,13,2017-02-01T21:00:00Z,47.559891883,2019-09-03T20:00:00Z,88.075510146,526.7,1.0,-121.16,539.79,286.57,943.23:00:00,True,157 518
TGT,long,14,2017-03-01T21:00:00Z,43.595446216,2019-09-03T20:00:00Z,88.075510146,622.72,1.0,-74.98,636.82,308.61,915.23:00:00,True,174 518
TGT,long,8,2017-04-03T20:00:00Z,40.730796456,2019-09-03T20:00:00Z,88.075510146,378.76,1.0,-19.93,386.81,176.35,883.00:00:00,True,183 518
TGT,long,10,2017-07-03T17:00:00Z,40.091413673,2019-09-03T20:00:00Z,88.075510146,479.84,1.0,-18.52,489.91,220.44,792.03:00:00,True,217 518
TGT,long,12,2018-04-02T20:00:00Z,54.153252554,2019-09-03T20:00:00Z,88.075510146,407.07,1.0,-190.96,419.15,264.52,519.00:00:00,True,319 518
TGT,long,17,2018-12-03T21:00:00Z,58.2072959,2019-09-03T20:00:00Z,88.075510146,507.76,1.0,-339.45,524.88,163.7,273.23:00:00,True,418 518
TGT,long,6,2019-03-01T21:00:00Z,59.21032145,2019-09-03T20:00:00Z,88.075510146,173.19,1.0,-125.82,179.23,57.78,185.23:00:00,True,463 518
TGT,long,9,2019-05-01T20:00:00Z,61.426446725,2019-09-03T20:00:00Z,88.075510146,239.84,1.0,-208.68,248.9,61.26,125.00:00:00,True,477 518
TGT,long,6,2019-08-01T20:00:00Z,67.672455696,2019-09-03T20:00:00Z,88.075510146,122.42,1.0,-176.6,128.46,13.52,33.00:00:00,True,514 518
TSN,long,19,2016-12-01T21:00:00Z,43.454274719,2019-09-03T20:00:00Z,75.776938841,614.13,1.0,-70.0,614.13,474.9,1005.23:00:00,True,133 519
ATUS,long,47,2019-01-02T21:00:00Z,17.12,2019-09-03T20:00:00Z,28.65,541.91,1.0,0.0,552.25,83.19,243.23:00:00,True,436 520
KR,long,56,2019-06-03T20:00:00Z,19.610276056,2019-09-03T20:00:00Z,20.650431963,58.25,2.705,-102.83,81.31,184.15,92.00:00:00,True,489 521
VZ,long,15,2016-02-01T21:00:00Z,29.034775836,2019-09-03T20:00:00Z,38.84173194,147.1,1.0,-41.78,163.09,99.04,1309.23:00:00,True,16 522
T,long,25,2016-11-01T20:00:00Z,15.54626999471364,2019-09-03T20:00:00Z,17.54312201757921,49.92,1.0,-65.17,69.58,134.75,1036.00:00:00,True,116 523
NXPI,long,4,2018-11-01T20:00:00Z,73.95572547,2019-09-03T20:00:00Z,87.963383403,56.03,1.0,-56.87,86.62,70.49,306.00:00:00,True,401 524
DXC,long,75,2018-06-01T20:00:00Z,79.60919478,2019-09-04T20:00:00Z,31.325178843,-3621.3,1.14,-3746.59,954.26,4700.86,460.00:00:00,False,345 533
DXC,long,11,2018-11-01T20:00:00Z,68.623953582,2019-09-04T20:00:00Z,31.325178843,-410.29,1.0,-428.66,260.8,435.31,307.00:00:00,False,406 533
DXC,long,15,2018-12-03T21:00:00Z,60.848873063,2019-09-04T20:00:00Z,31.325178843,-442.86,1.0,-467.91,472.26,553.45,274.23:00:00,False,419 533
DXC,long,5,2019-01-02T21:00:00Z,52.396575935,2019-09-04T20:00:00Z,31.325178843,-105.36,1.0,-113.71,199.68,184.48,244.23:00:00,False,441 533
DXC,long,6,2019-05-01T20:00:00Z,63.497801256,2019-09-04T20:00:00Z,31.325178843,-193.04,1.0,-203.06,173.01,203.06,126.00:00:00,False,479 533
DXC,long,25,2019-06-03T20:00:00Z,44.980823976,2019-09-04T20:00:00Z,31.325178843,-341.39,1.0,-383.16,1183.8,638.43,93.00:00:00,False,490 533
DXC,long,91,2019-09-03T20:00:00Z,30.749957694,2019-09-04T20:00:00Z,31.325178843,52.35,1.0,-99.68,5604.03,22.18,1.00:00:00,True,527 533
FCX,long,554,2019-01-02T21:00:00Z,9.51289906,2019-09-04T20:00:00Z,8.68478499,-458.78,4.295,-788.46,2011.84,2800.3,244.23:00:00,False,434 534
FCX,long,58,2019-05-01T20:00:00Z,10.8394786,2019-09-04T20:00:00Z,8.68478499,-124.97,1.0,-159.49,133.68,174.74,126.00:00:00,False,476 534
FCX,long,71,2019-06-03T20:00:00Z,9.1825472,2019-09-04T20:00:00Z,8.68478499,-35.34,1.0,-77.59,281.29,213.9,93.00:00:00,False,494 534
FCX,long,48,2019-08-01T20:00:00Z,9.94937895,2019-09-04T20:00:00Z,8.68478499,-60.7,1.0,-89.27,153.36,89.27,34.00:00:00,False,512 534
FCX,long,128,2019-09-03T20:00:00Z,8.433725895,2019-09-04T20:00:00Z,8.68478499,32.14,1.0,-44.04,602.96,0.0,1.00:00:00,True,528 534
MPC,long,27,2018-03-01T21:00:00Z,50.183360139,2019-10-01T20:00:00Z,49.097972848,-29.31,1.0,-385.96,472.89,858.85,578.23:00:00,False,309 535
VLO,long,9,2016-03-01T21:00:00Z,41.077764609,2019-10-01T20:00:00Z,65.153774964,216.68,2.0,-83.07,445.17,355.9,1308.23:00:00,True,31 536
DOW,long,16,2019-09-03T20:00:00Z,28.58234258,2019-10-01T20:00:00Z,31.433738957,45.62,2.26,0.0,78.88,33.26,28.00:00:00,True,525 537
COP,long,8,2019-09-03T20:00:00Z,40.020196062,2019-10-01T20:00:00Z,42.42002331,19.2,2.0,0.0,64.61,45.41,28.00:00:00,True,526 538
VLO,long,9,2016-03-01T21:00:00Z,41.077764609,2019-11-01T20:00:00Z,76.346584932,317.42,1.0,-83.07,445.17,355.9,1339.23:00:00,True,31 547
VLO,long,3,2016-05-02T20:00:00Z,39.897254082,2019-11-01T20:00:00Z,76.346584932,109.35,1.0,-24.15,151.93,118.63,1278.00:00:00,True,61 547
HPE,long,42,2016-02-01T21:00:00Z,10.335336095,2019-11-01T20:00:00Z,13.385949369,128.13,1.0,-47.22,355.64,381.67,1368.23:00:00,True,9 548
HPE,long,14,2016-03-01T21:00:00Z,9.95310104,2019-11-01T20:00:00Z,13.385949369,48.06,1.0,-10.39,123.9,127.22,1339.23:00:00,True,33 548
MU,long,14,2018-02-01T21:00:00Z,41.433583877,2019-11-01T20:00:00Z,47.177142574,80.41,1.0,-183.89,274.81,458.7,637.23:00:00,True,288 549
BBY,long,8,2016-02-01T21:00:00Z,19.109253061,2019-11-01T20:00:00Z,54.852370964,285.94,1.0,-8.83,326.93,195.86,1368.23:00:00,True,2 550
ATUS,long,13,2019-01-02T21:00:00Z,17.12,2019-11-01T20:00:00Z,31.41,185.77,1.0,0.0,185.77,23.53,302.23:00:00,True,436 551
GILD,long,2,2016-02-01T21:00:00Z,58.045930195,2019-12-02T21:00:00Z,51.03528402,-14.02,1.0,-25.25,25.87,51.13,1400.00:00:00,False,1 558
GILD,long,12,2016-08-01T20:00:00Z,56.148681114,2019-12-02T21:00:00Z,51.03528402,-61.36,1.0,-128.75,178.01,229.85,1218.01:00:00,False,89 558
GILD,long,4,2016-09-01T20:00:00Z,54.027229578,2019-12-02T21:00:00Z,51.03528402,-11.97,1.0,-34.43,67.82,76.62,1187.01:00:00,False,102 558
GILD,long,9,2016-11-01T20:00:00Z,52.00254711,2019-12-02T21:00:00Z,51.03528402,-8.71,1.0,-59.25,170.83,172.39,1126.01:00:00,False,119 558
GILD,long,7,2016-12-01T21:00:00Z,51.13899732,2019-12-02T21:00:00Z,51.03528402,-0.73,1.0,-40.03,138.91,134.08,1096.00:00:00,False,136 558
GILD,long,5,2017-01-03T21:00:00Z,52.400951712,2019-12-02T21:00:00Z,51.03528402,-6.83,1.0,-34.91,92.91,95.77,1063.00:00:00,False,146 558
GILD,long,6,2017-04-03T20:00:00Z,47.77722642,2019-12-02T21:00:00Z,51.03528402,19.55,1.0,-14.14,139.24,114.93,973.01:00:00,True,184 558
GILD,long,8,2017-06-01T20:00:00Z,46.011391524,2019-12-02T21:00:00Z,51.03528402,40.19,1.0,-4.73,199.77,153.23,914.01:00:00,True,204 558
GILD,long,5,2017-10-02T20:00:00Z,60.322086144,2019-12-02T21:00:00Z,51.03528402,-46.43,1.0,-74.51,53.31,95.77,791.01:00:00,False,251 558
GILD,long,7,2017-11-01T20:00:00Z,54.052980448,2019-12-02T21:00:00Z,51.03528402,-21.12,1.0,-60.43,118.51,134.08,761.01:00:00,False,260 558
GILD,long,7,2017-12-01T21:00:00Z,54.414104048,2019-12-02T21:00:00Z,51.03528402,-23.65,1.0,-62.96,115.98,134.08,731.00:00:00,False,268 558
GILD,long,10,2018-01-02T21:00:00Z,53.8844085,2019-12-02T21:00:00Z,51.03528402,-28.49,1.0,-84.65,170.99,191.54,699.00:00:00,False,275 558
GILD,long,8,2018-04-02T20:00:00Z,53.562769794,2019-12-02T21:00:00Z,51.03528402,-20.22,1.0,-65.14,139.36,106.83,609.01:00:00,False,320 558
GILD,long,7,2018-05-01T20:00:00Z,53.138017176,2019-12-02T21:00:00Z,51.03528402,-14.72,1.0,-54.03,124.92,93.48,580.01:00:00,False,337 558
GILD,long,13,2018-06-01T20:00:00Z,50.01828243,2019-12-02T21:00:00Z,51.03528402,13.22,1.0,-59.78,272.54,173.6,549.01:00:00,True,348 558
GILD,long,8,2018-09-04T20:00:00Z,54.843448434,2019-12-02T21:00:00Z,51.03528402,-30.47,1.0,-75.39,129.12,106.83,454.01:00:00,False,384 558
GILD,long,17,2019-03-01T21:00:00Z,49.523566834,2019-12-02T21:00:00Z,51.03528402,25.7,1.0,-69.77,364.81,93.4,276.00:00:00,True,459 558
GILD,long,6,2019-05-01T20:00:00Z,49.139128792,2019-12-02T21:00:00Z,51.03528402,11.38,1.0,-22.32,131.06,32.96,215.01:00:00,True,480 558
GILD,long,9,2019-08-01T20:00:00Z,50.065949973,2019-12-02T21:00:00Z,51.03528402,8.72,1.0,-41.82,188.25,40.5,123.01:00:00,True,513 558
GILD,long,7,2019-10-01T20:00:00Z,48.79689437,2019-12-02T21:00:00Z,51.03528402,15.67,1.0,-23.64,155.3,18.53,62.01:00:00,True,546 558
TSN,long,8,2016-12-01T21:00:00Z,43.454274719,2019-12-02T21:00:00Z,73.105709478,237.21,1.0,-29.47,258.58,199.96,1096.00:00:00,True,133 559
TSN,long,11,2017-06-01T20:00:00Z,45.583762328,2019-12-02T21:00:00Z,73.105709478,302.74,1.0,-63.95,332.12,274.94,914.01:00:00,True,202 559
TSN,long,6,2018-01-02T21:00:00Z,63.243036208,2019-12-02T21:00:00Z,73.105709478,59.18,1.0,-140.84,75.2,143.57,699.00:00:00,True,279 559
TSN,long,13,2018-02-01T21:00:00Z,59.430568384,2019-12-02T21:00:00Z,73.105709478,177.78,1.0,-255.58,212.5,248.55,669.00:00:00,True,290 559
TSN,long,7,2018-05-01T20:00:00Z,54.7873689,2019-12-02T21:00:00Z,73.105709478,128.23,1.0,-105.12,146.93,114.39,580.01:00:00,True,336 559
TSN,long,8,2018-06-01T20:00:00Z,53.858679325,2019-12-02T21:00:00Z,73.105709478,153.98,1.0,-112.71,175.35,130.73,549.01:00:00,True,349 559
TSN,long,29,2018-08-01T20:00:00Z,45.561168,2019-12-02T21:00:00Z,73.105709478,798.79,1.0,-167.94,876.26,371.95,488.01:00:00,True,366 559
TSN,long,7,2018-10-01T20:00:00Z,46.772385165,2019-12-02T21:00:00Z,73.105709478,184.33,1.0,-49.01,203.03,89.78,427.01:00:00,True,390 559
TSN,long,8,2019-08-01T20:00:00Z,65.028282939,2019-12-02T21:00:00Z,73.105709478,64.62,1.0,-202.06,85.99,102.61,123.01:00:00,True,511 559
TSN,long,13,2019-10-01T20:00:00Z,67.678578028,2019-12-02T21:00:00Z,73.105709478,70.55,1.0,-362.81,105.28,69.27,62.01:00:00,True,541 559
TSN,long,7,2019-11-01T20:00:00Z,67.98724173,2019-12-02T21:00:00Z,73.105709478,35.83,1.0,-197.52,54.53,23.94,31.01:00:00,True,555 559
BBY,long,14,2016-02-01T21:00:00Z,19.109253061,2019-12-02T21:00:00Z,59.568832373,566.43,1.0,-15.45,591.08,342.76,1400.00:00:00,True,2 560
DOW,long,19,2019-09-03T20:00:00Z,28.58234258,2019-12-02T21:00:00Z,36.815601828,156.43,1.0,0.0,184.36,67.04,90.01:00:00,True,525 561
COP,long,12,2019-09-03T20:00:00Z,40.020196062,2019-12-02T21:00:00Z,46.78632741,81.19,1.0,0.0,96.92,87.32,90.01:00:00,True,526 562
KR,long,21,2019-06-03T20:00:00Z,19.610276056,2019-12-02T21:00:00Z,24.00042608,92.19,1.0,-38.56,92.19,69.05,182.01:00:00,True,489 563
NUE,long,10,2019-03-01T21:00:00Z,51.880577416,2019-12-02T21:00:00Z,49.759044288,-21.22,2.0,-112.5,6.49,118.98,276.00:00:00,False,458 564
CCL,long,8,2019-10-01T20:00:00Z,40.862288831,2019-12-02T21:00:00Z,43.281220047,19.35,2.0,-18.31,25.03,18.31,62.01:00:00,True,539 565
LBTYA,long,356,2019-12-02T21:00:00Z,22.27,2019-12-03T21:00:00Z,22.05,-78.32,3.56,-110.36,0.0,110.36,1.00:00:00,False,567 573
HPE,long,25,2016-03-01T21:00:00Z,9.95310104,2020-01-02T21:00:00Z,13.202223092,81.23,3.13,-18.55,221.25,227.19,1402.00:00:00,True,33 574
HPE,long,19,2017-03-01T21:00:00Z,17.588872736,2020-01-02T21:00:00Z,13.202223092,-83.35,1.0,-159.18,23.07,158.16,1037.00:00:00,False,176 574
HPE,long,97,2017-05-01T20:00:00Z,14.27206875,2020-01-02T21:00:00Z,13.202223092,-103.78,1.0,-490.91,439.5,510.74,976.01:00:00,False,192 574
HPE,long,62,2017-07-03T17:00:00Z,12.737552001,2020-01-02T21:00:00Z,13.202223092,28.81,1.0,-218.64,376.05,326.45,913.04:00:00,True,212 574
HPE,long,114,2017-10-02T20:00:00Z,11.502226722,2020-01-02T21:00:00Z,13.202223092,193.8,1.0,-261.19,832.28,600.25,822.01:00:00,True,248 574
HPE,long,24,2017-11-01T20:00:00Z,10.44260904,2020-01-02T21:00:00Z,13.202223092,66.23,1.0,-29.56,200.65,126.37,792.01:00:00,True,262 574
HPE,long,32,2017-12-01T21:00:00Z,11.087593716,2020-01-02T21:00:00Z,13.202223092,67.67,1.0,-60.05,246.89,168.49,762.00:00:00,True,269 574
HPE,long,32,2018-04-02T20:00:00Z,13.26554328,2020-01-02T21:00:00Z,13.202223092,-2.03,1.0,-129.74,177.2,129.22,640.01:00:00,False,321 574
HPE,long,98,2018-06-01T20:00:00Z,12.033521445,2020-01-02T21:00:00Z,13.202223092,114.53,1.0,-276.6,663.4,357.67,580.01:00:00,True,346 574
HPE,long,36,2019-04-01T20:00:00Z,12.6790734,2020-01-02T21:00:00Z,13.202223092,18.83,1.0,-124.85,220.46,111.37,276.01:00:00,True,468 574
HPE,long,55,2019-08-01T20:00:00Z,11.364865218,2020-01-02T21:00:00Z,13.202223092,101.05,1.0,-118.46,409.09,82.4,154.01:00:00,True,510 574
HPE,long,32,2019-12-02T21:00:00Z,12.770503421,2020-01-02T21:00:00Z,13.202223092,13.82,1.0,-113.9,193.04,21.41,31.00:00:00,True,571 574
FCX,long,68,2019-12-02T21:00:00Z,10.706511425,2020-01-02T21:00:00Z,12.3428778,111.27,4.775,-33.7,111.27,33.7,31.00:00:00,True,566 575
NXPI,long,7,2018-11-01T20:00:00Z,73.95572547,2020-01-02T21:00:00Z,114.75144993,285.57,1.0,-99.53,289.69,123.35,427.01:00:00,True,401 576
CCL,long,13,2019-10-01T20:00:00Z,40.862288831,2020-01-02T21:00:00Z,49.915922693,117.7,1.0,-29.75,117.95,29.75,93.01:00:00,True,539 577
MU,long,10,2018-02-01T21:00:00Z,41.433583877,2020-01-02T21:00:00Z,54.012855047,125.79,1.0,-131.35,196.3,327.65,700.00:00:00,True,288 578
ATUS,long,26,2019-01-02T21:00:00Z,17.12,2020-02-03T21:00:00Z,27.71,275.34,1.0,0.0,376.74,173.94,397.00:00:00,True,436 585
ETE,long,93,2018-03-01T21:00:00Z,8.45736309,2020-02-03T21:00:00Z,7.31082752,-106.63,1.0,-194.27,202.84,397.11,704.00:00:00,False,307 586
LUV,long,13,2016-12-01T21:00:00Z,41.598498474,2020-02-03T21:00:00Z,50.501163856,115.73,1.0,-19.66,228.38,248.05,1159.00:00:00,True,132 587
CAH,long,14,2020-01-02T21:00:00Z,42.901463884,2020-02-03T21:00:00Z,43.903554376,14.03,2.0,-8.75,62.71,49.28,32.00:00:00,True,579 588
BBY,long,9,2016-02-01T21:00:00Z,19.109253061,2020-02-03T21:00:00Z,64.515295614,408.65,1.0,-9.93,449.52,220.35,1463.00:00:00,True,2 589
NXPI,long,5,2018-11-01T20:00:00Z,73.95572547,2020-02-03T21:00:00Z,112.21609815,191.3,1.0,-71.09,239.11,88.11,459.01:00:00,True,401 590
OXY,long,15,2019-10-01T20:00:00Z,38.598171816,2020-02-03T21:00:00Z,36.075118224,-37.85,2.0,-79.5,59.09,101.8,125.01:00:00,False,540 591
MU,long,8,2018-02-01T21:00:00Z,41.433583877,2020-02-03T21:00:00Z,52.442883994,88.07,1.0,-105.08,157.04,262.12,732.00:00:00,True,288 592
DOW,long,217,2019-09-03T20:00:00Z,28.58234258,2020-03-02T21:00:00Z,29.159278226,125.2,1.235,-168.12,2105.54,2273.66,181.01:00:00,True,525 599
DOW,long,30,2020-02-03T21:00:00Z,32.369473842,2020-03-02T21:00:00Z,29.159278226,-96.31,1.0,-136.86,177.47,196.48,28.00:00:00,False,593 599
NXPI,long,65,2018-11-01T20:00:00Z,73.95572547,2020-03-02T21:00:00Z,107.19895836,2160.81,1.0,-924.21,3240.7,1450.69,487.01:00:00,True,401 600
NXPI,long,4,2019-06-03T20:00:00Z,79.289467567,2020-03-02T21:00:00Z,107.19895836,111.64,1.0,-78.21,178.09,89.27,273.01:00:00,True,495 600
OXY,long,181,2019-10-01T20:00:00Z,38.598171816,2020-03-02T21:00:00Z,29.675565066,-1614.99,1.105,-1803.97,713.05,2517.02,153.01:00:00,False,540 601
OXY,long,25,2019-11-01T20:00:00Z,37.293047432,2020-03-02T21:00:00Z,29.675565066,-190.44,1.0,-216.54,131.12,347.66,122.01:00:00,False,552 601
OXY,long,15,2019-12-02T21:00:00Z,34.109602144,2020-03-02T21:00:00Z,29.675565066,-66.51,1.0,-82.17,126.42,208.59,91.00:00:00,False,570 601
FCX,long,687,2019-12-02T21:00:00Z,10.706511425,2020-03-02T21:00:00Z,9.8546154,-585.25,3.795,-1036.59,1336.17,2372.77,91.00:00:00,False,566 602
FCX,long,72,2020-02-03T21:00:00Z,10.736838112,2020-03-02T21:00:00Z,9.8546154,-63.52,1.0,-110.82,137.85,193.94,28.00:00:00,False,595 602
KR,long,52,2019-06-03T20:00:00Z,19.610276056,2020-03-02T21:00:00Z,25.822908888,323.06,1.0,-95.49,351.56,170.99,273.01:00:00,True,489 603
CAH,long,23,2020-01-02T21:00:00Z,42.901463884,2020-03-02T21:00:00Z,46.267460152,77.42,1.0,-14.38,203.49,163.5,60.00:00:00,True,579 604
MU,long,15,2018-02-01T21:00:00Z,41.433583877,2020-03-02T21:00:00Z,53.232745207,176.99,1.0,-197.03,294.44,491.47,760.00:00:00,True,288 605
T,long,29,2016-11-01T20:00:00Z,15.54626999471364,2020-03-02T21:00:00Z,18.94006463676756,98.42,1.0,-75.6,126.59,156.31,1217.01:00:00,True,116 606
ATUS,long,17,2019-01-02T21:00:00Z,17.12,2020-03-02T21:00:00Z,26.21,154.53,1.0,0.0,246.33,113.73,425.00:00:00,True,436 607
MGM,long,288,2020-03-02T21:00:00Z,24.845323965,2020-03-03T21:00:00Z,24.845323965,0.0,2.88,-499.88,0.0,499.88,1.00:00:00,False,609 619
NUE,long,129,2019-03-01T21:00:00Z,51.880577416,2020-03-03T21:00:00Z,37.833936824,-1812.02,1.0,-1972.95,83.66,2056.61,368.00:00:00,False,458 620
NUE,long,5,2019-04-01T20:00:00Z,51.672353306,2020-03-03T21:00:00Z,37.833936824,-69.19,1.0,-75.43,4.28,79.71,337.01:00:00,False,471 620
NUE,long,10,2019-05-01T20:00:00Z,48.323299424,2020-03-03T21:00:00Z,37.833936824,-104.89,1.0,-117.37,42.06,144.73,307.01:00:00,False,478 620
NUE,long,18,2019-09-03T20:00:00Z,42.33045612,2020-03-03T21:00:00Z,37.833936824,-80.94,1.0,-103.39,183.58,260.51,182.01:00:00,False,532 620
NUE,long,7,2020-01-02T21:00:00Z,48.770032688,2020-03-03T21:00:00Z,37.833936824,-76.55,1.0,-85.29,26.31,85.29,61.00:00:00,False,584 620
NUE,long,19,2020-02-03T21:00:00Z,42.417187356,2020-03-03T21:00:00Z,37.833936824,-87.08,1.0,-110.79,192.13,137.35,29.00:00:00,False,594 620
CCL,long,162,2019-10-01T20:00:00Z,40.862288831,2020-04-01T20:00:00Z,8.6608236,-5216.64,1.065,-5216.64,1559.67,6776.31,183.00:00:00,False,539 624
CCL,long,8,2019-11-01T20:00:00Z,41.304667105,2020-04-01T20:00:00Z,8.6608236,-261.15,1.0,-261.15,73.48,334.63,152.00:00:00,False,557 624
CCL,long,16,2020-02-03T21:00:00Z,41.588495325,2020-04-01T20:00:00Z,8.6608236,-526.84,1.0,-526.84,142.42,548.48,57.23:00:00,False,597 624
CCL,long,27,2020-03-02T21:00:00Z,32.53713957,2020-04-01T20:00:00Z,8.6608236,-644.66,1.0,-644.66,484.72,644.66,29.23:00:00,False,612 624
ETE,long,599,2018-03-01T21:00:00Z,8.45736309,2020-04-01T20:00:00Z,2.901484672,-3327.97,5.49,-3516.14,1306.44,4822.58,761.23:00:00,False,307 625
ETE,long,86,2018-04-02T20:00:00Z,7.672268565,2020-04-01T20:00:00Z,2.901484672,-410.29,1.0,-437.3,255.09,692.39,730.00:00:00,False,318 625
ETE,long,34,2018-11-01T20:00:00Z,8.877487745,2020-04-01T20:00:00Z,2.901484672,-203.18,1.0,-213.86,59.87,223.91,517.00:00:00,False,409 625
ETE,long,47,2019-03-01T21:00:00Z,8.555952832,2020-04-01T20:00:00Z,2.901484672,-265.76,1.0,-280.52,97.88,300.93,396.23:00:00,False,462 625
ETE,long,54,2019-07-01T20:00:00Z,8.05333344,2020-04-01T20:00:00Z,2.901484672,-278.2,1.0,-295.16,139.59,326.01,275.00:00:00,False,503 625
ETE,long,119,2019-10-01T20:00:00Z,7.419347616,2020-04-01T20:00:00Z,2.901484672,-537.63,1.0,-575.01,383.07,621.91,183.00:00:00,False,542 625
ETE,long,67,2019-11-01T20:00:00Z,7.373654944,2020-04-01T20:00:00Z,2.901484672,-299.64,1.0,-320.68,218.74,350.15,152.00:00:00,False,553 625
ETE,long,92,2019-12-02T21:00:00Z,6.642572192,2020-04-01T20:00:00Z,2.901484672,-344.18,1.0,-373.08,367.62,480.8,120.23:00:00,False,569 625
UAL,long,95,2020-01-02T21:00:00Z,89.74,2020-04-01T20:00:00Z,25.65,-6088.55,2.0,-6503.7,0.0,6503.7,89.23:00:00,False,580 626
UAL,long,10,2020-02-03T21:00:00Z,74.91,2020-04-01T20:00:00Z,25.65,-492.6,1.0,-536.3,148.3,609.2,57.23:00:00,False,596 626
UAL,long,9,2020-03-02T21:00:00Z,61.26,2020-04-01T20:00:00Z,25.65,-320.49,1.0,-359.82,256.32,359.82,29.23:00:00,False,614 626
KR,long,76,2019-06-03T20:00:00Z,19.610276056,2020-04-01T20:00:00Z,26.527644609,525.72,1.0,-139.56,769.72,411.95,303.00:00:00,True,489 627
VZ,long,36,2016-02-01T21:00:00Z,29.034775836,2020-04-01T20:00:00Z,36.15621408,256.37,1.0,-100.28,465.7,281.4,1520.23:00:00,True,16 628
VZ,long,7,2016-04-01T20:00:00Z,30.893779411,2020-04-01T20:00:00Z,36.15621408,36.84,1.0,-32.51,77.54,54.72,1461.00:00:00,True,45 628
VZ,long,4,2016-08-01T20:00:00Z,31.82424495,2020-04-01T20:00:00Z,36.15621408,17.33,1.0,-22.3,40.59,31.27,1339.00:00:00,True,92 628
CVS,long,31,2020-03-02T21:00:00Z,51.920639997,2020-04-01T20:00:00Z,47.306733366,-143.03,2.0,-294.86,50.53,345.39,29.23:00:00,False,610 629
DELL,long,73,2020-03-02T21:00:00Z,19.517268043394697,2020-04-01T20:00:00Z,16.989553923124895,-184.52,2.885,-454.08,33.27,487.36,29.23:00:00,False,608 630
CI,long,8,2020-03-02T21:00:00Z,174.792000156,2020-04-01T20:00:00Z,155.693322018,-152.79,2.0,-462.32,109.37,571.69,29.23:00:00,False,611 631
CAH,long,24,2020-01-02T21:00:00Z,42.901463884,2020-04-01T20:00:00Z,41.272942945,-39.08,1.0,-186.85,212.34,399.19,89.23:00:00,False,579 632
ATUS,long,23,2019-01-02T21:00:00Z,17.12,2020-04-01T20:00:00Z,21.95,111.09,1.0,0.0,333.27,331.66,454.23:00:00,True,436 633
T,long,19,2016-11-01T20:00:00Z,15.54626999471364,2020-04-01T20:00:00Z,14.2891020188631,-23.89,1.0,-49.53,82.94,118.92,1247.00:00:00,False,116 634
VLO,long,3,2016-05-02T20:00:00Z,39.897254082,2020-05-01T20:00:00Z,45.860575852,17.89,1.0,-43.6,151.93,195.53,1460.00:00:00,True,61 644
VLO,long,8,2016-06-01T20:00:00Z,37.57776201,2020-05-01T20:00:00Z,45.860575852,66.26,1.0,-97.7,423.71,521.4,1430.00:00:00,True,72 644
VLO,long,7,2016-07-01T20:00:00Z,34.672125945,2020-05-01T20:00:00Z,45.860575852,78.32,1.0,-65.15,391.08,456.23,1400.00:00:00,True,84 644
VLO,long,6,2016-08-01T20:00:00Z,34.80021663,2020-05-01T20:00:00Z,45.860575852,66.36,1.0,-56.61,334.44,391.05,1369.00:00:00,True,94 644
VLO,long,2,2017-05-01T20:00:00Z,44.749977828,2020-05-01T20:00:00Z,45.860575852,2.22,1.0,-38.77,91.58,130.35,1096.00:00:00,True,194 644
COP,long,35,2019-09-03T20:00:00Z,40.020196062,2020-05-01T20:00:00Z,30.555725445,-331.26,1.0,-781.44,402.55,1183.98,241.00:00:00,False,526 645
WMB,long,82,2020-04-01T20:00:00Z,9.628402964,2020-05-01T20:00:00Z,13.39886534,309.18,3.705,0.0,363.08,58.04,30.00:00:00,True,637 646
MPC,long,40,2018-03-01T21:00:00Z,50.183360139,2020-05-01T20:00:00Z,24.214132308,-1038.77,1.0,-1456.8,700.57,2157.38,791.23:00:00,False,309 647
LEN,long,19,2020-04-01T20:00:00Z,30.572319665996364,2020-05-01T20:00:00Z,43.640937136568816,248.3,2.0,-22.73,311.67,83.08,30.00:00:00,True,638 648
BBY,long,10,2016-02-01T21:00:00Z,19.109253061,2020-05-01T20:00:00Z,55.18156578,360.72,1.0,-11.04,504.53,308.53,1550.23:00:00,True,2 649
BBY,long,4,2016-04-01T20:00:00Z,21.990358368,2020-05-01T20:00:00Z,55.18156578,132.76,1.0,-15.94,190.29,123.41,1491.00:00:00,True,43 649
EPD,long,50,2020-04-01T20:00:00Z,8.428841015,2020-05-01T20:00:00Z,10.747766268,115.95,4.165,0.0,154.22,46.45,30.00:00:00,True,636 650
CI,long,34,2020-03-02T21:00:00Z,174.792000156,2020-06-01T20:00:00Z,178.21024494,116.22,1.0,-1964.87,464.82,2429.69,90.23:00:00,True,611 661
CI,long,2,2020-05-01T20:00:00Z,168.305677566,2020-06-01T20:00:00Z,178.21024494,19.81,1.0,-102.61,40.31,16.88,31.00:00:00,True,660 661
LEN,long,19,2020-04-01T20:00:00Z,30.572319665996364,2020-06-01T20:00:00Z,53.064414868444175,427.35,1.0,-22.73,508.66,88.18,61.00:00:00,True,638 662
DELL,long,31,2020-03-02T21:00:00Z,19.517268043394697,2020-06-01T20:00:00Z,22.73101022180694,99.63,1.0,-192.83,103.48,206.96,90.23:00:00,True,608 663
MPC,long,14,2018-03-01T21:00:00Z,50.183360139,2020-06-01T20:00:00Z,30.73633245,-272.26,1.0,-509.88,245.2,755.08,822.23:00:00,False,309 664
CAH,long,8,2020-01-02T21:00:00Z,42.901463884,2020-06-01T20:00:00Z,47.31984865,35.35,1.0,-62.28,70.78,133.06,150.23:00:00,True,579 665
ATUS,long,157,2019-01-02T21:00:00Z,17.12,2020-07-01T20:00:00Z,23.43,990.67,1.31,0.0,2274.93,2263.94,545.23:00:00,True,436 672
ATUS,long,18,2019-07-01T20:00:00Z,24.23,2020-07-01T20:00:00Z,23.43,-14.4,1.0,-127.98,132.84,259.56,366.00:00:00,False,502 672
ATUS,long,14,2019-10-01T20:00:00Z,28.31,2020-07-01T20:00:00Z,23.43,-68.32,1.0,-156.66,46.2,201.88,274.00:00:00,False,545 672
ATUS,long,59,2019-12-02T21:00:00Z,25.55,2020-07-01T20:00:00Z,23.43,-125.08,1.0,-497.37,357.54,729.24,211.23:00:00,False,568 672
ATUS,long,14,2020-06-01T20:00:00Z,25.68,2020-07-01T20:00:00Z,23.43,-31.5,1.0,-119.84,83.02,57.26,30.00:00:00,False,668 672
DAL,long,4,2016-04-01T20:00:00Z,41.380989693,2020-07-01T20:00:00Z,26.73835018,-58.57,1.0,-91.43,74.89,166.32,1552.00:00:00,False,42 673
DAL,long,14,2016-05-02T20:00:00Z,37.120534681,2020-07-01T20:00:00Z,26.73835018,-145.35,1.0,-260.35,321.76,582.12,1521.00:00:00,False,58 673
DAL,long,10,2016-07-01T20:00:00Z,32.471406827,2020-07-01T20:00:00Z,26.73835018,-57.33,1.0,-139.48,276.32,415.8,1461.00:00:00,False,79 673
DELL,long,29,2020-03-02T21:00:00Z,19.517268043394697,2020-07-01T20:00:00Z,24.991679863068274,158.76,1.0,-180.39,167.57,193.61,120.23:00:00,True,608 674
BBY,long,9,2016-04-01T20:00:00Z,21.990358368,2020-07-01T20:00:00Z,67.157641165,406.51,1.0,-35.86,428.15,277.68,1552.00:00:00,True,43 675
MU,long,7,2018-02-01T21:00:00Z,41.433583877,2020-07-01T20:00:00Z,48.46432381,49.22,1.0,-91.95,137.41,229.35,880.23:00:00,True,288 676
MU,long,3,2018-05-01T20:00:00Z,45.626674267,2020-07-01T20:00:00Z,48.46432381,8.51,1.0,-51.98,46.31,98.29,792.00:00:00,True,332 676
MPC,long,10,2018-03-01T21:00:00Z,50.183360139,2020-07-01T20:00:00Z,30.045817584,-201.38,1.0,-364.2,175.14,539.34,852.23:00:00,False,309 677
MPC,long,4,2018-07-02T20:00:00Z,54.749401857,2020-07-01T20:00:00Z,30.045817584,-98.81,1.0,-163.94,51.79,215.74,730.00:00:00,False,357 677
CRH,long,11,2020-04-01T20:00:00Z,22.43575845,2020-07-01T20:00:00Z,30.171330765,85.09,2.19,-0.29,104.15,40.4,91.00:00:00,True,635 678
LUV,long,9,2016-12-01T21:00:00Z,41.598498474,2020-07-01T20:00:00Z,31.039764126,-95.03,1.0,-177.16,158.11,335.27,1307.23:00:00,False,132 679
LEN,long,20,2020-04-01T20:00:00Z,30.572319665996364,2020-08-03T20:00:00Z,65.06490009078675,689.85,1.0,-23.93,689.85,137.12,124.00:00:00,True,638 689
BBY,long,1,2016-04-01T20:00:00Z,21.990358368,2020-08-03T20:00:00Z,77.567652171,55.58,1.0,-3.98,55.58,30.85,1585.00:00:00,True,43 690
BBY,long,10,2017-01-03T21:00:00Z,29.911483752,2020-08-03T20:00:00Z,77.567652171,476.56,1.0,-119.06,476.56,308.53,1307.23:00:00,True,144 690
DELL,long,18,2020-03-02T21:00:00Z,19.517268043394697,2020-08-03T20:00:00Z,27.846293259365684,149.92,1.0,-111.97,160.53,120.17,153.23:00:00,True,608 691
CRH,long,11,2020-04-01T20:00:00Z,22.43575845,2020-08-03T20:00:00Z,32.562168345,111.39,1.0,-0.29,123.78,40.4,124.00:00:00,True,635 692
CAH,long,125,2020-01-02T21:00:00Z,42.901463884,2020-09-01T20:00:00Z,43.08585896,23.05,1.0,-973.18,1105.94,2079.12,242.23:00:00,True,579 700
CAH,long,17,2020-05-01T20:00:00Z,41.02206989,2020-09-01T20:00:00Z,43.08585896,35.08,1.0,-100.4,182.36,146.6,123.00:00:00,True,653 700
CAH,long,6,2020-07-01T20:00:00Z,45.12924992,2020-09-01T20:00:00Z,43.08585896,-12.26,1.0,-60.08,39.72,45.58,62.00:00:00,False,686 700
DAL,long,13,2016-07-01T20:00:00Z,32.471406827,2020-09-01T20:00:00Z,29.643853214,-36.76,1.0,-181.32,359.22,540.54,1523.00:00:00,False,79 701
DAL,long,13,2016-09-01T20:00:00Z,32.691561182,2020-09-01T20:00:00Z,29.643853214,-39.62,1.0,-184.18,356.35,540.54,1461.00:00:00,False,101 701
DAL,long,10,2017-04-03T20:00:00Z,41.466293539,2020-09-01T20:00:00Z,29.643853214,-118.22,1.0,-229.43,186.37,415.8,1247.00:00:00,False,181 701
DAL,long,11,2017-08-01T20:00:00Z,45.017150901,2020-09-01T20:00:00Z,29.643853214,-169.11,1.0,-291.43,165.95,457.38,1127.00:00:00,False,231 701
LUV,long,33,2016-12-01T21:00:00Z,41.598498474,2020-09-01T20:00:00Z,34.803828986,-224.22,1.0,-649.58,579.74,1229.33,1369.23:00:00,False,132 702
LUV,long,3,2017-04-03T20:00:00Z,47.9077794,2020-09-01T20:00:00Z,34.803828986,-39.31,1.0,-77.98,33.78,111.76,1247.00:00:00,False,182 702
BBY,long,6,2017-01-03T21:00:00Z,29.911483752,2020-09-01T20:00:00Z,87.26264765,344.11,1.0,-71.44,361.96,185.12,1336.23:00:00,True,144 703
BBY,long,1,2017-07-03T17:00:00Z,41.98573638,2020-09-01T20:00:00Z,87.26264765,45.28,1.0,-23.98,48.25,30.85,1156.03:00:00,True,220 703
DELL,long,17,2020-03-02T21:00:00Z,19.517268043394697,2020-09-01T20:00:00Z,30.55817598584822,187.7,1.0,-105.75,187.7,113.49,182.23:00:00,True,608 704
WMB,long,20,2020-04-01T20:00:00Z,9.628402964,2020-09-01T20:00:00Z,15.446415408,116.36,1.0,0.0,136.7,43.94,153.00:00:00,True,637 705
ETE,long,1395,2020-06-01T20:00:00Z,4.869906817,2020-10-01T20:00:00Z,3.358221702,-2108.8,15.77,-2108.8,935.04,3043.84,122.00:00:00,False,666 713
ETE,long,203,2020-07-01T20:00:00Z,4.205558993,2020-10-01T20:00:00Z,3.358221702,-172.01,1.015,-172.01,270.93,179.23,92.00:00:00,False,681 713
ETE,long,161,2020-08-03T20:00:00Z,3.997950298,2020-10-01T20:00:00Z,3.358221702,-103.0,1.0,-103.0,248.3,142.15,59.00:00:00,False,696 713
LEN,long,13,2020-04-01T20:00:00Z,30.572319665996364,2020-10-01T20:00:00Z,73.31293701805632,555.63,1.0,-15.55,555.63,89.13,183.00:00:00,True,638 714
VZ,long,6,2016-08-01T20:00:00Z,31.82424495,2020-10-01T20:00:00Z,41.515986025,58.15,1.0,-33.45,63.01,46.9,1522.00:00:00,True,92 715
VZ,long,8,2016-09-01T20:00:00Z,30.691418616,2020-10-01T20:00:00Z,41.515986025,86.6,1.0,-35.54,93.08,62.53,1491.00:00:00,True,99 715
BIIB,long,2,2020-07-01T20:00:00Z,264.77,2020-10-01T20:00:00Z,285.57,41.6,2.0,0.0,81.88,78.4,92.00:00:00,True,680 716
MU,long,10,2018-05-01T20:00:00Z,45.626674267,2020-10-01T20:00:00Z,46.728579416,11.02,1.0,-173.28,154.36,327.65,884.00:00:00,True,332 717
DELL,long,14,2020-03-02T21:00:00Z,19.517268043394697,2020-10-01T20:00:00Z,31.096869159020475,162.11,1.0,-87.08,168.11,93.47,212.23:00:00,True,608 718
BBY,long,4,2017-07-03T17:00:00Z,41.98573638,2020-10-01T20:00:00Z,88.168991589,184.73,1.0,-95.92,193.01,123.41,1186.03:00:00,True,220 719
SO,long,8,2020-04-01T20:00:00Z,38.639398228,2020-10-01T20:00:00Z,43.09100157,35.61,2.0,0.0,66.85,58.51,183.00:00:00,True,639 720
LUV,long,5,2017-04-03T20:00:00Z,47.9077794,2020-11-02T21:00:00Z,35.25368064,-63.27,1.0,-129.97,56.29,186.26,1309.01:00:00,False,182 727
LUV,long,11,2017-08-01T20:00:00Z,49.515761876,2020-11-02T21:00:00Z,35.25368064,-156.88,1.0,-303.62,106.16,409.78,1189.01:00:00,False,230 727
LUV,long,6,2017-09-01T20:00:00Z,46.487350051,2020-11-02T21:00:00Z,35.25368064,-67.4,1.0,-147.44,76.07,223.51,1158.01:00:00,False,240 727
EPD,long,63,2020-04-01T20:00:00Z,8.428841015,2020-11-02T21:00:00Z,10.82790976,151.14,1.0,0.0,350.85,260.95,215.01:00:00,True,636 728
MU,long,7,2018-05-01T20:00:00Z,45.626674267,2020-11-02T21:00:00Z,48.474075183,19.93,1.0,-121.3,108.05,229.35,916.01:00:00,True,332 729
MU,long,7,2018-07-02T20:00:00Z,53.125480104,2020-11-02T21:00:00Z,48.474075183,-32.56,1.0,-173.79,55.56,194.06,854.01:00:00,False,358 729
ETR,long,15,2020-09-01T20:00:00Z,39.669212756,2020-11-02T21:00:00Z,42.775666616,46.6,2.0,-17.42,68.95,47.45,62.01:00:00,True,706 730
SO,long,13,2020-04-01T20:00:00Z,38.639398228,2020-11-02T21:00:00Z,46.554375735,102.89,1.0,0.0,121.77,95.08,215.01:00:00,True,639 731
DAL,long,1,2017-08-01T20:00:00Z,45.017150901,2020-11-02T21:00:00Z,29.170864348,-15.85,1.0,-26.49,15.09,41.58,1189.01:00:00,False,231 732
DAL,long,5,2018-02-01T21:00:00Z,51.371572252,2020-11-02T21:00:00Z,29.170864348,-111.0,1.0,-164.24,43.66,207.9,1005.00:00:00,False,294 732
DAL,long,7,2018-05-01T20:00:00Z,48.297957678,2020-11-02T21:00:00Z,29.170864348,-133.89,1.0,-208.42,82.64,291.06,916.01:00:00,False,335 732
MU,long,5,2018-07-02T20:00:00Z,53.125480104,2020-12-01T21:00:00Z,65.412210084,61.43,1.0,-124.13,61.43,138.62,883.01:00:00,True,358 738
MU,long,10,2018-09-04T20:00:00Z,50.638879989,2020-12-01T21:00:00Z,65.412210084,147.73,1.0,-223.4,147.73,248.86,819.01:00:00,True,383 738
MU,long,23,2018-10-01T20:00:00Z,44.027449095,2020-12-01T21:00:00Z,65.412210084,491.85,1.0,-361.77,491.85,572.37,792.01:00:00,True,387 738
MU,long,15,2018-11-01T20:00:00Z,39.122508476,2020-12-01T21:00:00Z,65.412210084,394.35,1.0,-162.36,394.35,373.28,761.01:00:00,True,407 738
MU,long,9,2019-01-02T21:00:00Z,31.935746575,2020-12-01T21:00:00Z,65.412210084,301.29,1.0,-32.74,301.29,223.97,699.00:00:00,True,440 738
MU,long,28,2019-06-03T20:00:00Z,31.877238337,2020-12-01T21:00:00Z,65.412210084,938.98,1.0,-100.21,938.98,696.79,547.01:00:00,True,492 738
MU,long,13,2019-10-01T20:00:00Z,41.24830779,2020-12-01T21:00:00Z,65.412210084,314.13,1.0,-168.35,314.13,323.51,427.01:00:00,True,544 738
MU,long,7,2020-06-01T20:00:00Z,45.187862482,2020-12-01T21:00:00Z,65.412210084,141.57,1.0,-118.23,141.57,75.5,183.01:00:00,True,669 738
MU,long,6,2020-08-03T20:00:00Z,49.137168547,2020-12-01T21:00:00Z,65.412210084,97.65,1.0,-125.03,97.65,50.55,120.01:00:00,True,698 738
MU,long,18,2020-09-01T20:00:00Z,44.622282848,2020-12-01T21:00:00Z,65.412210084,374.22,1.0,-293.83,374.22,81.97,91.01:00:00,True,707 738
VLO,long,6,2017-05-01T20:00:00Z,44.749977828,2020-12-01T21:00:00Z,44.67634816,-0.44,1.0,-116.31,274.75,391.05,1310.01:00:00,False,194 739
VLO,long,6,2017-06-01T20:00:00Z,43.652543984,2020-12-01T21:00:00Z,44.67634816,6.14,1.0,-109.72,281.33,391.05,1279.01:00:00,True,205 739
VLO,long,7,2018-07-02T20:00:00Z,79.474338933,2020-12-01T21:00:00Z,44.67634816,-243.59,1.0,-378.76,77.47,444.09,883.01:00:00,False,359 739
VLO,long,15,2018-11-01T20:00:00Z,67.779033421,2020-12-01T21:00:00Z,44.67634816,-346.54,1.0,-636.21,341.43,782.38,761.01:00:00,False,403 739
VLO,long,5,2018-12-03T21:00:00Z,60.13893519,2020-12-01T21:00:00Z,44.67634816,-77.31,1.0,-173.87,152.01,260.79,729.00:00:00,False,420 739
COP,long,46,2019-09-03T20:00:00Z,40.020196062,2020-12-01T21:00:00Z,31.656198882,-384.74,1.0,-1027.03,529.06,1556.09,455.01:00:00,False,526 740
MPC,long,11,2018-07-02T20:00:00Z,54.749401857,2020-12-01T21:00:00Z,34.213829115,-225.89,1.0,-450.85,142.43,593.28,883.01:00:00,False,357 741
MPC,long,6,2018-11-01T20:00:00Z,55.700327996,2020-12-01T21:00:00Z,34.213829115,-128.92,1.0,-251.62,71.98,251.62,761.01:00:00,False,408 741
MPC,long,8,2018-12-03T21:00:00Z,51.0396943,2020-12-01T21:00:00Z,34.213829115,-134.61,1.0,-298.21,133.26,332.38,729.00:00:00,False,423 741
MPC,long,11,2019-03-01T21:00:00Z,49.882567988,2020-12-01T21:00:00Z,34.213829115,-172.36,1.0,-397.31,195.97,457.02,641.00:00:00,False,460 741
MPC,long,6,2019-04-01T20:00:00Z,48.585366555,2020-12-01T21:00:00Z,34.213829115,-86.23,1.0,-208.93,114.67,249.28,610.01:00:00,False,470 741
MPC,long,1,2019-06-03T20:00:00Z,37.898901402,2020-12-01T21:00:00Z,34.213829115,-3.69,1.0,-24.14,29.8,41.55,547.01:00:00,False,491 741
DAL,long,2,2018-05-01T20:00:00Z,48.297957678,2020-12-01T21:00:00Z,38.572724664,-19.45,1.0,-59.55,23.61,83.16,945.01:00:00,False,335 742
DAL,long,10,2018-07-02T20:00:00Z,45.987192576,2020-12-01T21:00:00Z,38.572724664,-74.14,1.0,-274.63,141.16,415.8,883.01:00:00,False,360 742
DAL,long,9,2019-01-02T21:00:00Z,46.750364457,2020-12-01T21:00:00Z,38.572724664,-73.6,1.0,-254.04,120.18,374.22,699.00:00:00,False,438 742
DAL,long,5,2019-02-01T21:00:00Z,46.591698816,2020-12-01T21:00:00Z,38.572724664,-40.09,1.0,-140.34,67.56,207.9,669.00:00:00,False,448 742
UTX,long,13,2020-10-01T20:00:00Z,50.316900322,2020-12-01T21:00:00Z,62.828293286,162.65,2.0,-58.29,198.54,119.08,61.01:00:00,True,721 743
EPD,long,520,2020-04-01T20:00:00Z,8.428841015,2021-01-04T21:00:00Z,12.735998736,2239.72,3.02,0.0,3036.23,2153.89,278.01:00:00,True,636 754
EPD,long,41,2020-09-01T20:00:00Z,11.302266384,2021-01-04T21:00:00Z,12.735998736,58.78,1.0,-117.81,121.58,62.8,125.01:00:00,True,711 754
EPD,long,43,2020-10-01T20:00:00Z,10.074318216,2021-01-04T21:00:00Z,12.735998736,114.45,1.0,-70.76,180.32,65.87,95.01:00:00,True,725 754
SO,long,111,2020-04-01T20:00:00Z,38.639398228,2021-01-04T21:00:00Z,47.307147888,962.12,1.0,0.0,1384.08,811.85,278.01:00:00,True,639 755
SO,long,14,2020-05-01T20:00:00Z,41.929989182,2021-01-04T21:00:00Z,47.307147888,75.28,1.0,-46.07,128.5,102.4,248.01:00:00,True,654 755
SO,long,20,2020-07-01T20:00:00Z,41.22511815,2021-01-04T21:00:00Z,47.307147888,121.64,1.0,-51.71,197.67,76.03,187.01:00:00,True,682 755
SO,long,15,2020-12-01T21:00:00Z,48.271461381,2021-01-04T21:00:00Z,47.307147888,-14.46,1.0,-144.48,42.56,30.12,34.00:00:00,False,748 755
UTX,long,121,2020-10-01T20:00:00Z,50.316900322,2021-01-04T21:00:00Z,60.358558326,1215.04,1.0,-542.5,1860.74,1108.32,95.01:00:00,True,721 756
WMB,long,439,2020-04-01T20:00:00Z,9.628402964,2021-01-04T21:00:00Z,15.3745302,2522.55,2.43,0.0,3271.37,1205.36,278.01:00:00,True,637 757
WMB,long,22,2020-07-01T20:00:00Z,13.861978713,2021-01-04T21:00:00Z,15.3745302,33.28,1.0,-93.14,70.8,60.41,187.01:00:00,True,685 757
WMB,long,25,2020-12-01T21:00:00Z,15.70098079,2021-01-04T21:00:00Z,15.3745302,-8.16,1.0,-151.81,34.48,45.7,34.00:00:00,False,753 757
MPC,long,12,2019-06-03T20:00:00Z,37.898901402,2021-01-04T21:00:00Z,35.341281025,-30.69,1.0,-289.63,357.59,498.57,581.01:00:00,False,491 758
DELL,long,10,2020-03-02T21:00:00Z,19.517268043394697,2021-01-04T21:00:00Z,33.37595566090308,138.59,1.0,-62.2,148.81,66.76,308.00:00:00,True,608 759
VLO,long,7,2018-12-03T21:00:00Z,60.13893519,2021-01-04T21:00:00Z,45.768619172,-100.59,1.0,-243.42,212.81,365.11,763.00:00:00,False,420 760
BIIB,long,4,2020-07-01T20:00:00Z,264.77,2021-02-01T21:00:00Z,278.46,54.76,1.0,-114.04,363.44,477.48,215.01:00:00,True,680 768
INTC,long,15,2021-01-04T21:00:00Z,44.904595629,2021-02-01T21:00:00Z,51.251087703,95.2,2.0,0.0,173.44,120.29,28.00:00:00,True,762 769
DHI,long,10,2021-01-04T21:00:00Z,63.509350632,2021-02-01T21:00:00Z,72.704719932,91.95,2.0,-14.05,109.68,40.65,28.00:00:00,True,764 770
BBY,long,1,2017-07-03T17:00:00Z,41.98573638,2021-02-01T21:00:00Z,83.680557576,41.69,1.0,-23.98,53.12,30.85,1309.04:00:00,True,220 771
BBY,long,6,2017-09-01T20:00:00Z,38.62517592,2021-02-01T21:00:00Z,83.680557576,270.33,1.0,-123.72,338.86,185.12,1249.01:00:00,True,241 771
LEN,long,8,2020-04-01T20:00:00Z,30.572319665996364,2021-02-01T21:00:00Z,74.88869397685939,354.53,1.0,-9.57,370.22,102.5,306.01:00:00,True,638 772
KR,long,17,2019-06-03T20:00:00Z,19.610276056,2021-02-01T21:00:00Z,29.77975988,172.88,1.0,-31.22,248.74,92.15,609.01:00:00,True,489 773
CVS,long,6,2020-03-02T21:00:00Z,51.920639997,2021-02-01T21:00:00Z,59.782142574,47.17,1.0,-57.07,68.72,67.59,336.00:00:00,True,610 774
COP,long,82,2019-09-03T20:00:00Z,40.020196062,2021-03-01T21:00:00Z,42.799292461,227.89,1.2,-1830.79,943.11,2773.9,545.01:00:00,True,526 780
COP,long,9,2019-11-01T20:00:00Z,44.29084995,2021-03-01T21:00:00Z,42.799292461,-13.42,1.0,-239.38,65.08,304.45,486.01:00:00,False,556 780
COP,long,13,2020-03-02T21:00:00Z,38.422946709,2021-03-01T21:00:00Z,42.799292461,56.89,1.0,-269.48,170.28,271.51,364.00:00:00,True,615 780
COP,long,45,2020-04-01T20:00:00Z,23.117767246,2021-03-01T21:00:00Z,42.799292461,885.67,1.0,-244.09,1278.17,746.44,334.01:00:00,True,642 780
COP,long,8,2020-07-01T20:00:00Z,32.114653494,2021-03-01T21:00:00Z,42.799292461,85.48,1.0,-115.37,155.26,80.83,243.01:00:00,True,688 780
COP,long,26,2020-08-03T20:00:00Z,29.233083408,2021-03-01T21:00:00Z,42.799292461,352.72,1.0,-300.03,579.5,262.7,210.01:00:00,True,694 780
COP,long,30,2020-10-01T20:00:00Z,25.824813264,2021-03-01T21:00:00Z,42.799292461,509.23,1.0,-243.94,770.9,189.6,151.01:00:00,True,724 780
COP,long,27,2020-11-02T21:00:00Z,24.368904818,2021-03-01T21:00:00Z,42.799292461,497.62,1.0,-180.24,733.12,170.64,119.00:00:00,True,735 780
DAL,long,15,2019-02-01T21:00:00Z,46.591698816,2021-03-01T21:00:00Z,46.391520204,-3.0,1.07,-421.02,202.68,623.69,759.00:00:00,False,448 781
DAL,long,11,2019-10-01T20:00:00Z,54.251063761,2021-03-01T21:00:00Z,46.391520204,-86.45,1.0,-393.0,64.38,450.37,517.01:00:00,False,543 781
DAL,long,9,2019-11-01T20:00:00Z,53.704514136,2021-03-01T21:00:00Z,46.391520204,-65.82,1.0,-316.63,57.59,368.48,486.01:00:00,False,554 781
DAL,long,8,2020-03-02T21:00:00Z,45.522765144,2021-03-01T21:00:00Z,46.391520204,6.95,1.0,-215.99,116.65,226.34,364.00:00:00,True,617 781
DAL,long,44,2020-04-01T20:00:00Z,22.997877005,2021-03-01T21:00:00Z,46.391520204,1029.32,1.0,-196.86,1632.64,510.94,334.01:00:00,True,641 781
DAL,long,55,2020-05-01T20:00:00Z,23.287462025,2021-03-01T21:00:00Z,46.391520204,1270.72,1.0,-262.0,2024.88,638.68,304.01:00:00,True,652 781
DAL,long,21,2020-06-01T20:00:00Z,25.261466578,2021-03-01T21:00:00Z,46.391520204,443.73,1.0,-141.49,731.68,243.86,273.01:00:00,True,667 781
DAL,long,34,2020-08-03T20:00:00Z,24.32514168,2021-03-01T21:00:00Z,46.391520204,750.26,1.0,-197.25,1216.46,182.48,210.01:00:00,True,693 781
DAL,long,17,2021-02-01T21:00:00Z,36.507018188,2021-03-01T21:00:00Z,46.391520204,168.04,1.0,-305.71,401.14,27.24,28.00:00:00,True,777 781
DISH,long,238,2021-01-04T21:00:00Z,31.53,2021-03-01T21:00:00Z,32.84,311.78,2.54,-597.38,552.16,1073.38,56.00:00:00,True,763 782
DISH,long,32,2021-02-01T21:00:00Z,29.45,2021-03-01T21:00:00Z,32.84,108.48,1.0,-13.76,140.8,92.8,28.00:00:00,True,775 782
LUV,long,1,2017-09-01T20:00:00Z,46.487350051,2021-03-01T21:00:00Z,53.302830676,6.82,1.0,-24.57,12.68,37.25,1277.01:00:00,True,240 783
LUV,long,16,2018-02-01T21:00:00Z,53.829123586,2021-03-01T21:00:00Z,53.302830676,-8.42,1.0,-510.64,85.4,567.22,1124.00:00:00,False,289 783
LUV,long,17,2018-05-01T20:00:00Z,47.352484758,2021-03-01T21:00:00Z,53.302830676,101.16,1.0,-432.45,200.84,602.67,1035.01:00:00,True,333 783
LUV,long,8,2018-06-01T20:00:00Z,45.581462472,2021-03-01T21:00:00Z,53.302830676,61.77,1.0,-189.34,108.68,283.61,1004.01:00:00,True,350 783
LUV,long,21,2018-11-01T20:00:00Z,45.833137355,2021-03-01T21:00:00Z,53.302830676,156.86,1.0,-502.3,280.0,664.09,851.01:00:00,True,404 783
LUV,long,12,2019-04-01T20:00:00Z,47.426631837,2021-03-01T21:00:00Z,53.302830676,70.51,1.0,-306.15,140.88,379.48,700.01:00:00,True,467 783
LUV,long,15,2020-01-02T21:00:00Z,50.153636832,2021-03-01T21:00:00Z,53.302830676,47.24,1.0,-423.59,135.19,474.35,424.00:00:00,True,581 783
LUV,long,9,2020-03-02T21:00:00Z,42.93787836,2021-03-01T21:00:00Z,53.302830676,93.28,1.0,-189.21,146.06,190.54,364.00:00:00,True,616 783
LUV,long,58,2020-05-01T20:00:00Z,26.835028258,2021-03-01T21:00:00Z,53.302830676,1535.13,1.0,-285.41,1875.23,516.5,304.01:00:00,True,651 783
LUV,long,25,2020-08-03T20:00:00Z,28.992480068,2021-03-01T21:00:00Z,53.302830676,607.76,1.0,-176.96,754.35,120.27,210.01:00:00,True,695 783
LUV,long,12,2021-02-01T21:00:00Z,41.120113434,2021-03-01T21:00:00Z,53.302830676,146.19,1.0,-230.47,216.56,13.55,28.00:00:00,True,779 783
MPC,long,13,2019-06-03T20:00:00Z,37.898901402,2021-03-01T21:00:00Z,49.21963233,147.17,1.075,-313.76,387.38,540.11,637.01:00:00,True,491 784
MPC,long,20,2019-09-03T20:00:00Z,40.364746144,2021-03-01T21:00:00Z,49.21963233,177.1,1.0,-532.03,546.66,830.94,545.01:00:00,True,531 784
MPC,long,14,2020-01-02T21:00:00Z,50.758919384,2021-03-01T21:00:00Z,49.21963233,-21.55,1.0,-517.94,237.14,517.94,424.00:00:00,False,583 784
MPC,long,8,2020-03-02T21:00:00Z,39.526010091,2021-03-01T21:00:00Z,49.21963233,77.55,1.0,-206.1,225.37,206.1,364.00:00:00,True,618 784
MPC,long,104,2020-04-01T20:00:00Z,17.282795529,2021-03-01T21:00:00Z,49.21963233,3321.43,1.0,-366.03,5243.15,1251.57,334.01:00:00,True,640 784
MPC,long,18,2020-09-01T20:00:00Z,29.896576879,2021-03-01T21:00:00Z,49.21963233,347.81,1.0,-290.4,680.42,115.57,181.01:00:00,True,709 784
MPC,long,38,2020-10-01T20:00:00Z,23.689852597,2021-03-01T21:00:00Z,49.21963233,970.13,1.0,-377.21,1672.3,137.1,151.01:00:00,True,722 784
VLO,long,1,2018-12-03T21:00:00Z,60.13893519,2021-03-01T21:00:00Z,64.8781202,4.74,1.0,-34.77,30.4,52.16,819.00:00:00,True,420 785
VLO,long,7,2019-03-01T21:00:00Z,61.984536903,2021-03-01T21:00:00Z,64.8781202,20.26,1.0,-256.33,199.89,365.11,731.00:00:00,True,461 785
VLO,long,12,2019-06-03T20:00:00Z,54.4429512,2021-03-01T21:00:00Z,64.8781202,125.22,1.0,-348.93,433.18,625.9,637.01:00:00,True,493 785
VLO,long,14,2019-09-03T20:00:00Z,57.011464434,2021-03-01T21:00:00Z,64.8781202,110.13,1.0,-443.05,469.41,730.22,545.01:00:00,True,530 785
VLO,long,10,2020-01-02T21:00:00Z,73.383862293,2021-03-01T21:00:00Z,64.8781202,-85.06,1.0,-480.18,171.57,493.76,424.00:00:00,False,582 785
VLO,long,5,2020-02-03T21:00:00Z,61.905339525,2021-03-01T21:00:00Z,64.8781202,14.86,1.0,-182.7,143.18,205.03,392.00:00:00,True,598 785
VLO,long,14,2020-03-02T21:00:00Z,52.970682149,2021-03-01T21:00:00Z,64.8781202,166.7,1.0,-386.47,525.98,430.48,364.00:00:00,True,613 785
VLO,long,21,2020-04-01T20:00:00Z,31.9993807,2021-03-01T21:00:00Z,64.8781202,690.45,1.0,-139.31,1229.37,645.72,334.01:00:00,True,643 785
VLO,long,14,2020-07-01T20:00:00Z,44.74213272,2021-03-01T21:00:00Z,64.8781202,281.9,1.0,-271.27,641.18,253.69,243.01:00:00,True,683 785
VLO,long,9,2020-08-03T20:00:00Z,43.494544872,2021-03-01T21:00:00Z,64.8781202,192.45,1.0,-163.16,423.42,140.94,210.01:00:00,True,697 785
VLO,long,13,2020-09-01T20:00:00Z,42.332754024,2021-03-01T21:00:00Z,64.8781202,293.09,1.0,-220.58,626.71,175.37,181.01:00:00,True,708 785
VLO,long,27,2020-10-01T20:00:00Z,32.497871776,2021-03-01T21:00:00Z,64.8781202,874.27,1.0,-192.58,1567.16,177.97,151.01:00:00,True,723 785
VLO,long,19,2020-11-02T21:00:00Z,32.19128808,2021-03-01T21:00:00Z,64.8781202,621.05,1.0,-129.69,1108.64,118.12,119.00:00:00,True,736 785
HPQ,long,22,2021-01-04T21:00:00Z,19.586942301,2021-03-01T21:00:00Z,24.038889369,97.94,2.93,0.0,97.94,28.06,56.00:00:00,True,761 786
ETR,long,160,2020-09-01T20:00:00Z,39.669212756,2021-03-02T21:00:00Z,36.32563009,-534.97,1.19,-600.51,1044.1,1644.61,182.01:00:00,False,706 804
ETR,long,12,2020-12-01T21:00:00Z,44.5890690875,2021-03-02T21:00:00Z,36.32563009,-99.16,1.0,-104.08,19.27,104.08,91.00:00:00,False,752 804
ETR,long,16,2021-01-04T21:00:00Z,40.1485958775,2021-03-02T21:00:00Z,36.32563009,-61.17,1.0,-67.72,96.74,69.16,57.00:00:00,False,765 804
ETR,long,13,2021-02-01T21:00:00Z,38.9770319125,2021-03-02T21:00:00Z,36.32563009,-34.47,1.0,-39.79,93.83,47.67,29.00:00:00,False,778 804
ETR,long,37,2021-03-01T21:00:00Z,36.309080828,2021-03-02T21:00:00Z,36.32563009,0.61,1.0,-14.54,365.77,14.7,1.00:00:00,True,793 804
CRH,long,216,2020-04-01T20:00:00Z,22.43575845,2021-04-01T20:00:00Z,41.58218064,4135.63,1.13,-5.61,4313.8,1215.8,365.00:00:00,True,635 805
CRH,long,10,2021-03-01T21:00:00Z,38.79107736,2021-04-01T20:00:00Z,41.58218064,27.91,1.0,-163.81,36.16,33.94,30.23:00:00,True,803 805
T,long,137,2016-11-01T20:00:00Z,15.54626999471364,2021-04-01T20:00:00Z,16.648722612904148,151.04,2.805,-357.13,598.04,857.51,1612.00:00:00,True,116 806
T,long,20,2017-05-01T20:00:00Z,17.02925490138912,2021-04-01T20:00:00Z,16.648722612904148,-7.61,1.0,-81.79,57.64,125.18,1431.00:00:00,False,195 806
T,long,25,2017-07-03T17:00:00Z,16.58959366799436,2021-04-01T20:00:00Z,16.648722612904148,1.48,1.0,-91.25,83.05,156.48,1368.03:00:00,True,216 806
T,long,53,2017-11-01T20:00:00Z,14.980548675973594,2021-04-01T20:00:00Z,16.648722612904148,88.41,1.0,-108.18,261.34,331.74,1247.00:00:00,True,258 806
T,long,32,2018-02-01T21:00:00Z,17.717211234523372,2021-04-01T20:00:00Z,16.648722612904148,-34.19,1.0,-152.89,70.22,200.29,1154.23:00:00,False,291 806
T,long,46,2018-05-01T20:00:00Z,14.931654689400203,2021-04-01T20:00:00Z,16.648722612904148,78.99,1.0,-91.64,229.07,287.92,1066.00:00:00,True,334 806
T,long,31,2018-08-01T20:00:00Z,14.86548655877428,2021-04-01T20:00:00Z,16.648722612904148,55.28,1.0,-59.71,156.43,194.03,974.00:00:00,True,369 806
T,long,28,2019-02-01T21:00:00Z,14.423218104867,2021-04-01T20:00:00Z,16.648722612904148,62.31,1.0,-41.54,153.67,175.26,789.23:00:00,True,450 806
T,long,35,2020-05-01T20:00:00Z,15.49946425509404,2021-04-01T20:00:00Z,16.648722612904148,40.22,1.0,-89.6,154.42,104.57,335.00:00:00,True,657 806
T,long,24,2020-07-01T20:00:00Z,15.502056138748738,2021-04-01T20:00:00Z,16.648722612904148,27.52,1.0,-61.5,105.83,43.07,274.00:00:00,True,684 806
T,long,20,2020-10-01T20:00:00Z,15.017056711789275,2021-04-01T20:00:00Z,16.648722612904148,32.63,1.0,-41.55,97.89,32.87,182.00:00:00,True,726 806
T,long,45,2020-12-01T21:00:00Z,15.505328897772909,2021-04-01T20:00:00Z,16.648722612904148,51.45,1.0,-115.46,198.28,73.96,120.23:00:00,True,749 806
T,long,65,2021-03-01T21:00:00Z,15.353336119385341,2021-04-01T20:00:00Z,16.648722612904148,84.2,1.0,-156.9,296.28,16.7,30.23:00:00,True,798 806
LEN,long,12,2020-04-01T20:00:00Z,30.572319665996364,2021-04-01T20:00:00Z,91.98120909662234,736.91,1.0,-14.36,736.91,158.15,365.00:00:00,True,638 807
DHI,long,6,2021-01-04T21:00:00Z,63.509350632,2021-04-01T20:00:00Z,86.08009038,135.42,1.0,-8.43,135.42,49.45,86.23:00:00,True,764 808
CARR,long,11,2021-03-01T21:00:00Z,36.29998692,2021-04-01T20:00:00Z,41.003372322,51.74,2.2,-18.03,55.39,18.03,30.23:00:00,True,788 809
CI,long,2,2021-03-01T21:00:00Z,193.36846113,2021-04-01T20:00:00Z,218.475944874,50.21,2.0,0.0,60.55,12.74,30.23:00:00,True,791 810
DHI,long,8,2021-01-04T21:00:00Z,63.509350632,2021-05-03T20:00:00Z,95.34516326,254.69,1.0,-11.24,259.38,65.93,118.23:00:00,True,764 817
DELL,long,16,2020-03-02T21:00:00Z,19.517268043394697,2021-05-03T20:00:00Z,45.02001578870332,408.04,1.0,-99.52,449.59,106.82,426.23:00:00,True,608 818
DTE,long,7,2021-03-01T21:00:00Z,83.50007454983772,2021-05-03T20:00:00Z,99.317288006448,110.72,2.0,-6.38,116.81,26.83,62.23:00:00,True,790 819
NOC,long,2,2021-04-01T20:00:00Z,294.595449312,2021-05-03T20:00:00Z,330.0302793,70.87,2.0,0.0,70.87,15.78,32.00:00:00,True,813 820
HPQ,long,20,2021-01-04T21:00:00Z,19.586942301,2021-05-03T20:00:00Z,28.192682336,172.11,1.0,0.0,175.71,32.01,118.23:00:00,True,761 821
CI,long,43,2021-03-01T21:00:00Z,193.36846113,2021-06-01T20:00:00Z,232.795275504,1695.35,1.0,0.0,2053.91,361.28,91.23:00:00,True,791 827
CNC,long,23,2021-03-01T21:00:00Z,59.39,2021-06-01T20:00:00Z,73.28,319.47,2.0,-13.57,335.57,149.5,91.23:00:00,True,787 828
CVS,long,16,2020-03-02T21:00:00Z,51.920639997,2021-06-01T20:00:00Z,72.308653944,326.21,1.0,-152.19,379.29,180.23,455.23:00:00,True,610 829
DOW,long,17,2021-03-01T21:00:00Z,45.844118382,2021-06-01T20:00:00Z,52.9849332,121.39,2.0,-10.0,121.39,66.61,91.23:00:00,True,789 830
EBAY,long,13,2021-04-01T20:00:00Z,57.488880654,2021-06-01T20:00:00Z,56.07346215,-18.4,2.0,-86.68,21.55,108.24,61.00:00:00,False,811 831
CARR,long,12,2021-03-01T21:00:00Z,36.29998692,2021-06-01T20:00:00Z,45.716515785,113.0,1.0,-19.67,113.0,34.89,91.23:00:00,True,788 832
BIIB,long,19,2020-07-01T20:00:00Z,264.77,2021-07-01T20:00:00Z,348.92,1598.85,1.0,-541.69,2848.86,2268.03,365.00:00:00,True,680 840
BIIB,long,3,2020-11-02T21:00:00Z,248.99,2021-07-01T20:00:00Z,348.92,299.79,1.0,-38.19,497.16,358.11,240.23:00:00,True,734 840
BIIB,long,5,2020-12-01T21:00:00Z,243.16,2021-07-01T20:00:00Z,348.92,528.8,1.0,-34.5,857.75,372.2,211.23:00:00,True,745 840
BIIB,long,4,2021-03-01T21:00:00Z,273.24,2021-07-01T20:00:00Z,348.92,302.72,1.0,-147.92,565.88,297.76,121.23:00:00,True,796 840
BIIB,long,2,2021-04-01T20:00:00Z,278.71,2021-07-01T20:00:00Z,348.92,140.42,1.0,-84.9,272.0,148.88,91.00:00:00,True,814 840
BIIB,long,2,2021-05-03T20:00:00Z,275.31,2021-07-01T20:00:00Z,348.92,147.22,1.0,-78.1,278.8,148.88,59.00:00:00,True,826 840
BIIB,long,1,2021-06-01T20:00:00Z,267.15,2021-07-01T20:00:00Z,348.92,81.77,1.0,-30.89,147.56,74.44,30.00:00:00,True,839 840
EBAY,long,22,2021-04-01T20:00:00Z,57.488880654,2021-07-01T20:00:00Z,63.775911,138.31,1.0,-146.7,152.18,183.17,91.00:00:00,True,811 841
CARR,long,9,2021-03-01T21:00:00Z,36.29998692,2021-07-01T20:00:00Z,47.570547375,101.44,1.0,-14.75,101.44,26.17,121.23:00:00,True,788 842
CARR,long,24,2021-03-01T21:00:00Z,36.29998692,2021-08-02T20:00:00Z,53.288771121,407.73,1.0,-39.34,422.72,69.79,153.23:00:00,True,788 851
LH,long,4,2021-03-01T21:00:00Z,196.7371591614518,2021-08-02T20:00:00Z,242.44698110989515,182.84,2.0,-28.94,182.84,63.84,153.23:00:00,True,792 852
KR,long,25,2019-06-03T20:00:00Z,19.610276056,2021-08-02T20:00:00Z,36.614453877,425.1,1.0,-45.91,426.44,140.65,791.00:00:00,True,489 853
DTE,long,5,2021-03-01T21:00:00Z,83.50007454983772,2021-08-02T20:00:00Z,98.5136964,75.07,1.0,-4.56,92.2,48.11,153.23:00:00,True,790 854
DHI,long,5,2021-01-04T21:00:00Z,63.509350632,2021-08-02T20:00:00Z,91.403259478,139.47,1.0,-7.03,177.17,85.97,209.23:00:00,True,764 855
DLTR,long,82,2021-04-01T20:00:00Z,115.93,2021-09-01T20:00:00Z,89.99,-2127.08,2.0,-2127.08,273.06,2400.14,153.00:00:00,False,812 862
DLTR,long,18,2021-06-01T20:00:00Z,98.88,2021-09-01T20:00:00Z,89.99,-160.02,1.0,-160.02,366.84,293.94,92.00:00:00,False,834 862
KR,long,27,2019-06-03T20:00:00Z,19.610276056,2021-09-01T20:00:00Z,41.037900556,578.55,1.0,-49.58,607.62,151.9,821.00:00:00,True,489 863
EBAY,long,15,2021-04-01T20:00:00Z,57.488880654,2021-09-01T20:00:00Z,69.739746305,183.76,1.0,-100.02,200.52,124.89,153.00:00:00,True,811 864
TSN,long,12,2020-12-01T21:00:00Z,55.923937388,2021-09-01T20:00:00Z,66.81521898,130.7,2.0,-43.02,162.35,103.07,273.23:00:00,True,744 865
DTE,long,91,2021-03-01T21:00:00Z,83.50007454983772,2021-10-01T20:00:00Z,94.207246406,974.35,1.0,-82.94,1711.57,875.66,213.23:00:00,True,790 871
DTE,long,10,2021-07-01T20:00:00Z,93.72204382,2021-10-01T20:00:00Z,94.207246406,4.85,1.0,-111.33,85.86,83.04,92.00:00:00,True,844 871
DELL,long,22,2020-03-02T21:00:00Z,19.517268043394697,2021-10-01T20:00:00Z,48.703387912958036,642.09,1.0,-136.85,642.09,146.87,577.23:00:00,True,608 872
GIS,long,18,2021-06-01T20:00:00Z,51.115477738,2021-10-01T20:00:00Z,49.872504402,-22.37,2.0,-79.09,20.12,99.21,122.00:00:00,False,833 873
TSN,long,9,2020-12-01T21:00:00Z,55.923937388,2021-10-01T20:00:00Z,66.781107828,97.71,1.0,-32.27,121.77,77.31,303.23:00:00,True,744 874
CNC,long,7,2021-03-01T21:00:00Z,59.39,2021-10-01T20:00:00Z,63.05,25.62,1.0,-4.13,107.17,104.79,213.23:00:00,True,787 875
BBY,long,1,2017-09-01T20:00:00Z,38.62517592,2021-11-01T20:00:00Z,98.101306522,59.48,1.0,-20.62,59.73,30.85,1522.00:00:00,True,241 885
BBY,long,5,2018-04-02T20:00:00Z,49.73859912,2021-11-01T20:00:00Z,98.101306522,241.81,1.0,-158.66,243.07,154.26,1309.00:00:00,True,323 885
BBY,long,5,2018-06-01T20:00:00Z,49.6880811,2021-11-01T20:00:00Z,98.101306522,242.07,1.0,-158.41,243.32,154.26,1249.00:00:00,True,347 885
CNC,long,13,2021-03-01T21:00:00Z,59.39,2021-11-01T20:00:00Z,71.74,160.55,1.0,-7.67,199.03,194.61,244.23:00:00,True,787 886
FTV,long,11,2021-07-01T20:00:00Z,51.96109135694552,2021-11-01T20:00:00Z,56.43830833298589,49.25,2.0,-17.98,49.25,48.13,123.00:00:00,True,843 887
HPQ,long,24,2021-01-04T21:00:00Z,19.586942301,2021-11-01T20:00:00Z,25.882775,151.1,1.0,0.0,227.93,171.65,300.23:00:00,True,761 888
CVS,long,7,2020-03-02T21:00:00Z,51.920639997,2021-11-01T20:00:00Z,77.242275775,177.25,1.0,-66.58,177.25,78.85,608.23:00:00,True,610 889
EBAY,long,7,2021-04-01T20:00:00Z,57.488880654,2021-11-01T20:00:00Z,69.87711941,86.72,1.0,-46.68,114.22,58.28,214.00:00:00,True,811 890
CI,long,53,2021-09-01T20:00:00Z,191.425241385,2021-12-01T21:00:00Z,177.431667968,-741.66,2.0,-877.85,418.85,1296.7,91.01:00:00,False,866 897
BIO,long,12,2021-10-01T20:00:00Z,741.92,2021-12-01T21:00:00Z,755.56,163.68,2.0,-396.96,633.12,828.84,61.01:00:00,True,876 898
HPQ,long,58,2021-01-04T21:00:00Z,19.586942301,2021-12-01T21:00:00Z,30.197951248,615.44,1.0,0.0,615.44,414.81,331.00:00:00,True,761 899
DHI,long,13,2021-01-04T21:00:00Z,63.509350632,2021-12-01T21:00:00Z,92.80229712,380.81,1.0,-18.27,460.65,262.48,331.00:00:00,True,764 900
LEN,long,8,2020-04-01T20:00:00Z,30.572319665996364,2021-12-01T21:00:00Z,97.2863597805773,533.71,1.0,-9.57,554.21,121.47,609.01:00:00,True,638 901
KR,long,13,2019-06-03T20:00:00Z,19.610276056,2021-12-01T21:00:00Z,36.25651259,216.4,1.0,-23.87,296.87,101.71,912.01:00:00,True,489 902
CARR,long,184,2021-03-01T21:00:00Z,36.29998692,2022-01-03T21:00:00Z,51.249336372,2750.68,1.0,-301.64,3792.06,1439.98,308.00:00:00,True,788 908
CARR,long,7,2021-10-01T20:00:00Z,51.190788006,2022-01-03T21:00:00Z,51.249336372,0.41,1.0,-115.71,40.03,42.62,94.01:00:00,True,884 908
EBAY,long,112,2021-04-01T20:00:00Z,57.488880654,2022-01-03T21:00:00Z,61.33330844,430.58,1.0,-746.82,1827.52,1714.7,277.01:00:00,True,811 909
EBAY,long,19,2021-05-03T20:00:00Z,52.97066091,2022-01-03T21:00:00Z,61.33330844,158.89,1.0,-40.85,395.87,290.89,245.01:00:00,True,823 909
EBAY,long,7,2021-08-02T20:00:00Z,62.70688785,2022-01-03T21:00:00Z,61.33330844,-9.62,1.0,-83.2,77.69,107.17,154.01:00:00,False,859 909
EBAY,long,6,2021-10-01T20:00:00Z,64.025025137,2022-01-03T21:00:00Z,61.33330844,-16.15,1.0,-79.22,58.69,91.86,94.01:00:00,False,883 909
EBAY,long,18,2021-12-01T21:00:00Z,61.342490073,2022-01-03T21:00:00Z,61.33330844,-0.17,1.0,-189.39,224.34,62.31,33.00:00:00,False,906 909
CNC,long,103,2021-03-01T21:00:00Z,59.39,2022-01-03T21:00:00Z,82.65,2395.78,1.0,-60.77,2608.99,1541.91,308.00:00:00,True,787 910
CNC,long,9,2021-05-03T20:00:00Z,62.44,2022-01-03T21:00:00Z,82.65,181.89,1.0,-32.76,200.52,134.73,245.01:00:00,True,825 910
CNC,long,13,2021-08-02T20:00:00Z,70.31,2022-01-03T21:00:00Z,82.65,160.42,1.0,-149.63,187.33,137.54,154.01:00:00,True,856 910
CNC,long,17,2021-09-01T20:00:00Z,62.71,2022-01-03T21:00:00Z,82.65,338.98,1.0,-66.47,374.17,102.0,124.01:00:00,True,867 910
FTV,long,181,2021-07-01T20:00:00Z,51.96109135694552,2022-01-03T21:00:00Z,54.254287787502605,415.07,1.0,-295.78,1147.78,1009.01,186.01:00:00,True,843 911
CVS,long,11,2020-03-02T21:00:00Z,51.920639997,2022-01-03T21:00:00Z,88.75405896,405.17,1.0,-104.63,405.17,123.91,672.00:00:00,True,610 912
FDX,long,4,2021-12-01T21:00:00Z,133.74656541829694,2022-01-03T21:00:00Z,152.27960077557572,74.13,2.0,0.0,74.34,18.34,33.00:00:00,True,903 913
KMI,long,117,2022-01-03T21:00:00Z,12.442367985,2022-02-01T21:00:00Z,13.456887141,118.7,5.475,0.0,137.12,50.75,29.00:00:00,True,915 921
T,long,66,2022-01-03T21:00:00Z,14.675303257431102,2022-02-01T21:00:00Z,14.378811221714082,-19.57,4.805,-31.42,93.13,124.55,29.00:00:00,False,914 922
DOW,long,21,2021-03-01T21:00:00Z,45.844118382,2022-02-01T21:00:00Z,47.595066001,36.77,1.0,-109.57,153.12,262.69,337.00:00:00,True,789 923
GIS,long,15,2021-06-01T20:00:00Z,51.115477738,2022-02-01T21:00:00Z,57.039220875,88.86,1.0,-65.91,109.54,82.67,245.01:00:00,True,833 924
TSN,long,10,2020-12-01T21:00:00Z,55.923937388,2022-02-01T21:00:00Z,78.092755502,221.69,1.0,-35.85,244.84,85.89,427.00:00:00,True,744 925
CVS,long,8,2020-03-02T21:00:00Z,51.920639997,2022-02-01T21:00:00Z,91.03598296,312.92,1.0,-76.09,333.48,90.11,701.00:00:00,True,610 926
DELL,long,9,2020-03-02T21:00:00Z,19.517268043394697,2022-02-01T21:00:00Z,53.205667412,303.2,1.0,-55.98,319.22,60.09,701.00:00:00,True,608 927
VZ,long,7,2016-09-01T20:00:00Z,30.691418616,2022-03-01T21:00:00Z,40.026362532,65.34,1.355,-31.1,90.18,54.72,2007.01:00:00,True,99 933
VZ,long,18,2016-11-01T20:00:00Z,28.148653708,2022-03-01T21:00:00Z,40.026362532,213.8,1.0,-34.19,277.65,140.7,1946.01:00:00,True,118 933
VZ,long,9,2017-02-01T21:00:00Z,28.886429856,2022-03-01T21:00:00Z,40.026362532,100.26,1.0,-23.74,132.19,70.35,1854.00:00:00,True,159 933
VZ,long,16,2017-05-01T20:00:00Z,27.71601624,2022-03-01T21:00:00Z,40.026362532,196.97,1.0,-23.47,253.73,125.06,1765.01:00:00,True,193 933
VZ,long,10,2017-07-03T17:00:00Z,27.18441,2022-03-01T21:00:00Z,40.026362532,128.42,1.0,-9.35,163.89,78.17,1702.04:00:00,True,219 933
VZ,long,22,2018-03-01T21:00:00Z,30.04240778,2022-03-01T21:00:00Z,40.026362532,219.65,1.0,-83.45,297.69,171.96,1461.00:00:00,True,311 933
VZ,long,26,2019-02-01T21:00:00Z,35.75809232,2022-03-01T21:00:00Z,40.026362532,110.98,1.0,-247.23,203.21,203.23,1124.00:00:00,True,447 933
VZ,long,10,2019-07-01T20:00:00Z,37.523560944,2022-03-01T21:00:00Z,40.026362532,25.03,1.0,-112.74,60.5,78.17,974.01:00:00,True,505 933
VZ,long,9,2019-08-01T20:00:00Z,36.974598375,2022-03-01T21:00:00Z,40.026362532,27.47,1.0,-96.53,59.39,70.35,943.01:00:00,True,516 933
VZ,long,9,2019-12-02T21:00:00Z,40.544166524,2022-03-01T21:00:00Z,40.026362532,-4.66,1.0,-128.65,27.27,70.35,820.00:00:00,False,572 933
VZ,long,12,2020-05-01T20:00:00Z,39.2559916775,2022-03-01T21:00:00Z,40.026362532,9.24,1.0,-156.08,51.81,82.28,669.01:00:00,True,658 933
VZ,long,8,2020-06-01T20:00:00Z,38.52052451,2022-03-01T21:00:00Z,40.026362532,12.05,1.0,-98.17,40.43,54.86,638.01:00:00,True,670 933
VZ,long,7,2020-07-01T20:00:00Z,37.753981265,2022-03-01T21:00:00Z,40.026362532,15.91,1.0,-80.53,40.74,48.0,608.01:00:00,True,687 933
VZ,long,16,2020-12-01T21:00:00Z,42.755177062,2022-03-01T21:00:00Z,40.026362532,-43.66,1.0,-264.1,13.1,109.71,455.00:00:00,False,750 933
VZ,long,22,2021-02-01T21:00:00Z,38.718645924,2022-03-01T21:00:00Z,40.026362532,28.77,1.0,-274.33,106.81,136.31,393.00:00:00,True,776 933
VZ,long,16,2021-03-01T21:00:00Z,39.489024288,2022-03-01T21:00:00Z,40.026362532,8.6,1.0,-211.84,65.36,99.13,365.00:00:00,True,801 933
VZ,long,10,2021-04-01T20:00:00Z,41.58616539,2022-03-01T21:00:00Z,40.026362532,-15.6,1.0,-153.37,19.88,61.96,334.01:00:00,False,816 933
VZ,long,12,2021-06-01T20:00:00Z,40.648931332,2022-03-01T21:00:00Z,40.026362532,-7.47,1.0,-172.8,35.1,55.49,273.01:00:00,False,837 933
VZ,long,15,2021-09-01T20:00:00Z,40.055347536,2022-03-01T21:00:00Z,40.026362532,-0.43,1.0,-207.09,52.78,55.43,181.01:00:00,False,869 933
VZ,long,17,2021-12-01T21:00:00Z,36.716966433,2022-03-01T21:00:00Z,40.026362532,56.26,1.0,-177.95,116.57,40.87,90.00:00:00,True,907 933
NOC,long,5,2021-04-01T20:00:00Z,294.595449312,2022-03-01T21:00:00Z,424.06517796,647.35,1.0,0.0,647.35,272.61,334.01:00:00,True,813 934
KR,long,24,2019-06-03T20:00:00Z,19.610276056,2022-03-01T21:00:00Z,43.7949465,580.43,1.0,-44.07,600.12,187.77,1002.01:00:00,True,489 935
MU,long,10,2021-12-01T21:00:00Z,83.149000545,2022-03-01T21:00:00Z,84.32272979,11.74,2.0,-61.97,120.24,182.21,90.00:00:00,True,904 936
HCA,long,2,2022-01-03T21:00:00Z,244.136807872,2022-03-01T21:00:00Z,242.541770478,-3.19,2.0,-48.49,11.9,60.38,57.00:00:00,False,916 937
BBY,long,14,2018-06-01T20:00:00Z,49.6880811,2022-04-01T20:00:00Z,72.68499689,321.96,1.0,-443.55,833.96,540.55,1400.00:00:00,True,347 946
BBY,long,13,2018-12-03T21:00:00Z,48.922180692,2022-04-01T20:00:00Z,72.68499689,308.92,1.0,-401.92,784.35,501.94,1214.23:00:00,True,421 946
BBY,long,10,2019-01-02T21:00:00Z,39.43652696,2022-04-01T20:00:00Z,72.68499689,332.48,1.0,-214.31,698.2,386.11,1184.23:00:00,True,439 946
BBY,long,23,2019-09-03T20:00:00Z,47.223179904,2022-04-01T20:00:00Z,72.68499689,585.62,1.0,-672.0,1426.77,888.04,941.00:00:00,True,529 946
BBY,long,13,2020-12-01T21:00:00Z,84.127236606,2022-04-01T20:00:00Z,72.68499689,-148.75,1.0,-859.58,326.68,501.94,485.23:00:00,False,746 946
BBY,long,8,2021-01-04T21:00:00Z,78.085794696,2022-04-01T20:00:00Z,72.68499689,-43.21,1.0,-480.64,249.37,308.88,451.23:00:00,False,766 946
BBY,long,17,2021-03-01T21:00:00Z,79.018255176,2022-04-01T20:00:00Z,72.68499689,-107.67,1.0,-1037.21,514.05,656.38,395.23:00:00,False,794 946
BBY,long,6,2021-10-01T20:00:00Z,83.375422402,2022-04-01T20:00:00Z,72.68499689,-64.14,1.0,-392.22,155.29,231.66,182.00:00:00,False,880 946
BBY,long,15,2021-12-01T21:00:00Z,80.95277695,2022-04-01T20:00:00Z,72.68499689,-124.02,1.0,-944.21,424.56,226.59,120.23:00:00,False,905 946
BBY,long,14,2022-01-03T21:00:00Z,81.39867762,2022-04-01T20:00:00Z,72.68499689,-121.99,1.0,-887.5,390.01,211.49,87.23:00:00,False,918 946
KR,long,30,2019-06-03T20:00:00Z,19.610276056,2022-04-01T20:00:00Z,52.0648092,973.64,1.0,-55.09,1013.31,234.71,1033.00:00:00,True,489 947
KR,long,13,2019-07-01T20:00:00Z,18.44869176,2022-04-01T20:00:00Z,52.0648092,437.01,1.0,-8.77,454.2,101.71,1005.00:00:00,True,501 947
URI,long,3,2022-01-03T21:00:00Z,318.298465232,2022-04-01T20:00:00Z,340.7865252,67.46,2.0,-96.66,99.81,144.17,87.23:00:00,True,917 948
ETE,long,121,2022-03-01T21:00:00Z,7.258240644,2022-04-01T20:00:00Z,8.024465664,92.71,8.355,-56.47,93.56,62.37,30.23:00:00,True,938 949
KMI,long,58,2022-01-03T21:00:00Z,12.442367985,2022-04-01T20:00:00Z,14.855908722,139.99,1.0,0.0,139.99,71.28,87.23:00:00,True,915 950
DOW,long,15,2021-03-01T21:00:00Z,45.844118382,2022-04-01T20:00:00Z,50.016256996,62.58,1.0,-78.27,109.37,187.64,395.23:00:00,True,789 951
HPQ,long,17,2021-01-04T21:00:00Z,19.586942301,2022-04-01T20:00:00Z,29.887816467,175.11,1.0,0.0,235.79,121.58,451.23:00:00,True,761 952
T,long,75,2022-01-03T21:00:00Z,14.675303257431102,2022-05-02T20:00:00Z,15.1202394,33.37,1.0,-90.24,105.83,196.07,118.23:00:00,True,914 959
DOW,long,18,2021-03-01T21:00:00Z,45.844118382,2022-05-02T20:00:00Z,52.260676132,115.5,1.0,-93.92,149.87,225.16,426.23:00:00,True,789 960
GIS,long,13,2021-06-01T20:00:00Z,51.115477738,2022-05-02T20:00:00Z,58.49500356,95.93,1.0,-57.12,136.54,82.9,335.00:00:00,True,833 961
TSN,long,9,2020-12-01T21:00:00Z,55.923937388,2022-05-02T20:00:00Z,80.06518683,217.27,1.0,-32.27,261.5,101.63,516.23:00:00,True,744 962
HPQ,long,20,2021-01-04T21:00:00Z,19.586942301,2022-05-02T20:00:00Z,31.122294978,230.71,1.0,0.0,280.93,143.04,482.23:00:00,True,761 963
ETE,long,54,2022-03-01T21:00:00Z,7.258240644,2022-05-02T20:00:00Z,7.857289296,32.35,1.0,-25.2,55.29,30.47,61.23:00:00,True,938 964
FDX,long,7,2021-12-01T21:00:00Z,133.74656541829694,2022-06-01T20:00:00Z,129.2292168417588,-31.62,1.0,-121.23,155.95,277.18,181.23:00:00,False,903 972
T,long,55,2022-01-03T21:00:00Z,14.675303257431102,2022-06-01T20:00:00Z,16.78093515,115.81,1.0,-66.18,120.16,143.79,148.23:00:00,True,914 973
NOC,long,2,2021-04-01T20:00:00Z,294.595449312,2022-06-01T20:00:00Z,433.246224375,277.3,1.0,0.0,299.57,109.04,426.00:00:00,True,813 974
KMI,long,49,2022-01-03T21:00:00Z,12.442367985,2022-06-01T20:00:00Z,15.705966276,159.92,1.0,0.0,159.92,60.22,148.23:00:00,True,915 975
URI,long,30,2022-01-03T21:00:00Z,318.298465232,2022-07-01T20:00:00Z,235.238969768,-2491.78,1.0,-2737.84,998.1,3735.94,178.23:00:00,False,917 983
URI,long,2,2022-05-02T20:00:00Z,295.569736814,2022-07-01T20:00:00Z,235.238969768,-120.66,1.0,-137.07,112.0,163.02,60.00:00:00,False,970 983
URI,long,4,2022-06-01T20:00:00Z,282.5447603,2022-07-01T20:00:00Z,235.238969768,-189.22,1.0,-222.03,276.09,295.89,30.00:00:00,False,976 983
GIS,long,30,2021-06-01T20:00:00Z,51.115477738,2022-07-01T20:00:00Z,63.80737363,380.76,1.0,-131.82,380.76,191.3,395.00:00:00,True,833 984
FDX,long,10,2021-12-01T21:00:00Z,133.74656541829694,2022-07-01T20:00:00Z,132.81818215081765,-9.28,1.0,-173.18,222.79,395.97,211.23:00:00,False,903 985
NOC,long,3,2021-04-01T20:00:00Z,294.595449312,2022-07-01T20:00:00Z,453.888995475,477.88,1.0,0.0,493.81,163.56,456.00:00:00,True,813 986
T,long,56,2022-01-03T21:00:00Z,14.675303257431102,2022-07-01T20:00:00Z,16.8560618625,122.12,1.0,-67.38,122.34,146.4,178.23:00:00,True,914 987
TSN,long,9,2020-12-01T21:00:00Z,55.923937388,2022-07-01T20:00:00Z,73.845212375,161.29,1.0,-32.27,261.5,121.26,576.23:00:00,True,744 988
LH,long,3,2021-03-01T21:00:00Z,196.7371591614518,2022-07-01T20:00:00Z,196.85304463861138,0.35,1.0,-66.03,177.7,243.73,486.23:00:00,True,792 989
CVS,long,5,2020-03-02T21:00:00Z,51.920639997,2022-07-01T20:00:00Z,80.890710054,144.85,1.0,-47.56,215.11,92.99,850.23:00:00,True,610 990
FDX,long,53,2021-12-01T21:00:00Z,133.74656541829694,2022-08-01T20:00:00Z,141.18725413554563,394.36,1.0,-917.85,1180.78,2098.63,242.23:00:00,True,903 998
FDX,long,9,2022-03-01T21:00:00Z,126.5767124450937,2022-08-01T20:00:00Z,141.18725413554563,131.49,1.0,-91.33,265.04,221.05,152.23:00:00,True,939 998
FDX,long,6,2022-05-02T20:00:00Z,116.42862765809167,2022-08-01T20:00:00Z,141.18725413554563,148.55,1.0,0.0,237.58,103.17,91.00:00:00,True,969 998
F,long,194,2022-04-01T20:00:00Z,12.61192878,2022-08-01T20:00:00Z,11.689322757,-178.99,5.105,-809.16,0.0,809.16,122.00:00:00,False,953 999
NUE,long,16,2022-07-01T20:00:00Z,99.68185118,2022-08-01T20:00:00Z,127.25382857,441.15,2.0,-15.7,455.34,130.75,31.00:00:00,True,991 1000
HCA,long,8,2022-01-03T21:00:00Z,244.136807872,2022-08-01T20:00:00Z,203.718243183,-323.35,1.0,-670.45,166.48,836.94,209.23:00:00,False,916 1001
LEN,long,14,2020-04-01T20:00:00Z,30.572319665996364,2022-08-01T20:00:00Z,77.41601700903533,655.81,1.0,-16.75,1038.62,650.52,852.00:00:00,True,638 1002
DHI,long,14,2021-01-04T21:00:00Z,63.509350632,2022-08-01T20:00:00Z,74.860360095,158.91,1.0,-77.81,571.32,649.13,573.23:00:00,True,764 1003
ETE,long,162,2022-03-01T21:00:00Z,7.258240644,2022-09-01T20:00:00Z,8.486340636,198.95,1.0,-80.87,272.79,317.93,183.23:00:00,True,938 1015
F,long,80,2022-04-01T20:00:00Z,12.61192878,2022-09-01T20:00:00Z,11.694238793,-73.42,1.0,-333.67,2.98,333.67,153.00:00:00,False,953 1016
KR,long,19,2019-07-01T20:00:00Z,18.44869176,2022-09-01T20:00:00Z,44.446184064,493.95,1.0,-12.82,710.82,271.62,1158.00:00:00,True,501 1017
GIS,long,11,2021-06-01T20:00:00Z,51.115477738,2022-09-01T20:00:00Z,65.424288072,157.4,1.0,-48.33,169.43,70.14,457.00:00:00,True,833 1018
KMI,long,47,2022-01-03T21:00:00Z,12.442367985,2022-09-01T20:00:00Z,14.477312717,95.64,1.0,0.0,157.81,150.81,240.23:00:00,True,915 1019
CVS,long,8,2020-03-02T21:00:00Z,51.920639997,2022-09-01T20:00:00Z,86.548913322,277.03,1.0,-76.09,344.17,148.79,912.23:00:00,True,610 1020
NOC,long,3,2021-04-01T20:00:00Z,294.595449312,2022-10-03T20:00:00Z,454.864452169,480.81,1.0,0.0,511.01,163.56,550.00:00:00,True,813 1028
GIS,long,14,2021-06-01T20:00:00Z,51.115477738,2022-10-03T20:00:00Z,66.543521616,215.99,1.0,-61.52,243.3,89.27,489.00:00:00,True,833 1029
CVS,long,9,2020-03-02T21:00:00Z,51.920639997,2022-10-03T20:00:00Z,84.669486304,294.74,1.0,-85.6,387.19,167.38,944.23:00:00,True,610 1030
LEN,long,9,2020-04-01T20:00:00Z,30.572319665996364,2022-10-03T20:00:00Z,70.9942026214502,363.8,1.0,-10.77,667.69,418.19,915.00:00:00,True,638 1031
ETE,long,49,2022-03-01T21:00:00Z,7.258240644,2022-10-03T20:00:00Z,8.204186088,46.35,1.0,-24.46,82.51,96.16,215.23:00:00,True,938 1032
DHI,long,6,2021-01-04T21:00:00Z,63.509350632,2022-10-03T20:00:00Z,67.898982564,26.34,1.0,-33.35,244.85,278.2,636.23:00:00,True,764 1033
NUE,long,8,2022-07-01T20:00:00Z,99.68185118,2022-11-01T20:00:00Z,127.5104116,222.63,1.0,-16.98,291.16,308.14,123.00:00:00,True,991 1038
T,long,52,2022-01-03T21:00:00Z,14.675303257431102,2022-11-01T20:00:00Z,14.960857491,14.85,1.0,-142.91,113.61,256.51,301.23:00:00,True,914 1039
F,long,62,2022-04-01T20:00:00Z,12.61192878,2022-11-01T20:00:00Z,10.311877342,-142.6,1.0,-258.6,2.31,258.6,214.00:00:00,False,953 1040
HCA,long,3,2022-01-03T21:00:00Z,244.136807872,2022-11-01T20:00:00Z,214.164250209,-89.92,1.0,-251.42,62.43,313.85,301.23:00:00,False,916 1041
FCX,long,15,2022-08-01T20:00:00Z,28.490917384,2022-11-01T20:00:00Z,31.34740294,42.85,2.675,-49.68,49.28,96.15,92.00:00:00,True,1004 1042
FCX,long,45,2022-08-01T20:00:00Z,28.490917384,2022-12-01T21:00:00Z,37.702636302,414.53,1.0,-149.04,423.53,288.45,122.01:00:00,True,1004 1048
DELL,long,22,2020-03-02T21:00:00Z,19.517268043394697,2022-12-01T21:00:00Z,41.7918873,490.04,1.0,-136.85,785.11,529.6,1004.00:00:00,True,608 1049
DHI,long,8,2021-01-04T21:00:00Z,63.509350632,2022-12-01T21:00:00Z,83.4606279,159.61,1.0,-44.46,326.47,370.93,696.00:00:00,True,764 1050
NUE,long,4,2022-07-01T20:00:00Z,99.68185118,2022-12-01T21:00:00Z,141.4938954,167.25,1.0,-8.49,178.25,154.07,153.01:00:00,True,991 1051
DHI,long,11,2021-01-04T21:00:00Z,63.509350632,2023-01-03T21:00:00Z,87.29192316,261.61,1.0,-61.14,448.89,510.03,729.00:00:00,True,764 1055
HCA,long,4,2022-01-03T21:00:00Z,244.136807872,2023-01-03T21:00:00Z,236.093383548,-32.17,1.0,-335.23,83.24,418.47,365.00:00:00,False,916 1056
DOW,long,17,2021-03-01T21:00:00Z,45.844118382,2023-01-03T21:00:00Z,41.298806736,-77.27,1.0,-190.82,156.11,346.94,673.00:00:00,False,789 1057
LEN,long,8,2020-04-01T20:00:00Z,30.572319665996364,2023-01-03T21:00:00Z,83.94994915139264,427.02,1.0,-9.57,593.5,371.73,1007.01:00:00,True,638 1058
INTC,long,156,2021-01-04T21:00:00Z,44.904595629,2023-02-01T21:00:00Z,28.031555646,-2632.19,1.935,-3288.61,2680.16,5968.77,758.00:00:00,False,762 1066
INTC,long,27,2021-05-03T20:00:00Z,52.080163058,2023-02-01T21:00:00Z,28.031555646,-649.31,1.0,-762.92,270.13,794.55,639.01:00:00,False,822 1066
INTC,long,9,2021-07-01T20:00:00Z,51.256554522,2023-02-01T21:00:00Z,28.031555646,-209.02,1.0,-246.9,97.46,253.98,580.01:00:00,False,847 1066
INTC,long,10,2021-08-02T20:00:00Z,49.124296496,2023-02-01T21:00:00Z,28.031555646,-210.93,1.0,-253.01,129.61,280.31,548.01:00:00,False,858 1066
INTC,long,22,2021-11-01T20:00:00Z,45.63903832,2023-02-01T21:00:00Z,28.031555646,-387.36,1.0,-479.94,361.81,616.68,457.01:00:00,False,891 1066
INTC,long,21,2022-05-02T20:00:00Z,42.01653624,2023-02-01T21:00:00Z,28.031555646,-293.68,1.0,-382.05,421.44,413.06,275.01:00:00,False,967 1066
INTC,long,18,2022-07-01T20:00:00Z,34.229325558,2023-02-01T21:00:00Z,28.031555646,-111.56,1.0,-187.3,501.4,259.7,215.01:00:00,False,996 1066
INTC,long,31,2022-08-01T20:00:00Z,34.813315152,2023-02-01T21:00:00Z,28.031555646,-210.23,1.0,-340.68,845.42,340.68,184.01:00:00,False,1006 1066
INTC,long,22,2022-09-01T20:00:00Z,30.217346928,2023-02-01T21:00:00Z,28.031555646,-48.09,1.0,-140.66,701.09,140.66,153.01:00:00,False,1025 1066
INTC,long,37,2022-10-03T20:00:00Z,25.660007766,2023-02-01T21:00:00Z,28.031555646,87.75,1.0,-67.94,1347.73,184.46,121.01:00:00,True,1035 1066
INTC,long,34,2023-01-03T21:00:00Z,25.775145594,2023-02-01T21:00:00Z,28.031555646,76.72,1.0,-66.35,1234.54,76.72,29.00:00:00,True,1061 1066
KMI,long,624,2022-01-03T21:00:00Z,12.442367985,2023-02-01T21:00:00Z,15.090394715,1652.37,3.29,0.0,2095.23,2002.2,394.00:00:00,True,915 1067
KMI,long,34,2022-07-01T20:00:00Z,13.321044324,2023-02-01T21:00:00Z,15.090394715,60.16,1.0,-29.87,84.29,85.88,215.01:00:00,True,997 1067
NOC,long,16,2021-04-01T20:00:00Z,294.595449312,2023-02-01T21:00:00Z,415.860175281,1940.24,1.0,0.0,3512.79,1646.82,671.01:00:00,True,813 1068
NOC,long,1,2021-11-01T20:00:00Z,327.18915862,2023-02-01T21:00:00Z,415.860175281,88.67,1.0,-32.59,186.96,102.93,457.01:00:00,True,895 1068
NOC,long,2,2022-08-01T20:00:00Z,443.866239525,2023-02-01T21:00:00Z,415.860175281,-56.01,1.0,-298.54,140.56,205.85,184.01:00:00,False,1008 1068
NOC,long,1,2022-12-01T21:00:00Z,498.27300877,2023-02-01T21:00:00Z,415.860175281,-82.41,1.0,-203.68,15.87,101.44,62.00:00:00,False,1054 1068
NUE,long,12,2022-07-01T20:00:00Z,99.68185118,2023-02-01T21:00:00Z,166.519647008,802.05,1.0,-25.48,802.05,462.21,215.01:00:00,True,991 1069
MU,long,21,2021-12-01T21:00:00Z,83.149000545,2023-02-01T21:00:00Z,61.66725374,-451.12,1.0,-739.36,252.51,991.88,427.00:00:00,False,904 1070
FCX,long,26,2022-08-01T20:00:00Z,28.490917384,2023-02-01T21:00:00Z,42.8514762775,373.37,1.0,-86.11,418.98,166.66,184.01:00:00,True,1004 1071
DOW,long,21,2021-03-01T21:00:00Z,45.844118382,2023-02-01T21:00:00Z,48.726766098,60.54,1.0,-235.72,192.85,428.57,702.00:00:00,True,789 1072
F,long,78,2022-04-01T20:00:00Z,12.61192878,2023-02-01T21:00:00Z,10.73871564,-146.11,1.0,-325.33,2.91,325.33,306.01:00:00,False,953 1073
LEN,long,6,2020-04-01T20:00:00Z,30.572319665996364,2023-02-01T21:00:00Z,95.91350075266546,392.05,1.0,-7.18,445.12,278.8,1036.01:00:00,True,638 1074
CVS,long,45,2020-03-02T21:00:00Z,51.920639997,2023-03-01T21:00:00Z,72.354378246,919.52,1.0,-428.02,1935.97,1016.46,1094.00:00:00,True,610 1082
CVS,long,12,2020-05-01T20:00:00Z,48.822735353,2023-03-01T21:00:00Z,72.354378246,282.38,1.0,-76.96,553.43,271.06,1034.01:00:00,True,656 1082
CVS,long,10,2020-09-01T20:00:00Z,49.673752084,2023-03-01T21:00:00Z,72.354378246,226.81,1.0,-72.65,452.69,225.88,911.01:00:00,True,710 1082
CVS,long,19,2021-03-01T21:00:00Z,57.958394032,2023-03-01T21:00:00Z,72.354378246,273.52,1.0,-295.44,702.69,429.17,730.00:00:00,True,797 1082
CVS,long,6,2021-07-01T20:00:00Z,69.235094064,2023-03-01T21:00:00Z,72.354378246,18.72,1.0,-160.96,154.24,135.53,608.01:00:00,True,849 1082
CVS,long,7,2022-04-01T20:00:00Z,86.59854632,2023-03-01T21:00:00Z,72.354378246,-99.71,1.0,-309.33,58.41,138.77,334.01:00:00,False,957 1082
CVS,long,5,2022-08-01T20:00:00Z,83.162480308,2023-03-01T21:00:00Z,72.354378246,-54.04,1.0,-203.77,58.9,99.12,212.01:00:00,False,1014 1082
CVS,long,13,2022-11-01T20:00:00Z,82.444648494,2023-03-01T21:00:00Z,72.354378246,-131.17,1.0,-520.46,162.47,235.04,120.01:00:00,False,1043 1082
CVS,long,20,2023-02-01T21:00:00Z,76.758634082,2023-03-01T21:00:00Z,72.354378246,-88.09,1.0,-686.99,363.67,133.36,28.00:00:00,False,1078 1082
F,long,407,2022-04-01T20:00:00Z,12.61192878,2023-03-01T21:00:00Z,9.702696474,-1184.06,5.065,-1697.56,15.16,1697.56,334.01:00:00,False,953 1083
F,long,106,2022-05-02T20:00:00Z,10.888684212,2023-03-01T21:00:00Z,9.702696474,-125.71,1.0,-259.45,186.61,438.42,303.01:00:00,False,965 1083
F,long,67,2022-06-01T20:00:00Z,10.332049795,2023-03-01T21:00:00Z,9.702696474,-42.17,1.0,-126.7,155.25,277.11,273.01:00:00,False,977 1083
F,long,98,2022-07-01T20:00:00Z,8.6278334635,2023-03-01T21:00:00Z,9.702696474,105.34,1.0,-18.31,394.09,405.33,243.01:00:00,True,995 1083
F,long,184,2022-10-03T20:00:00Z,8.829400577,2023-03-01T21:00:00Z,9.702696474,160.69,1.0,-71.46,702.84,489.67,149.01:00:00,True,1034 1083
F,long,151,2023-01-03T21:00:00Z,9.085109065,2023-03-01T21:00:00Z,9.702696474,93.26,1.0,-97.26,538.18,272.77,57.00:00:00,True,1059 1083
LH,long,36,2021-03-01T21:00:00Z,196.7371591614518,2023-03-01T21:00:00Z,196.03775966461285,-25.18,1.0,-1056.77,2132.39,3189.16,730.00:00:00,False,792 1084
LH,long,2,2021-04-01T20:00:00Z,205.8612013254612,2023-03-01T21:00:00Z,196.03775966461285,-19.65,1.0,-76.96,100.22,177.18,699.01:00:00,False,815 1084
LH,long,2,2021-11-01T20:00:00Z,235.2536514395199,2023-03-01T21:00:00Z,196.03775966461285,-78.43,1.0,-135.74,41.43,177.18,485.01:00:00,False,894 1084
LH,long,4,2022-02-01T21:00:00Z,222.36594188285667,2023-03-01T21:00:00Z,196.03775966461285,-105.31,1.0,-219.93,134.42,250.01,393.00:00:00,False,930 1084
LH,long,1,2022-04-01T20:00:00Z,214.39055145556637,2023-03-01T21:00:00Z,196.03775966461285,-18.35,1.0,-47.01,41.58,58.98,334.01:00:00,False,958 1084
LH,long,3,2022-05-02T20:00:00Z,197.96727556034952,2023-03-01T21:00:00Z,196.03775966461285,-5.79,1.0,-91.75,174.01,140.5,303.01:00:00,False,971 1084
LH,long,4,2022-09-01T20:00:00Z,186.05422588120078,2023-03-01T21:00:00Z,196.03775966461285,39.93,1.0,-74.69,279.66,121.16,181.01:00:00,True,1024 1084
T,long,457,2022-01-03T21:00:00Z,14.675303257431102,2023-03-01T21:00:00Z,15.437093316,348.14,3.255,-1255.93,1013.54,2254.35,422.00:00:00,True,914 1085
T,long,50,2022-03-01T21:00:00Z,13.854767733289613,2023-03-01T21:00:00Z,15.437093316,79.12,1.0,-96.38,151.92,246.65,365.00:00:00,True,941 1085
T,long,109,2022-08-01T20:00:00Z,15.000734736,2023-03-01T21:00:00Z,15.437093316,47.56,1.0,-335.03,206.27,335.03,212.01:00:00,True,1005 1085
T,long,35,2022-10-03T20:00:00Z,12.74100867,2023-03-01T21:00:00Z,15.437093316,94.36,1.0,-28.49,145.32,50.96,149.01:00:00,True,1037 1085
WBD,long,61,2023-02-01T21:00:00Z,15.34,2023-03-01T21:00:00Z,15.025,-19.22,4.59,-67.71,36.9,103.09,28.00:00:00,False,1075 1086
HPQ,long,23,2021-01-04T21:00:00Z,19.586942301,2023-03-01T21:00:00Z,24.839358255,120.81,1.0,0.0,328.47,294.61,786.00:00:00,True,761 1087
GIS,long,8,2021-06-01T20:00:00Z,51.115477738,2023-03-01T21:00:00Z,67.750813795,133.08,1.0,-35.15,189.11,81.73,638.01:00:00,True,833 1088
KR,long,23,2019-07-01T20:00:00Z,18.44869176,2023-04-03T20:00:00Z,46.18321356,637.89,1.0,-15.52,860.46,399.21,1372.00:00:00,True,501 1096
KR,long,8,2019-08-01T20:00:00Z,18.380363272,2023-04-03T20:00:00Z,46.18321356,222.42,1.0,-4.85,299.84,138.86,1341.00:00:00,True,515 1096
MPC,long,6,2023-03-01T21:00:00Z,120.332113488,2023-04-03T20:00:00Z,126.339870528,36.05,2.0,-36.33,36.05,60.41,32.23:00:00,True,1091 1097
GIS,long,8,2021-06-01T20:00:00Z,51.115477738,2023-04-03T20:00:00Z,73.825617264,181.68,1.0,-35.15,189.11,81.73,671.00:00:00,True,833 1098
OXY,long,9,2023-02-01T21:00:00Z,59.5862791,2023-04-03T20:00:00Z,61.340389596,15.79,2.0,-55.19,23.98,79.17,60.23:00:00,True,1077 1099
VLO,long,4,2023-03-01T21:00:00Z,126.08321865,2023-04-03T20:00:00Z,125.39527805,-2.75,2.0,-54.17,6.81,60.97,32.23:00:00,False,1089 1100
LEN,long,5,2020-04-01T20:00:00Z,30.572319665996364,2023-04-03T20:00:00Z,96.42655415243136,329.27,1.0,-5.98,370.94,232.33,1097.00:00:00,True,638 1101
DHI,long,16,2021-01-04T21:00:00Z,63.509350632,2023-05-01T20:00:00Z,104.63207625,657.96,1.0,-88.93,679.58,741.86,846.23:00:00,True,764 1105
HCA,long,5,2022-01-03T21:00:00Z,244.136807872,2023-05-01T20:00:00Z,276.369619782,161.16,1.0,-419.03,177.32,523.09,482.23:00:00,True,916 1106
DELL,long,24,2020-03-02T21:00:00Z,19.517268043394697,2023-05-01T20:00:00Z,41.4732199,526.94,1.0,-149.29,856.49,577.75,1154.23:00:00,True,608 1107
MU,long,14,2021-12-01T21:00:00Z,83.149000545,2023-05-01T20:00:00Z,61.545105145,-302.45,1.0,-492.91,168.34,661.25,515.23:00:00,False,904 1108
LEN,long,7,2020-04-01T20:00:00Z,30.572319665996364,2023-05-01T20:00:00Z,103.31349992580789,509.19,1.0,-8.38,519.31,325.26,1125.00:00:00,True,638 1109
GIS,long,73,2021-06-01T20:00:00Z,51.115477738,2023-06-01T20:00:00Z,72.531252055,1563.35,1.0,-320.76,1987.49,745.79,730.00:00:00,True,833 1118
GIS,long,8,2021-07-01T20:00:00Z,49.125025046,2023-06-01T20:00:00Z,72.531252055,187.25,1.0,-19.23,233.73,81.73,700.00:00:00,True,850 1118
GIS,long,16,2021-09-01T20:00:00Z,47.47019967,2023-06-01T20:00:00Z,72.531252055,400.98,1.0,-11.98,493.94,163.46,638.00:00:00,True,868 1118
GIS,long,8,2022-06-01T20:00:00Z,58.19192064,2023-06-01T20:00:00Z,72.531252055,114.71,1.0,-91.76,161.2,81.73,365.00:00:00,True,981 1118
GIS,long,12,2022-08-01T20:00:00Z,64.18634794,2023-06-01T20:00:00Z,72.531252055,100.14,1.0,-209.58,169.86,122.6,304.00:00:00,True,1010 1118
GIS,long,6,2022-11-01T20:00:00Z,68.55473331,2023-06-01T20:00:00Z,72.531252055,23.86,1.0,-131.0,58.72,61.3,212.00:00:00,True,1047 1118
GIS,long,19,2023-02-01T21:00:00Z,67.011870233,2023-06-01T20:00:00Z,72.531252055,104.87,1.0,-385.52,215.26,120.58,119.23:00:00,True,1079 1118
TSN,long,91,2020-12-01T21:00:00Z,55.923937388,2023-06-01T20:00:00Z,45.194603475,-976.37,1.0,-1282.18,2644.03,3926.22,911.23:00:00,False,744 1119
TSN,long,10,2021-03-01T21:00:00Z,57.791495514,2023-06-01T20:00:00Z,45.194603475,-125.97,1.0,-159.57,271.88,431.45,821.23:00:00,False,802 1119
TSN,long,7,2021-07-01T20:00:00Z,62.610767232,2023-06-01T20:00:00Z,45.194603475,-121.91,1.0,-145.44,156.58,302.02,700.00:00:00,False,848 1119
TSN,long,7,2021-08-02T20:00:00Z,60.8386044,2023-06-01T20:00:00Z,45.194603475,-109.51,1.0,-133.03,168.98,302.02,668.00:00:00,False,860 1119
TSN,long,9,2022-06-01T20:00:00Z,76.34858673,2023-06-01T20:00:00Z,45.194603475,-280.39,1.0,-310.63,77.68,312.5,365.00:00:00,False,978 1119
TSN,long,8,2022-08-01T20:00:00Z,76.374573315,2023-06-01T20:00:00Z,45.194603475,-249.44,1.0,-276.32,68.84,276.32,304.00:00:00,False,1012 1119
TSN,long,14,2022-09-01T20:00:00Z,65.201372742,2023-06-01T20:00:00Z,45.194603475,-280.09,1.0,-327.14,276.89,336.29,273.00:00:00,False,1023 1119
TSN,long,16,2022-11-01T20:00:00Z,59.2581308,2023-06-01T20:00:00Z,45.194603475,-225.02,1.0,-278.79,411.54,278.79,212.00:00:00,False,1044 1119
TSN,long,17,2022-12-01T21:00:00Z,57.477283224,2023-06-01T20:00:00Z,45.194603475,-208.81,1.0,-265.94,467.53,275.93,181.23:00:00,False,1052 1119
TSN,long,16,2023-03-01T21:00:00Z,52.460639847,2023-06-01T20:00:00Z,45.194603475,-116.26,1.0,-170.03,520.3,215.33,91.23:00:00,False,1093 1119
COG,long,463,2023-03-01T21:00:00Z,22.386842636,2023-06-01T20:00:00Z,21.0157124,-634.83,4.63,-790.97,549.74,1242.7,91.23:00:00,False,1090 1120
MU,long,20,2021-12-01T21:00:00Z,83.149000545,2023-06-01T20:00:00Z,68.198096463,-299.02,1.0,-704.16,240.49,944.64,546.23:00:00,False,904 1121
DELL,long,25,2020-03-02T21:00:00Z,19.517268043394697,2023-06-01T20:00:00Z,43.0253897,587.7,1.0,-155.51,892.17,601.82,1185.23:00:00,True,608 1122
ETE,long,67,2022-03-01T21:00:00Z,7.258240644,2023-06-01T20:00:00Z,9.77277672,168.47,1.0,-33.45,182.93,131.49,456.23:00:00,True,938 1123
DHI,long,5,2021-01-04T21:00:00Z,63.509350632,2023-06-01T20:00:00Z,104.931933792,207.11,1.0,-27.79,226.46,231.83,877.23:00:00,True,764 1124
HPQ,long,17,2021-01-04T21:00:00Z,19.586942301,2023-06-01T20:00:00Z,25.5472983,101.33,1.0,0.0,242.78,217.75,877.23:00:00,True,761 1125
HCA,long,21,2022-01-03T21:00:00Z,244.136807872,2023-07-03T17:00:00Z,290.557749924,974.84,1.0,-1759.94,1087.88,2196.96,545.20:00:00,True,916 1132
HCA,long,2,2022-02-01T21:00:00Z,228.042304047,2023-07-03T17:00:00Z,290.557749924,125.03,1.0,-135.42,135.8,209.23,516.20:00:00,True,932 1132
HCA,long,5,2022-05-02T20:00:00Z,202.995247044,2023-07-03T17:00:00Z,290.557749924,437.81,1.0,-213.33,464.73,292.91,426.21:00:00,True,966 1132
HCA,long,3,2022-06-01T20:00:00Z,199.26888519,2023-07-03T17:00:00Z,290.557749924,273.87,1.0,-116.82,290.02,129.04,396.21:00:00,True,980 1132
HCA,long,6,2022-07-01T20:00:00Z,169.090681578,2023-07-03T17:00:00Z,290.557749924,728.8,1.0,-52.56,761.1,220.66,366.21:00:00,True,994 1132
NUE,long,10,2022-07-01T20:00:00Z,99.68185118,2023-07-03T17:00:00Z,158.767351348,590.86,1.0,-21.23,700.64,436.42,366.21:00:00,True,991 1133
DELL,long,23,2020-03-02T21:00:00Z,19.517268043394697,2023-07-03T17:00:00Z,51.72321925,740.74,1.0,-143.07,820.8,553.67,1217.20:00:00,True,608 1134
LEN,long,9,2020-04-01T20:00:00Z,30.572319665996364,2023-07-03T17:00:00Z,115.08897758440384,760.65,1.0,-10.77,767.76,418.19,1187.21:00:00,True,638 1135
DHI,long,4,2021-01-04T21:00:00Z,63.509350632,2023-07-03T17:00:00Z,116.287952438,211.11,1.0,-22.23,222.06,185.46,909.20:00:00,True,764 1136
PSX,long,11,2023-03-01T21:00:00Z,95.189677128,2023-08-01T20:00:00Z,100.609666512,59.62,2.0,-150.65,59.62,150.65,152.23:00:00,True,1092 1145
FCX,long,25,2022-08-01T20:00:00Z,28.490917384,2023-08-01T20:00:00Z,42.122503548,340.79,1.0,-82.8,402.87,318.3,365.00:00:00,True,1004 1146
MPC,long,8,2023-03-01T21:00:00Z,120.332113488,2023-08-01T20:00:00Z,126.545760432,49.71,1.0,-179.8,49.71,227.87,152.23:00:00,True,1091 1147
MU,long,10,2021-12-01T21:00:00Z,83.149000545,2023-08-01T20:00:00Z,69.977967556,-131.71,1.0,-352.08,120.24,472.32,607.23:00:00,False,904 1148
VLO,long,5,2023-03-01T21:00:00Z,126.08321865,2023-08-01T20:00:00Z,117.639056815,-42.22,1.0,-158.32,8.51,166.83,152.23:00:00,False,1089 1149
FANG,long,4,2023-02-01T21:00:00Z,124.321190605,2023-08-01T20:00:00Z,131.743127368,29.69,2.0,-62.63,29.69,85.25,180.23:00:00,True,1076 1150
MPC,long,8,2023-03-01T21:00:00Z,120.332113488,2023-09-01T20:00:00Z,137.574875324,137.94,1.0,-179.8,160.82,227.87,183.23:00:00,True,1091 1156
DELL,long,15,2020-03-02T21:00:00Z,19.517268043394697,2023-09-01T20:00:00Z,64.987027053,682.05,1.0,-93.3,682.05,361.09,1277.23:00:00,True,608 1157
COP,long,5,2023-06-01T20:00:00Z,89.71664059,2023-09-01T20:00:00Z,111.240922598,107.62,2.0,0.0,107.62,20.1,92.00:00:00,True,1126 1158
XOM,long,5,2023-06-01T20:00:00Z,92.907043655,2023-09-01T20:00:00Z,102.866068536,49.8,2.0,-10.97,49.8,34.2,92.00:00:00,True,1127 1159
DELL,long,29,2020-03-02T21:00:00Z,19.517268043394697,2023-10-02T20:00:00Z,64.52004299,1305.08,1.05,-180.39,1428.35,698.11,1308.23:00:00,True,608 1165
DELL,long,22,2020-05-01T20:00:00Z,18.4168606212736,2023-10-02T20:00:00Z,64.52004299,1014.27,1.0,-112.64,1107.78,529.6,1249.00:00:00,True,659 1165
DELL,long,21,2020-11-02T21:00:00Z,27.758813171414634,2023-10-02T20:00:00Z,64.52004299,771.99,1.0,-303.7,861.25,505.53,1063.23:00:00,True,737 1165
DELL,long,12,2021-08-02T20:00:00Z,44.33398773056087,2023-10-02T20:00:00Z,64.52004299,242.23,1.0,-372.44,293.24,288.87,791.00:00:00,True,857 1165
DELL,long,9,2022-01-03T21:00:00Z,51.761292968,2023-10-02T20:00:00Z,64.52004299,114.83,1.0,-346.18,153.08,216.65,636.23:00:00,True,919 1165
DELL,long,22,2022-03-01T21:00:00Z,45.311570608,2023-10-02T20:00:00Z,64.52004299,422.59,1.0,-704.32,516.1,414.89,579.23:00:00,True,940 1165
DELL,long,18,2022-08-01T20:00:00Z,41.871162804,2023-10-02T20:00:00Z,64.52004299,407.68,1.0,-514.34,484.19,251.72,427.00:00:00,True,1011 1165
DELL,long,30,2022-09-01T20:00:00Z,34.70826243,2023-10-02T20:00:00Z,64.52004299,894.35,1.0,-642.34,1021.87,224.32,396.00:00:00,True,1021 1165
DELL,long,13,2023-01-03T21:00:00Z,38.0687793,2023-10-02T20:00:00Z,64.52004299,343.87,1.0,-322.03,399.12,83.31,271.23:00:00,True,1064 1165
DELL,long,16,2023-02-01T21:00:00Z,38.68701606,2023-10-02T20:00:00Z,64.52004299,413.33,1.0,-406.24,481.34,102.54,242.23:00:00,True,1081 1165
DELL,long,18,2023-08-01T20:00:00Z,50.863141719,2023-10-02T20:00:00Z,64.52004299,245.82,1.0,-676.19,322.33,76.51,62.00:00:00,True,1152 1165
VLO,long,11,2023-03-01T21:00:00Z,126.08321865,2023-10-02T20:00:00Z,127.160673624,11.85,1.0,-348.3,103.93,367.02,214.23:00:00,True,1089 1166
PSX,long,10,2023-03-01T21:00:00Z,95.189677128,2023-10-02T20:00:00Z,107.81022032,126.21,1.0,-136.95,173.85,136.95,214.23:00:00,True,1092 1167
FANG,long,6,2023-02-01T21:00:00Z,124.321190605,2023-10-02T20:00:00Z,134.56758954,61.48,1.0,-93.95,102.98,127.87,242.23:00:00,True,1076 1168
ETE,long,73,2022-03-01T21:00:00Z,7.258240644,2023-10-02T20:00:00Z,10.947667068,269.33,1.0,-36.44,283.83,143.26,579.23:00:00,True,938 1169
XOM,long,7,2023-06-01T20:00:00Z,92.907043655,2023-10-02T20:00:00Z,104.778043559,83.1,1.0,-15.35,112.08,47.88,123.00:00:00,True,1127 1170
MPC,long,5,2023-03-01T21:00:00Z,120.332113488,2023-10-02T20:00:00Z,141.401636038,105.35,1.0,-112.38,135.13,142.42,214.23:00:00,True,1091 1171
OXY,long,9,2023-02-01T21:00:00Z,59.5862791,2023-10-02T20:00:00Z,58.96822715,-5.56,1.0,-59.95,37.03,83.93,242.23:00:00,False,1077 1172
MU,long,47,2021-12-01T21:00:00Z,83.149000545,2023-11-01T20:00:00Z,68.74749426,-676.87,1.0,-1654.77,565.15,2219.92,699.23:00:00,False,904 1183
MU,long,7,2022-02-01T21:00:00Z,79.620755175,2023-11-01T20:00:00Z,68.74749426,-76.11,1.0,-221.76,108.87,321.73,637.23:00:00,False,931 1183
MU,long,19,2022-04-01T20:00:00Z,74.46911147,2023-11-01T20:00:00Z,68.74749426,-108.71,1.0,-504.03,393.38,531.7,579.00:00:00,False,955 1183
MU,long,11,2022-05-02T20:00:00Z,69.10873738,2023-11-01T20:00:00Z,68.74749426,-3.97,1.0,-232.84,286.71,284.2,548.00:00:00,False,968 1183
MU,long,22,2022-07-01T20:00:00Z,52.516767145,2023-11-01T20:00:00Z,68.74749426,357.08,1.0,-100.66,938.45,348.69,488.00:00:00,True,993 1183
MU,long,11,2022-11-01T20:00:00Z,53.919880638,2023-11-01T20:00:00Z,68.74749426,163.1,1.0,-65.77,453.79,151.14,365.00:00:00,True,1046 1183
MU,long,18,2023-01-03T21:00:00Z,49.619481963,2023-11-01T20:00:00Z,68.74749426,344.3,1.0,-30.21,819.97,233.93,301.23:00:00,True,1060 1183
MU,long,25,2023-07-03T17:00:00Z,63.084966637,2023-11-01T20:00:00Z,68.74749426,141.56,1.0,-378.59,802.21,197.3,121.03:00:00,True,1138 1183
MU,long,6,2023-10-02T20:00:00Z,67.208912876,2023-11-01T20:00:00Z,68.74749426,9.23,1.0,-115.61,167.79,33.76,30.00:00:00,True,1182 1183
FANG,long,6,2023-02-01T21:00:00Z,124.321190605,2023-11-01T20:00:00Z,142.819037607,110.99,1.0,-93.95,167.48,127.87,272.23:00:00,True,1076 1184
HPQ,long,33,2021-01-04T21:00:00Z,19.586942301,2023-11-01T20:00:00Z,23.402139568,125.9,1.0,0.0,471.29,422.7,1030.23:00:00,True,761 1185
COG,long,27,2023-10-02T20:00:00Z,24.256146152,2023-11-01T20:00:00Z,25.389697055,30.61,3.25,-12.44,84.35,59.22,30.00:00:00,True,1173 1186
COP,long,6,2023-06-01T20:00:00Z,89.71664059,2023-11-01T20:00:00Z,106.792379457,102.45,1.0,0.0,156.94,57.93,153.00:00:00,True,1126 1187
DHI,long,12,2021-01-04T21:00:00Z,63.509350632,2023-12-01T21:00:00Z,127.135279476,763.51,1.0,-66.69,763.51,556.39,1061.00:00:00,True,764 1194
DHI,long,4,2021-03-01T21:00:00Z,73.402067184,2023-12-01T21:00:00Z,127.135279476,214.93,1.0,-61.8,214.93,185.46,1005.00:00:00,True,800 1194
LEN,long,7,2020-04-01T20:00:00Z,30.572319665996364,2023-12-01T21:00:00Z,121.72347201022268,638.06,1.0,-8.38,645.95,325.26,1339.01:00:00,True,638 1195
LEN,long,5,2020-11-02T21:00:00Z,64.29421616346413,2023-12-01T21:00:00Z,121.72347201022268,287.15,1.0,-174.59,292.78,232.33,1124.00:00:00,True,733 1195
DAL,long,37,2023-11-01T20:00:00Z,30.177263091,2023-12-01T21:00:00Z,36.909188705,249.08,2.77,0.0,249.08,24.76,30.01:00:00,True,1188 1196
PSX,long,7,2023-03-01T21:00:00Z,95.189677128,2023-12-01T21:00:00Z,118.5622719,163.61,1.0,-95.87,163.61,95.87,275.00:00:00,True,1092 1197
NUE,long,5,2022-07-01T20:00:00Z,99.68185118,2023-12-01T21:00:00Z,163.77730198,320.48,1.0,-10.62,350.32,218.21,518.01:00:00,True,991 1198
HPQ,long,23,2021-01-04T21:00:00Z,19.586942301,2023-12-01T21:00:00Z,26.0711147,149.14,1.0,0.0,328.47,294.61,1061.00:00:00,True,761 1199
FCX,long,13,2022-08-01T20:00:00Z,28.490917384,2023-12-01T21:00:00Z,37.942109532,122.87,1.0,-43.05,209.49,165.52,487.01:00:00,True,1004 1200
DHI,long,5,2021-03-01T21:00:00Z,73.402067184,2024-01-02T21:00:00Z,145.613905608,361.06,1.0,-77.25,376.85,231.83,1037.00:00:00,True,800 1210
DHI,long,5,2021-06-01T20:00:00Z,90.03917311,2024-01-02T21:00:00Z,145.613905608,277.87,1.0,-160.44,293.66,231.83,945.01:00:00,True,838 1210
DHI,long,1,2021-07-01T20:00:00Z,87.917260982,2024-01-02T21:00:00Z,145.613905608,57.7,1.0,-29.97,60.85,46.37,915.01:00:00,True,846 1210
LEN,long,8,2020-11-02T21:00:00Z,64.29421616346413,2024-01-02T21:00:00Z,136.41391687663352,576.96,1.0,-279.35,631.35,371.73,1156.00:00:00,True,733 1211
LEN,long,3,2020-12-01T21:00:00Z,64.93263618329166,2024-01-02T21:00:00Z,136.41391687663352,214.44,1.0,-106.67,234.84,139.4,1127.00:00:00,True,751 1211
FCX,long,27,2022-08-01T20:00:00Z,28.490917384,2024-01-02T21:00:00Z,40.697843787,329.59,1.0,-89.42,435.1,343.76,519.01:00:00,True,1004 1212
DAL,long,14,2023-11-01T20:00:00Z,30.177263091,2024-01-02T21:00:00Z,39.237232145,126.84,1.0,0.0,153.86,30.01,62.01:00:00,True,1188 1213
COG,long,423,2023-10-02T20:00:00Z,24.256146152,2024-01-03T21:00:00Z,23.869423671,-163.58,2.5,-670.19,1321.53,1991.72,93.01:00:00,False,1173 1221
COG,long,43,2023-12-01T21:00:00Z,24.268640014,2024-01-03T21:00:00Z,23.869423671,-17.17,1.0,-68.67,133.8,68.67,33.00:00:00,False,1202 1221
COG,long,34,2024-01-02T21:00:00Z,23.850855469,2024-01-03T21:00:00Z,23.869423671,0.63,1.0,-40.09,120.0,5.68,1.00:00:00,True,1216 1221
DOW,long,84,2021-03-01T21:00:00Z,45.844118382,2024-02-01T21:00:00Z,45.660362934,-15.44,1.29,-942.89,771.38,1714.27,1067.00:00:00,False,789 1222
DOW,long,13,2021-05-03T20:00:00Z,48.086412765,2024-02-01T21:00:00Z,45.660362934,-31.54,1.0,-175.07,90.23,265.3,1004.01:00:00,False,824 1222
DOW,long,18,2021-07-01T20:00:00Z,47.78502,2024-02-01T21:00:00Z,45.660362934,-38.24,1.0,-236.98,130.36,367.34,945.01:00:00,False,845 1222
DOW,long,14,2021-10-01T20:00:00Z,44.559708836,2024-02-01T21:00:00Z,45.660362934,15.41,1.0,-139.17,146.55,285.71,853.01:00:00,True,879 1222
DOW,long,16,2021-11-01T20:00:00Z,43.692551648,2024-02-01T21:00:00Z,45.660362934,31.48,1.0,-145.17,181.35,326.53,822.01:00:00,True,892 1222
DOW,long,10,2022-01-03T21:00:00Z,43.791156827,2024-02-01T21:00:00Z,45.660362934,18.69,1.0,-91.72,112.36,204.08,759.00:00:00,True,920 1222
DOW,long,35,2022-07-01T20:00:00Z,40.702634037,2024-02-01T21:00:00Z,45.660362934,173.52,1.0,-212.92,501.36,334.73,580.01:00:00,True,992 1222
DOW,long,12,2022-08-01T20:00:00Z,41.308960758,2024-02-01T21:00:00Z,45.660362934,52.22,1.0,-80.28,164.62,114.77,549.01:00:00,True,1013 1222
DOW,long,19,2022-11-01T20:00:00Z,37.44371059,2024-02-01T21:00:00Z,45.660362934,156.12,1.0,-53.66,334.09,170.37,457.01:00:00,True,1045 1222
DOW,long,11,2023-04-03T20:00:00Z,45.318982643,2024-02-01T21:00:00Z,45.660362934,3.76,1.0,-117.7,106.79,76.02,304.01:00:00,True,1104 1222
DOW,long,10,2023-08-01T20:00:00Z,46.331827416,2024-02-01T21:00:00Z,45.660362934,-6.71,1.0,-117.13,86.95,65.2,184.01:00:00,False,1155 1222
DOW,long,16,2023-10-02T20:00:00Z,43.15755627,2024-02-01T21:00:00Z,45.660362934,40.04,1.0,-136.61,189.91,50.75,122.01:00:00,True,1179 1222
MPC,long,9,2023-03-01T21:00:00Z,120.332113488,2024-02-01T21:00:00Z,158.775099989,345.99,1.0,-202.28,366.12,256.35,337.00:00:00,True,1091 1223
PSX,long,7,2023-03-01T21:00:00Z,95.189677128,2024-02-01T21:00:00Z,133.05118485,265.03,1.0,-95.87,265.03,95.87,337.00:00:00,True,1092 1224
VLO,long,7,2023-03-01T21:00:00Z,126.08321865,2024-02-01T21:00:00Z,129.353824661,22.89,1.0,-221.64,66.14,233.56,337.00:00:00,True,1089 1225
NUE,long,4,2022-07-01T20:00:00Z,99.68185118,2024-02-01T21:00:00Z,178.938552414,317.03,1.0,-8.49,329.67,174.57,580.01:00:00,True,991 1226
FCX,long,184,2022-08-01T20:00:00Z,28.490917384,2024-03-01T21:00:00Z,36.80913057,1530.55,1.53,-609.39,2965.12,2342.69,578.01:00:00,True,1004 1236
FCX,long,12,2023-03-01T21:00:00Z,41.1068261,2024-03-01T21:00:00Z,36.80913057,-51.57,1.0,-191.13,41.99,130.53,366.00:00:00,False,1095 1236
FCX,long,27,2023-05-01T20:00:00Z,36.095362974,2024-03-01T21:00:00Z,36.80913057,19.27,1.0,-294.74,229.78,293.69,305.01:00:00,True,1113 1236
FCX,long,30,2023-09-01T20:00:00Z,39.955708098,2024-03-01T21:00:00Z,36.80913057,-94.4,1.0,-443.3,139.5,234.45,182.01:00:00,False,1161 1236
FCX,long,19,2023-10-02T20:00:00Z,35.285060128,2024-03-01T21:00:00Z,36.80913057,28.96,1.0,-192.01,177.09,117.69,151.01:00:00,True,1180 1236
FCX,long,16,2023-11-01T20:00:00Z,32.595018153,2024-03-01T21:00:00Z,36.80913057,67.43,1.0,-118.66,192.17,99.11,121.01:00:00,True,1192 1236
FCX,long,18,2024-02-01T21:00:00Z,38.99264082,2024-03-01T21:00:00Z,36.80913057,-39.3,1.0,-248.65,101.03,61.49,29.00:00:00,False,1232 1236
PFE,long,355,2023-07-03T17:00:00Z,29.870728371,2024-03-01T21:00:00Z,22.554959523,-2597.1,4.345,-2852.27,254.75,3107.02,242.04:00:00,False,1137 1237
PFE,long,26,2023-08-01T20:00:00Z,29.378969473,2024-03-01T21:00:00Z,22.554959523,-177.42,1.0,-196.11,31.44,226.13,213.01:00:00,False,1153 1237
PFE,long,29,2023-10-02T20:00:00Z,27.985467974,2024-03-01T21:00:00Z,22.554959523,-157.48,1.0,-178.33,75.48,178.33,151.01:00:00,False,1178 1237
PFE,long,36,2023-12-01T21:00:00Z,24.159338231,2024-03-01T21:00:00Z,22.554959523,-57.76,1.0,-83.63,231.44,94.77,91.00:00:00,False,1204 1237
PFE,long,46,2024-01-02T21:00:00Z,24.844590993,2024-03-01T21:00:00Z,22.554959523,-105.32,1.0,-138.39,264.21,106.49,59.00:00:00,False,1214 1237
PFE,long,22,2024-02-01T21:00:00Z,23.148734313,2024-03-01T21:00:00Z,22.554959523,-13.06,1.0,-28.88,163.67,22.39,29.00:00:00,False,1234 1237
HPE,long,825,2024-02-01T21:00:00Z,14.392045056,2024-03-01T21:00:00Z,14.579441476,154.6,8.25,-386.51,193.25,579.76,29.00:00:00,True,1227 1238
FANG,long,11,2023-02-01T21:00:00Z,124.321190605,2024-03-01T21:00:00Z,169.48665651,496.82,1.0,-172.23,496.82,234.43,394.00:00:00,True,1076 1239
ETE,long,61,2022-03-01T21:00:00Z,7.258240644,2024-03-01T21:00:00Z,12.45572769,317.05,1.0,-30.45,317.05,119.71,731.00:00:00,True,938 1240
KR,long,12,2019-08-01T20:00:00Z,18.380363272,2024-03-01T21:00:00Z,46.576007836,338.35,1.0,-7.28,449.76,208.29,1674.01:00:00,True,515 1241
KR,long,3,2020-05-01T20:00:00Z,27.824010318,2024-03-01T21:00:00Z,46.576007836,56.26,1.0,-30.15,84.11,52.07,1400.01:00:00,True,655 1241
MPC,long,7,2023-03-01T21:00:00Z,120.332113488,2024-04-01T20:00:00Z,194.672479948,520.38,1.0,-157.33,520.38,199.38,396.23:00:00,True,1091 1247
VLO,long,8,2023-03-01T21:00:00Z,126.08321865,2024-04-01T20:00:00Z,161.484158576,283.21,1.0,-253.31,283.21,266.92,396.23:00:00,True,1089 1248
DAL,long,20,2023-11-01T20:00:00Z,30.177263091,2024-04-01T20:00:00Z,46.885588652,334.17,1.0,0.0,334.17,105.93,152.00:00:00,True,1188 1249
KR,long,14,2020-05-01T20:00:00Z,27.824010318,2024-04-01T20:00:00Z,53.994440329,366.39,1.0,-140.7,392.5,243.0,1431.00:00:00,True,655 1250
XOM,long,6,2023-06-01T20:00:00Z,92.907043655,2024-04-01T20:00:00Z,107.946337248,90.24,1.0,-26.34,96.07,122.41,305.00:00:00,True,1127 1251
WBD,long,657,2023-02-01T21:00:00Z,15.34,2024-04-02T20:00:00Z,8.58,-4441.32,7.555,-4746.82,397.48,5144.31,425.23:00:00,False,1075 1260
WBD,long,34,2023-04-03T20:00:00Z,14.825,2024-04-02T20:00:00Z,8.58,-212.33,1.0,-228.14,38.08,248.37,365.00:00:00,False,1103 1260
WBD,long,82,2023-05-01T20:00:00Z,13.29,2024-04-02T20:00:00Z,8.58,-386.22,1.0,-424.35,217.71,521.52,337.00:00:00,False,1111 1260
WBD,long,94,2023-06-01T20:00:00Z,11.35,2024-04-02T20:00:00Z,8.58,-260.38,1.0,-304.09,431.93,597.84,306.00:00:00,False,1129 1260
WBD,long,166,2023-10-02T20:00:00Z,10.51,2024-04-02T20:00:00Z,8.58,-320.38,1.0,-397.57,902.21,730.4,183.00:00:00,False,1174 1260
WBD,long,48,2023-11-01T20:00:00Z,10.08,2024-04-02T20:00:00Z,8.58,-72.0,1.0,-94.32,281.52,211.2,153.00:00:00,False,1193 1260
WBD,long,98,2024-02-01T21:00:00Z,10.445,2024-04-02T20:00:00Z,8.58,-182.77,1.0,-228.34,539.0,228.34,60.23:00:00,False,1229 1260
WBD,long,198,2024-03-01T21:00:00Z,8.66,2024-04-02T20:00:00Z,8.58,-15.84,1.0,-107.91,1442.43,138.6,31.23:00:00,False,1245 1260
WBD,long,134,2024-04-01T20:00:00Z,8.79,2024-04-02T20:00:00Z,8.58,-28.14,1.0,-90.45,958.77,40.2,1.00:00:00,False,1252 1260
DAL,long,23,2023-11-01T20:00:00Z,30.177263091,2024-05-01T20:00:00Z,48.635776532,424.55,1.0,0.0,434.16,121.81,182.00:00:00,True,1188 1261
OXY,long,15,2023-02-01T21:00:00Z,59.5862791,2024-05-01T20:00:00Z,61.41947077,27.5,1.0,-102.58,96.26,164.3,454.23:00:00,True,1077 1262
FANG,long,5,2023-02-01T21:00:00Z,124.321190605,2024-05-01T20:00:00Z,182.443187451,290.61,1.0,-78.29,347.62,106.56,454.23:00:00,True,1076 1263
COP,long,7,2023-06-01T20:00:00Z,89.71664059,2024-05-01T20:00:00Z,115.2028751,178.4,1.0,0.0,237.94,122.51,335.00:00:00,True,1126 1264
XOM,long,7,2023-06-01T20:00:00Z,92.907043655,2024-05-01T20:00:00Z,107.023403448,98.81,1.0,-30.73,139.13,142.81,335.00:00:00,True,1127 1265
CVX,long,5,2023-06-01T20:00:00Z,132.97589196,2024-05-01T20:00:00Z,143.773277204,53.99,2.0,-38.95,89.66,128.61,335.00:00:00,True,1128 1266
ETR,long,13,2024-02-01T21:00:00Z,46.547583264,2024-05-01T20:00:00Z,49.918911318,43.83,2.295,-20.54,43.83,34.27,89.23:00:00,True,1228 1267
HPQ,long,90,2021-01-04T21:00:00Z,19.586942301,2024-06-03T20:00:00Z,31.784347912,1097.77,1.0,0.0,1343.98,1152.82,1245.23:00:00,True,761 1274
T,long,56,2024-03-01T21:00:00Z,15.016743534,2024-06-03T20:00:00Z,16.188070579,65.59,5.045,-30.55,76.16,61.75,93.23:00:00,True,1242 1275
LNG,long,9,2024-03-01T21:00:00Z,152.546640625,2024-07-01T20:00:00Z,169.456633192,152.19,2.0,-25.83,168.93,74.25,121.23:00:00,True,1244 1282
ETE,long,64,2022-03-01T21:00:00Z,7.258240644,2024-07-01T20:00:00Z,13.874606796,423.45,1.0,-31.95,423.45,125.6,852.23:00:00,True,938 1283
T,long,47,2024-03-01T21:00:00Z,15.016743534,2024-07-01T20:00:00Z,17.059943342,96.03,1.0,-25.64,102.16,51.82,121.23:00:00,True,1242 1284
DHI,long,6,2021-07-01T20:00:00Z,87.917260982,2024-08-01T20:00:00Z,174.969110305,522.31,1.0,-179.79,528.7,278.2,1127.00:00:00,True,846 1287
DHI,long,11,2021-10-01T20:00:00Z,79.50278625,2024-08-01T20:00:00Z,174.969110305,1050.13,1.0,-237.06,1061.84,510.03,1035.00:00:00,True,877 1287
DHI,long,14,2022-02-01T21:00:00Z,85.100019665,2024-08-01T20:00:00Z,174.969110305,1258.17,1.0,-380.08,1273.07,408.09,911.23:00:00,True,928 1287
DHI,long,5,2022-03-01T21:00:00Z,81.873271332,2024-08-01T20:00:00Z,174.969110305,465.48,1.0,-119.61,470.8,145.75,883.23:00:00,True,944 1287
DHI,long,21,2022-04-01T20:00:00Z,72.668132472,2024-08-01T20:00:00Z,174.969110305,2148.32,1.0,-309.05,2170.67,612.14,853.00:00:00,True,954 1287
DHI,long,6,2022-09-01T20:00:00Z,68.465287338,2024-08-01T20:00:00Z,174.969110305,639.02,1.0,-63.08,645.41,174.9,700.00:00:00,True,1027 1287
DHI,long,7,2023-09-01T20:00:00Z,116.485738908,2024-08-01T20:00:00Z,174.969110305,409.38,1.0,-409.74,416.83,198.0,335.00:00:00,True,1162 1287
DHI,long,10,2023-10-02T20:00:00Z,102.916090508,2024-08-01T20:00:00Z,174.969110305,720.53,1.0,-449.65,731.17,282.85,304.00:00:00,True,1177 1287
DHI,long,5,2024-02-01T21:00:00Z,143.136487278,2024-08-01T20:00:00Z,174.969110305,159.16,1.0,-425.93,164.48,141.43,181.23:00:00,True,1231 1287
DHI,long,6,2024-05-01T20:00:00Z,139.000467424,2024-08-01T20:00:00Z,174.969110305,215.81,1.0,-486.29,222.2,130.94,92.00:00:00,True,1272 1287
LEN,long,5,2020-12-01T21:00:00Z,64.93263618329166,2024-08-01T20:00:00Z,164.68078674606593,498.74,1.0,-177.78,518.41,232.33,1338.23:00:00,True,751 1288
LEN,long,4,2021-03-01T21:00:00Z,73.45690681021952,2024-08-01T20:00:00Z,164.68078674606593,364.9,1.0,-176.32,380.63,185.86,1248.23:00:00,True,799 1288
CQP,long,19,2024-03-01T21:00:00Z,42.11107184,2024-08-01T20:00:00Z,46.33933451,80.34,2.44,-42.63,104.83,72.14,152.23:00:00,True,1243 1289
ETR,long,11,2024-02-01T21:00:00Z,46.547583264,2024-08-01T20:00:00Z,56.376919662,108.12,1.0,-17.38,108.12,48.61,181.23:00:00,True,1228 1290
F,long,84,2024-08-01T20:00:00Z,9.089191742,2024-09-03T20:00:00Z,9.481181688,32.93,8.255,-69.99,53.96,69.99,33.00:00:00,True,1291 1298
ETR,long,14,2024-02-01T21:00:00Z,46.547583264,2024-09-03T20:00:00Z,57.565033692,154.24,1.0,-22.12,154.24,61.86,214.23:00:00,True,1228 1299
FANG,long,52,2023-02-01T21:00:00Z,124.321190605,2024-10-01T20:00:00Z,168.88196556,2317.16,1.0,-814.2,3846.14,1975.2,607.23:00:00,True,1076 1307
FANG,long,6,2023-07-03T17:00:00Z,117.542522484,2024-10-01T20:00:00Z,168.88196556,308.04,1.0,-53.27,484.46,227.91,456.03:00:00,True,1140 1307
FANG,long,6,2023-12-01T21:00:00Z,141.20379381,2024-10-01T20:00:00Z,168.88196556,166.07,1.0,-195.24,342.49,227.91,304.23:00:00,True,1206 1307
FANG,long,3,2024-01-02T21:00:00Z,143.71172403,2024-10-01T20:00:00Z,168.88196556,75.51,1.0,-105.14,163.72,113.95,272.23:00:00,True,1220 1307
FANG,long,3,2024-08-01T20:00:00Z,186.328524514,2024-10-01T20:00:00Z,168.88196556,-52.34,1.0,-232.99,35.87,86.74,61.00:00:00,False,1296 1307
DAL,long,51,2023-11-01T20:00:00Z,30.177263091,2024-10-01T20:00:00Z,48.839627016,951.78,1.0,0.0,1107.08,785.49,335.00:00:00,True,1188 1308
T,long,87,2024-03-01T21:00:00Z,15.016743534,2024-10-01T20:00:00Z,20.189289733,450.01,1.0,-47.45,461.12,95.93,213.23:00:00,True,1242 1309
CVS,long,23,2024-05-01T20:00:00Z,51.603266709,2024-10-01T20:00:00Z,57.032785784,124.88,2.02,-56.49,159.84,157.1,153.00:00:00,True,1268 1310
ETR,long,20,2024-02-01T21:00:00Z,46.547583264,2024-10-01T20:00:00Z,62.63931273,321.83,1.0,-31.61,321.83,88.38,242.23:00:00,True,1228 1311
KR,long,5,2020-05-01T20:00:00Z,27.824010318,2024-10-01T20:00:00Z,54.342896245,132.59,1.0,-50.25,140.18,86.79,1614.00:00:00,True,655 1312
KR,long,15,2020-12-01T21:00:00Z,29.170025924,2024-10-01T20:00:00Z,54.342896245,377.59,1.0,-170.94,400.35,260.36,1399.23:00:00,True,747 1312
LEN,long,5,2021-03-01T21:00:00Z,73.45690681021952,2024-10-01T20:00:00Z,175.94979655177153,512.46,1.0,-220.41,531.85,232.33,1309.23:00:00,True,799 1313
ETR,long,32,2024-02-01T21:00:00Z,46.547583264,2024-11-01T20:00:00Z,68.217721626,693.44,1.0,-50.57,844.06,150.62,273.23:00:00,True,1228 1321
DAL,long,32,2023-11-01T20:00:00Z,30.177263091,2024-11-01T20:00:00Z,57.249024366,866.3,1.0,0.0,868.49,492.85,366.00:00:00,True,1188 1322
LNG,long,5,2024-03-01T21:00:00Z,152.546640625,2024-11-01T20:00:00Z,184.125877692,157.9,1.0,-14.35,178.6,52.85,244.23:00:00,True,1244 1323
COP,long,6,2023-06-01T20:00:00Z,89.71664059,2024-11-01T20:00:00Z,101.278356576,69.37,1.0,0.0,203.95,165.74,519.00:00:00,True,1126 1324
T,long,27,2024-03-01T21:00:00Z,15.016743534,2024-11-01T20:00:00Z,20.438798156,146.4,1.0,-14.73,156.62,29.77,244.23:00:00,True,1242 1325
ETE,long,119,2022-03-01T21:00:00Z,7.258240644,2024-12-02T21:00:00Z,17.1176619,1173.27,1.0,-59.4,1219.42,233.54,1007.00:00:00,True,938 1332
CQP,long,33,2024-03-01T21:00:00Z,42.11107184,2024-12-02T21:00:00Z,53.105307773,362.81,1.0,-74.04,362.81,181.83,276.00:00:00,True,1243 1333
LNG,long,5,2024-03-01T21:00:00Z,152.546640625,2024-12-02T21:00:00Z,218.947338345,332.0,1.0,-14.35,344.01,52.85,276.00:00:00,True,1244 1334
HAL,long,29,2024-10-01T20:00:00Z,28.517016672,2024-12-02T21:00:00Z,30.070065024,45.04,3.385,-66.59,56.92,98.64,62.01:00:00,True,1314 1335
